solid OpenSCAD_Model
  facet normal 0.0654208 0.997858 -0
    outer loop
      vertex 152.392 48.7743 0
      vertex 152 48.8 86.9
      vertex 152.392 48.7743 86.9
    endloop
  endfacet
  facet normal 0.0654208 0.997858 0
    outer loop
      vertex 152 48.8 86.9
      vertex 152.392 48.7743 0
      vertex 152 48.8 0
    endloop
  endfacet
  facet normal -0.195089 -0.980786 0
    outer loop
      vertex 2.22354 0.102222 0
      vertex 2.60842 0.0256653 86.9
      vertex 2.22354 0.102222 86.9
    endloop
  endfacet
  facet normal -0.195089 -0.980786 -0
    outer loop
      vertex 2.60842 0.0256653 86.9
      vertex 2.22354 0.102222 0
      vertex 2.60842 0.0256653 0
    endloop
  endfacet
  facet normal 0.195519 -0.9807 0
    outer loop
      vertex 152.392 0.0256653 0
      vertex 152.776 0.102222 86.9
      vertex 152.392 0.0256653 86.9
    endloop
  endfacet
  facet normal 0.195519 -0.9807 0
    outer loop
      vertex 152.776 0.102222 86.9
      vertex 152.392 0.0256653 0
      vertex 152.776 0.102222 0
    endloop
  endfacet
  facet normal 0.555906 -0.831245 0
    outer loop
      vertex 153.5 0.401923 0
      vertex 153.826 0.61994 86.9
      vertex 153.5 0.401923 86.9
    endloop
  endfacet
  facet normal 0.555906 -0.831245 0
    outer loop
      vertex 153.826 0.61994 86.9
      vertex 153.5 0.401923 0
      vertex 153.826 0.61994 0
    endloop
  endfacet
  facet normal 0.0653328 -0.997864 0
    outer loop
      vertex 152 0 0
      vertex 152.392 0.0256653 86.9
      vertex 152 0 86.9
    endloop
  endfacet
  facet normal 0.0653328 -0.997864 0
    outer loop
      vertex 152.392 0.0256653 86.9
      vertex 152 0 0
      vertex 152.392 0.0256653 0
    endloop
  endfacet
  facet normal 0.94704 0.321117 0
    outer loop
      vertex 154.898 46.5765 86.9
      vertex 154.772 46.9481 0
      vertex 154.772 46.9481 86.9
    endloop
  endfacet
  facet normal 0.94704 0.321117 0
    outer loop
      vertex 154.772 46.9481 0
      vertex 154.898 46.5765 86.9
      vertex 154.898 46.5765 0
    endloop
  endfacet
  facet normal 0.831501 0.555523 0
    outer loop
      vertex 154.598 47.3 86.9
      vertex 154.38 47.6263 0
      vertex 154.38 47.6263 86.9
    endloop
  endfacet
  facet normal 0.831501 0.555523 0
    outer loop
      vertex 154.38 47.6263 0
      vertex 154.598 47.3 86.9
      vertex 154.598 47.3 0
    endloop
  endfacet
  facet normal 0.751516 -0.659714 0
    outer loop
      vertex 154.121 0.878679 86.9
      vertex 154.38 1.17372 0
      vertex 154.38 1.17372 86.9
    endloop
  endfacet
  facet normal 0.751516 -0.659714 0
    outer loop
      vertex 154.38 1.17372 0
      vertex 154.121 0.878679 86.9
      vertex 154.121 0.878679 0
    endloop
  endfacet
  facet normal 0.89643 -0.443185 0
    outer loop
      vertex 154.598 1.5 86.9
      vertex 154.772 1.85195 0
      vertex 154.772 1.85195 86.9
    endloop
  endfacet
  facet normal 0.89643 -0.443185 0
    outer loop
      vertex 154.772 1.85195 0
      vertex 154.598 1.5 86.9
      vertex 154.598 1.5 0
    endloop
  endfacet
  facet normal -0.0654026 -0.997859 0
    outer loop
      vertex 2.60842 0.0256653 0
      vertex 3 0 86.9
      vertex 2.60842 0.0256653 86.9
    endloop
  endfacet
  facet normal -0.0654026 -0.997859 -0
    outer loop
      vertex 3 0 86.9
      vertex 2.60842 0.0256653 0
      vertex 3 0 0
    endloop
  endfacet
  facet normal -1 0 0
    outer loop
      vertex 0 3 0
      vertex 0 45.8 86.9
      vertex 0 45.8 0
    endloop
  endfacet
  facet normal -1 -0 0
    outer loop
      vertex 0 45.8 86.9
      vertex 0 3 0
      vertex 0 3 86.9
    endloop
  endfacet
  facet normal -0.0654906 0.997853 0
    outer loop
      vertex 3 48.8 0
      vertex 2.60842 48.7743 86.9
      vertex 3 48.8 86.9
    endloop
  endfacet
  facet normal -0.0654906 0.997853 0
    outer loop
      vertex 2.60842 48.7743 86.9
      vertex 3 48.8 0
      vertex 2.60842 48.7743 0
    endloop
  endfacet
  facet normal 1 -0 0
    outer loop
      vertex 155 3 86.9
      vertex 155 45.8 0
      vertex 155 45.8 86.9
    endloop
  endfacet
  facet normal 1 0 0
    outer loop
      vertex 155 45.8 0
      vertex 155 3 86.9
      vertex 155 3 0
    endloop
  endfacet
  facet normal 0.65939 -0.751801 0
    outer loop
      vertex 153.826 0.61994 0
      vertex 154.121 0.878679 86.9
      vertex 153.826 0.61994 86.9
    endloop
  endfacet
  facet normal 0.65939 -0.751801 0
    outer loop
      vertex 154.121 0.878679 86.9
      vertex 153.826 0.61994 0
      vertex 154.121 0.878679 0
    endloop
  endfacet
  facet normal -0.946932 0.321434 0
    outer loop
      vertex 0.102222 46.5765 0
      vertex 0.228361 46.9481 86.9
      vertex 0.228361 46.9481 0
    endloop
  endfacet
  facet normal -0.946932 0.321434 0
    outer loop
      vertex 0.228361 46.9481 86.9
      vertex 0.102222 46.5765 0
      vertex 0.102222 46.5765 86.9
    endloop
  endfacet
  facet normal 0.896405 0.443235 0
    outer loop
      vertex 154.772 46.9481 86.9
      vertex 154.598 47.3 0
      vertex 154.598 47.3 86.9
    endloop
  endfacet
  facet normal 0.896405 0.443235 0
    outer loop
      vertex 154.598 47.3 0
      vertex 154.772 46.9481 86.9
      vertex 154.772 46.9481 0
    endloop
  endfacet
  facet normal 0 -1 0
    outer loop
      vertex 3 0 0
      vertex 152 0 86.9
      vertex 3 0 86.9
    endloop
  endfacet
  facet normal 0 -1 -0
    outer loop
      vertex 152 0 86.9
      vertex 3 0 0
      vertex 152 0 0
    endloop
  endfacet
  facet normal 0.831485 -0.555547 0
    outer loop
      vertex 154.38 1.17372 86.9
      vertex 154.598 1.5 0
      vertex 154.598 1.5 86.9
    endloop
  endfacet
  facet normal 0.831485 -0.555547 0
    outer loop
      vertex 154.598 1.5 0
      vertex 154.38 1.17372 86.9
      vertex 154.38 1.17372 0
    endloop
  endfacet
  facet normal -0.442288 -0.896873 0
    outer loop
      vertex 1.5 0.401923 0
      vertex 1.85195 0.228361 86.9
      vertex 1.5 0.401923 86.9
    endloop
  endfacet
  facet normal -0.442288 -0.896873 -0
    outer loop
      vertex 1.85195 0.228361 86.9
      vertex 1.5 0.401923 0
      vertex 1.85195 0.228361 0
    endloop
  endfacet
  facet normal 0.981058 0.193714 0
    outer loop
      vertex 154.974 46.1916 86.9
      vertex 154.898 46.5765 0
      vertex 154.898 46.5765 86.9
    endloop
  endfacet
  facet normal 0.981058 0.193714 0
    outer loop
      vertex 154.898 46.5765 0
      vertex 154.974 46.1916 86.9
      vertex 154.974 46.1916 0
    endloop
  endfacet
  facet normal 0.442237 -0.896898 0
    outer loop
      vertex 153.148 0.228361 0
      vertex 153.5 0.401923 86.9
      vertex 153.148 0.228361 86.9
    endloop
  endfacet
  facet normal 0.442237 -0.896898 0
    outer loop
      vertex 153.5 0.401923 86.9
      vertex 153.148 0.228361 0
      vertex 153.5 0.401923 0
    endloop
  endfacet
  facet normal 0.555877 0.831265 -0
    outer loop
      vertex 153.826 48.1801 0
      vertex 153.5 48.3981 86.9
      vertex 153.826 48.1801 86.9
    endloop
  endfacet
  facet normal 0.555877 0.831265 0
    outer loop
      vertex 153.5 48.3981 86.9
      vertex 153.826 48.1801 0
      vertex 153.5 48.3981 0
    endloop
  endfacet
  facet normal -0.896873 -0.442288 0
    outer loop
      vertex 0.401923 1.5 0
      vertex 0.228361 1.85195 86.9
      vertex 0.228361 1.85195 0
    endloop
  endfacet
  facet normal -0.896873 -0.442288 0
    outer loop
      vertex 0.228361 1.85195 86.9
      vertex 0.401923 1.5 0
      vertex 0.401923 1.5 86.9
    endloop
  endfacet
  facet normal 0.44211 0.896961 -0
    outer loop
      vertex 153.5 48.3981 0
      vertex 153.148 48.5716 86.9
      vertex 153.5 48.3981 86.9
    endloop
  endfacet
  facet normal 0.44211 0.896961 0
    outer loop
      vertex 153.148 48.5716 86.9
      vertex 153.5 48.3981 0
      vertex 153.148 48.5716 0
    endloop
  endfacet
  facet normal 0.321124 -0.947037 0
    outer loop
      vertex 152.776 0.102222 0
      vertex 153.148 0.228361 86.9
      vertex 152.776 0.102222 86.9
    endloop
  endfacet
  facet normal 0.321124 -0.947037 0
    outer loop
      vertex 153.148 0.228361 86.9
      vertex 152.776 0.102222 0
      vertex 153.148 0.228361 0
    endloop
  endfacet
  facet normal -0.980788 0.195079 0
    outer loop
      vertex 0.0256653 46.1916 0
      vertex 0.102222 46.5765 86.9
      vertex 0.102222 46.5765 0
    endloop
  endfacet
  facet normal -0.980788 0.195079 0
    outer loop
      vertex 0.102222 46.5765 86.9
      vertex 0.0256653 46.1916 0
      vertex 0.0256653 46.1916 86.9
    endloop
  endfacet
  facet normal 0 0 -1
    outer loop
      vertex 152 0 0
      vertex 155 3 0
      vertex 154.974 2.60842 0
    endloop
  endfacet
  facet normal -0 0 -1
    outer loop
      vertex 155 3 0
      vertex 152 0 0
      vertex 155 45.8 0
    endloop
  endfacet
  facet normal 0 0 -1
    outer loop
      vertex 152 0 0
      vertex 154.974 2.60842 0
      vertex 154.898 2.22354 0
    endloop
  endfacet
  facet normal 0 0 -1
    outer loop
      vertex 152 48.8 0
      vertex 155 45.8 0
      vertex 152 0 0
    endloop
  endfacet
  facet normal 0 0 -1
    outer loop
      vertex 152 0 0
      vertex 154.898 2.22354 0
      vertex 154.772 1.85195 0
    endloop
  endfacet
  facet normal 0 0 -1
    outer loop
      vertex 155 45.8 0
      vertex 152 48.8 0
      vertex 154.974 46.1916 0
    endloop
  endfacet
  facet normal 0 0 -1
    outer loop
      vertex 152 0 0
      vertex 154.772 1.85195 0
      vertex 154.598 1.5 0
    endloop
  endfacet
  facet normal 0 0 -1
    outer loop
      vertex 154.974 46.1916 0
      vertex 152 48.8 0
      vertex 154.898 46.5765 0
    endloop
  endfacet
  facet normal 0 0 -1
    outer loop
      vertex 152 0 0
      vertex 154.598 1.5 0
      vertex 154.38 1.17372 0
    endloop
  endfacet
  facet normal 0 0 -1
    outer loop
      vertex 154.898 46.5765 0
      vertex 152 48.8 0
      vertex 154.772 46.9481 0
    endloop
  endfacet
  facet normal 0 0 -1
    outer loop
      vertex 152 0 0
      vertex 154.38 1.17372 0
      vertex 154.121 0.878679 0
    endloop
  endfacet
  facet normal 0 0 -1
    outer loop
      vertex 154.772 46.9481 0
      vertex 152 48.8 0
      vertex 154.598 47.3 0
    endloop
  endfacet
  facet normal 0 0 -1
    outer loop
      vertex 152 0 0
      vertex 154.121 0.878679 0
      vertex 153.826 0.61994 0
    endloop
  endfacet
  facet normal 0 0 -1
    outer loop
      vertex 154.598 47.3 0
      vertex 152 48.8 0
      vertex 154.38 47.6263 0
    endloop
  endfacet
  facet normal 0 0 -1
    outer loop
      vertex 152 0 0
      vertex 153.826 0.61994 0
      vertex 153.5 0.401923 0
    endloop
  endfacet
  facet normal 0 0 -1
    outer loop
      vertex 154.38 47.6263 0
      vertex 152 48.8 0
      vertex 154.121 47.9213 0
    endloop
  endfacet
  facet normal 0 0 -1
    outer loop
      vertex 152 0 0
      vertex 153.5 0.401923 0
      vertex 153.148 0.228361 0
    endloop
  endfacet
  facet normal 0 0 -1
    outer loop
      vertex 154.121 47.9213 0
      vertex 152 48.8 0
      vertex 153.826 48.1801 0
    endloop
  endfacet
  facet normal 0 0 -1
    outer loop
      vertex 152 0 0
      vertex 153.148 0.228361 0
      vertex 152.776 0.102222 0
    endloop
  endfacet
  facet normal 0 0 -1
    outer loop
      vertex 153.826 48.1801 0
      vertex 152 48.8 0
      vertex 153.5 48.3981 0
    endloop
  endfacet
  facet normal 0 0 -1
    outer loop
      vertex 152 0 0
      vertex 152.776 0.102222 0
      vertex 152.392 0.0256653 0
    endloop
  endfacet
  facet normal 0 0 -1
    outer loop
      vertex 153.5 48.3981 0
      vertex 152 48.8 0
      vertex 153.148 48.5716 0
    endloop
  endfacet
  facet normal 0 0 -1
    outer loop
      vertex 153.148 48.5716 0
      vertex 152 48.8 0
      vertex 152.776 48.6978 0
    endloop
  endfacet
  facet normal 0 0 -1
    outer loop
      vertex 152.776 48.6978 0
      vertex 152 48.8 0
      vertex 152.392 48.7743 0
    endloop
  endfacet
  facet normal 0 0 -1
    outer loop
      vertex 3 0 0
      vertex 152 48.8 0
      vertex 152 0 0
    endloop
  endfacet
  facet normal 0 0 -1
    outer loop
      vertex 3 0 0
      vertex 3 48.8 0
      vertex 152 48.8 0
    endloop
  endfacet
  facet normal 0 0 -1
    outer loop
      vertex 0 3 0
      vertex 3 0 0
      vertex 2.60842 0.0256653 0
    endloop
  endfacet
  facet normal 0 0 -1
    outer loop
      vertex 3 0 0
      vertex 0 3 0
      vertex 3 48.8 0
    endloop
  endfacet
  facet normal 0 0 -1
    outer loop
      vertex 0 3 0
      vertex 2.60842 0.0256653 0
      vertex 2.22354 0.102222 0
    endloop
  endfacet
  facet normal 0 0 -1
    outer loop
      vertex 0 45.8 0
      vertex 3 48.8 0
      vertex 0 3 0
    endloop
  endfacet
  facet normal 0 0 -1
    outer loop
      vertex 0 3 0
      vertex 2.22354 0.102222 0
      vertex 1.85195 0.228361 0
    endloop
  endfacet
  facet normal 0 0 -1
    outer loop
      vertex 3 48.8 0
      vertex 0 45.8 0
      vertex 2.60842 48.7743 0
    endloop
  endfacet
  facet normal 0 0 -1
    outer loop
      vertex 0 3 0
      vertex 1.85195 0.228361 0
      vertex 1.5 0.401923 0
    endloop
  endfacet
  facet normal 0 0 -1
    outer loop
      vertex 2.60842 48.7743 0
      vertex 0 45.8 0
      vertex 2.22354 48.6978 0
    endloop
  endfacet
  facet normal 0 0 -1
    outer loop
      vertex 0 3 0
      vertex 1.5 0.401923 0
      vertex 1.17372 0.61994 0
    endloop
  endfacet
  facet normal 0 0 -1
    outer loop
      vertex 2.22354 48.6978 0
      vertex 0 45.8 0
      vertex 1.85195 48.5716 0
    endloop
  endfacet
  facet normal 0 0 -1
    outer loop
      vertex 0 3 0
      vertex 1.17372 0.61994 0
      vertex 0.878679 0.878679 0
    endloop
  endfacet
  facet normal 0 0 -1
    outer loop
      vertex 1.85195 48.5716 0
      vertex 0 45.8 0
      vertex 1.5 48.3981 0
    endloop
  endfacet
  facet normal 0 0 -1
    outer loop
      vertex 0 3 0
      vertex 0.878679 0.878679 0
      vertex 0.61994 1.17372 0
    endloop
  endfacet
  facet normal 0 0 -1
    outer loop
      vertex 1.5 48.3981 0
      vertex 0 45.8 0
      vertex 1.17372 48.1801 0
    endloop
  endfacet
  facet normal 0 0 -1
    outer loop
      vertex 0 3 0
      vertex 0.61994 1.17372 0
      vertex 0.401923 1.5 0
    endloop
  endfacet
  facet normal 0 0 -1
    outer loop
      vertex 1.17372 48.1801 0
      vertex 0 45.8 0
      vertex 0.878679 47.9213 0
    endloop
  endfacet
  facet normal 0 0 -1
    outer loop
      vertex 0 3 0
      vertex 0.401923 1.5 0
      vertex 0.228361 1.85195 0
    endloop
  endfacet
  facet normal 0 0 -1
    outer loop
      vertex 0.878679 47.9213 0
      vertex 0 45.8 0
      vertex 0.61994 47.6263 0
    endloop
  endfacet
  facet normal 0 0 -1
    outer loop
      vertex 0 3 0
      vertex 0.228361 1.85195 0
      vertex 0.102222 2.22354 0
    endloop
  endfacet
  facet normal 0 0 -1
    outer loop
      vertex 0.61994 47.6263 0
      vertex 0 45.8 0
      vertex 0.401923 47.3 0
    endloop
  endfacet
  facet normal 0 0 -1
    outer loop
      vertex 0 3 0
      vertex 0.102222 2.22354 0
      vertex 0.0256653 2.60842 0
    endloop
  endfacet
  facet normal 0 0 -1
    outer loop
      vertex 0.401923 47.3 0
      vertex 0 45.8 0
      vertex 0.228361 46.9481 0
    endloop
  endfacet
  facet normal 0 0 -1
    outer loop
      vertex 0.228361 46.9481 0
      vertex 0 45.8 0
      vertex 0.102222 46.5765 0
    endloop
  endfacet
  facet normal 0 0 -1
    outer loop
      vertex 0.102222 46.5765 0
      vertex 0 45.8 0
      vertex 0.0256653 46.1916 0
    endloop
  endfacet
  facet normal -0.896848 0.442338 0
    outer loop
      vertex 0.228361 46.9481 0
      vertex 0.401923 47.3 86.9
      vertex 0.401923 47.3 0
    endloop
  endfacet
  facet normal -0.896848 0.442338 0
    outer loop
      vertex 0.401923 47.3 86.9
      vertex 0.228361 46.9481 0
      vertex 0.228361 46.9481 86.9
    endloop
  endfacet
  facet normal -0.997859 0.0653993 0
    outer loop
      vertex 0 45.8 0
      vertex 0.0256653 46.1916 86.9
      vertex 0.0256653 46.1916 0
    endloop
  endfacet
  facet normal -0.997859 0.0653993 0
    outer loop
      vertex 0.0256653 46.1916 86.9
      vertex 0 45.8 0
      vertex 0 45.8 86.9
    endloop
  endfacet
  facet normal 0.997803 -0.0662518 0
    outer loop
      vertex 154.974 2.60842 86.9
      vertex 155 3 0
      vertex 155 3 86.9
    endloop
  endfacet
  facet normal 0.997803 -0.0662518 0
    outer loop
      vertex 155 3 0
      vertex 154.974 2.60842 86.9
      vertex 154.974 2.60842 0
    endloop
  endfacet
  facet normal -0.831481 0.555553 0
    outer loop
      vertex 0.401923 47.3 0
      vertex 0.61994 47.6263 86.9
      vertex 0.61994 47.6263 0
    endloop
  endfacet
  facet normal -0.831481 0.555553 0
    outer loop
      vertex 0.61994 47.6263 86.9
      vertex 0.401923 47.3 0
      vertex 0.401923 47.3 86.9
    endloop
  endfacet
  facet normal 0 1 -0
    outer loop
      vertex 152 48.8 0
      vertex 3 48.8 86.9
      vertex 152 48.8 86.9
    endloop
  endfacet
  facet normal 0 1 0
    outer loop
      vertex 3 48.8 86.9
      vertex 152 48.8 0
      vertex 3 48.8 0
    endloop
  endfacet
  facet normal -0.946929 -0.321442 0
    outer loop
      vertex 0.228361 1.85195 0
      vertex 0.102222 2.22354 86.9
      vertex 0.102222 2.22354 0
    endloop
  endfacet
  facet normal -0.946929 -0.321442 0
    outer loop
      vertex 0.102222 2.22354 86.9
      vertex 0.228361 1.85195 0
      vertex 0.228361 1.85195 86.9
    endloop
  endfacet
  facet normal -0.555577 -0.831465 0
    outer loop
      vertex 1.17372 0.61994 0
      vertex 1.5 0.401923 86.9
      vertex 1.17372 0.61994 86.9
    endloop
  endfacet
  facet normal -0.555577 -0.831465 -0
    outer loop
      vertex 1.5 0.401923 86.9
      vertex 1.17372 0.61994 0
      vertex 1.5 0.401923 0
    endloop
  endfacet
  facet normal -0.659339 -0.751846 0
    outer loop
      vertex 0.878679 0.878679 0
      vertex 1.17372 0.61994 86.9
      vertex 0.878679 0.878679 86.9
    endloop
  endfacet
  facet normal -0.659339 -0.751846 -0
    outer loop
      vertex 1.17372 0.61994 86.9
      vertex 0.878679 0.878679 0
      vertex 1.17372 0.61994 0
    endloop
  endfacet
  facet normal -0.321442 -0.946929 0
    outer loop
      vertex 1.85195 0.228361 0
      vertex 2.22354 0.102222 86.9
      vertex 1.85195 0.228361 86.9
    endloop
  endfacet
  facet normal -0.321442 -0.946929 -0
    outer loop
      vertex 2.22354 0.102222 86.9
      vertex 1.85195 0.228361 0
      vertex 2.22354 0.102222 0
    endloop
  endfacet
  facet normal 0.997803 0.0662484 0
    outer loop
      vertex 155 45.8 86.9
      vertex 154.974 46.1916 0
      vertex 154.974 46.1916 86.9
    endloop
  endfacet
  facet normal 0.997803 0.0662484 0
    outer loop
      vertex 154.974 46.1916 0
      vertex 155 45.8 86.9
      vertex 155 45.8 0
    endloop
  endfacet
  facet normal 0.947037 -0.321125 0
    outer loop
      vertex 154.772 1.85195 86.9
      vertex 154.898 2.22354 0
      vertex 154.898 2.22354 86.9
    endloop
  endfacet
  facet normal 0.947037 -0.321125 0
    outer loop
      vertex 154.898 2.22354 0
      vertex 154.772 1.85195 86.9
      vertex 154.772 1.85195 0
    endloop
  endfacet
  facet normal 0.659478 0.751724 -0
    outer loop
      vertex 154.121 47.9213 0
      vertex 153.826 48.1801 86.9
      vertex 154.121 47.9213 86.9
    endloop
  endfacet
  facet normal 0.659478 0.751724 0
    outer loop
      vertex 153.826 48.1801 86.9
      vertex 154.121 47.9213 0
      vertex 153.826 48.1801 0
    endloop
  endfacet
  facet normal 0.195379 0.980728 -0
    outer loop
      vertex 152.776 48.6978 0
      vertex 152.392 48.7743 86.9
      vertex 152.776 48.6978 86.9
    endloop
  endfacet
  facet normal 0.195379 0.980728 0
    outer loop
      vertex 152.392 48.7743 86.9
      vertex 152.776 48.6978 0
      vertex 152.392 48.7743 0
    endloop
  endfacet
  facet normal -0.831465 -0.555577 0
    outer loop
      vertex 0.61994 1.17372 0
      vertex 0.401923 1.5 86.9
      vertex 0.401923 1.5 0
    endloop
  endfacet
  facet normal -0.831465 -0.555577 0
    outer loop
      vertex 0.401923 1.5 86.9
      vertex 0.61994 1.17372 0
      vertex 0.61994 1.17372 86.9
    endloop
  endfacet
  facet normal -0.751846 -0.659339 0
    outer loop
      vertex 0.878679 0.878679 0
      vertex 0.61994 1.17372 86.9
      vertex 0.61994 1.17372 0
    endloop
  endfacet
  facet normal -0.751846 -0.659339 0
    outer loop
      vertex 0.61994 1.17372 86.9
      vertex 0.878679 0.878679 0
      vertex 0.878679 0.878679 86.9
    endloop
  endfacet
  facet normal -0.321582 0.946882 0
    outer loop
      vertex 2.22354 48.6978 0
      vertex 1.85195 48.5716 86.9
      vertex 2.22354 48.6978 86.9
    endloop
  endfacet
  facet normal -0.321582 0.946882 0
    outer loop
      vertex 1.85195 48.5716 86.9
      vertex 2.22354 48.6978 0
      vertex 1.85195 48.5716 0
    endloop
  endfacet
  facet normal 0.751471 0.659766 0
    outer loop
      vertex 154.38 47.6263 86.9
      vertex 154.121 47.9213 0
      vertex 154.121 47.9213 86.9
    endloop
  endfacet
  facet normal 0.751471 0.659766 0
    outer loop
      vertex 154.121 47.9213 0
      vertex 154.38 47.6263 86.9
      vertex 154.38 47.6263 0
    endloop
  endfacet
  facet normal -0.19495 0.980813 0
    outer loop
      vertex 2.60842 48.7743 0
      vertex 2.22354 48.6978 86.9
      vertex 2.60842 48.7743 86.9
    endloop
  endfacet
  facet normal -0.19495 0.980813 0
    outer loop
      vertex 2.22354 48.6978 86.9
      vertex 2.60842 48.7743 0
      vertex 2.22354 48.6978 0
    endloop
  endfacet
  facet normal -0.751801 0.65939 0
    outer loop
      vertex 0.61994 47.6263 0
      vertex 0.878679 47.9213 86.9
      vertex 0.878679 47.9213 0
    endloop
  endfacet
  facet normal -0.751801 0.65939 0
    outer loop
      vertex 0.878679 47.9213 86.9
      vertex 0.61994 47.6263 0
      vertex 0.61994 47.6263 86.9
    endloop
  endfacet
  facet normal 0.321264 0.94699 -0
    outer loop
      vertex 153.148 48.5716 0
      vertex 152.776 48.6978 86.9
      vertex 153.148 48.5716 86.9
    endloop
  endfacet
  facet normal 0.321264 0.94699 0
    outer loop
      vertex 152.776 48.6978 86.9
      vertex 153.148 48.5716 0
      vertex 152.776 48.6978 0
    endloop
  endfacet
  facet normal -0.980786 -0.195089 0
    outer loop
      vertex 0.102222 2.22354 0
      vertex 0.0256653 2.60842 86.9
      vertex 0.0256653 2.60842 0
    endloop
  endfacet
  facet normal -0.980786 -0.195089 0
    outer loop
      vertex 0.0256653 2.60842 86.9
      vertex 0.102222 2.22354 0
      vertex 0.102222 2.22354 86.9
    endloop
  endfacet
  facet normal -0.997859 -0.0654026 0
    outer loop
      vertex 0.0256653 2.60842 0
      vertex 0 3 86.9
      vertex 0 3 0
    endloop
  endfacet
  facet normal -0.997859 -0.0654026 0
    outer loop
      vertex 0 3 86.9
      vertex 0.0256653 2.60842 0
      vertex 0.0256653 2.60842 86.9
    endloop
  endfacet
  facet normal -0.659426 0.751769 0
    outer loop
      vertex 1.17372 48.1801 0
      vertex 0.878679 47.9213 86.9
      vertex 1.17372 48.1801 86.9
    endloop
  endfacet
  facet normal -0.659426 0.751769 0
    outer loop
      vertex 0.878679 47.9213 86.9
      vertex 1.17372 48.1801 0
      vertex 0.878679 47.9213 0
    endloop
  endfacet
  facet normal 0.981056 -0.193723 0
    outer loop
      vertex 154.898 2.22354 86.9
      vertex 154.974 2.60842 0
      vertex 154.974 2.60842 86.9
    endloop
  endfacet
  facet normal 0.981056 -0.193723 0
    outer loop
      vertex 154.974 2.60842 0
      vertex 154.898 2.22354 86.9
      vertex 154.898 2.22354 0
    endloop
  endfacet
  facet normal -0.555547 0.831485 0
    outer loop
      vertex 1.5 48.3981 0
      vertex 1.17372 48.1801 86.9
      vertex 1.5 48.3981 86.9
    endloop
  endfacet
  facet normal -0.555547 0.831485 0
    outer loop
      vertex 1.17372 48.1801 86.9
      vertex 1.5 48.3981 0
      vertex 1.17372 48.1801 0
    endloop
  endfacet
  facet normal -0 0 1
    outer loop
      vertex 148.6 10 86.9
      vertex 152.6 8.4 86.9
      vertex 152.6 10 86.9
    endloop
  endfacet
  facet normal 0 0 1
    outer loop
      vertex 152.6 8.4 86.9
      vertex 148.6 10 86.9
      vertex 148.6 8.4 86.9
    endloop
  endfacet
  facet normal -0 0 1
    outer loop
      vertex 148.6 17.6 86.9
      vertex 152.6 16 86.9
      vertex 152.6 17.6 86.9
    endloop
  endfacet
  facet normal 0 0 1
    outer loop
      vertex 152.6 16 86.9
      vertex 148.6 17.6 86.9
      vertex 148.6 16 86.9
    endloop
  endfacet
  facet normal -0 0 1
    outer loop
      vertex 148.6 25.2 86.9
      vertex 152.6 23.6 86.9
      vertex 152.6 25.2 86.9
    endloop
  endfacet
  facet normal 0 0 1
    outer loop
      vertex 152.6 23.6 86.9
      vertex 148.6 25.2 86.9
      vertex 148.6 23.6 86.9
    endloop
  endfacet
  facet normal -0 0 1
    outer loop
      vertex 148.6 32.8 86.9
      vertex 152.6 31.2 86.9
      vertex 152.6 32.8 86.9
    endloop
  endfacet
  facet normal 0 0 1
    outer loop
      vertex 152.6 31.2 86.9
      vertex 148.6 32.8 86.9
      vertex 148.6 31.2 86.9
    endloop
  endfacet
  facet normal -0 0 1
    outer loop
      vertex 148.6 40.4 86.9
      vertex 152.6 38.8 86.9
      vertex 152.6 40.4 86.9
    endloop
  endfacet
  facet normal 0 0 1
    outer loop
      vertex 152.6 38.8 86.9
      vertex 148.6 40.4 86.9
      vertex 148.6 38.8 86.9
    endloop
  endfacet
  facet normal 0 0 1
    outer loop
      vertex 152.6 46.4 86.9
      vertex 155 45.8 86.9
      vertex 154.974 46.1916 86.9
    endloop
  endfacet
  facet normal 0 0 1
    outer loop
      vertex 155 45.8 86.9
      vertex 152.6 25.2 86.9
      vertex 155 3 86.9
    endloop
  endfacet
  facet normal -0 0 1
    outer loop
      vertex 152.6 46.4 86.9
      vertex 154.974 46.1916 86.9
      vertex 154.898 46.5765 86.9
    endloop
  endfacet
  facet normal -0 0 1
    outer loop
      vertex 152.6 23.6 86.9
      vertex 155 3 86.9
      vertex 152.6 25.2 86.9
    endloop
  endfacet
  facet normal 0 0 1
    outer loop
      vertex 152.6 46.4 86.9
      vertex 154.898 46.5765 86.9
      vertex 154.772 46.9481 86.9
    endloop
  endfacet
  facet normal -0 0 1
    outer loop
      vertex 152.6 17.6 86.9
      vertex 155 3 86.9
      vertex 152.6 23.6 86.9
    endloop
  endfacet
  facet normal 0 0 1
    outer loop
      vertex 152.6 46.4 86.9
      vertex 154.772 46.9481 86.9
      vertex 154.598 47.3 86.9
    endloop
  endfacet
  facet normal -0 0 1
    outer loop
      vertex 152.6 16 86.9
      vertex 155 3 86.9
      vertex 152.6 17.6 86.9
    endloop
  endfacet
  facet normal 0 0 1
    outer loop
      vertex 152.6 46.4 86.9
      vertex 154.598 47.3 86.9
      vertex 154.38 47.6263 86.9
    endloop
  endfacet
  facet normal -0 0 1
    outer loop
      vertex 152.6 10 86.9
      vertex 155 3 86.9
      vertex 152.6 16 86.9
    endloop
  endfacet
  facet normal 0 0 1
    outer loop
      vertex 152.6 46.4 86.9
      vertex 154.38 47.6263 86.9
      vertex 154.121 47.9213 86.9
    endloop
  endfacet
  facet normal -0 0 1
    outer loop
      vertex 152.6 8.4 86.9
      vertex 155 3 86.9
      vertex 152.6 10 86.9
    endloop
  endfacet
  facet normal 0 0 1
    outer loop
      vertex 152.6 46.4 86.9
      vertex 154.121 47.9213 86.9
      vertex 153.826 48.1801 86.9
    endloop
  endfacet
  facet normal 0 0 1
    outer loop
      vertex 152.6 2.4 86.9
      vertex 155 3 86.9
      vertex 152.6 8.4 86.9
    endloop
  endfacet
  facet normal 0 0 1
    outer loop
      vertex 152.6 46.4 86.9
      vertex 153.826 48.1801 86.9
      vertex 153.5 48.3981 86.9
    endloop
  endfacet
  facet normal 0 0 1
    outer loop
      vertex 155 3 86.9
      vertex 152.6 2.4 86.9
      vertex 154.974 2.60842 86.9
    endloop
  endfacet
  facet normal 0 0 1
    outer loop
      vertex 152.6 46.4 86.9
      vertex 153.5 48.3981 86.9
      vertex 153.148 48.5716 86.9
    endloop
  endfacet
  facet normal 0 0 1
    outer loop
      vertex 155 45.8 86.9
      vertex 152.6 31.2 86.9
      vertex 152.6 25.2 86.9
    endloop
  endfacet
  facet normal 0 0 1
    outer loop
      vertex 152.6 46.4 86.9
      vertex 153.148 48.5716 86.9
      vertex 152.776 48.6978 86.9
    endloop
  endfacet
  facet normal 0 0 1
    outer loop
      vertex 155 45.8 86.9
      vertex 152.6 32.8 86.9
      vertex 152.6 31.2 86.9
    endloop
  endfacet
  facet normal 0 0 1
    outer loop
      vertex 155 45.8 86.9
      vertex 152.6 46.4 86.9
      vertex 152.6 40.4 86.9
    endloop
  endfacet
  facet normal 0 0 1
    outer loop
      vertex 152.392 48.7743 86.9
      vertex 152.6 46.4 86.9
      vertex 152.776 48.6978 86.9
    endloop
  endfacet
  facet normal 0 0 1
    outer loop
      vertex 152 48.8 86.9
      vertex 152.6 46.4 86.9
      vertex 152.392 48.7743 86.9
    endloop
  endfacet
  facet normal -0 0 1
    outer loop
      vertex 3 48.8 86.9
      vertex 152.6 46.4 86.9
      vertex 152 48.8 86.9
    endloop
  endfacet
  facet normal 0 0 1
    outer loop
      vertex 2.4 46.4 86.9
      vertex 3 48.8 86.9
      vertex 2.60842 48.7743 86.9
    endloop
  endfacet
  facet normal 0 0 1
    outer loop
      vertex 3 48.8 86.9
      vertex 2.4 46.4 86.9
      vertex 152.6 46.4 86.9
    endloop
  endfacet
  facet normal -0 0 1
    outer loop
      vertex 0 45.8 86.9
      vertex 2.4 40.4 86.9
      vertex 2.4 46.4 86.9
    endloop
  endfacet
  facet normal 0 0 1
    outer loop
      vertex 2.4 40.4 86.9
      vertex 0 45.8 86.9
      vertex 2.4 38.8 86.9
    endloop
  endfacet
  facet normal 0 0 1
    outer loop
      vertex 2.4 38.8 86.9
      vertex 0 45.8 86.9
      vertex 2.4 32.8 86.9
    endloop
  endfacet
  facet normal 0 0 1
    outer loop
      vertex 2.4 32.8 86.9
      vertex 0 45.8 86.9
      vertex 2.4 31.2 86.9
    endloop
  endfacet
  facet normal 0 0 1
    outer loop
      vertex 2.4 31.2 86.9
      vertex 0 45.8 86.9
      vertex 2.4 25.2 86.9
    endloop
  endfacet
  facet normal 0 0 1
    outer loop
      vertex 2.4 25.2 86.9
      vertex 0 45.8 86.9
      vertex 2.4 23.6 86.9
    endloop
  endfacet
  facet normal 0 0 1
    outer loop
      vertex 0 3 86.9
      vertex 2.4 23.6 86.9
      vertex 0 45.8 86.9
    endloop
  endfacet
  facet normal 0 0 1
    outer loop
      vertex 2.4 23.6 86.9
      vertex 0 3 86.9
      vertex 2.4 17.6 86.9
    endloop
  endfacet
  facet normal 0 0 1
    outer loop
      vertex 2.4 17.6 86.9
      vertex 0 3 86.9
      vertex 2.4 16 86.9
    endloop
  endfacet
  facet normal 0 0 1
    outer loop
      vertex 2.4 16 86.9
      vertex 0 3 86.9
      vertex 2.4 10 86.9
    endloop
  endfacet
  facet normal -0 0 1
    outer loop
      vertex 1.85195 48.5716 86.9
      vertex 2.4 46.4 86.9
      vertex 2.22354 48.6978 86.9
    endloop
  endfacet
  facet normal -0 0 1
    outer loop
      vertex 2.22354 48.6978 86.9
      vertex 2.4 46.4 86.9
      vertex 2.60842 48.7743 86.9
    endloop
  endfacet
  facet normal 0 0 1
    outer loop
      vertex 155 45.8 86.9
      vertex 152.6 40.4 86.9
      vertex 152.6 38.8 86.9
    endloop
  endfacet
  facet normal 0 0 1
    outer loop
      vertex 155 45.8 86.9
      vertex 152.6 38.8 86.9
      vertex 152.6 32.8 86.9
    endloop
  endfacet
  facet normal 0 0 1
    outer loop
      vertex 154.974 2.60842 86.9
      vertex 152.6 2.4 86.9
      vertex 154.898 2.22354 86.9
    endloop
  endfacet
  facet normal 0 0 1
    outer loop
      vertex 154.898 2.22354 86.9
      vertex 152.6 2.4 86.9
      vertex 154.772 1.85195 86.9
    endloop
  endfacet
  facet normal 0 0 1
    outer loop
      vertex 154.772 1.85195 86.9
      vertex 152.6 2.4 86.9
      vertex 154.598 1.5 86.9
    endloop
  endfacet
  facet normal 0 0 1
    outer loop
      vertex 154.598 1.5 86.9
      vertex 152.6 2.4 86.9
      vertex 154.38 1.17372 86.9
    endloop
  endfacet
  facet normal 0 0 1
    outer loop
      vertex 154.38 1.17372 86.9
      vertex 152.6 2.4 86.9
      vertex 154.121 0.878679 86.9
    endloop
  endfacet
  facet normal 0 0 1
    outer loop
      vertex 154.121 0.878679 86.9
      vertex 152.6 2.4 86.9
      vertex 153.826 0.61994 86.9
    endloop
  endfacet
  facet normal 0 0 1
    outer loop
      vertex 153.826 0.61994 86.9
      vertex 152.6 2.4 86.9
      vertex 153.5 0.401923 86.9
    endloop
  endfacet
  facet normal 0 0 1
    outer loop
      vertex 153.5 0.401923 86.9
      vertex 152.6 2.4 86.9
      vertex 153.148 0.228361 86.9
    endloop
  endfacet
  facet normal 0 0 1
    outer loop
      vertex 153.148 0.228361 86.9
      vertex 152.6 2.4 86.9
      vertex 152.776 0.102222 86.9
    endloop
  endfacet
  facet normal 0 0 1
    outer loop
      vertex 152.6 2.4 86.9
      vertex 152.392 0.0256653 86.9
      vertex 152.776 0.102222 86.9
    endloop
  endfacet
  facet normal 0 0 1
    outer loop
      vertex 152.6 2.4 86.9
      vertex 152 0 86.9
      vertex 152.392 0.0256653 86.9
    endloop
  endfacet
  facet normal 0 0 1
    outer loop
      vertex 152.6 2.4 86.9
      vertex 3 0 86.9
      vertex 152 0 86.9
    endloop
  endfacet
  facet normal -0 0 1
    outer loop
      vertex 2.4 2.4 86.9
      vertex 3 0 86.9
      vertex 152.6 2.4 86.9
    endloop
  endfacet
  facet normal 0 0 1
    outer loop
      vertex 3 0 86.9
      vertex 2.4 2.4 86.9
      vertex 2.60842 0.0256653 86.9
    endloop
  endfacet
  facet normal 0 0 1
    outer loop
      vertex 2.4 2.4 86.9
      vertex 2.22354 0.102222 86.9
      vertex 2.60842 0.0256653 86.9
    endloop
  endfacet
  facet normal 0 0 1
    outer loop
      vertex 2.4 10 86.9
      vertex 0 3 86.9
      vertex 2.4 8.4 86.9
    endloop
  endfacet
  facet normal -0 0 1
    outer loop
      vertex 1.5 48.3981 86.9
      vertex 2.4 46.4 86.9
      vertex 1.85195 48.5716 86.9
    endloop
  endfacet
  facet normal 0 0 1
    outer loop
      vertex 2.4 8.4 86.9
      vertex 0 3 86.9
      vertex 2.4 2.4 86.9
    endloop
  endfacet
  facet normal -0 0 1
    outer loop
      vertex 1.17372 48.1801 86.9
      vertex 2.4 46.4 86.9
      vertex 1.5 48.3981 86.9
    endloop
  endfacet
  facet normal -0 -0 1
    outer loop
      vertex 0.0256653 2.60842 86.9
      vertex 2.4 2.4 86.9
      vertex 0 3 86.9
    endloop
  endfacet
  facet normal -0 0 1
    outer loop
      vertex 0.878679 47.9213 86.9
      vertex 2.4 46.4 86.9
      vertex 1.17372 48.1801 86.9
    endloop
  endfacet
  facet normal 0 0 1
    outer loop
      vertex 2.4 2.4 86.9
      vertex 1.85195 0.228361 86.9
      vertex 2.22354 0.102222 86.9
    endloop
  endfacet
  facet normal -0 0 1
    outer loop
      vertex 0.61994 47.6263 86.9
      vertex 2.4 46.4 86.9
      vertex 0.878679 47.9213 86.9
    endloop
  endfacet
  facet normal 0 0 1
    outer loop
      vertex 2.4 2.4 86.9
      vertex 1.5 0.401923 86.9
      vertex 1.85195 0.228361 86.9
    endloop
  endfacet
  facet normal -0 0 1
    outer loop
      vertex 0.401923 47.3 86.9
      vertex 2.4 46.4 86.9
      vertex 0.61994 47.6263 86.9
    endloop
  endfacet
  facet normal 0 0 1
    outer loop
      vertex 2.4 2.4 86.9
      vertex 1.17372 0.61994 86.9
      vertex 1.5 0.401923 86.9
    endloop
  endfacet
  facet normal -0 0 1
    outer loop
      vertex 0.228361 46.9481 86.9
      vertex 2.4 46.4 86.9
      vertex 0.401923 47.3 86.9
    endloop
  endfacet
  facet normal 0 0 1
    outer loop
      vertex 2.4 2.4 86.9
      vertex 0.878679 0.878679 86.9
      vertex 1.17372 0.61994 86.9
    endloop
  endfacet
  facet normal -0 0 1
    outer loop
      vertex 0.102222 46.5765 86.9
      vertex 2.4 46.4 86.9
      vertex 0.228361 46.9481 86.9
    endloop
  endfacet
  facet normal 0 0 1
    outer loop
      vertex 2.4 2.4 86.9
      vertex 0.61994 1.17372 86.9
      vertex 0.878679 0.878679 86.9
    endloop
  endfacet
  facet normal 0 0 1
    outer loop
      vertex 0.0256653 46.1916 86.9
      vertex 2.4 46.4 86.9
      vertex 0.102222 46.5765 86.9
    endloop
  endfacet
  facet normal 0 0 1
    outer loop
      vertex 2.4 2.4 86.9
      vertex 0.401923 1.5 86.9
      vertex 0.61994 1.17372 86.9
    endloop
  endfacet
  facet normal 0 0 1
    outer loop
      vertex 2.4 46.4 86.9
      vertex 0.0256653 46.1916 86.9
      vertex 0 45.8 86.9
    endloop
  endfacet
  facet normal 0 0 1
    outer loop
      vertex 2.4 2.4 86.9
      vertex 0.228361 1.85195 86.9
      vertex 0.401923 1.5 86.9
    endloop
  endfacet
  facet normal 0 0 1
    outer loop
      vertex 2.4 2.4 86.9
      vertex 0.102222 2.22354 86.9
      vertex 0.228361 1.85195 86.9
    endloop
  endfacet
  facet normal 0 0 1
    outer loop
      vertex 2.4 2.4 86.9
      vertex 0.0256653 2.60842 86.9
      vertex 0.102222 2.22354 86.9
    endloop
  endfacet
  facet normal -0 0 1
    outer loop
      vertex 2.4 40.4 86.9
      vertex 6.4 38.8 86.9
      vertex 6.4 40.4 86.9
    endloop
  endfacet
  facet normal 0 0 1
    outer loop
      vertex 6.4 38.8 86.9
      vertex 2.4 40.4 86.9
      vertex 2.4 38.8 86.9
    endloop
  endfacet
  facet normal -0 0 1
    outer loop
      vertex 2.4 32.8 86.9
      vertex 6.4 31.2 86.9
      vertex 6.4 32.8 86.9
    endloop
  endfacet
  facet normal 0 0 1
    outer loop
      vertex 6.4 31.2 86.9
      vertex 2.4 32.8 86.9
      vertex 2.4 31.2 86.9
    endloop
  endfacet
  facet normal -0 0 1
    outer loop
      vertex 2.4 25.2 86.9
      vertex 6.4 23.6 86.9
      vertex 6.4 25.2 86.9
    endloop
  endfacet
  facet normal 0 0 1
    outer loop
      vertex 6.4 23.6 86.9
      vertex 2.4 25.2 86.9
      vertex 2.4 23.6 86.9
    endloop
  endfacet
  facet normal -0 0 1
    outer loop
      vertex 2.4 17.6 86.9
      vertex 6.4 16 86.9
      vertex 6.4 17.6 86.9
    endloop
  endfacet
  facet normal 0 0 1
    outer loop
      vertex 6.4 16 86.9
      vertex 2.4 17.6 86.9
      vertex 2.4 16 86.9
    endloop
  endfacet
  facet normal -0 0 1
    outer loop
      vertex 2.4 10 86.9
      vertex 6.4 8.4 86.9
      vertex 6.4 10 86.9
    endloop
  endfacet
  facet normal 0 0 1
    outer loop
      vertex 6.4 8.4 86.9
      vertex 2.4 10 86.9
      vertex 2.4 8.4 86.9
    endloop
  endfacet
  facet normal -0.44216 0.896936 0
    outer loop
      vertex 1.85195 48.5716 0
      vertex 1.5 48.3981 86.9
      vertex 1.85195 48.5716 86.9
    endloop
  endfacet
  facet normal -0.44216 0.896936 0
    outer loop
      vertex 1.5 48.3981 86.9
      vertex 1.85195 48.5716 0
      vertex 1.5 48.3981 0
    endloop
  endfacet
  facet normal -1 0 0
    outer loop
      vertex 152.6 40.4 2.4
      vertex 152.6 46.4 86.9
      vertex 152.6 46.4 2.4
    endloop
  endfacet
  facet normal -1 -0 0
    outer loop
      vertex 152.6 46.4 86.9
      vertex 152.6 40.4 2.4
      vertex 152.6 40.4 86.9
    endloop
  endfacet
  facet normal -1 0 0
    outer loop
      vertex 152.6 2.4 2.4
      vertex 152.6 8.4 86.9
      vertex 152.6 8.4 2.4
    endloop
  endfacet
  facet normal -1 -0 0
    outer loop
      vertex 152.6 8.4 86.9
      vertex 152.6 2.4 2.4
      vertex 152.6 2.4 86.9
    endloop
  endfacet
  facet normal -1 0 0
    outer loop
      vertex 152.6 25.2 2.4
      vertex 152.6 31.2 86.9
      vertex 152.6 31.2 2.4
    endloop
  endfacet
  facet normal -1 -0 0
    outer loop
      vertex 152.6 31.2 86.9
      vertex 152.6 25.2 2.4
      vertex 152.6 25.2 86.9
    endloop
  endfacet
  facet normal -1 0 0
    outer loop
      vertex 152.6 17.6 2.4
      vertex 152.6 23.6 86.9
      vertex 152.6 23.6 2.4
    endloop
  endfacet
  facet normal -1 -0 0
    outer loop
      vertex 152.6 23.6 86.9
      vertex 152.6 17.6 2.4
      vertex 152.6 17.6 86.9
    endloop
  endfacet
  facet normal -1 0 0
    outer loop
      vertex 152.6 32.8 2.4
      vertex 152.6 38.8 86.9
      vertex 152.6 38.8 2.4
    endloop
  endfacet
  facet normal -1 -0 0
    outer loop
      vertex 152.6 38.8 86.9
      vertex 152.6 32.8 2.4
      vertex 152.6 32.8 86.9
    endloop
  endfacet
  facet normal -1 0 0
    outer loop
      vertex 152.6 10 2.4
      vertex 152.6 16 86.9
      vertex 152.6 16 2.4
    endloop
  endfacet
  facet normal -1 -0 0
    outer loop
      vertex 152.6 16 86.9
      vertex 152.6 10 2.4
      vertex 152.6 10 86.9
    endloop
  endfacet
  facet normal -0 0 1
    outer loop
      vertex 2.4 16 2.4
      vertex 6.4 10 2.4
      vertex 6.4 16 2.4
    endloop
  endfacet
  facet normal 0 0 1
    outer loop
      vertex 6.4 10 2.4
      vertex 2.4 16 2.4
      vertex 2.4 10 2.4
    endloop
  endfacet
  facet normal -0 0 1
    outer loop
      vertex 2.4 23.6 2.4
      vertex 6.4 17.6 2.4
      vertex 6.4 23.6 2.4
    endloop
  endfacet
  facet normal 0 0 1
    outer loop
      vertex 6.4 17.6 2.4
      vertex 2.4 23.6 2.4
      vertex 2.4 17.6 2.4
    endloop
  endfacet
  facet normal -0 0 1
    outer loop
      vertex 2.4 31.2 2.4
      vertex 6.4 25.2 2.4
      vertex 6.4 31.2 2.4
    endloop
  endfacet
  facet normal 0 0 1
    outer loop
      vertex 6.4 25.2 2.4
      vertex 2.4 31.2 2.4
      vertex 2.4 25.2 2.4
    endloop
  endfacet
  facet normal -0 0 1
    outer loop
      vertex 2.4 38.8 2.4
      vertex 6.4 32.8 2.4
      vertex 6.4 38.8 2.4
    endloop
  endfacet
  facet normal 0 0 1
    outer loop
      vertex 6.4 32.8 2.4
      vertex 2.4 38.8 2.4
      vertex 2.4 32.8 2.4
    endloop
  endfacet
  facet normal -0 0 1
    outer loop
      vertex 57.5 16 2.4
      vertex 97.5 10 2.4
      vertex 97.5 16 2.4
    endloop
  endfacet
  facet normal 0 0 1
    outer loop
      vertex 97.5 10 2.4
      vertex 57.5 16 2.4
      vertex 57.5 10 2.4
    endloop
  endfacet
  facet normal -0 0 1
    outer loop
      vertex 57.5 23.6 2.4
      vertex 97.5 17.6 2.4
      vertex 97.5 23.6 2.4
    endloop
  endfacet
  facet normal 0 0 1
    outer loop
      vertex 97.5 17.6 2.4
      vertex 57.5 23.6 2.4
      vertex 57.5 17.6 2.4
    endloop
  endfacet
  facet normal -0 0 1
    outer loop
      vertex 57.5 31.2 2.4
      vertex 97.5 25.2 2.4
      vertex 97.5 31.2 2.4
    endloop
  endfacet
  facet normal 0 0 1
    outer loop
      vertex 97.5 25.2 2.4
      vertex 57.5 31.2 2.4
      vertex 57.5 25.2 2.4
    endloop
  endfacet
  facet normal -0 0 1
    outer loop
      vertex 57.5 38.8 2.4
      vertex 97.5 32.8 2.4
      vertex 97.5 38.8 2.4
    endloop
  endfacet
  facet normal 0 0 1
    outer loop
      vertex 97.5 32.8 2.4
      vertex 57.5 38.8 2.4
      vertex 57.5 32.8 2.4
    endloop
  endfacet
  facet normal 0 0 1
    outer loop
      vertex 152.6 46.4 2.4
      vertex 148.6 40.4 2.4
      vertex 152.6 40.4 2.4
    endloop
  endfacet
  facet normal 0 0 1
    outer loop
      vertex 97.5 38.8 2.4
      vertex 148.6 38.8 2.4
      vertex 148.6 40.4 2.4
    endloop
  endfacet
  facet normal 0 0 1
    outer loop
      vertex 148.6 38.8 2.4
      vertex 97.5 38.8 2.4
      vertex 148.6 32.8 2.4
    endloop
  endfacet
  facet normal 0 0 1
    outer loop
      vertex 148.6 32.8 2.4
      vertex 97.5 32.8 2.4
      vertex 148.6 31.2 2.4
    endloop
  endfacet
  facet normal 0 0 1
    outer loop
      vertex 97.5 31.2 2.4
      vertex 148.6 31.2 2.4
      vertex 97.5 32.8 2.4
    endloop
  endfacet
  facet normal 0 0 1
    outer loop
      vertex 97.5 25.2 2.4
      vertex 148.6 25.2 2.4
      vertex 97.5 31.2 2.4
    endloop
  endfacet
  facet normal 0 0 1
    outer loop
      vertex 148.6 25.2 2.4
      vertex 97.5 25.2 2.4
      vertex 148.6 23.6 2.4
    endloop
  endfacet
  facet normal 0 0 1
    outer loop
      vertex 148.6 23.6 2.4
      vertex 97.5 23.6 2.4
      vertex 148.6 17.6 2.4
    endloop
  endfacet
  facet normal 0 0 1
    outer loop
      vertex 97.5 17.6 2.4
      vertex 148.6 17.6 2.4
      vertex 97.5 23.6 2.4
    endloop
  endfacet
  facet normal 0 0 1
    outer loop
      vertex 97.5 38.8 2.4
      vertex 148.6 40.4 2.4
      vertex 97.5 40.4 2.4
    endloop
  endfacet
  facet normal 0 0 1
    outer loop
      vertex 152.6 46.4 2.4
      vertex 97.5 40.4 2.4
      vertex 148.6 40.4 2.4
    endloop
  endfacet
  facet normal 0 0 1
    outer loop
      vertex 152.6 46.4 2.4
      vertex 57.5 40.4 2.4
      vertex 97.5 40.4 2.4
    endloop
  endfacet
  facet normal 0 0 1
    outer loop
      vertex 6.4 38.8 2.4
      vertex 57.5 38.8 2.4
      vertex 57.5 40.4 2.4
    endloop
  endfacet
  facet normal 0 0 1
    outer loop
      vertex 57.5 38.8 2.4
      vertex 6.4 38.8 2.4
      vertex 57.5 32.8 2.4
    endloop
  endfacet
  facet normal 0 0 1
    outer loop
      vertex 57.5 32.8 2.4
      vertex 6.4 32.8 2.4
      vertex 57.5 31.2 2.4
    endloop
  endfacet
  facet normal 0 0 1
    outer loop
      vertex 6.4 31.2 2.4
      vertex 57.5 31.2 2.4
      vertex 6.4 32.8 2.4
    endloop
  endfacet
  facet normal 0 0 1
    outer loop
      vertex 6.4 25.2 2.4
      vertex 57.5 25.2 2.4
      vertex 6.4 31.2 2.4
    endloop
  endfacet
  facet normal 0 0 1
    outer loop
      vertex 57.5 25.2 2.4
      vertex 6.4 25.2 2.4
      vertex 57.5 23.6 2.4
    endloop
  endfacet
  facet normal 0 0 1
    outer loop
      vertex 57.5 23.6 2.4
      vertex 6.4 23.6 2.4
      vertex 57.5 17.6 2.4
    endloop
  endfacet
  facet normal 0 0 1
    outer loop
      vertex 6.4 17.6 2.4
      vertex 57.5 17.6 2.4
      vertex 6.4 23.6 2.4
    endloop
  endfacet
  facet normal 0 0 1
    outer loop
      vertex 6.4 38.8 2.4
      vertex 57.5 40.4 2.4
      vertex 6.4 40.4 2.4
    endloop
  endfacet
  facet normal -0 0 1
    outer loop
      vertex 2.4 46.4 2.4
      vertex 57.5 40.4 2.4
      vertex 152.6 46.4 2.4
    endloop
  endfacet
  facet normal 0 0 1
    outer loop
      vertex 57.5 40.4 2.4
      vertex 2.4 46.4 2.4
      vertex 6.4 40.4 2.4
    endloop
  endfacet
  facet normal 0 0 1
    outer loop
      vertex 6.4 40.4 2.4
      vertex 2.4 46.4 2.4
      vertex 2.4 40.4 2.4
    endloop
  endfacet
  facet normal -0 0 1
    outer loop
      vertex 148.6 38.8 2.4
      vertex 152.6 32.8 2.4
      vertex 152.6 38.8 2.4
    endloop
  endfacet
  facet normal 0 0 1
    outer loop
      vertex 152.6 32.8 2.4
      vertex 148.6 38.8 2.4
      vertex 148.6 32.8 2.4
    endloop
  endfacet
  facet normal -0 0 1
    outer loop
      vertex 148.6 31.2 2.4
      vertex 152.6 25.2 2.4
      vertex 152.6 31.2 2.4
    endloop
  endfacet
  facet normal 0 0 1
    outer loop
      vertex 152.6 25.2 2.4
      vertex 148.6 31.2 2.4
      vertex 148.6 25.2 2.4
    endloop
  endfacet
  facet normal -0 0 1
    outer loop
      vertex 148.6 23.6 2.4
      vertex 152.6 17.6 2.4
      vertex 152.6 23.6 2.4
    endloop
  endfacet
  facet normal 0 0 1
    outer loop
      vertex 152.6 17.6 2.4
      vertex 148.6 23.6 2.4
      vertex 148.6 17.6 2.4
    endloop
  endfacet
  facet normal -0 0 1
    outer loop
      vertex 148.6 16 2.4
      vertex 152.6 10 2.4
      vertex 152.6 16 2.4
    endloop
  endfacet
  facet normal 0 0 1
    outer loop
      vertex 152.6 10 2.4
      vertex 148.6 16 2.4
      vertex 148.6 10 2.4
    endloop
  endfacet
  facet normal -0 0 1
    outer loop
      vertex 148.6 8.4 2.4
      vertex 152.6 2.4 2.4
      vertex 152.6 8.4 2.4
    endloop
  endfacet
  facet normal 0 0 1
    outer loop
      vertex 148.6 32.8 2.4
      vertex 97.5 38.8 2.4
      vertex 97.5 32.8 2.4
    endloop
  endfacet
  facet normal 0 0 1
    outer loop
      vertex 148.6 31.2 2.4
      vertex 97.5 31.2 2.4
      vertex 148.6 25.2 2.4
    endloop
  endfacet
  facet normal 0 0 1
    outer loop
      vertex 97.5 23.6 2.4
      vertex 148.6 23.6 2.4
      vertex 97.5 25.2 2.4
    endloop
  endfacet
  facet normal 0 0 1
    outer loop
      vertex 148.6 17.6 2.4
      vertex 97.5 17.6 2.4
      vertex 148.6 16 2.4
    endloop
  endfacet
  facet normal 0 0 1
    outer loop
      vertex 97.5 16 2.4
      vertex 148.6 16 2.4
      vertex 97.5 17.6 2.4
    endloop
  endfacet
  facet normal 0 0 1
    outer loop
      vertex 148.6 16 2.4
      vertex 97.5 16 2.4
      vertex 148.6 10 2.4
    endloop
  endfacet
  facet normal 0 0 1
    outer loop
      vertex 97.5 10 2.4
      vertex 148.6 10 2.4
      vertex 97.5 16 2.4
    endloop
  endfacet
  facet normal 0 0 1
    outer loop
      vertex 148.6 10 2.4
      vertex 97.5 10 2.4
      vertex 148.6 8.4 2.4
    endloop
  endfacet
  facet normal 0 0 1
    outer loop
      vertex 97.5 8.4 2.4
      vertex 148.6 8.4 2.4
      vertex 97.5 10 2.4
    endloop
  endfacet
  facet normal 0 0 1
    outer loop
      vertex 148.6 8.4 2.4
      vertex 97.5 8.4 2.4
      vertex 152.6 2.4 2.4
    endloop
  endfacet
  facet normal -0 0 1
    outer loop
      vertex 57.5 8.4 2.4
      vertex 152.6 2.4 2.4
      vertex 97.5 8.4 2.4
    endloop
  endfacet
  facet normal 0 0 1
    outer loop
      vertex 57.5 32.8 2.4
      vertex 6.4 38.8 2.4
      vertex 6.4 32.8 2.4
    endloop
  endfacet
  facet normal 0 0 1
    outer loop
      vertex 57.5 31.2 2.4
      vertex 6.4 31.2 2.4
      vertex 57.5 25.2 2.4
    endloop
  endfacet
  facet normal 0 0 1
    outer loop
      vertex 6.4 23.6 2.4
      vertex 57.5 23.6 2.4
      vertex 6.4 25.2 2.4
    endloop
  endfacet
  facet normal 0 0 1
    outer loop
      vertex 57.5 17.6 2.4
      vertex 6.4 17.6 2.4
      vertex 57.5 16 2.4
    endloop
  endfacet
  facet normal 0 0 1
    outer loop
      vertex 6.4 16 2.4
      vertex 57.5 16 2.4
      vertex 6.4 17.6 2.4
    endloop
  endfacet
  facet normal 0 0 1
    outer loop
      vertex 57.5 16 2.4
      vertex 6.4 16 2.4
      vertex 57.5 10 2.4
    endloop
  endfacet
  facet normal 0 0 1
    outer loop
      vertex 6.4 10 2.4
      vertex 57.5 10 2.4
      vertex 6.4 16 2.4
    endloop
  endfacet
  facet normal 0 0 1
    outer loop
      vertex 57.5 10 2.4
      vertex 6.4 10 2.4
      vertex 57.5 8.4 2.4
    endloop
  endfacet
  facet normal 0 0 1
    outer loop
      vertex 6.4 8.4 2.4
      vertex 57.5 8.4 2.4
      vertex 6.4 10 2.4
    endloop
  endfacet
  facet normal 0 0 1
    outer loop
      vertex 2.4 2.4 2.4
      vertex 57.5 8.4 2.4
      vertex 6.4 8.4 2.4
    endloop
  endfacet
  facet normal 0 0 1
    outer loop
      vertex 2.4 2.4 2.4
      vertex 6.4 8.4 2.4
      vertex 2.4 8.4 2.4
    endloop
  endfacet
  facet normal 0 0 1
    outer loop
      vertex 57.5 8.4 2.4
      vertex 2.4 2.4 2.4
      vertex 152.6 2.4 2.4
    endloop
  endfacet
  facet normal 1 -0 0
    outer loop
      vertex 2.4 2.4 86.9
      vertex 2.4 8.4 2.4
      vertex 2.4 8.4 86.9
    endloop
  endfacet
  facet normal 1 0 0
    outer loop
      vertex 2.4 8.4 2.4
      vertex 2.4 2.4 86.9
      vertex 2.4 2.4 2.4
    endloop
  endfacet
  facet normal 1 -0 0
    outer loop
      vertex 2.4 40.4 86.9
      vertex 2.4 46.4 2.4
      vertex 2.4 46.4 86.9
    endloop
  endfacet
  facet normal 1 0 0
    outer loop
      vertex 2.4 46.4 2.4
      vertex 2.4 40.4 86.9
      vertex 2.4 40.4 2.4
    endloop
  endfacet
  facet normal 1 -0 0
    outer loop
      vertex 2.4 10 86.9
      vertex 2.4 16 2.4
      vertex 2.4 16 86.9
    endloop
  endfacet
  facet normal 1 0 0
    outer loop
      vertex 2.4 16 2.4
      vertex 2.4 10 86.9
      vertex 2.4 10 2.4
    endloop
  endfacet
  facet normal 1 -0 0
    outer loop
      vertex 2.4 17.6 86.9
      vertex 2.4 23.6 2.4
      vertex 2.4 23.6 86.9
    endloop
  endfacet
  facet normal 1 0 0
    outer loop
      vertex 2.4 23.6 2.4
      vertex 2.4 17.6 86.9
      vertex 2.4 17.6 2.4
    endloop
  endfacet
  facet normal 1 -0 0
    outer loop
      vertex 2.4 32.8 86.9
      vertex 2.4 38.8 2.4
      vertex 2.4 38.8 86.9
    endloop
  endfacet
  facet normal 1 0 0
    outer loop
      vertex 2.4 38.8 2.4
      vertex 2.4 32.8 86.9
      vertex 2.4 32.8 2.4
    endloop
  endfacet
  facet normal 1 -0 0
    outer loop
      vertex 2.4 25.2 86.9
      vertex 2.4 31.2 2.4
      vertex 2.4 31.2 86.9
    endloop
  endfacet
  facet normal 1 0 0
    outer loop
      vertex 2.4 31.2 2.4
      vertex 2.4 25.2 86.9
      vertex 2.4 25.2 2.4
    endloop
  endfacet
  facet normal 0 -1 0
    outer loop
      vertex 2.4 46.4 2.4
      vertex 152.6 46.4 86.9
      vertex 2.4 46.4 86.9
    endloop
  endfacet
  facet normal 0 -1 -0
    outer loop
      vertex 152.6 46.4 86.9
      vertex 2.4 46.4 2.4
      vertex 152.6 46.4 2.4
    endloop
  endfacet
  facet normal 0 1 -0
    outer loop
      vertex 152.6 2.4 2.4
      vertex 2.4 2.4 86.9
      vertex 152.6 2.4 86.9
    endloop
  endfacet
  facet normal 0 1 0
    outer loop
      vertex 2.4 2.4 86.9
      vertex 152.6 2.4 2.4
      vertex 2.4 2.4 2.4
    endloop
  endfacet
  facet normal 1 -0 0
    outer loop
      vertex 6.4 8.4 86.9
      vertex 6.4 10 2.4
      vertex 6.4 10 86.9
    endloop
  endfacet
  facet normal 1 0 0
    outer loop
      vertex 6.4 10 2.4
      vertex 6.4 8.4 86.9
      vertex 6.4 8.4 2.4
    endloop
  endfacet
  facet normal 0 1 -0
    outer loop
      vertex 6.4 10 2.4
      vertex 2.4 10 86.9
      vertex 6.4 10 86.9
    endloop
  endfacet
  facet normal 0 1 0
    outer loop
      vertex 2.4 10 86.9
      vertex 6.4 10 2.4
      vertex 2.4 10 2.4
    endloop
  endfacet
  facet normal 0 -1 0
    outer loop
      vertex 2.4 8.4 2.4
      vertex 6.4 8.4 86.9
      vertex 2.4 8.4 86.9
    endloop
  endfacet
  facet normal 0 -1 -0
    outer loop
      vertex 6.4 8.4 86.9
      vertex 2.4 8.4 2.4
      vertex 6.4 8.4 2.4
    endloop
  endfacet
  facet normal -1 0 0
    outer loop
      vertex 148.6 8.4 2.4
      vertex 148.6 10 86.9
      vertex 148.6 10 2.4
    endloop
  endfacet
  facet normal -1 -0 0
    outer loop
      vertex 148.6 10 86.9
      vertex 148.6 8.4 2.4
      vertex 148.6 8.4 86.9
    endloop
  endfacet
  facet normal 0 1 -0
    outer loop
      vertex 152.6 10 2.4
      vertex 148.6 10 86.9
      vertex 152.6 10 86.9
    endloop
  endfacet
  facet normal 0 1 0
    outer loop
      vertex 148.6 10 86.9
      vertex 152.6 10 2.4
      vertex 148.6 10 2.4
    endloop
  endfacet
  facet normal 0 -1 0
    outer loop
      vertex 148.6 8.4 2.4
      vertex 152.6 8.4 86.9
      vertex 148.6 8.4 86.9
    endloop
  endfacet
  facet normal 0 -1 -0
    outer loop
      vertex 152.6 8.4 86.9
      vertex 148.6 8.4 2.4
      vertex 152.6 8.4 2.4
    endloop
  endfacet
  facet normal 1 -0 0
    outer loop
      vertex 97.5 8.4 7.4
      vertex 97.5 10 2.4
      vertex 97.5 10 7.4
    endloop
  endfacet
  facet normal 1 0 0
    outer loop
      vertex 97.5 10 2.4
      vertex 97.5 8.4 7.4
      vertex 97.5 8.4 2.4
    endloop
  endfacet
  facet normal -0 0 1
    outer loop
      vertex 57.5 10 7.4
      vertex 97.5 8.4 7.4
      vertex 97.5 10 7.4
    endloop
  endfacet
  facet normal 0 0 1
    outer loop
      vertex 97.5 8.4 7.4
      vertex 57.5 10 7.4
      vertex 57.5 8.4 7.4
    endloop
  endfacet
  facet normal -1 0 0
    outer loop
      vertex 57.5 8.4 2.4
      vertex 57.5 10 7.4
      vertex 57.5 10 2.4
    endloop
  endfacet
  facet normal -1 -0 0
    outer loop
      vertex 57.5 10 7.4
      vertex 57.5 8.4 2.4
      vertex 57.5 8.4 7.4
    endloop
  endfacet
  facet normal 0 1 -0
    outer loop
      vertex 97.5 10 2.4
      vertex 57.5 10 7.4
      vertex 97.5 10 7.4
    endloop
  endfacet
  facet normal 0 1 0
    outer loop
      vertex 57.5 10 7.4
      vertex 97.5 10 2.4
      vertex 57.5 10 2.4
    endloop
  endfacet
  facet normal 0 -1 0
    outer loop
      vertex 57.5 8.4 2.4
      vertex 97.5 8.4 7.4
      vertex 57.5 8.4 7.4
    endloop
  endfacet
  facet normal 0 -1 -0
    outer loop
      vertex 97.5 8.4 7.4
      vertex 57.5 8.4 2.4
      vertex 97.5 8.4 2.4
    endloop
  endfacet
  facet normal 1 -0 0
    outer loop
      vertex 6.4 16 86.9
      vertex 6.4 17.6 2.4
      vertex 6.4 17.6 86.9
    endloop
  endfacet
  facet normal 1 0 0
    outer loop
      vertex 6.4 17.6 2.4
      vertex 6.4 16 86.9
      vertex 6.4 16 2.4
    endloop
  endfacet
  facet normal 0 1 -0
    outer loop
      vertex 6.4 17.6 2.4
      vertex 2.4 17.6 86.9
      vertex 6.4 17.6 86.9
    endloop
  endfacet
  facet normal 0 1 0
    outer loop
      vertex 2.4 17.6 86.9
      vertex 6.4 17.6 2.4
      vertex 2.4 17.6 2.4
    endloop
  endfacet
  facet normal 0 -1 0
    outer loop
      vertex 2.4 16 2.4
      vertex 6.4 16 86.9
      vertex 2.4 16 86.9
    endloop
  endfacet
  facet normal 0 -1 -0
    outer loop
      vertex 6.4 16 86.9
      vertex 2.4 16 2.4
      vertex 6.4 16 2.4
    endloop
  endfacet
  facet normal -1 0 0
    outer loop
      vertex 148.6 16 2.4
      vertex 148.6 17.6 86.9
      vertex 148.6 17.6 2.4
    endloop
  endfacet
  facet normal -1 -0 0
    outer loop
      vertex 148.6 17.6 86.9
      vertex 148.6 16 2.4
      vertex 148.6 16 86.9
    endloop
  endfacet
  facet normal 0 1 -0
    outer loop
      vertex 152.6 17.6 2.4
      vertex 148.6 17.6 86.9
      vertex 152.6 17.6 86.9
    endloop
  endfacet
  facet normal 0 1 0
    outer loop
      vertex 148.6 17.6 86.9
      vertex 152.6 17.6 2.4
      vertex 148.6 17.6 2.4
    endloop
  endfacet
  facet normal 0 -1 0
    outer loop
      vertex 148.6 16 2.4
      vertex 152.6 16 86.9
      vertex 148.6 16 86.9
    endloop
  endfacet
  facet normal 0 -1 -0
    outer loop
      vertex 152.6 16 86.9
      vertex 148.6 16 2.4
      vertex 152.6 16 2.4
    endloop
  endfacet
  facet normal 1 -0 0
    outer loop
      vertex 97.5 16 7.4
      vertex 97.5 17.6 2.4
      vertex 97.5 17.6 7.4
    endloop
  endfacet
  facet normal 1 0 0
    outer loop
      vertex 97.5 17.6 2.4
      vertex 97.5 16 7.4
      vertex 97.5 16 2.4
    endloop
  endfacet
  facet normal -0 0 1
    outer loop
      vertex 57.5 17.6 7.4
      vertex 97.5 16 7.4
      vertex 97.5 17.6 7.4
    endloop
  endfacet
  facet normal 0 0 1
    outer loop
      vertex 97.5 16 7.4
      vertex 57.5 17.6 7.4
      vertex 57.5 16 7.4
    endloop
  endfacet
  facet normal -1 0 0
    outer loop
      vertex 57.5 16 2.4
      vertex 57.5 17.6 7.4
      vertex 57.5 17.6 2.4
    endloop
  endfacet
  facet normal -1 -0 0
    outer loop
      vertex 57.5 17.6 7.4
      vertex 57.5 16 2.4
      vertex 57.5 16 7.4
    endloop
  endfacet
  facet normal 0 1 -0
    outer loop
      vertex 97.5 17.6 2.4
      vertex 57.5 17.6 7.4
      vertex 97.5 17.6 7.4
    endloop
  endfacet
  facet normal 0 1 0
    outer loop
      vertex 57.5 17.6 7.4
      vertex 97.5 17.6 2.4
      vertex 57.5 17.6 2.4
    endloop
  endfacet
  facet normal 0 -1 0
    outer loop
      vertex 57.5 16 2.4
      vertex 97.5 16 7.4
      vertex 57.5 16 7.4
    endloop
  endfacet
  facet normal 0 -1 -0
    outer loop
      vertex 97.5 16 7.4
      vertex 57.5 16 2.4
      vertex 97.5 16 2.4
    endloop
  endfacet
  facet normal 1 -0 0
    outer loop
      vertex 6.4 23.6 86.9
      vertex 6.4 25.2 2.4
      vertex 6.4 25.2 86.9
    endloop
  endfacet
  facet normal 1 0 0
    outer loop
      vertex 6.4 25.2 2.4
      vertex 6.4 23.6 86.9
      vertex 6.4 23.6 2.4
    endloop
  endfacet
  facet normal 0 1 -0
    outer loop
      vertex 6.4 25.2 2.4
      vertex 2.4 25.2 86.9
      vertex 6.4 25.2 86.9
    endloop
  endfacet
  facet normal 0 1 0
    outer loop
      vertex 2.4 25.2 86.9
      vertex 6.4 25.2 2.4
      vertex 2.4 25.2 2.4
    endloop
  endfacet
  facet normal 0 -1 0
    outer loop
      vertex 2.4 23.6 2.4
      vertex 6.4 23.6 86.9
      vertex 2.4 23.6 86.9
    endloop
  endfacet
  facet normal 0 -1 -0
    outer loop
      vertex 6.4 23.6 86.9
      vertex 2.4 23.6 2.4
      vertex 6.4 23.6 2.4
    endloop
  endfacet
  facet normal -1 0 0
    outer loop
      vertex 148.6 23.6 2.4
      vertex 148.6 25.2 86.9
      vertex 148.6 25.2 2.4
    endloop
  endfacet
  facet normal -1 -0 0
    outer loop
      vertex 148.6 25.2 86.9
      vertex 148.6 23.6 2.4
      vertex 148.6 23.6 86.9
    endloop
  endfacet
  facet normal 0 1 -0
    outer loop
      vertex 152.6 25.2 2.4
      vertex 148.6 25.2 86.9
      vertex 152.6 25.2 86.9
    endloop
  endfacet
  facet normal 0 1 0
    outer loop
      vertex 148.6 25.2 86.9
      vertex 152.6 25.2 2.4
      vertex 148.6 25.2 2.4
    endloop
  endfacet
  facet normal 0 -1 0
    outer loop
      vertex 148.6 23.6 2.4
      vertex 152.6 23.6 86.9
      vertex 148.6 23.6 86.9
    endloop
  endfacet
  facet normal 0 -1 -0
    outer loop
      vertex 152.6 23.6 86.9
      vertex 148.6 23.6 2.4
      vertex 152.6 23.6 2.4
    endloop
  endfacet
  facet normal 1 -0 0
    outer loop
      vertex 97.5 23.6 7.4
      vertex 97.5 25.2 2.4
      vertex 97.5 25.2 7.4
    endloop
  endfacet
  facet normal 1 0 0
    outer loop
      vertex 97.5 25.2 2.4
      vertex 97.5 23.6 7.4
      vertex 97.5 23.6 2.4
    endloop
  endfacet
  facet normal -0 0 1
    outer loop
      vertex 57.5 25.2 7.4
      vertex 97.5 23.6 7.4
      vertex 97.5 25.2 7.4
    endloop
  endfacet
  facet normal 0 0 1
    outer loop
      vertex 97.5 23.6 7.4
      vertex 57.5 25.2 7.4
      vertex 57.5 23.6 7.4
    endloop
  endfacet
  facet normal -1 0 0
    outer loop
      vertex 57.5 23.6 2.4
      vertex 57.5 25.2 7.4
      vertex 57.5 25.2 2.4
    endloop
  endfacet
  facet normal -1 -0 0
    outer loop
      vertex 57.5 25.2 7.4
      vertex 57.5 23.6 2.4
      vertex 57.5 23.6 7.4
    endloop
  endfacet
  facet normal 0 1 -0
    outer loop
      vertex 97.5 25.2 2.4
      vertex 57.5 25.2 7.4
      vertex 97.5 25.2 7.4
    endloop
  endfacet
  facet normal 0 1 0
    outer loop
      vertex 57.5 25.2 7.4
      vertex 97.5 25.2 2.4
      vertex 57.5 25.2 2.4
    endloop
  endfacet
  facet normal 0 -1 0
    outer loop
      vertex 57.5 23.6 2.4
      vertex 97.5 23.6 7.4
      vertex 57.5 23.6 7.4
    endloop
  endfacet
  facet normal 0 -1 -0
    outer loop
      vertex 97.5 23.6 7.4
      vertex 57.5 23.6 2.4
      vertex 97.5 23.6 2.4
    endloop
  endfacet
  facet normal 1 -0 0
    outer loop
      vertex 6.4 31.2 86.9
      vertex 6.4 32.8 2.4
      vertex 6.4 32.8 86.9
    endloop
  endfacet
  facet normal 1 0 0
    outer loop
      vertex 6.4 32.8 2.4
      vertex 6.4 31.2 86.9
      vertex 6.4 31.2 2.4
    endloop
  endfacet
  facet normal 0 1 -0
    outer loop
      vertex 6.4 32.8 2.4
      vertex 2.4 32.8 86.9
      vertex 6.4 32.8 86.9
    endloop
  endfacet
  facet normal 0 1 0
    outer loop
      vertex 2.4 32.8 86.9
      vertex 6.4 32.8 2.4
      vertex 2.4 32.8 2.4
    endloop
  endfacet
  facet normal 0 -1 0
    outer loop
      vertex 2.4 31.2 2.4
      vertex 6.4 31.2 86.9
      vertex 2.4 31.2 86.9
    endloop
  endfacet
  facet normal 0 -1 -0
    outer loop
      vertex 6.4 31.2 86.9
      vertex 2.4 31.2 2.4
      vertex 6.4 31.2 2.4
    endloop
  endfacet
  facet normal -1 0 0
    outer loop
      vertex 148.6 31.2 2.4
      vertex 148.6 32.8 86.9
      vertex 148.6 32.8 2.4
    endloop
  endfacet
  facet normal -1 -0 0
    outer loop
      vertex 148.6 32.8 86.9
      vertex 148.6 31.2 2.4
      vertex 148.6 31.2 86.9
    endloop
  endfacet
  facet normal 0 1 -0
    outer loop
      vertex 152.6 32.8 2.4
      vertex 148.6 32.8 86.9
      vertex 152.6 32.8 86.9
    endloop
  endfacet
  facet normal 0 1 0
    outer loop
      vertex 148.6 32.8 86.9
      vertex 152.6 32.8 2.4
      vertex 148.6 32.8 2.4
    endloop
  endfacet
  facet normal 0 -1 0
    outer loop
      vertex 148.6 31.2 2.4
      vertex 152.6 31.2 86.9
      vertex 148.6 31.2 86.9
    endloop
  endfacet
  facet normal 0 -1 -0
    outer loop
      vertex 152.6 31.2 86.9
      vertex 148.6 31.2 2.4
      vertex 152.6 31.2 2.4
    endloop
  endfacet
  facet normal 1 -0 0
    outer loop
      vertex 97.5 31.2 7.4
      vertex 97.5 32.8 2.4
      vertex 97.5 32.8 7.4
    endloop
  endfacet
  facet normal 1 0 0
    outer loop
      vertex 97.5 32.8 2.4
      vertex 97.5 31.2 7.4
      vertex 97.5 31.2 2.4
    endloop
  endfacet
  facet normal -0 0 1
    outer loop
      vertex 57.5 32.8 7.4
      vertex 97.5 31.2 7.4
      vertex 97.5 32.8 7.4
    endloop
  endfacet
  facet normal 0 0 1
    outer loop
      vertex 97.5 31.2 7.4
      vertex 57.5 32.8 7.4
      vertex 57.5 31.2 7.4
    endloop
  endfacet
  facet normal -1 0 0
    outer loop
      vertex 57.5 31.2 2.4
      vertex 57.5 32.8 7.4
      vertex 57.5 32.8 2.4
    endloop
  endfacet
  facet normal -1 -0 0
    outer loop
      vertex 57.5 32.8 7.4
      vertex 57.5 31.2 2.4
      vertex 57.5 31.2 7.4
    endloop
  endfacet
  facet normal 0 1 -0
    outer loop
      vertex 97.5 32.8 2.4
      vertex 57.5 32.8 7.4
      vertex 97.5 32.8 7.4
    endloop
  endfacet
  facet normal 0 1 0
    outer loop
      vertex 57.5 32.8 7.4
      vertex 97.5 32.8 2.4
      vertex 57.5 32.8 2.4
    endloop
  endfacet
  facet normal 0 -1 0
    outer loop
      vertex 57.5 31.2 2.4
      vertex 97.5 31.2 7.4
      vertex 57.5 31.2 7.4
    endloop
  endfacet
  facet normal 0 -1 -0
    outer loop
      vertex 97.5 31.2 7.4
      vertex 57.5 31.2 2.4
      vertex 97.5 31.2 2.4
    endloop
  endfacet
  facet normal 1 -0 0
    outer loop
      vertex 6.4 38.8 86.9
      vertex 6.4 40.4 2.4
      vertex 6.4 40.4 86.9
    endloop
  endfacet
  facet normal 1 0 0
    outer loop
      vertex 6.4 40.4 2.4
      vertex 6.4 38.8 86.9
      vertex 6.4 38.8 2.4
    endloop
  endfacet
  facet normal 0 1 -0
    outer loop
      vertex 6.4 40.4 2.4
      vertex 2.4 40.4 86.9
      vertex 6.4 40.4 86.9
    endloop
  endfacet
  facet normal 0 1 0
    outer loop
      vertex 2.4 40.4 86.9
      vertex 6.4 40.4 2.4
      vertex 2.4 40.4 2.4
    endloop
  endfacet
  facet normal 0 -1 0
    outer loop
      vertex 2.4 38.8 2.4
      vertex 6.4 38.8 86.9
      vertex 2.4 38.8 86.9
    endloop
  endfacet
  facet normal 0 -1 -0
    outer loop
      vertex 6.4 38.8 86.9
      vertex 2.4 38.8 2.4
      vertex 6.4 38.8 2.4
    endloop
  endfacet
  facet normal -1 0 0
    outer loop
      vertex 148.6 38.8 2.4
      vertex 148.6 40.4 86.9
      vertex 148.6 40.4 2.4
    endloop
  endfacet
  facet normal -1 -0 0
    outer loop
      vertex 148.6 40.4 86.9
      vertex 148.6 38.8 2.4
      vertex 148.6 38.8 86.9
    endloop
  endfacet
  facet normal 0 1 -0
    outer loop
      vertex 152.6 40.4 2.4
      vertex 148.6 40.4 86.9
      vertex 152.6 40.4 86.9
    endloop
  endfacet
  facet normal 0 1 0
    outer loop
      vertex 148.6 40.4 86.9
      vertex 152.6 40.4 2.4
      vertex 148.6 40.4 2.4
    endloop
  endfacet
  facet normal 0 -1 0
    outer loop
      vertex 148.6 38.8 2.4
      vertex 152.6 38.8 86.9
      vertex 148.6 38.8 86.9
    endloop
  endfacet
  facet normal 0 -1 -0
    outer loop
      vertex 152.6 38.8 86.9
      vertex 148.6 38.8 2.4
      vertex 152.6 38.8 2.4
    endloop
  endfacet
  facet normal 1 -0 0
    outer loop
      vertex 97.5 38.8 7.4
      vertex 97.5 40.4 2.4
      vertex 97.5 40.4 7.4
    endloop
  endfacet
  facet normal 1 0 0
    outer loop
      vertex 97.5 40.4 2.4
      vertex 97.5 38.8 7.4
      vertex 97.5 38.8 2.4
    endloop
  endfacet
  facet normal -0 0 1
    outer loop
      vertex 57.5 40.4 7.4
      vertex 97.5 38.8 7.4
      vertex 97.5 40.4 7.4
    endloop
  endfacet
  facet normal 0 0 1
    outer loop
      vertex 97.5 38.8 7.4
      vertex 57.5 40.4 7.4
      vertex 57.5 38.8 7.4
    endloop
  endfacet
  facet normal -1 0 0
    outer loop
      vertex 57.5 38.8 2.4
      vertex 57.5 40.4 7.4
      vertex 57.5 40.4 2.4
    endloop
  endfacet
  facet normal -1 -0 0
    outer loop
      vertex 57.5 40.4 7.4
      vertex 57.5 38.8 2.4
      vertex 57.5 38.8 7.4
    endloop
  endfacet
  facet normal 0 1 -0
    outer loop
      vertex 97.5 40.4 2.4
      vertex 57.5 40.4 7.4
      vertex 97.5 40.4 7.4
    endloop
  endfacet
  facet normal 0 1 0
    outer loop
      vertex 57.5 40.4 7.4
      vertex 97.5 40.4 2.4
      vertex 57.5 40.4 2.4
    endloop
  endfacet
  facet normal 0 -1 0
    outer loop
      vertex 57.5 38.8 2.4
      vertex 97.5 38.8 7.4
      vertex 57.5 38.8 7.4
    endloop
  endfacet
  facet normal 0 -1 -0
    outer loop
      vertex 97.5 38.8 7.4
      vertex 57.5 38.8 2.4
      vertex 97.5 38.8 2.4
    endloop
  endfacet
  facet normal 0.555319 0.831637 -0
    outer loop
      vertex 155.47 114.522 3.8147e-07
      vertex 154.85 114.936 23.4
      vertex 155.47 114.522 23.4
    endloop
  endfacet
  facet normal 0.555319 0.831637 0
    outer loop
      vertex 154.85 114.936 23.4
      vertex 155.47 114.522 3.8147e-07
      vertex 154.85 114.936 3.8147e-07
    endloop
  endfacet
  facet normal -1 0 0
    outer loop
      vertex -2.7 67.2 3.8147e-07
      vertex -2.7 110 23.4
      vertex -2.7 110 3.8147e-07
    endloop
  endfacet
  facet normal -1 -0 0
    outer loop
      vertex -2.7 110 23.4
      vertex -2.7 67.2 3.8147e-07
      vertex -2.7 67.2 23.4
    endloop
  endfacet
  facet normal 1 -0 0
    outer loop
      vertex 157.7 67.2 23.4
      vertex 157.7 110 3.8147e-07
      vertex 157.7 110 23.4
    endloop
  endfacet
  facet normal 1 0 0
    outer loop
      vertex 157.7 110 3.8147e-07
      vertex 157.7 67.2 23.4
      vertex 157.7 67.2 3.8147e-07
    endloop
  endfacet
  facet normal -0.0657178 0.997838 0
    outer loop
      vertex 3 115.7 3.8147e-07
      vertex 2.256 115.651 23.4
      vertex 3 115.7 23.4
    endloop
  endfacet
  facet normal -0.0657178 0.997838 0
    outer loop
      vertex 2.256 115.651 23.4
      vertex 3 115.7 3.8147e-07
      vertex 2.256 115.651 3.8147e-07
    endloop
  endfacet
  facet normal 0 1 -0
    outer loop
      vertex 152 115.7 3.8147e-07
      vertex 3 115.7 23.4
      vertex 152 115.7 23.4
    endloop
  endfacet
  facet normal 0 1 0
    outer loop
      vertex 3 115.7 23.4
      vertex 152 115.7 3.8147e-07
      vertex 3 115.7 3.8147e-07
    endloop
  endfacet
  facet normal -0.321844 0.946793 0
    outer loop
      vertex 1.52473 115.506 3.8147e-07
      vertex 0.818704 115.266 23.4
      vertex 1.52473 115.506 23.4
    endloop
  endfacet
  facet normal -0.321844 0.946793 0
    outer loop
      vertex 0.818704 115.266 23.4
      vertex 1.52473 115.506 3.8147e-07
      vertex 0.818704 115.266 3.8147e-07
    endloop
  endfacet
  facet normal -0.0654508 -0.997856 0
    outer loop
      vertex 2.256 61.5488 3.8147e-07
      vertex 3 61.5 23.4
      vertex 2.256 61.5488 23.4
    endloop
  endfacet
  facet normal -0.0654508 -0.997856 -0
    outer loop
      vertex 3 61.5 23.4
      vertex 2.256 61.5488 3.8147e-07
      vertex 3 61.5 3.8147e-07
    endloop
  endfacet
  facet normal -0.555357 0.831612 0
    outer loop
      vertex 0.149999 114.936 3.8147e-07
      vertex -0.46994 114.522 23.4
      vertex 0.149999 114.936 23.4
    endloop
  endfacet
  facet normal -0.555357 0.831612 0
    outer loop
      vertex -0.46994 114.522 23.4
      vertex 0.149999 114.936 3.8147e-07
      vertex -0.46994 114.522 3.8147e-07
    endloop
  endfacet
  facet normal -0.946924 -0.321458 0
    outer loop
      vertex -2.26611 65.0187 3.8147e-07
      vertex -2.50578 65.7247 23.4
      vertex -2.50578 65.7247 3.8147e-07
    endloop
  endfacet
  facet normal -0.946924 -0.321458 0
    outer loop
      vertex -2.50578 65.7247 23.4
      vertex -2.26611 65.0187 3.8147e-07
      vertex -2.26611 65.0187 23.4
    endloop
  endfacet
  facet normal 0.0657178 0.997838 -0
    outer loop
      vertex 152.744 115.651 3.8147e-07
      vertex 152 115.7 23.4
      vertex 152.744 115.651 23.4
    endloop
  endfacet
  facet normal 0.0657178 0.997838 0
    outer loop
      vertex 152 115.7 23.4
      vertex 152.744 115.651 3.8147e-07
      vertex 152 115.7 3.8147e-07
    endloop
  endfacet
  facet normal -0.658885 0.752243 0
    outer loop
      vertex -0.46994 114.522 3.8147e-07
      vertex -1.03051 114.031 23.4
      vertex -0.46994 114.522 23.4
    endloop
  endfacet
  facet normal -0.658885 0.752243 0
    outer loop
      vertex -1.03051 114.031 23.4
      vertex -0.46994 114.522 3.8147e-07
      vertex -1.03051 114.031 3.8147e-07
    endloop
  endfacet
  facet normal 0.896827 0.442381 0
    outer loop
      vertex 157.266 112.181 23.4
      vertex 156.936 112.85 3.8147e-07
      vertex 156.936 112.85 23.4
    endloop
  endfacet
  facet normal 0.896827 0.442381 0
    outer loop
      vertex 156.936 112.85 3.8147e-07
      vertex 157.266 112.181 23.4
      vertex 157.266 112.181 3.8147e-07
    endloop
  endfacet
  facet normal -0.194498 0.980903 0
    outer loop
      vertex 2.256 115.651 3.8147e-07
      vertex 1.52473 115.506 23.4
      vertex 2.256 115.651 23.4
    endloop
  endfacet
  facet normal -0.194498 0.980903 0
    outer loop
      vertex 1.52473 115.506 23.4
      vertex 2.256 115.651 3.8147e-07
      vertex 1.52473 115.506 3.8147e-07
    endloop
  endfacet
  facet normal 0 -1 0
    outer loop
      vertex 3 61.5 3.8147e-07
      vertex 152 61.5 23.4
      vertex 3 61.5 23.4
    endloop
  endfacet
  facet normal 0 -1 -0
    outer loop
      vertex 152 61.5 23.4
      vertex 3 61.5 3.8147e-07
      vertex 152 61.5 3.8147e-07
    endloop
  endfacet
  facet normal -0.321483 -0.946915 0
    outer loop
      vertex 0.818704 61.9339 3.8147e-07
      vertex 1.52473 61.6942 23.4
      vertex 0.818704 61.9339 23.4
    endloop
  endfacet
  facet normal -0.321483 -0.946915 -0
    outer loop
      vertex 1.52473 61.6942 23.4
      vertex 0.818704 61.9339 3.8147e-07
      vertex 1.52473 61.6942 3.8147e-07
    endloop
  endfacet
  facet normal -0.980771 0.195161 0
    outer loop
      vertex -2.65124 110.744 3.8147e-07
      vertex -2.50578 111.475 23.4
      vertex -2.50578 111.475 3.8147e-07
    endloop
  endfacet
  facet normal -0.980771 0.195161 0
    outer loop
      vertex -2.50578 111.475 23.4
      vertex -2.65124 110.744 3.8147e-07
      vertex -2.65124 110.744 23.4
    endloop
  endfacet
  facet normal -0.896876 -0.442282 0
    outer loop
      vertex -1.93635 64.35 3.8147e-07
      vertex -2.26611 65.0187 23.4
      vertex -2.26611 65.0187 3.8147e-07
    endloop
  endfacet
  facet normal -0.896876 -0.442282 0
    outer loop
      vertex -2.26611 65.0187 23.4
      vertex -1.93635 64.35 3.8147e-07
      vertex -1.93635 64.35 23.4
    endloop
  endfacet
  facet normal 0.752494 0.6586 0
    outer loop
      vertex 156.522 113.47 23.4
      vertex 156.031 114.031 3.8147e-07
      vertex 156.031 114.031 23.4
    endloop
  endfacet
  facet normal 0.752494 0.6586 0
    outer loop
      vertex 156.031 114.031 3.8147e-07
      vertex 156.522 113.47 23.4
      vertex 156.522 113.47 3.8147e-07
    endloop
  endfacet
  facet normal 0.0654508 -0.997856 0
    outer loop
      vertex 152 61.5 3.8147e-07
      vertex 152.744 61.5488 23.4
      vertex 152 61.5 23.4
    endloop
  endfacet
  facet normal 0.0654508 -0.997856 0
    outer loop
      vertex 152.744 61.5488 23.4
      vertex 152 61.5 3.8147e-07
      vertex 152.744 61.5488 3.8147e-07
    endloop
  endfacet
  facet normal -0.997859 -0.0653973 0
    outer loop
      vertex -2.65124 66.456 3.8147e-07
      vertex -2.7 67.2 23.4
      vertex -2.7 67.2 3.8147e-07
    endloop
  endfacet
  facet normal -0.997859 -0.0653973 0
    outer loop
      vertex -2.7 67.2 23.4
      vertex -2.65124 66.456 3.8147e-07
      vertex -2.65124 66.456 23.4
    endloop
  endfacet
  facet normal 0.321855 0.946789 -0
    outer loop
      vertex 154.181 115.266 3.8147e-07
      vertex 153.475 115.506 23.4
      vertex 154.181 115.266 23.4
    endloop
  endfacet
  facet normal 0.321855 0.946789 0
    outer loop
      vertex 153.475 115.506 23.4
      vertex 154.181 115.266 3.8147e-07
      vertex 153.475 115.506 3.8147e-07
    endloop
  endfacet
  facet normal 0.555505 -0.831513 0
    outer loop
      vertex 154.85 62.2637 3.8147e-07
      vertex 155.47 62.6779 23.4
      vertex 154.85 62.2637 23.4
    endloop
  endfacet
  facet normal 0.555505 -0.831513 0
    outer loop
      vertex 155.47 62.6779 23.4
      vertex 154.85 62.2637 3.8147e-07
      vertex 155.47 62.6779 3.8147e-07
    endloop
  endfacet
  facet normal -0.442538 0.89675 0
    outer loop
      vertex 0.818704 115.266 3.8147e-07
      vertex 0.149999 114.936 23.4
      vertex 0.818704 115.266 23.4
    endloop
  endfacet
  facet normal -0.442538 0.89675 0
    outer loop
      vertex 0.149999 114.936 23.4
      vertex 0.818704 115.266 3.8147e-07
      vertex 0.149999 114.936 3.8147e-07
    endloop
  endfacet
  facet normal 0.752261 -0.658866 0
    outer loop
      vertex 156.031 63.1695 23.4
      vertex 156.522 63.7301 3.8147e-07
      vertex 156.522 63.7301 23.4
    endloop
  endfacet
  facet normal 0.752261 -0.658866 0
    outer loop
      vertex 156.522 63.7301 3.8147e-07
      vertex 156.031 63.1695 23.4
      vertex 156.031 63.1695 3.8147e-07
    endloop
  endfacet
  facet normal -0.997859 0.0653973 0
    outer loop
      vertex -2.7 110 3.8147e-07
      vertex -2.65124 110.744 23.4
      vertex -2.65124 110.744 3.8147e-07
    endloop
  endfacet
  facet normal -0.997859 0.0653973 0
    outer loop
      vertex -2.65124 110.744 23.4
      vertex -2.7 110 3.8147e-07
      vertex -2.7 110 23.4
    endloop
  endfacet
  facet normal 0.442381 0.896827 -0
    outer loop
      vertex 154.85 114.936 3.8147e-07
      vertex 154.181 115.266 23.4
      vertex 154.85 114.936 23.4
    endloop
  endfacet
  facet normal 0.442381 0.896827 0
    outer loop
      vertex 154.181 115.266 23.4
      vertex 154.85 114.936 3.8147e-07
      vertex 154.181 115.266 3.8147e-07
    endloop
  endfacet
  facet normal -0.752095 0.659055 0
    outer loop
      vertex -1.52211 113.47 3.8147e-07
      vertex -1.03051 114.031 23.4
      vertex -1.03051 114.031 3.8147e-07
    endloop
  endfacet
  facet normal -0.752095 0.659055 0
    outer loop
      vertex -1.03051 114.031 23.4
      vertex -1.52211 113.47 3.8147e-07
      vertex -1.52211 113.47 23.4
    endloop
  endfacet
  facet normal -0.751862 -0.659321 0
    outer loop
      vertex -1.03051 63.1695 3.8147e-07
      vertex -1.52211 63.7301 23.4
      vertex -1.52211 63.7301 3.8147e-07
    endloop
  endfacet
  facet normal -0.751862 -0.659321 0
    outer loop
      vertex -1.52211 63.7301 23.4
      vertex -1.03051 63.1695 3.8147e-07
      vertex -1.03051 63.1695 23.4
    endloop
  endfacet
  facet normal 0.997838 0.0657178 0
    outer loop
      vertex 157.7 110 23.4
      vertex 157.651 110.744 3.8147e-07
      vertex 157.651 110.744 23.4
    endloop
  endfacet
  facet normal 0.997838 0.0657178 0
    outer loop
      vertex 157.651 110.744 3.8147e-07
      vertex 157.7 110 23.4
      vertex 157.7 110 3.8147e-07
    endloop
  endfacet
  facet normal 0.194568 0.980889 -0
    outer loop
      vertex 153.475 115.506 3.8147e-07
      vertex 152.744 115.651 23.4
      vertex 153.475 115.506 23.4
    endloop
  endfacet
  facet normal 0.194568 0.980889 0
    outer loop
      vertex 152.744 115.651 23.4
      vertex 153.475 115.506 3.8147e-07
      vertex 152.744 115.651 3.8147e-07
    endloop
  endfacet
  facet normal -0.195015 -0.9808 0
    outer loop
      vertex 1.52473 61.6942 3.8147e-07
      vertex 2.256 61.5488 23.4
      vertex 1.52473 61.6942 23.4
    endloop
  endfacet
  facet normal -0.195015 -0.9808 -0
    outer loop
      vertex 2.256 61.5488 23.4
      vertex 1.52473 61.6942 3.8147e-07
      vertex 2.256 61.5488 3.8147e-07
    endloop
  endfacet
  facet normal 0.6586 0.752494 -0
    outer loop
      vertex 156.031 114.031 3.8147e-07
      vertex 155.47 114.522 23.4
      vertex 156.031 114.031 23.4
    endloop
  endfacet
  facet normal 0.6586 0.752494 0
    outer loop
      vertex 155.47 114.522 23.4
      vertex 156.031 114.031 3.8147e-07
      vertex 155.47 114.522 3.8147e-07
    endloop
  endfacet
  facet normal -0.896955 0.442122 0
    outer loop
      vertex -2.26611 112.181 3.8147e-07
      vertex -1.93635 112.85 23.4
      vertex -1.93635 112.85 3.8147e-07
    endloop
  endfacet
  facet normal -0.896955 0.442122 0
    outer loop
      vertex -1.93635 112.85 23.4
      vertex -2.26611 112.181 3.8147e-07
      vertex -2.26611 112.181 23.4
    endloop
  endfacet
  facet normal 0.997838 -0.0657178 0
    outer loop
      vertex 157.651 66.456 23.4
      vertex 157.7 67.2 3.8147e-07
      vertex 157.7 67.2 23.4
    endloop
  endfacet
  facet normal 0.997838 -0.0657178 0
    outer loop
      vertex 157.7 67.2 3.8147e-07
      vertex 157.651 66.456 23.4
      vertex 157.651 66.456 3.8147e-07
    endloop
  endfacet
  facet normal 0.980904 -0.194491 0
    outer loop
      vertex 157.506 65.7247 23.4
      vertex 157.651 66.456 3.8147e-07
      vertex 157.651 66.456 23.4
    endloop
  endfacet
  facet normal 0.980904 -0.194491 0
    outer loop
      vertex 157.651 66.456 3.8147e-07
      vertex 157.506 65.7247 23.4
      vertex 157.506 65.7247 3.8147e-07
    endloop
  endfacet
  facet normal 0.831637 0.555319 0
    outer loop
      vertex 156.936 112.85 23.4
      vertex 156.522 113.47 3.8147e-07
      vertex 156.522 113.47 23.4
    endloop
  endfacet
  facet normal 0.831637 0.555319 0
    outer loop
      vertex 156.522 113.47 3.8147e-07
      vertex 156.936 112.85 23.4
      vertex 156.936 112.85 3.8147e-07
    endloop
  endfacet
  facet normal 0.831596 -0.555381 0
    outer loop
      vertex 156.522 63.7301 23.4
      vertex 156.936 64.35 3.8147e-07
      vertex 156.936 64.35 23.4
    endloop
  endfacet
  facet normal 0.831596 -0.555381 0
    outer loop
      vertex 156.936 64.35 3.8147e-07
      vertex 156.522 63.7301 23.4
      vertex 156.522 63.7301 3.8147e-07
    endloop
  endfacet
  facet normal 0.321494 -0.946912 0
    outer loop
      vertex 153.475 61.6942 3.8147e-07
      vertex 154.181 61.9339 23.4
      vertex 153.475 61.6942 23.4
    endloop
  endfacet
  facet normal 0.321494 -0.946912 0
    outer loop
      vertex 154.181 61.9339 23.4
      vertex 153.475 61.6942 3.8147e-07
      vertex 154.181 61.9339 3.8147e-07
    endloop
  endfacet
  facet normal 0 0 1
    outer loop
      vertex 155.3 110 23.4
      vertex 157.7 110 23.4
      vertex 157.651 110.744 23.4
    endloop
  endfacet
  facet normal 0 0 1
    outer loop
      vertex 157.7 110 23.4
      vertex 155.3 110 23.4
      vertex 157.7 67.2 23.4
    endloop
  endfacet
  facet normal 0 0 1
    outer loop
      vertex 155.272 110.431 23.4
      vertex 157.651 110.744 23.4
      vertex 157.506 111.475 23.4
    endloop
  endfacet
  facet normal 0 0 1
    outer loop
      vertex 155.3 67.2 23.4
      vertex 157.7 67.2 23.4
      vertex 155.3 110 23.4
    endloop
  endfacet
  facet normal 0 0 1
    outer loop
      vertex 155.188 110.854 23.4
      vertex 157.506 111.475 23.4
      vertex 157.266 112.181 23.4
    endloop
  endfacet
  facet normal 0 0 1
    outer loop
      vertex 157.7 67.2 23.4
      vertex 155.3 67.2 23.4
      vertex 157.651 66.456 23.4
    endloop
  endfacet
  facet normal 0 0 1
    outer loop
      vertex 155.049 111.263 23.4
      vertex 157.266 112.181 23.4
      vertex 156.936 112.85 23.4
    endloop
  endfacet
  facet normal -0 0 1
    outer loop
      vertex 155.272 66.7693 23.4
      vertex 157.651 66.456 23.4
      vertex 155.3 67.2 23.4
    endloop
  endfacet
  facet normal 0 0 1
    outer loop
      vertex 154.858 111.65 23.4
      vertex 156.936 112.85 23.4
      vertex 156.522 113.47 23.4
    endloop
  endfacet
  facet normal 0 0 1
    outer loop
      vertex 157.651 66.456 23.4
      vertex 155.272 66.7693 23.4
      vertex 157.506 65.7247 23.4
    endloop
  endfacet
  facet normal 0 0 1
    outer loop
      vertex 154.618 112.009 23.4
      vertex 156.522 113.47 23.4
      vertex 156.031 114.031 23.4
    endloop
  endfacet
  facet normal -0 0 1
    outer loop
      vertex 155.188 66.3459 23.4
      vertex 157.506 65.7247 23.4
      vertex 155.272 66.7693 23.4
    endloop
  endfacet
  facet normal 0 0 1
    outer loop
      vertex 154.333 112.333 23.4
      vertex 156.031 114.031 23.4
      vertex 155.47 114.522 23.4
    endloop
  endfacet
  facet normal 0 0 1
    outer loop
      vertex 157.506 65.7247 23.4
      vertex 155.188 66.3459 23.4
      vertex 157.266 65.0187 23.4
    endloop
  endfacet
  facet normal -0 0 1
    outer loop
      vertex 155.049 65.9371 23.4
      vertex 157.266 65.0187 23.4
      vertex 155.188 66.3459 23.4
    endloop
  endfacet
  facet normal 0 0 1
    outer loop
      vertex 157.651 110.744 23.4
      vertex 155.272 110.431 23.4
      vertex 155.3 110 23.4
    endloop
  endfacet
  facet normal 0 0 1
    outer loop
      vertex 157.506 111.475 23.4
      vertex 155.188 110.854 23.4
      vertex 155.272 110.431 23.4
    endloop
  endfacet
  facet normal 0 0 1
    outer loop
      vertex 157.266 112.181 23.4
      vertex 155.049 111.263 23.4
      vertex 155.188 110.854 23.4
    endloop
  endfacet
  facet normal 0 0 1
    outer loop
      vertex 156.936 112.85 23.4
      vertex 154.858 111.65 23.4
      vertex 155.049 111.263 23.4
    endloop
  endfacet
  facet normal 0 0 1
    outer loop
      vertex 154.009 112.618 23.4
      vertex 155.47 114.522 23.4
      vertex 154.85 114.936 23.4
    endloop
  endfacet
  facet normal 0 0 1
    outer loop
      vertex 156.522 113.47 23.4
      vertex 154.618 112.009 23.4
      vertex 154.858 111.65 23.4
    endloop
  endfacet
  facet normal 0 0 1
    outer loop
      vertex 156.031 114.031 23.4
      vertex 154.333 112.333 23.4
      vertex 154.618 112.009 23.4
    endloop
  endfacet
  facet normal 0 0 1
    outer loop
      vertex 153.65 112.858 23.4
      vertex 154.85 114.936 23.4
      vertex 154.181 115.266 23.4
    endloop
  endfacet
  facet normal 0 0 1
    outer loop
      vertex 155.47 114.522 23.4
      vertex 154.009 112.618 23.4
      vertex 154.333 112.333 23.4
    endloop
  endfacet
  facet normal 0 0 1
    outer loop
      vertex 154.85 114.936 23.4
      vertex 153.65 112.858 23.4
      vertex 154.009 112.618 23.4
    endloop
  endfacet
  facet normal 0 0 1
    outer loop
      vertex 153.263 113.049 23.4
      vertex 154.181 115.266 23.4
      vertex 153.475 115.506 23.4
    endloop
  endfacet
  facet normal 0 0 1
    outer loop
      vertex 154.181 115.266 23.4
      vertex 153.263 113.049 23.4
      vertex 153.65 112.858 23.4
    endloop
  endfacet
  facet normal 0 0 1
    outer loop
      vertex 153.475 115.506 23.4
      vertex 152.854 113.188 23.4
      vertex 153.263 113.049 23.4
    endloop
  endfacet
  facet normal 0 0 1
    outer loop
      vertex 152.744 115.651 23.4
      vertex 152.854 113.188 23.4
      vertex 153.475 115.506 23.4
    endloop
  endfacet
  facet normal 0 0 1
    outer loop
      vertex 152.744 115.651 23.4
      vertex 152.431 113.272 23.4
      vertex 152.854 113.188 23.4
    endloop
  endfacet
  facet normal 0 0 1
    outer loop
      vertex 152 115.7 23.4
      vertex 152.431 113.272 23.4
      vertex 152.744 115.651 23.4
    endloop
  endfacet
  facet normal 0 0 1
    outer loop
      vertex 152 115.7 23.4
      vertex 152 113.3 23.4
      vertex 152.431 113.272 23.4
    endloop
  endfacet
  facet normal -0 0 1
    outer loop
      vertex 3 115.7 23.4
      vertex 152 113.3 23.4
      vertex 152 115.7 23.4
    endloop
  endfacet
  facet normal 0 0 1
    outer loop
      vertex 3 115.7 23.4
      vertex 3 113.3 23.4
      vertex 152 113.3 23.4
    endloop
  endfacet
  facet normal 0 0 1
    outer loop
      vertex 3 115.7 23.4
      vertex 2.56926 113.272 23.4
      vertex 3 113.3 23.4
    endloop
  endfacet
  facet normal -0 0 1
    outer loop
      vertex 2.256 115.651 23.4
      vertex 2.56926 113.272 23.4
      vertex 3 115.7 23.4
    endloop
  endfacet
  facet normal 0 0 1
    outer loop
      vertex 2.256 115.651 23.4
      vertex 2.1459 113.188 23.4
      vertex 2.56926 113.272 23.4
    endloop
  endfacet
  facet normal -0 0 1
    outer loop
      vertex 1.52473 115.506 23.4
      vertex 2.1459 113.188 23.4
      vertex 2.256 115.651 23.4
    endloop
  endfacet
  facet normal 0 0 1
    outer loop
      vertex 2.1459 113.188 23.4
      vertex 1.52473 115.506 23.4
      vertex 1.73714 113.049 23.4
    endloop
  endfacet
  facet normal -0 0 1
    outer loop
      vertex 0.818704 115.266 23.4
      vertex 1.73714 113.049 23.4
      vertex 1.52473 115.506 23.4
    endloop
  endfacet
  facet normal 0 0 1
    outer loop
      vertex 1.73714 113.049 23.4
      vertex 0.818704 115.266 23.4
      vertex 1.35 112.858 23.4
    endloop
  endfacet
  facet normal -0 0 1
    outer loop
      vertex 0.149999 114.936 23.4
      vertex 1.35 112.858 23.4
      vertex 0.818704 115.266 23.4
    endloop
  endfacet
  facet normal 0 0 1
    outer loop
      vertex 1.35 112.858 23.4
      vertex 0.149999 114.936 23.4
      vertex 0.991087 112.618 23.4
    endloop
  endfacet
  facet normal -0 0 1
    outer loop
      vertex -0.46994 114.522 23.4
      vertex 0.991087 112.618 23.4
      vertex 0.149999 114.936 23.4
    endloop
  endfacet
  facet normal 0 0 1
    outer loop
      vertex 0.991087 112.618 23.4
      vertex -0.46994 114.522 23.4
      vertex 0.666547 112.333 23.4
    endloop
  endfacet
  facet normal -0 0 1
    outer loop
      vertex -1.03051 114.031 23.4
      vertex 0.666547 112.333 23.4
      vertex -0.46994 114.522 23.4
    endloop
  endfacet
  facet normal 0 0 1
    outer loop
      vertex 0.666547 112.333 23.4
      vertex -1.03051 114.031 23.4
      vertex 0.381933 112.009 23.4
    endloop
  endfacet
  facet normal -0 0 1
    outer loop
      vertex -1.52211 113.47 23.4
      vertex 0.381933 112.009 23.4
      vertex -1.03051 114.031 23.4
    endloop
  endfacet
  facet normal 0 0 1
    outer loop
      vertex 0.381933 112.009 23.4
      vertex -1.52211 113.47 23.4
      vertex 0.142115 111.65 23.4
    endloop
  endfacet
  facet normal -0 0 1
    outer loop
      vertex -2.26611 112.181 23.4
      vertex -0.0488035 111.263 23.4
      vertex -1.93635 112.85 23.4
    endloop
  endfacet
  facet normal 0 0 1
    outer loop
      vertex 0.142115 111.65 23.4
      vertex -1.93635 112.85 23.4
      vertex -0.0488035 111.263 23.4
    endloop
  endfacet
  facet normal -0 0 1
    outer loop
      vertex -1.93635 112.85 23.4
      vertex 0.142115 111.65 23.4
      vertex -1.52211 113.47 23.4
    endloop
  endfacet
  facet normal 0 0 1
    outer loop
      vertex 157.266 65.0187 23.4
      vertex 155.049 65.9371 23.4
      vertex 156.936 64.35 23.4
    endloop
  endfacet
  facet normal -0 0 1
    outer loop
      vertex 154.858 65.55 23.4
      vertex 156.936 64.35 23.4
      vertex 155.049 65.9371 23.4
    endloop
  endfacet
  facet normal 0 0 1
    outer loop
      vertex 156.936 64.35 23.4
      vertex 154.858 65.55 23.4
      vertex 156.522 63.7301 23.4
    endloop
  endfacet
  facet normal -0 0 1
    outer loop
      vertex 154.618 65.1911 23.4
      vertex 156.522 63.7301 23.4
      vertex 154.858 65.55 23.4
    endloop
  endfacet
  facet normal 0 0 1
    outer loop
      vertex 156.522 63.7301 23.4
      vertex 154.618 65.1911 23.4
      vertex 156.031 63.1695 23.4
    endloop
  endfacet
  facet normal -0 0 1
    outer loop
      vertex 154.333 64.8665 23.4
      vertex 156.031 63.1695 23.4
      vertex 154.618 65.1911 23.4
    endloop
  endfacet
  facet normal 0 0 1
    outer loop
      vertex 156.031 63.1695 23.4
      vertex 154.333 64.8665 23.4
      vertex 155.47 62.6779 23.4
    endloop
  endfacet
  facet normal -0 0 1
    outer loop
      vertex 154.009 64.5819 23.4
      vertex 155.47 62.6779 23.4
      vertex 154.333 64.8665 23.4
    endloop
  endfacet
  facet normal 0 0 1
    outer loop
      vertex 155.47 62.6779 23.4
      vertex 154.009 64.5819 23.4
      vertex 154.85 62.2637 23.4
    endloop
  endfacet
  facet normal -0 0 1
    outer loop
      vertex 153.65 64.3421 23.4
      vertex 154.85 62.2637 23.4
      vertex 154.009 64.5819 23.4
    endloop
  endfacet
  facet normal 0 0 1
    outer loop
      vertex 154.85 62.2637 23.4
      vertex 153.65 64.3421 23.4
      vertex 154.181 61.9339 23.4
    endloop
  endfacet
  facet normal -0 0 1
    outer loop
      vertex 153.263 64.1512 23.4
      vertex 154.181 61.9339 23.4
      vertex 153.65 64.3421 23.4
    endloop
  endfacet
  facet normal 0 0 1
    outer loop
      vertex 154.181 61.9339 23.4
      vertex 153.263 64.1512 23.4
      vertex 153.475 61.6942 23.4
    endloop
  endfacet
  facet normal -0 0 1
    outer loop
      vertex 152.854 64.0124 23.4
      vertex 153.475 61.6942 23.4
      vertex 153.263 64.1512 23.4
    endloop
  endfacet
  facet normal 0 0 1
    outer loop
      vertex 152.854 64.0124 23.4
      vertex 152.744 61.5488 23.4
      vertex 153.475 61.6942 23.4
    endloop
  endfacet
  facet normal -0 0 1
    outer loop
      vertex 152.431 63.9282 23.4
      vertex 152.744 61.5488 23.4
      vertex 152.854 64.0124 23.4
    endloop
  endfacet
  facet normal -0 0 1
    outer loop
      vertex 152 63.9 23.4
      vertex 152.744 61.5488 23.4
      vertex 152.431 63.9282 23.4
    endloop
  endfacet
  facet normal 0 0 1
    outer loop
      vertex 152 63.9 23.4
      vertex 152 61.5 23.4
      vertex 152.744 61.5488 23.4
    endloop
  endfacet
  facet normal 0 0 1
    outer loop
      vertex 152 63.9 23.4
      vertex 3 61.5 23.4
      vertex 152 61.5 23.4
    endloop
  endfacet
  facet normal -0 0 1
    outer loop
      vertex 3 63.9 23.4
      vertex 3 61.5 23.4
      vertex 152 63.9 23.4
    endloop
  endfacet
  facet normal 0 0 1
    outer loop
      vertex 2.56926 63.9282 23.4
      vertex 3 61.5 23.4
      vertex 3 63.9 23.4
    endloop
  endfacet
  facet normal 0 0 1
    outer loop
      vertex 2.56926 63.9282 23.4
      vertex 2.256 61.5488 23.4
      vertex 3 61.5 23.4
    endloop
  endfacet
  facet normal 0 0 1
    outer loop
      vertex 2.1459 64.0124 23.4
      vertex 2.256 61.5488 23.4
      vertex 2.56926 63.9282 23.4
    endloop
  endfacet
  facet normal 0 0 1
    outer loop
      vertex 1.52473 61.6942 23.4
      vertex 2.1459 64.0124 23.4
      vertex 1.73714 64.1512 23.4
    endloop
  endfacet
  facet normal 0 0 1
    outer loop
      vertex 2.1459 64.0124 23.4
      vertex 1.52473 61.6942 23.4
      vertex 2.256 61.5488 23.4
    endloop
  endfacet
  facet normal 0 0 1
    outer loop
      vertex 0.818704 61.9339 23.4
      vertex 1.73714 64.1512 23.4
      vertex 1.35 64.3421 23.4
    endloop
  endfacet
  facet normal 0 0 1
    outer loop
      vertex 0.149999 62.2637 23.4
      vertex 1.35 64.3421 23.4
      vertex 0.991087 64.5819 23.4
    endloop
  endfacet
  facet normal 0 0 1
    outer loop
      vertex 1.73714 64.1512 23.4
      vertex 0.818704 61.9339 23.4
      vertex 1.52473 61.6942 23.4
    endloop
  endfacet
  facet normal 0 0 1
    outer loop
      vertex -0.46994 62.6779 23.4
      vertex 0.991087 64.5819 23.4
      vertex 0.666547 64.8665 23.4
    endloop
  endfacet
  facet normal 0 0 1
    outer loop
      vertex -1.03051 63.1695 23.4
      vertex 0.666547 64.8665 23.4
      vertex 0.381933 65.1911 23.4
    endloop
  endfacet
  facet normal 0 0 1
    outer loop
      vertex 1.35 64.3421 23.4
      vertex 0.149999 62.2637 23.4
      vertex 0.818704 61.9339 23.4
    endloop
  endfacet
  facet normal 0 0 1
    outer loop
      vertex -1.52211 63.7301 23.4
      vertex 0.381933 65.1911 23.4
      vertex 0.142115 65.55 23.4
    endloop
  endfacet
  facet normal 0 0 1
    outer loop
      vertex -1.93635 64.35 23.4
      vertex 0.142115 65.55 23.4
      vertex -0.0488035 65.9371 23.4
    endloop
  endfacet
  facet normal 0 0 1
    outer loop
      vertex -2.26611 65.0187 23.4
      vertex -0.0488035 65.9371 23.4
      vertex -0.187556 66.3459 23.4
    endloop
  endfacet
  facet normal 0 0 1
    outer loop
      vertex -2.50578 65.7247 23.4
      vertex -0.187556 66.3459 23.4
      vertex -0.271769 66.7693 23.4
    endloop
  endfacet
  facet normal 0 0 1
    outer loop
      vertex 0.991087 64.5819 23.4
      vertex -0.46994 62.6779 23.4
      vertex 0.149999 62.2637 23.4
    endloop
  endfacet
  facet normal 0 0 1
    outer loop
      vertex -2.65124 66.456 23.4
      vertex -0.271769 66.7693 23.4
      vertex -0.3 67.2 23.4
    endloop
  endfacet
  facet normal 0 0 1
    outer loop
      vertex -0.3 110 23.4
      vertex -2.7 110 23.4
      vertex -0.3 67.2 23.4
    endloop
  endfacet
  facet normal 0 0 1
    outer loop
      vertex -0.0488035 111.263 23.4
      vertex -2.26611 112.181 23.4
      vertex -0.187556 110.854 23.4
    endloop
  endfacet
  facet normal 0 0 1
    outer loop
      vertex -2.7 67.2 23.4
      vertex -0.3 67.2 23.4
      vertex -2.7 110 23.4
    endloop
  endfacet
  facet normal -0 0 1
    outer loop
      vertex -2.50578 111.475 23.4
      vertex -0.187556 110.854 23.4
      vertex -2.26611 112.181 23.4
    endloop
  endfacet
  facet normal 0 -0 1
    outer loop
      vertex -2.65124 66.456 23.4
      vertex -0.3 67.2 23.4
      vertex -2.7 67.2 23.4
    endloop
  endfacet
  facet normal 0 0 1
    outer loop
      vertex -0.187556 110.854 23.4
      vertex -2.50578 111.475 23.4
      vertex -0.271769 110.431 23.4
    endloop
  endfacet
  facet normal 0 0 1
    outer loop
      vertex 0.666547 64.8665 23.4
      vertex -1.03051 63.1695 23.4
      vertex -0.46994 62.6779 23.4
    endloop
  endfacet
  facet normal -0 0 1
    outer loop
      vertex -2.65124 110.744 23.4
      vertex -0.271769 110.431 23.4
      vertex -2.50578 111.475 23.4
    endloop
  endfacet
  facet normal 0 0 1
    outer loop
      vertex 0.381933 65.1911 23.4
      vertex -1.52211 63.7301 23.4
      vertex -1.03051 63.1695 23.4
    endloop
  endfacet
  facet normal 0 0 1
    outer loop
      vertex -0.271769 110.431 23.4
      vertex -2.65124 110.744 23.4
      vertex -0.3 110 23.4
    endloop
  endfacet
  facet normal 0 0 1
    outer loop
      vertex 0.142115 65.55 23.4
      vertex -1.93635 64.35 23.4
      vertex -1.52211 63.7301 23.4
    endloop
  endfacet
  facet normal 0 0 1
    outer loop
      vertex -0.3 110 23.4
      vertex -2.65124 110.744 23.4
      vertex -2.7 110 23.4
    endloop
  endfacet
  facet normal 0 0 1
    outer loop
      vertex -0.0488035 65.9371 23.4
      vertex -2.26611 65.0187 23.4
      vertex -1.93635 64.35 23.4
    endloop
  endfacet
  facet normal 0 0 1
    outer loop
      vertex -0.187556 66.3459 23.4
      vertex -2.50578 65.7247 23.4
      vertex -2.26611 65.0187 23.4
    endloop
  endfacet
  facet normal 0 0 1
    outer loop
      vertex -0.271769 66.7693 23.4
      vertex -2.65124 66.456 23.4
      vertex -2.50578 65.7247 23.4
    endloop
  endfacet
  facet normal -0.980786 -0.195084 0
    outer loop
      vertex -2.50578 65.7247 3.8147e-07
      vertex -2.65124 66.456 23.4
      vertex -2.65124 66.456 3.8147e-07
    endloop
  endfacet
  facet normal -0.980786 -0.195084 0
    outer loop
      vertex -2.65124 66.456 23.4
      vertex -2.50578 65.7247 3.8147e-07
      vertex -2.50578 65.7247 23.4
    endloop
  endfacet
  facet normal 0.659055 -0.752095 0
    outer loop
      vertex 155.47 62.6779 3.8147e-07
      vertex 156.031 63.1695 23.4
      vertex 155.47 62.6779 23.4
    endloop
  endfacet
  facet normal 0.659055 -0.752095 0
    outer loop
      vertex 156.031 63.1695 23.4
      vertex 155.47 62.6779 3.8147e-07
      vertex 156.031 63.1695 3.8147e-07
    endloop
  endfacet
  facet normal 0.442165 -0.896934 0
    outer loop
      vertex 154.181 61.9339 3.8147e-07
      vertex 154.85 62.2637 23.4
      vertex 154.181 61.9339 23.4
    endloop
  endfacet
  facet normal 0.442165 -0.896934 0
    outer loop
      vertex 154.85 62.2637 23.4
      vertex 154.181 61.9339 3.8147e-07
      vertex 154.85 62.2637 3.8147e-07
    endloop
  endfacet
  facet normal 0.896748 -0.442541 0
    outer loop
      vertex 156.936 64.35 23.4
      vertex 157.266 65.0187 3.8147e-07
      vertex 157.266 65.0187 23.4
    endloop
  endfacet
  facet normal 0.896748 -0.442541 0
    outer loop
      vertex 157.266 65.0187 3.8147e-07
      vertex 156.936 64.35 23.4
      vertex 156.936 64.35 3.8147e-07
    endloop
  endfacet
  facet normal -0.831489 0.555542 0
    outer loop
      vertex -1.93635 112.85 3.8147e-07
      vertex -1.52211 113.47 23.4
      vertex -1.52211 113.47 3.8147e-07
    endloop
  endfacet
  facet normal -0.831489 0.555542 0
    outer loop
      vertex -1.52211 113.47 23.4
      vertex -1.93635 112.85 3.8147e-07
      vertex -1.93635 112.85 23.4
    endloop
  endfacet
  facet normal 0.946789 -0.321855 0
    outer loop
      vertex 157.266 65.0187 23.4
      vertex 157.506 65.7247 3.8147e-07
      vertex 157.506 65.7247 23.4
    endloop
  endfacet
  facet normal 0.946789 -0.321855 0
    outer loop
      vertex 157.506 65.7247 3.8147e-07
      vertex 157.266 65.0187 23.4
      vertex 157.266 65.0187 3.8147e-07
    endloop
  endfacet
  facet normal -0.946924 0.321458 0
    outer loop
      vertex -2.50578 111.475 3.8147e-07
      vertex -2.26611 112.181 23.4
      vertex -2.26611 112.181 3.8147e-07
    endloop
  endfacet
  facet normal -0.946924 0.321458 0
    outer loop
      vertex -2.26611 112.181 23.4
      vertex -2.50578 111.475 3.8147e-07
      vertex -2.50578 111.475 23.4
    endloop
  endfacet
  facet normal 0.195084 -0.980787 0
    outer loop
      vertex 152.744 61.5488 3.8147e-07
      vertex 153.475 61.6942 23.4
      vertex 152.744 61.5488 23.4
    endloop
  endfacet
  facet normal 0.195084 -0.980787 0
    outer loop
      vertex 153.475 61.6942 23.4
      vertex 152.744 61.5488 3.8147e-07
      vertex 153.475 61.6942 3.8147e-07
    endloop
  endfacet
  facet normal 0.980889 0.194568 0
    outer loop
      vertex 157.651 110.744 23.4
      vertex 157.506 111.475 3.8147e-07
      vertex 157.506 111.475 23.4
    endloop
  endfacet
  facet normal 0.980889 0.194568 0
    outer loop
      vertex 157.506 111.475 3.8147e-07
      vertex 157.651 110.744 23.4
      vertex 157.651 110.744 3.8147e-07
    endloop
  endfacet
  facet normal -0.831447 -0.555604 0
    outer loop
      vertex -1.52211 63.7301 3.8147e-07
      vertex -1.93635 64.35 23.4
      vertex -1.93635 64.35 3.8147e-07
    endloop
  endfacet
  facet normal -0.831447 -0.555604 0
    outer loop
      vertex -1.93635 64.35 23.4
      vertex -1.52211 63.7301 3.8147e-07
      vertex -1.52211 63.7301 23.4
    endloop
  endfacet
  facet normal 0 0 -1
    outer loop
      vertex 152 61.5 3.8147e-07
      vertex 157.7 67.2 3.8147e-07
      vertex 157.651 66.456 3.8147e-07
    endloop
  endfacet
  facet normal -0 0 -1
    outer loop
      vertex 157.7 67.2 3.8147e-07
      vertex 152 61.5 3.8147e-07
      vertex 157.7 110 3.8147e-07
    endloop
  endfacet
  facet normal 0 0 -1
    outer loop
      vertex 152 61.5 3.8147e-07
      vertex 157.651 66.456 3.8147e-07
      vertex 157.506 65.7247 3.8147e-07
    endloop
  endfacet
  facet normal 0 0 -1
    outer loop
      vertex 152 115.7 3.8147e-07
      vertex 157.7 110 3.8147e-07
      vertex 152 61.5 3.8147e-07
    endloop
  endfacet
  facet normal 0 0 -1
    outer loop
      vertex 152 61.5 3.8147e-07
      vertex 157.506 65.7247 3.8147e-07
      vertex 157.266 65.0187 3.8147e-07
    endloop
  endfacet
  facet normal 0 0 -1
    outer loop
      vertex 157.7 110 3.8147e-07
      vertex 152 115.7 3.8147e-07
      vertex 157.651 110.744 3.8147e-07
    endloop
  endfacet
  facet normal 0 0 -1
    outer loop
      vertex 152 61.5 3.8147e-07
      vertex 157.266 65.0187 3.8147e-07
      vertex 156.936 64.35 3.8147e-07
    endloop
  endfacet
  facet normal 0 0 -1
    outer loop
      vertex 157.651 110.744 3.8147e-07
      vertex 152 115.7 3.8147e-07
      vertex 157.506 111.475 3.8147e-07
    endloop
  endfacet
  facet normal 0 0 -1
    outer loop
      vertex 152 61.5 3.8147e-07
      vertex 156.936 64.35 3.8147e-07
      vertex 156.522 63.7301 3.8147e-07
    endloop
  endfacet
  facet normal 0 0 -1
    outer loop
      vertex 157.506 111.475 3.8147e-07
      vertex 152 115.7 3.8147e-07
      vertex 157.266 112.181 3.8147e-07
    endloop
  endfacet
  facet normal 0 0 -1
    outer loop
      vertex 152 61.5 3.8147e-07
      vertex 156.522 63.7301 3.8147e-07
      vertex 156.031 63.1695 3.8147e-07
    endloop
  endfacet
  facet normal 0 0 -1
    outer loop
      vertex 157.266 112.181 3.8147e-07
      vertex 152 115.7 3.8147e-07
      vertex 156.936 112.85 3.8147e-07
    endloop
  endfacet
  facet normal 0 0 -1
    outer loop
      vertex 152 61.5 3.8147e-07
      vertex 156.031 63.1695 3.8147e-07
      vertex 155.47 62.6779 3.8147e-07
    endloop
  endfacet
  facet normal 0 0 -1
    outer loop
      vertex 156.936 112.85 3.8147e-07
      vertex 152 115.7 3.8147e-07
      vertex 156.522 113.47 3.8147e-07
    endloop
  endfacet
  facet normal 0 0 -1
    outer loop
      vertex 152 61.5 3.8147e-07
      vertex 155.47 62.6779 3.8147e-07
      vertex 154.85 62.2637 3.8147e-07
    endloop
  endfacet
  facet normal 0 0 -1
    outer loop
      vertex 156.522 113.47 3.8147e-07
      vertex 152 115.7 3.8147e-07
      vertex 156.031 114.031 3.8147e-07
    endloop
  endfacet
  facet normal 0 0 -1
    outer loop
      vertex 152 61.5 3.8147e-07
      vertex 154.85 62.2637 3.8147e-07
      vertex 154.181 61.9339 3.8147e-07
    endloop
  endfacet
  facet normal 0 0 -1
    outer loop
      vertex 156.031 114.031 3.8147e-07
      vertex 152 115.7 3.8147e-07
      vertex 155.47 114.522 3.8147e-07
    endloop
  endfacet
  facet normal 0 0 -1
    outer loop
      vertex 152 61.5 3.8147e-07
      vertex 154.181 61.9339 3.8147e-07
      vertex 153.475 61.6942 3.8147e-07
    endloop
  endfacet
  facet normal 0 0 -1
    outer loop
      vertex 155.47 114.522 3.8147e-07
      vertex 152 115.7 3.8147e-07
      vertex 154.85 114.936 3.8147e-07
    endloop
  endfacet
  facet normal 0 0 -1
    outer loop
      vertex 152 61.5 3.8147e-07
      vertex 153.475 61.6942 3.8147e-07
      vertex 152.744 61.5488 3.8147e-07
    endloop
  endfacet
  facet normal 0 0 -1
    outer loop
      vertex 154.85 114.936 3.8147e-07
      vertex 152 115.7 3.8147e-07
      vertex 154.181 115.266 3.8147e-07
    endloop
  endfacet
  facet normal 0 0 -1
    outer loop
      vertex 154.181 115.266 3.8147e-07
      vertex 152 115.7 3.8147e-07
      vertex 153.475 115.506 3.8147e-07
    endloop
  endfacet
  facet normal 0 0 -1
    outer loop
      vertex 153.475 115.506 3.8147e-07
      vertex 152 115.7 3.8147e-07
      vertex 152.744 115.651 3.8147e-07
    endloop
  endfacet
  facet normal 0 0 -1
    outer loop
      vertex 3 61.5 3.8147e-07
      vertex 152 115.7 3.8147e-07
      vertex 152 61.5 3.8147e-07
    endloop
  endfacet
  facet normal 0 0 -1
    outer loop
      vertex 3 61.5 3.8147e-07
      vertex 3 115.7 3.8147e-07
      vertex 152 115.7 3.8147e-07
    endloop
  endfacet
  facet normal 0 0 -1
    outer loop
      vertex -2.7 67.2 3.8147e-07
      vertex 3 61.5 3.8147e-07
      vertex 2.256 61.5488 3.8147e-07
    endloop
  endfacet
  facet normal 0 0 -1
    outer loop
      vertex 3 61.5 3.8147e-07
      vertex -2.7 67.2 3.8147e-07
      vertex 3 115.7 3.8147e-07
    endloop
  endfacet
  facet normal 0 0 -1
    outer loop
      vertex -2.7 67.2 3.8147e-07
      vertex 2.256 61.5488 3.8147e-07
      vertex 1.52473 61.6942 3.8147e-07
    endloop
  endfacet
  facet normal 0 0 -1
    outer loop
      vertex -2.7 110 3.8147e-07
      vertex 3 115.7 3.8147e-07
      vertex -2.7 67.2 3.8147e-07
    endloop
  endfacet
  facet normal 0 0 -1
    outer loop
      vertex -2.7 67.2 3.8147e-07
      vertex 1.52473 61.6942 3.8147e-07
      vertex 0.818704 61.9339 3.8147e-07
    endloop
  endfacet
  facet normal 0 0 -1
    outer loop
      vertex 3 115.7 3.8147e-07
      vertex -2.7 110 3.8147e-07
      vertex 2.256 115.651 3.8147e-07
    endloop
  endfacet
  facet normal 0 0 -1
    outer loop
      vertex -2.7 67.2 3.8147e-07
      vertex 0.818704 61.9339 3.8147e-07
      vertex 0.149999 62.2637 3.8147e-07
    endloop
  endfacet
  facet normal 0 0 -1
    outer loop
      vertex 2.256 115.651 3.8147e-07
      vertex -2.7 110 3.8147e-07
      vertex 1.52473 115.506 3.8147e-07
    endloop
  endfacet
  facet normal 0 0 -1
    outer loop
      vertex -2.7 67.2 3.8147e-07
      vertex 0.149999 62.2637 3.8147e-07
      vertex -0.46994 62.6779 3.8147e-07
    endloop
  endfacet
  facet normal 0 0 -1
    outer loop
      vertex 1.52473 115.506 3.8147e-07
      vertex -2.7 110 3.8147e-07
      vertex 0.818704 115.266 3.8147e-07
    endloop
  endfacet
  facet normal 0 0 -1
    outer loop
      vertex -2.7 67.2 3.8147e-07
      vertex -0.46994 62.6779 3.8147e-07
      vertex -1.03051 63.1695 3.8147e-07
    endloop
  endfacet
  facet normal 0 0 -1
    outer loop
      vertex 0.818704 115.266 3.8147e-07
      vertex -2.7 110 3.8147e-07
      vertex 0.149999 114.936 3.8147e-07
    endloop
  endfacet
  facet normal 0 0 -1
    outer loop
      vertex -2.7 67.2 3.8147e-07
      vertex -1.03051 63.1695 3.8147e-07
      vertex -1.52211 63.7301 3.8147e-07
    endloop
  endfacet
  facet normal 0 0 -1
    outer loop
      vertex 0.149999 114.936 3.8147e-07
      vertex -2.7 110 3.8147e-07
      vertex -0.46994 114.522 3.8147e-07
    endloop
  endfacet
  facet normal 0 0 -1
    outer loop
      vertex -2.7 67.2 3.8147e-07
      vertex -1.52211 63.7301 3.8147e-07
      vertex -1.93635 64.35 3.8147e-07
    endloop
  endfacet
  facet normal 0 0 -1
    outer loop
      vertex -0.46994 114.522 3.8147e-07
      vertex -2.7 110 3.8147e-07
      vertex -1.03051 114.031 3.8147e-07
    endloop
  endfacet
  facet normal 0 0 -1
    outer loop
      vertex -2.7 67.2 3.8147e-07
      vertex -1.93635 64.35 3.8147e-07
      vertex -2.26611 65.0187 3.8147e-07
    endloop
  endfacet
  facet normal 0 0 -1
    outer loop
      vertex -1.03051 114.031 3.8147e-07
      vertex -2.7 110 3.8147e-07
      vertex -1.52211 113.47 3.8147e-07
    endloop
  endfacet
  facet normal 0 0 -1
    outer loop
      vertex -2.7 67.2 3.8147e-07
      vertex -2.26611 65.0187 3.8147e-07
      vertex -2.50578 65.7247 3.8147e-07
    endloop
  endfacet
  facet normal 0 0 -1
    outer loop
      vertex -1.52211 113.47 3.8147e-07
      vertex -2.7 110 3.8147e-07
      vertex -1.93635 112.85 3.8147e-07
    endloop
  endfacet
  facet normal 0 0 -1
    outer loop
      vertex -2.7 67.2 3.8147e-07
      vertex -2.50578 65.7247 3.8147e-07
      vertex -2.65124 66.456 3.8147e-07
    endloop
  endfacet
  facet normal 0 0 -1
    outer loop
      vertex -1.93635 112.85 3.8147e-07
      vertex -2.7 110 3.8147e-07
      vertex -2.26611 112.181 3.8147e-07
    endloop
  endfacet
  facet normal 0 0 -1
    outer loop
      vertex -2.26611 112.181 3.8147e-07
      vertex -2.7 110 3.8147e-07
      vertex -2.50578 111.475 3.8147e-07
    endloop
  endfacet
  facet normal 0 0 -1
    outer loop
      vertex -2.50578 111.475 3.8147e-07
      vertex -2.7 110 3.8147e-07
      vertex -2.65124 110.744 3.8147e-07
    endloop
  endfacet
  facet normal 0.946789 0.321855 0
    outer loop
      vertex 157.506 111.475 23.4
      vertex 157.266 112.181 3.8147e-07
      vertex 157.266 112.181 23.4
    endloop
  endfacet
  facet normal 0.946789 0.321855 0
    outer loop
      vertex 157.266 112.181 3.8147e-07
      vertex 157.506 111.475 23.4
      vertex 157.506 111.475 3.8147e-07
    endloop
  endfacet
  facet normal -0.555542 -0.831488 0
    outer loop
      vertex -0.46994 62.6779 3.8147e-07
      vertex 0.149999 62.2637 23.4
      vertex -0.46994 62.6779 23.4
    endloop
  endfacet
  facet normal -0.555542 -0.831488 -0
    outer loop
      vertex 0.149999 62.2637 23.4
      vertex -0.46994 62.6779 3.8147e-07
      vertex 0.149999 62.2637 3.8147e-07
    endloop
  endfacet
  facet normal -0.659341 -0.751844 0
    outer loop
      vertex -1.03051 63.1695 3.8147e-07
      vertex -0.46994 62.6779 23.4
      vertex -1.03051 63.1695 23.4
    endloop
  endfacet
  facet normal -0.659341 -0.751844 -0
    outer loop
      vertex -0.46994 62.6779 23.4
      vertex -1.03051 63.1695 3.8147e-07
      vertex -0.46994 62.6779 3.8147e-07
    endloop
  endfacet
  facet normal -0.442322 -0.896856 0
    outer loop
      vertex 0.149999 62.2637 3.8147e-07
      vertex 0.818704 61.9339 23.4
      vertex 0.149999 62.2637 23.4
    endloop
  endfacet
  facet normal -0.442322 -0.896856 -0
    outer loop
      vertex 0.818704 61.9339 23.4
      vertex 0.149999 62.2637 3.8147e-07
      vertex 0.818704 61.9339 3.8147e-07
    endloop
  endfacet
  facet normal 0.896853 0.44233 0
    outer loop
      vertex 0.142115 65.55 23.4
      vertex -0.0488035 65.9371 2.4
      vertex -0.0488035 65.9371 23.4
    endloop
  endfacet
  facet normal 0.896853 0.44233 0
    outer loop
      vertex -0.0488035 65.9371 2.4
      vertex 0.142115 65.55 23.4
      vertex 0.142115 65.55 2.4
    endloop
  endfacet
  facet normal 0.659328 0.751856 -0
    outer loop
      vertex 0.991087 64.5819 2.4
      vertex 0.666547 64.8665 23.4
      vertex 0.991087 64.5819 23.4
    endloop
  endfacet
  facet normal 0.659328 0.751856 0
    outer loop
      vertex 0.666547 64.8665 23.4
      vertex 0.991087 64.5819 2.4
      vertex 0.666547 64.8665 2.4
    endloop
  endfacet
  facet normal 0.194619 -0.980879 0
    outer loop
      vertex 2.1459 113.188 2.4
      vertex 2.56926 113.272 23.4
      vertex 2.1459 113.188 23.4
    endloop
  endfacet
  facet normal 0.194619 -0.980879 0
    outer loop
      vertex 2.56926 113.272 23.4
      vertex 2.1459 113.188 2.4
      vertex 2.56926 113.272 2.4
    endloop
  endfacet
  facet normal 0.0653289 0.997864 -0
    outer loop
      vertex 3 63.9 2.4
      vertex 2.56926 63.9282 23.4
      vertex 3 63.9 23.4
    endloop
  endfacet
  facet normal 0.0653289 0.997864 0
    outer loop
      vertex 2.56926 63.9282 23.4
      vertex 3 63.9 2.4
      vertex 2.56926 63.9282 2.4
    endloop
  endfacet
  facet normal -0.195224 0.980759 0
    outer loop
      vertex 152.854 64.0124 2.4
      vertex 152.431 63.9282 23.4
      vertex 152.854 64.0124 23.4
    endloop
  endfacet
  facet normal -0.195224 0.980759 0
    outer loop
      vertex 152.431 63.9282 23.4
      vertex 152.854 64.0124 2.4
      vertex 152.431 63.9282 2.4
    endloop
  endfacet
  facet normal 0 -1 0
    outer loop
      vertex 3 113.3 2.4
      vertex 152 113.3 23.4
      vertex 3 113.3 23.4
    endloop
  endfacet
  facet normal 0 -1 -0
    outer loop
      vertex 152 113.3 23.4
      vertex 3 113.3 2.4
      vertex 152 113.3 2.4
    endloop
  endfacet
  facet normal 0 1 -0
    outer loop
      vertex 152 63.9 2.4
      vertex 3 63.9 23.4
      vertex 152 63.9 23.4
    endloop
  endfacet
  facet normal 0 1 0
    outer loop
      vertex 3 63.9 23.4
      vertex 152 63.9 2.4
      vertex 3 63.9 2.4
    endloop
  endfacet
  facet normal 0.83146 0.555584 0
    outer loop
      vertex 0.381933 65.1911 23.4
      vertex 0.142115 65.55 2.4
      vertex 0.142115 65.55 23.4
    endloop
  endfacet
  facet normal 0.83146 0.555584 0
    outer loop
      vertex 0.142115 65.55 2.4
      vertex 0.381933 65.1911 23.4
      vertex 0.381933 65.1911 2.4
    endloop
  endfacet
  facet normal 0.980753 -0.195253 0
    outer loop
      vertex -0.271769 110.431 23.4
      vertex -0.187556 110.854 2.4
      vertex -0.187556 110.854 23.4
    endloop
  endfacet
  facet normal 0.980753 -0.195253 0
    outer loop
      vertex -0.187556 110.854 2.4
      vertex -0.271769 110.431 23.4
      vertex -0.271769 110.431 2.4
    endloop
  endfacet
  facet normal -0.980882 0.194601 0
    outer loop
      vertex 155.188 66.3459 2.4
      vertex 155.272 66.7693 23.4
      vertex 155.272 66.7693 2.4
    endloop
  endfacet
  facet normal -0.980882 0.194601 0
    outer loop
      vertex 155.272 66.7693 23.4
      vertex 155.188 66.3459 2.4
      vertex 155.188 66.3459 23.4
    endloop
  endfacet
  facet normal 0.0648675 -0.997894 0
    outer loop
      vertex 2.56926 113.272 2.4
      vertex 3 113.3 23.4
      vertex 2.56926 113.272 23.4
    endloop
  endfacet
  facet normal 0.0648675 -0.997894 0
    outer loop
      vertex 3 113.3 23.4
      vertex 2.56926 113.272 2.4
      vertex 3 113.3 2.4
    endloop
  endfacet
  facet normal 0.555541 0.831489 -0
    outer loop
      vertex 1.35 64.3421 2.4
      vertex 0.991087 64.5819 23.4
      vertex 1.35 64.3421 23.4
    endloop
  endfacet
  facet normal 0.555541 0.831489 0
    outer loop
      vertex 0.991087 64.5819 23.4
      vertex 1.35 64.3421 2.4
      vertex 0.991087 64.5819 2.4
    endloop
  endfacet
  facet normal 1 -0 0
    outer loop
      vertex -0.3 67.2 23.4
      vertex -0.3 110 2.4
      vertex -0.3 110 23.4
    endloop
  endfacet
  facet normal 1 0 0
    outer loop
      vertex -0.3 110 2.4
      vertex -0.3 67.2 23.4
      vertex -0.3 67.2 2.4
    endloop
  endfacet
  facet normal -0.555448 0.831551 0
    outer loop
      vertex 154.009 64.5819 2.4
      vertex 153.65 64.3421 23.4
      vertex 154.009 64.5819 23.4
    endloop
  endfacet
  facet normal -0.555448 0.831551 0
    outer loop
      vertex 153.65 64.3421 23.4
      vertex 154.009 64.5819 2.4
      vertex 153.65 64.3421 2.4
    endloop
  endfacet
  facet normal -0.750851 -0.660471 0
    outer loop
      vertex 154.618 112.009 2.4
      vertex 154.333 112.333 23.4
      vertex 154.333 112.333 2.4
    endloop
  endfacet
  facet normal -0.750851 -0.660471 0
    outer loop
      vertex 154.333 112.333 23.4
      vertex 154.618 112.009 2.4
      vertex 154.618 112.009 23.4
    endloop
  endfacet
  facet normal 0.997862 -0.0653611 0
    outer loop
      vertex -0.3 110 23.4
      vertex -0.271769 110.431 2.4
      vertex -0.271769 110.431 23.4
    endloop
  endfacet
  facet normal 0.997862 -0.0653611 0
    outer loop
      vertex -0.271769 110.431 2.4
      vertex -0.3 110 23.4
      vertex -0.3 110 2.4
    endloop
  endfacet
  facet normal 0.442258 0.896888 -0
    outer loop
      vertex 1.73714 64.1512 2.4
      vertex 1.35 64.3421 23.4
      vertex 1.73714 64.1512 23.4
    endloop
  endfacet
  facet normal 0.442258 0.896888 0
    outer loop
      vertex 1.35 64.3421 23.4
      vertex 1.73714 64.1512 2.4
      vertex 1.35 64.3421 2.4
    endloop
  endfacet
  facet normal -0.321778 -0.946815 0
    outer loop
      vertex 152.854 113.188 2.4
      vertex 153.263 113.049 23.4
      vertex 152.854 113.188 23.4
    endloop
  endfacet
  facet normal -0.321778 -0.946815 -0
    outer loop
      vertex 153.263 113.049 23.4
      vertex 152.854 113.188 2.4
      vertex 153.263 113.049 2.4
    endloop
  endfacet
  facet normal 0.7519 0.659277 0
    outer loop
      vertex 0.666547 64.8665 23.4
      vertex 0.381933 65.1911 2.4
      vertex 0.381933 65.1911 23.4
    endloop
  endfacet
  facet normal 0.7519 0.659277 0
    outer loop
      vertex 0.381933 65.1911 2.4
      vertex 0.666547 64.8665 23.4
      vertex 0.666547 64.8665 2.4
    endloop
  endfacet
  facet normal -0.659948 0.751311 0
    outer loop
      vertex 154.333 64.8665 2.4
      vertex 154.009 64.5819 23.4
      vertex 154.333 64.8665 23.4
    endloop
  endfacet
  facet normal -0.659948 0.751311 0
    outer loop
      vertex 154.009 64.5819 23.4
      vertex 154.333 64.8665 2.4
      vertex 154.009 64.5819 2.4
    endloop
  endfacet
  facet normal 0.831532 -0.555477 0
    outer loop
      vertex 0.142115 111.65 23.4
      vertex 0.381933 112.009 2.4
      vertex 0.381933 112.009 23.4
    endloop
  endfacet
  facet normal 0.831532 -0.555477 0
    outer loop
      vertex 0.381933 112.009 2.4
      vertex 0.142115 111.65 23.4
      vertex 0.142115 111.65 2.4
    endloop
  endfacet
  facet normal -0.946815 -0.321778 0
    outer loop
      vertex 155.188 110.854 2.4
      vertex 155.049 111.263 23.4
      vertex 155.049 111.263 2.4
    endloop
  endfacet
  facet normal -0.946815 -0.321778 0
    outer loop
      vertex 155.049 111.263 23.4
      vertex 155.188 110.854 2.4
      vertex 155.188 110.854 23.4
    endloop
  endfacet
  facet normal -0.442573 -0.896732 0
    outer loop
      vertex 153.263 113.049 2.4
      vertex 153.65 112.858 23.4
      vertex 153.263 113.049 23.4
    endloop
  endfacet
  facet normal -0.442573 -0.896732 -0
    outer loop
      vertex 153.65 112.858 23.4
      vertex 153.263 113.049 2.4
      vertex 153.65 112.858 2.4
    endloop
  endfacet
  facet normal 0.946942 0.321405 0
    outer loop
      vertex -0.0488035 65.9371 23.4
      vertex -0.187556 66.3459 2.4
      vertex -0.187556 66.3459 23.4
    endloop
  endfacet
  facet normal 0.946942 0.321405 0
    outer loop
      vertex -0.187556 66.3459 2.4
      vertex -0.0488035 65.9371 23.4
      vertex -0.0488035 65.9371 2.4
    endloop
  endfacet
  facet normal 0.751295 -0.659966 0
    outer loop
      vertex 0.381933 112.009 23.4
      vertex 0.666547 112.333 2.4
      vertex 0.666547 112.333 23.4
    endloop
  endfacet
  facet normal 0.751295 -0.659966 0
    outer loop
      vertex 0.666547 112.333 2.4
      vertex 0.381933 112.009 23.4
      vertex 0.381933 112.009 2.4
    endloop
  endfacet
  facet normal -0.997893 0.0648735 0
    outer loop
      vertex 155.272 66.7693 2.4
      vertex 155.3 67.2 23.4
      vertex 155.3 67.2 2.4
    endloop
  endfacet
  facet normal -0.997893 0.0648735 0
    outer loop
      vertex 155.3 67.2 23.4
      vertex 155.272 66.7693 2.4
      vertex 155.272 66.7693 23.4
    endloop
  endfacet
  facet normal -0.442387 0.896824 0
    outer loop
      vertex 153.65 64.3421 2.4
      vertex 153.263 64.1512 23.4
      vertex 153.65 64.3421 23.4
    endloop
  endfacet
  facet normal -0.442387 0.896824 0
    outer loop
      vertex 153.263 64.1512 23.4
      vertex 153.65 64.3421 2.4
      vertex 153.263 64.1512 2.4
    endloop
  endfacet
  facet normal -0.660471 -0.750851 0
    outer loop
      vertex 154.009 112.618 2.4
      vertex 154.333 112.333 23.4
      vertex 154.009 112.618 23.4
    endloop
  endfacet
  facet normal -0.660471 -0.750851 -0
    outer loop
      vertex 154.333 112.333 23.4
      vertex 154.009 112.618 2.4
      vertex 154.333 112.333 2.4
    endloop
  endfacet
  facet normal -1 0 0
    outer loop
      vertex 155.3 67.2 2.4
      vertex 155.3 110 23.4
      vertex 155.3 110 2.4
    endloop
  endfacet
  facet normal -1 -0 0
    outer loop
      vertex 155.3 110 23.4
      vertex 155.3 67.2 2.4
      vertex 155.3 67.2 23.4
    endloop
  endfacet
  facet normal 0.997859 0.0654064 0
    outer loop
      vertex -0.271769 66.7693 23.4
      vertex -0.3 67.2 2.4
      vertex -0.3 67.2 23.4
    endloop
  endfacet
  facet normal 0.997859 0.0654064 0
    outer loop
      vertex -0.3 67.2 2.4
      vertex -0.271769 66.7693 23.4
      vertex -0.271769 66.7693 2.4
    endloop
  endfacet
  facet normal -0.555769 -0.831337 0
    outer loop
      vertex 153.65 112.858 2.4
      vertex 154.009 112.618 23.4
      vertex 153.65 112.858 23.4
    endloop
  endfacet
  facet normal -0.555769 -0.831337 -0
    outer loop
      vertex 154.009 112.618 23.4
      vertex 153.65 112.858 2.4
      vertex 154.009 112.618 2.4
    endloop
  endfacet
  facet normal 0.94699 -0.321264 0
    outer loop
      vertex -0.187556 110.854 23.4
      vertex -0.0488035 111.263 2.4
      vertex -0.0488035 111.263 23.4
    endloop
  endfacet
  facet normal 0.94699 -0.321264 0
    outer loop
      vertex -0.0488035 111.263 2.4
      vertex -0.187556 110.854 23.4
      vertex -0.187556 110.854 2.4
    endloop
  endfacet
  facet normal -0.896732 -0.442573 0
    outer loop
      vertex 155.049 111.263 2.4
      vertex 154.858 111.65 23.4
      vertex 154.858 111.65 2.4
    endloop
  endfacet
  facet normal -0.896732 -0.442573 0
    outer loop
      vertex 154.858 111.65 23.4
      vertex 155.049 111.263 2.4
      vertex 155.049 111.263 23.4
    endloop
  endfacet
  facet normal -0.0652896 0.997866 0
    outer loop
      vertex 152.431 63.9282 2.4
      vertex 152 63.9 23.4
      vertex 152.431 63.9282 23.4
    endloop
  endfacet
  facet normal -0.0652896 0.997866 0
    outer loop
      vertex 152 63.9 23.4
      vertex 152.431 63.9282 2.4
      vertex 152 63.9 2.4
    endloop
  endfacet
  facet normal 0.659851 -0.751397 0
    outer loop
      vertex 0.666547 112.333 2.4
      vertex 0.991087 112.618 23.4
      vertex 0.666547 112.333 23.4
    endloop
  endfacet
  facet normal 0.659851 -0.751397 0
    outer loop
      vertex 0.991087 112.618 23.4
      vertex 0.666547 112.333 2.4
      vertex 0.991087 112.618 2.4
    endloop
  endfacet
  facet normal -0.896778 0.442481 0
    outer loop
      vertex 154.858 65.55 2.4
      vertex 155.049 65.9371 23.4
      vertex 155.049 65.9371 2.4
    endloop
  endfacet
  facet normal -0.896778 0.442481 0
    outer loop
      vertex 155.049 65.9371 23.4
      vertex 154.858 65.55 2.4
      vertex 154.858 65.55 23.4
    endloop
  endfacet
  facet normal 0.980788 0.195076 0
    outer loop
      vertex -0.187556 66.3459 23.4
      vertex -0.271769 66.7693 2.4
      vertex -0.271769 66.7693 23.4
    endloop
  endfacet
  facet normal 0.980788 0.195076 0
    outer loop
      vertex -0.271769 66.7693 2.4
      vertex -0.187556 66.3459 23.4
      vertex -0.187556 66.3459 2.4
    endloop
  endfacet
  facet normal -0.0648285 -0.997896 0
    outer loop
      vertex 152 113.3 2.4
      vertex 152.431 113.272 23.4
      vertex 152 113.3 23.4
    endloop
  endfacet
  facet normal -0.0648285 -0.997896 -0
    outer loop
      vertex 152.431 113.272 23.4
      vertex 152 113.3 2.4
      vertex 152.431 113.272 2.4
    endloop
  endfacet
  facet normal -0.194778 -0.980847 0
    outer loop
      vertex 152.431 113.272 2.4
      vertex 152.854 113.188 23.4
      vertex 152.431 113.272 23.4
    endloop
  endfacet
  facet normal -0.194778 -0.980847 -0
    outer loop
      vertex 152.854 113.188 23.4
      vertex 152.431 113.272 2.4
      vertex 152.854 113.188 2.4
    endloop
  endfacet
  facet normal 0.195065 0.98079 -0
    outer loop
      vertex 2.56926 63.9282 2.4
      vertex 2.1459 64.0124 23.4
      vertex 2.56926 63.9282 23.4
    endloop
  endfacet
  facet normal 0.195065 0.98079 0
    outer loop
      vertex 2.1459 64.0124 23.4
      vertex 2.56926 63.9282 2.4
      vertex 2.1459 64.0124 2.4
    endloop
  endfacet
  facet normal 0.321532 0.946899 -0
    outer loop
      vertex 2.1459 64.0124 2.4
      vertex 1.73714 64.1512 23.4
      vertex 2.1459 64.0124 23.4
    endloop
  endfacet
  facet normal 0.321532 0.946899 0
    outer loop
      vertex 1.73714 64.1512 23.4
      vertex 2.1459 64.0124 2.4
      vertex 1.73714 64.1512 2.4
    endloop
  endfacet
  facet normal -0.831337 -0.555769 0
    outer loop
      vertex 154.858 111.65 2.4
      vertex 154.618 112.009 23.4
      vertex 154.618 112.009 2.4
    endloop
  endfacet
  facet normal -0.831337 -0.555769 0
    outer loop
      vertex 154.618 112.009 23.4
      vertex 154.858 111.65 2.4
      vertex 154.858 111.65 23.4
    endloop
  endfacet
  facet normal -0.321363 0.946956 0
    outer loop
      vertex 153.263 64.1512 2.4
      vertex 152.854 64.0124 23.4
      vertex 153.263 64.1512 23.4
    endloop
  endfacet
  facet normal -0.321363 0.946956 0
    outer loop
      vertex 152.854 64.0124 23.4
      vertex 153.263 64.1512 2.4
      vertex 152.854 64.0124 2.4
    endloop
  endfacet
  facet normal -0.980847 -0.194778 0
    outer loop
      vertex 155.272 110.431 2.4
      vertex 155.188 110.854 23.4
      vertex 155.188 110.854 2.4
    endloop
  endfacet
  facet normal -0.980847 -0.194778 0
    outer loop
      vertex 155.188 110.854 23.4
      vertex 155.272 110.431 2.4
      vertex 155.272 110.431 23.4
    endloop
  endfacet
  facet normal -0.751457 0.659782 0
    outer loop
      vertex 154.333 64.8665 2.4
      vertex 154.618 65.1911 23.4
      vertex 154.618 65.1911 2.4
    endloop
  endfacet
  facet normal -0.751457 0.659782 0
    outer loop
      vertex 154.618 65.1911 23.4
      vertex 154.333 64.8665 2.4
      vertex 154.333 64.8665 23.4
    endloop
  endfacet
  facet normal -0.831266 0.555876 0
    outer loop
      vertex 154.618 65.1911 2.4
      vertex 154.858 65.55 23.4
      vertex 154.858 65.55 2.4
    endloop
  endfacet
  facet normal -0.831266 0.555876 0
    outer loop
      vertex 154.858 65.55 23.4
      vertex 154.618 65.1911 2.4
      vertex 154.618 65.1911 23.4
    endloop
  endfacet
  facet normal 0.442445 -0.896796 0
    outer loop
      vertex 1.35 112.858 2.4
      vertex 1.73714 113.049 23.4
      vertex 1.35 112.858 23.4
    endloop
  endfacet
  facet normal 0.442445 -0.896796 0
    outer loop
      vertex 1.73714 113.049 23.4
      vertex 1.35 112.858 2.4
      vertex 1.73714 113.049 2.4
    endloop
  endfacet
  facet normal 0.555862 -0.831275 0
    outer loop
      vertex 0.991087 112.618 2.4
      vertex 1.35 112.858 23.4
      vertex 0.991087 112.618 23.4
    endloop
  endfacet
  facet normal 0.555862 -0.831275 0
    outer loop
      vertex 1.35 112.858 23.4
      vertex 0.991087 112.618 2.4
      vertex 1.35 112.858 2.4
    endloop
  endfacet
  facet normal -0.997896 -0.0648285 0
    outer loop
      vertex 155.3 110 2.4
      vertex 155.272 110.431 23.4
      vertex 155.272 110.431 2.4
    endloop
  endfacet
  facet normal -0.997896 -0.0648285 0
    outer loop
      vertex 155.272 110.431 23.4
      vertex 155.3 110 2.4
      vertex 155.3 110 23.4
    endloop
  endfacet
  facet normal -0.946767 0.321919 0
    outer loop
      vertex 155.049 65.9371 2.4
      vertex 155.188 66.3459 23.4
      vertex 155.188 66.3459 2.4
    endloop
  endfacet
  facet normal -0.946767 0.321919 0
    outer loop
      vertex 155.188 66.3459 23.4
      vertex 155.049 65.9371 2.4
      vertex 155.049 65.9371 23.4
    endloop
  endfacet
  facet normal 0.896807 -0.442421 0
    outer loop
      vertex -0.0488035 111.263 23.4
      vertex 0.142115 111.65 2.4
      vertex 0.142115 111.65 23.4
    endloop
  endfacet
  facet normal 0.896807 -0.442421 0
    outer loop
      vertex 0.142115 111.65 2.4
      vertex -0.0488035 111.263 23.4
      vertex -0.0488035 111.263 2.4
    endloop
  endfacet
  facet normal 0.321948 -0.946757 0
    outer loop
      vertex 1.73714 113.049 2.4
      vertex 2.1459 113.188 23.4
      vertex 1.73714 113.049 23.4
    endloop
  endfacet
  facet normal 0.321948 -0.946757 0
    outer loop
      vertex 2.1459 113.188 23.4
      vertex 1.73714 113.049 2.4
      vertex 2.1459 113.188 2.4
    endloop
  endfacet
  facet normal 0 0 1
    outer loop
      vertex 152 113.3 2.4
      vertex 155.3 110 2.4
      vertex 155.272 110.431 2.4
    endloop
  endfacet
  facet normal 0 0 1
    outer loop
      vertex 155.3 110 2.4
      vertex 152 113.3 2.4
      vertex 155.3 67.2 2.4
    endloop
  endfacet
  facet normal 0 0 1
    outer loop
      vertex 152 113.3 2.4
      vertex 155.272 110.431 2.4
      vertex 155.188 110.854 2.4
    endloop
  endfacet
  facet normal 0 0 1
    outer loop
      vertex 152 63.9 2.4
      vertex 155.3 67.2 2.4
      vertex 152 113.3 2.4
    endloop
  endfacet
  facet normal 0 0 1
    outer loop
      vertex 152 113.3 2.4
      vertex 155.188 110.854 2.4
      vertex 155.049 111.263 2.4
    endloop
  endfacet
  facet normal 0 0 1
    outer loop
      vertex 155.3 67.2 2.4
      vertex 152 63.9 2.4
      vertex 155.272 66.7693 2.4
    endloop
  endfacet
  facet normal 0 0 1
    outer loop
      vertex 152 113.3 2.4
      vertex 155.049 111.263 2.4
      vertex 154.858 111.65 2.4
    endloop
  endfacet
  facet normal 0 0 1
    outer loop
      vertex 155.272 66.7693 2.4
      vertex 152 63.9 2.4
      vertex 155.188 66.3459 2.4
    endloop
  endfacet
  facet normal 0 0 1
    outer loop
      vertex 152 113.3 2.4
      vertex 154.858 111.65 2.4
      vertex 154.618 112.009 2.4
    endloop
  endfacet
  facet normal 0 0 1
    outer loop
      vertex 155.188 66.3459 2.4
      vertex 152 63.9 2.4
      vertex 155.049 65.9371 2.4
    endloop
  endfacet
  facet normal 0 0 1
    outer loop
      vertex 152 113.3 2.4
      vertex 154.618 112.009 2.4
      vertex 154.333 112.333 2.4
    endloop
  endfacet
  facet normal 0 0 1
    outer loop
      vertex 155.049 65.9371 2.4
      vertex 152 63.9 2.4
      vertex 154.858 65.55 2.4
    endloop
  endfacet
  facet normal 0 0 1
    outer loop
      vertex 152 113.3 2.4
      vertex 154.333 112.333 2.4
      vertex 154.009 112.618 2.4
    endloop
  endfacet
  facet normal 0 0 1
    outer loop
      vertex 154.858 65.55 2.4
      vertex 152 63.9 2.4
      vertex 154.618 65.1911 2.4
    endloop
  endfacet
  facet normal 0 0 1
    outer loop
      vertex 152 113.3 2.4
      vertex 154.009 112.618 2.4
      vertex 153.65 112.858 2.4
    endloop
  endfacet
  facet normal 0 0 1
    outer loop
      vertex 154.618 65.1911 2.4
      vertex 152 63.9 2.4
      vertex 154.333 64.8665 2.4
    endloop
  endfacet
  facet normal 0 0 1
    outer loop
      vertex 152 113.3 2.4
      vertex 153.65 112.858 2.4
      vertex 153.263 113.049 2.4
    endloop
  endfacet
  facet normal 0 0 1
    outer loop
      vertex 154.333 64.8665 2.4
      vertex 152 63.9 2.4
      vertex 154.009 64.5819 2.4
    endloop
  endfacet
  facet normal 0 0 1
    outer loop
      vertex 152 113.3 2.4
      vertex 153.263 113.049 2.4
      vertex 152.854 113.188 2.4
    endloop
  endfacet
  facet normal 0 0 1
    outer loop
      vertex 154.009 64.5819 2.4
      vertex 152 63.9 2.4
      vertex 153.65 64.3421 2.4
    endloop
  endfacet
  facet normal 0 0 1
    outer loop
      vertex 152 113.3 2.4
      vertex 152.854 113.188 2.4
      vertex 152.431 113.272 2.4
    endloop
  endfacet
  facet normal 0 0 1
    outer loop
      vertex 153.65 64.3421 2.4
      vertex 152 63.9 2.4
      vertex 153.263 64.1512 2.4
    endloop
  endfacet
  facet normal 0 0 1
    outer loop
      vertex 153.263 64.1512 2.4
      vertex 152 63.9 2.4
      vertex 152.854 64.0124 2.4
    endloop
  endfacet
  facet normal 0 0 1
    outer loop
      vertex 152.854 64.0124 2.4
      vertex 152 63.9 2.4
      vertex 152.431 63.9282 2.4
    endloop
  endfacet
  facet normal -0 0 1
    outer loop
      vertex 3 113.3 2.4
      vertex 152 63.9 2.4
      vertex 152 113.3 2.4
    endloop
  endfacet
  facet normal 0 0 1
    outer loop
      vertex 3 113.3 2.4
      vertex 3 63.9 2.4
      vertex 152 63.9 2.4
    endloop
  endfacet
  facet normal 0 0 1
    outer loop
      vertex -0.3 110 2.4
      vertex 3 113.3 2.4
      vertex 2.56926 113.272 2.4
    endloop
  endfacet
  facet normal 0 0 1
    outer loop
      vertex 3 113.3 2.4
      vertex -0.3 110 2.4
      vertex 3 63.9 2.4
    endloop
  endfacet
  facet normal 0 0 1
    outer loop
      vertex -0.3 110 2.4
      vertex 2.56926 113.272 2.4
      vertex 2.1459 113.188 2.4
    endloop
  endfacet
  facet normal -0 0 1
    outer loop
      vertex -0.3 67.2 2.4
      vertex 3 63.9 2.4
      vertex -0.3 110 2.4
    endloop
  endfacet
  facet normal 0 0 1
    outer loop
      vertex -0.3 110 2.4
      vertex 2.1459 113.188 2.4
      vertex 1.73714 113.049 2.4
    endloop
  endfacet
  facet normal 0 0 1
    outer loop
      vertex 3 63.9 2.4
      vertex -0.3 67.2 2.4
      vertex 2.56926 63.9282 2.4
    endloop
  endfacet
  facet normal 0 0 1
    outer loop
      vertex -0.3 110 2.4
      vertex 1.73714 113.049 2.4
      vertex 1.35 112.858 2.4
    endloop
  endfacet
  facet normal 0 0 1
    outer loop
      vertex 2.56926 63.9282 2.4
      vertex -0.3 67.2 2.4
      vertex 2.1459 64.0124 2.4
    endloop
  endfacet
  facet normal 0 0 1
    outer loop
      vertex -0.3 110 2.4
      vertex 1.35 112.858 2.4
      vertex 0.991087 112.618 2.4
    endloop
  endfacet
  facet normal 0 0 1
    outer loop
      vertex 2.1459 64.0124 2.4
      vertex -0.3 67.2 2.4
      vertex 1.73714 64.1512 2.4
    endloop
  endfacet
  facet normal 0 0 1
    outer loop
      vertex -0.3 110 2.4
      vertex 0.991087 112.618 2.4
      vertex 0.666547 112.333 2.4
    endloop
  endfacet
  facet normal 0 0 1
    outer loop
      vertex 1.73714 64.1512 2.4
      vertex -0.3 67.2 2.4
      vertex 1.35 64.3421 2.4
    endloop
  endfacet
  facet normal 0 0 1
    outer loop
      vertex -0.3 110 2.4
      vertex 0.666547 112.333 2.4
      vertex 0.381933 112.009 2.4
    endloop
  endfacet
  facet normal 0 0 1
    outer loop
      vertex 1.35 64.3421 2.4
      vertex -0.3 67.2 2.4
      vertex 0.991087 64.5819 2.4
    endloop
  endfacet
  facet normal 0 0 1
    outer loop
      vertex -0.3 110 2.4
      vertex 0.381933 112.009 2.4
      vertex 0.142115 111.65 2.4
    endloop
  endfacet
  facet normal 0 0 1
    outer loop
      vertex 0.991087 64.5819 2.4
      vertex -0.3 67.2 2.4
      vertex 0.666547 64.8665 2.4
    endloop
  endfacet
  facet normal 0 0 1
    outer loop
      vertex -0.3 110 2.4
      vertex 0.142115 111.65 2.4
      vertex -0.0488035 111.263 2.4
    endloop
  endfacet
  facet normal 0 0 1
    outer loop
      vertex 0.666547 64.8665 2.4
      vertex -0.3 67.2 2.4
      vertex 0.381933 65.1911 2.4
    endloop
  endfacet
  facet normal 0 0 1
    outer loop
      vertex -0.3 110 2.4
      vertex -0.0488035 111.263 2.4
      vertex -0.187556 110.854 2.4
    endloop
  endfacet
  facet normal 0 0 1
    outer loop
      vertex 0.381933 65.1911 2.4
      vertex -0.3 67.2 2.4
      vertex 0.142115 65.55 2.4
    endloop
  endfacet
  facet normal 0 0 1
    outer loop
      vertex -0.3 110 2.4
      vertex -0.187556 110.854 2.4
      vertex -0.271769 110.431 2.4
    endloop
  endfacet
  facet normal 0 0 1
    outer loop
      vertex 0.142115 65.55 2.4
      vertex -0.3 67.2 2.4
      vertex -0.0488035 65.9371 2.4
    endloop
  endfacet
  facet normal 0 0 1
    outer loop
      vertex -0.0488035 65.9371 2.4
      vertex -0.3 67.2 2.4
      vertex -0.187556 66.3459 2.4
    endloop
  endfacet
  facet normal 0 0 1
    outer loop
      vertex -0.187556 66.3459 2.4
      vertex -0.3 67.2 2.4
      vertex -0.271769 66.7693 2.4
    endloop
  endfacet
endsolid OpenSCAD_Model
