solid OpenSCAD_Model
  facet normal -0 0 1
    outer loop
      vertex 64 -51.2 13
      vertex 74 -61.2 13
      vertex 74 -51.2 13
    endloop
  endfacet
  facet normal 0 0 1
    outer loop
      vertex 74 -61.2 13
      vertex 64 -51.2 13
      vertex 64 -61.2 13
    endloop
  endfacet
  facet normal -1 0 0
    outer loop
      vertex 64 -61.2 3
      vertex 64 -51.2 13
      vertex 64 -51.2 3
    endloop
  endfacet
  facet normal -1 -0 0
    outer loop
      vertex 64 -51.2 13
      vertex 64 -61.2 3
      vertex 64 -61.2 13
    endloop
  endfacet
  facet normal 1 0 0
    outer loop
      vertex 74 -51.2 13
      vertex 74 -54.15 8
      vertex 74 -51.2 3
    endloop
  endfacet
  facet normal 1 0 0
    outer loop
      vertex 74 -51.2 13
      vertex 74 -54.1894 8.39993
      vertex 74 -54.15 8
    endloop
  endfacet
  facet normal 1 0 0
    outer loop
      vertex 74 -51.2 13
      vertex 74 -54.306 8.7845
      vertex 74 -54.1894 8.39993
    endloop
  endfacet
  facet normal 1 0 0
    outer loop
      vertex 74 -51.2 13
      vertex 74 -54.4955 9.13892
      vertex 74 -54.306 8.7845
    endloop
  endfacet
  facet normal 1 0 0
    outer loop
      vertex 74 -51.2 13
      vertex 74 -54.7504 9.44957
      vertex 74 -54.4955 9.13892
    endloop
  endfacet
  facet normal 1 0 0
    outer loop
      vertex 74 -51.2 13
      vertex 74 -55.0611 9.70451
      vertex 74 -54.7504 9.44957
    endloop
  endfacet
  facet normal 1 0 0
    outer loop
      vertex 74 -51.2 13
      vertex 74 -55.4155 9.89395
      vertex 74 -55.0611 9.70451
    endloop
  endfacet
  facet normal 1 0 0
    outer loop
      vertex 74 -51.2 13
      vertex 74 -55.8001 10.0106
      vertex 74 -55.4155 9.89395
    endloop
  endfacet
  facet normal 1 0 0
    outer loop
      vertex 74 -51.2 13
      vertex 74 -56.2 10.05
      vertex 74 -55.8001 10.0106
    endloop
  endfacet
  facet normal 1 -0 0
    outer loop
      vertex 74 -61.2 13
      vertex 74 -56.2 10.05
      vertex 74 -51.2 13
    endloop
  endfacet
  facet normal 1 0 0
    outer loop
      vertex 74 -56.2 10.05
      vertex 74 -61.2 13
      vertex 74 -56.5999 10.0106
    endloop
  endfacet
  facet normal 1 0 0
    outer loop
      vertex 74 -56.5999 10.0106
      vertex 74 -61.2 13
      vertex 74 -56.9845 9.89395
    endloop
  endfacet
  facet normal 1 0 0
    outer loop
      vertex 74 -58.2106 8.39993
      vertex 74 -61.2 13
      vertex 74 -58.25 8
    endloop
  endfacet
  facet normal 1 0 0
    outer loop
      vertex 74 -58.094 8.7845
      vertex 74 -61.2 13
      vertex 74 -58.2106 8.39993
    endloop
  endfacet
  facet normal 1 0 0
    outer loop
      vertex 74 -57.9045 9.13892
      vertex 74 -61.2 13
      vertex 74 -58.094 8.7845
    endloop
  endfacet
  facet normal 1 0 0
    outer loop
      vertex 74 -57.6496 9.44957
      vertex 74 -61.2 13
      vertex 74 -57.9045 9.13892
    endloop
  endfacet
  facet normal 1 0 0
    outer loop
      vertex 74 -57.3389 9.70451
      vertex 74 -61.2 13
      vertex 74 -57.6496 9.44957
    endloop
  endfacet
  facet normal 1 0 0
    outer loop
      vertex 74 -56.9845 9.89395
      vertex 74 -61.2 13
      vertex 74 -57.3389 9.70451
    endloop
  endfacet
  facet normal 1 0 0
    outer loop
      vertex 74 5 13
      vertex 74 2.05 8
      vertex 74 5 3
    endloop
  endfacet
  facet normal 1 0 0
    outer loop
      vertex 74 5 13
      vertex 74 2.01061 8.39993
      vertex 74 2.05 8
    endloop
  endfacet
  facet normal 1 0 0
    outer loop
      vertex 74 5 13
      vertex 74 1.89395 8.7845
      vertex 74 2.01061 8.39993
    endloop
  endfacet
  facet normal 1 0 0
    outer loop
      vertex 74 5 13
      vertex 74 1.70451 9.13892
      vertex 74 1.89395 8.7845
    endloop
  endfacet
  facet normal 1 0 0
    outer loop
      vertex 74 5 13
      vertex 74 1.44957 9.44957
      vertex 74 1.70451 9.13892
    endloop
  endfacet
  facet normal 1 0 0
    outer loop
      vertex 74 5 13
      vertex 74 1.13892 9.70451
      vertex 74 1.44957 9.44957
    endloop
  endfacet
  facet normal 1 0 0
    outer loop
      vertex 74 5 13
      vertex 74 0.784501 9.89395
      vertex 74 1.13892 9.70451
    endloop
  endfacet
  facet normal 1 0 0
    outer loop
      vertex 74 5 13
      vertex 74 0.399935 10.0106
      vertex 74 0.784501 9.89395
    endloop
  endfacet
  facet normal 1 0 0
    outer loop
      vertex 74 5 13
      vertex 74 -1.90735e-07 10.05
      vertex 74 0.399935 10.0106
    endloop
  endfacet
  facet normal 1 -0 0
    outer loop
      vertex 74 -5 13
      vertex 74 -1.90735e-07 10.05
      vertex 74 5 13
    endloop
  endfacet
  facet normal 1 0 0
    outer loop
      vertex 74 -1.90735e-07 10.05
      vertex 74 -5 13
      vertex 74 -0.399936 10.0106
    endloop
  endfacet
  facet normal 1 0 0
    outer loop
      vertex 74 -0.399936 10.0106
      vertex 74 -5 13
      vertex 74 -0.784501 9.89395
    endloop
  endfacet
  facet normal 1 0 0
    outer loop
      vertex 74 -2.01061 8.39993
      vertex 74 -5 13
      vertex 74 -2.05 8
    endloop
  endfacet
  facet normal 1 0 0
    outer loop
      vertex 74 -1.89395 8.7845
      vertex 74 -5 13
      vertex 74 -2.01061 8.39993
    endloop
  endfacet
  facet normal 1 0 0
    outer loop
      vertex 74 -1.70451 9.13892
      vertex 74 -5 13
      vertex 74 -1.89395 8.7845
    endloop
  endfacet
  facet normal 1 0 0
    outer loop
      vertex 74 -1.44957 9.44957
      vertex 74 -5 13
      vertex 74 -1.70451 9.13892
    endloop
  endfacet
  facet normal 1 0 0
    outer loop
      vertex 74 -1.13892 9.70451
      vertex 74 -5 13
      vertex 74 -1.44957 9.44957
    endloop
  endfacet
  facet normal 1 0 0
    outer loop
      vertex 74 -0.784501 9.89395
      vertex 74 -5 13
      vertex 74 -1.13892 9.70451
    endloop
  endfacet
  facet normal 1 0 0
    outer loop
      vertex 74 61.2 13
      vertex 74 58.25 8
      vertex 74 61.2 3
    endloop
  endfacet
  facet normal 1 0 0
    outer loop
      vertex 74 61.2 13
      vertex 74 58.2106 8.39993
      vertex 74 58.25 8
    endloop
  endfacet
  facet normal 1 0 0
    outer loop
      vertex 74 61.2 13
      vertex 74 58.094 8.7845
      vertex 74 58.2106 8.39993
    endloop
  endfacet
  facet normal 1 0 0
    outer loop
      vertex 74 61.2 13
      vertex 74 57.9045 9.13892
      vertex 74 58.094 8.7845
    endloop
  endfacet
  facet normal 1 0 0
    outer loop
      vertex 74 61.2 13
      vertex 74 57.6496 9.44957
      vertex 74 57.9045 9.13892
    endloop
  endfacet
  facet normal 1 0 0
    outer loop
      vertex 74 61.2 13
      vertex 74 57.3389 9.70451
      vertex 74 57.6496 9.44957
    endloop
  endfacet
  facet normal 1 0 0
    outer loop
      vertex 74 61.2 13
      vertex 74 56.9845 9.89395
      vertex 74 57.3389 9.70451
    endloop
  endfacet
  facet normal 1 0 0
    outer loop
      vertex 74 61.2 13
      vertex 74 56.5999 10.0106
      vertex 74 56.9845 9.89395
    endloop
  endfacet
  facet normal 1 0 0
    outer loop
      vertex 74 61.2 13
      vertex 74 56.2 10.05
      vertex 74 56.5999 10.0106
    endloop
  endfacet
  facet normal 1 -0 0
    outer loop
      vertex 74 51.2 13
      vertex 74 56.2 10.05
      vertex 74 61.2 13
    endloop
  endfacet
  facet normal 1 0 0
    outer loop
      vertex 74 56.2 10.05
      vertex 74 51.2 13
      vertex 74 55.8001 10.0106
    endloop
  endfacet
  facet normal 1 0 0
    outer loop
      vertex 74 55.8001 10.0106
      vertex 74 51.2 13
      vertex 74 55.4155 9.89395
    endloop
  endfacet
  facet normal 1 0 0
    outer loop
      vertex 74 54.1894 8.39993
      vertex 74 51.2 13
      vertex 74 54.15 8
    endloop
  endfacet
  facet normal 1 0 0
    outer loop
      vertex 74 54.306 8.7845
      vertex 74 51.2 13
      vertex 74 54.1894 8.39993
    endloop
  endfacet
  facet normal 1 0 0
    outer loop
      vertex 74 54.4955 9.13892
      vertex 74 51.2 13
      vertex 74 54.306 8.7845
    endloop
  endfacet
  facet normal 1 0 0
    outer loop
      vertex 74 54.7504 9.44957
      vertex 74 51.2 13
      vertex 74 54.4955 9.13892
    endloop
  endfacet
  facet normal 1 0 0
    outer loop
      vertex 74 55.0611 9.70451
      vertex 74 51.2 13
      vertex 74 54.7504 9.44957
    endloop
  endfacet
  facet normal 1 0 0
    outer loop
      vertex 74 55.4155 9.89395
      vertex 74 51.2 13
      vertex 74 55.0611 9.70451
    endloop
  endfacet
  facet normal 1 -0 0
    outer loop
      vertex 74 61.2 3
      vertex 74 81.2 0
      vertex 74 81.2 3
    endloop
  endfacet
  facet normal 1 -0 0
    outer loop
      vertex 74 58.2106 7.60006
      vertex 74 61.2 3
      vertex 74 58.25 8
    endloop
  endfacet
  facet normal 1 -0 0
    outer loop
      vertex 74 58.094 7.2155
      vertex 74 61.2 3
      vertex 74 58.2106 7.60006
    endloop
  endfacet
  facet normal 1 -0 0
    outer loop
      vertex 74 57.9045 6.86108
      vertex 74 61.2 3
      vertex 74 58.094 7.2155
    endloop
  endfacet
  facet normal 1 -0 0
    outer loop
      vertex 74 57.6496 6.55043
      vertex 74 61.2 3
      vertex 74 57.9045 6.86108
    endloop
  endfacet
  facet normal 1 -0 0
    outer loop
      vertex 74 57.3389 6.29549
      vertex 74 61.2 3
      vertex 74 57.6496 6.55043
    endloop
  endfacet
  facet normal 1 -0 0
    outer loop
      vertex 74 56.9845 6.10605
      vertex 74 61.2 3
      vertex 74 57.3389 6.29549
    endloop
  endfacet
  facet normal 1 -0 0
    outer loop
      vertex 74 56.5999 5.98939
      vertex 74 61.2 3
      vertex 74 56.9845 6.10605
    endloop
  endfacet
  facet normal 1 -0 0
    outer loop
      vertex 74 56.2 5.95
      vertex 74 61.2 3
      vertex 74 56.5999 5.98939
    endloop
  endfacet
  facet normal 1 0 0
    outer loop
      vertex 74 51.2 3
      vertex 74 56.2 5.95
      vertex 74 55.8001 5.98939
    endloop
  endfacet
  facet normal 1 0 0
    outer loop
      vertex 74 51.2 3
      vertex 74 55.8001 5.98939
      vertex 74 55.4155 6.10605
    endloop
  endfacet
  facet normal 1 0 0
    outer loop
      vertex 74 51.2 3
      vertex 74 55.4155 6.10605
      vertex 74 55.0611 6.29549
    endloop
  endfacet
  facet normal 1 0 0
    outer loop
      vertex 74 51.2 3
      vertex 74 54.15 8
      vertex 74 51.2 13
    endloop
  endfacet
  facet normal 1 0 0
    outer loop
      vertex 74 54.15 8
      vertex 74 51.2 3
      vertex 74 54.1894 7.60006
    endloop
  endfacet
  facet normal 1 0 0
    outer loop
      vertex 74 54.1894 7.60006
      vertex 74 51.2 3
      vertex 74 54.306 7.2155
    endloop
  endfacet
  facet normal 1 0 0
    outer loop
      vertex 74 54.306 7.2155
      vertex 74 51.2 3
      vertex 74 54.4955 6.86108
    endloop
  endfacet
  facet normal 1 0 0
    outer loop
      vertex 74 51.2 3
      vertex 74 54.7504 6.55043
      vertex 74 54.4955 6.86108
    endloop
  endfacet
  facet normal 1 0 0
    outer loop
      vertex 74 51.2 3
      vertex 74 55.0611 6.29549
      vertex 74 54.7504 6.55043
    endloop
  endfacet
  facet normal 1 0 0
    outer loop
      vertex 74 56.2 5.95
      vertex 74 51.2 3
      vertex 74 61.2 3
    endloop
  endfacet
  facet normal 1 -0 0
    outer loop
      vertex 74 51.2 3
      vertex 74 81.2 0
      vertex 74 61.2 3
    endloop
  endfacet
  facet normal 1 -0 0
    outer loop
      vertex 74 5 3
      vertex 74 81.2 0
      vertex 74 51.2 3
    endloop
  endfacet
  facet normal 1 -0 0
    outer loop
      vertex 74 2.01061 7.60006
      vertex 74 5 3
      vertex 74 2.05 8
    endloop
  endfacet
  facet normal 1 -0 0
    outer loop
      vertex 74 1.89395 7.2155
      vertex 74 5 3
      vertex 74 2.01061 7.60006
    endloop
  endfacet
  facet normal 1 -0 0
    outer loop
      vertex 74 1.70451 6.86108
      vertex 74 5 3
      vertex 74 1.89395 7.2155
    endloop
  endfacet
  facet normal 1 -0 0
    outer loop
      vertex 74 1.44957 6.55043
      vertex 74 5 3
      vertex 74 1.70451 6.86108
    endloop
  endfacet
  facet normal 1 -0 0
    outer loop
      vertex 74 1.13892 6.29549
      vertex 74 5 3
      vertex 74 1.44957 6.55043
    endloop
  endfacet
  facet normal 1 -0 0
    outer loop
      vertex 74 0.784501 6.10605
      vertex 74 5 3
      vertex 74 1.13892 6.29549
    endloop
  endfacet
  facet normal 1 -0 0
    outer loop
      vertex 74 0.399935 5.98939
      vertex 74 5 3
      vertex 74 0.784501 6.10605
    endloop
  endfacet
  facet normal 1 -0 0
    outer loop
      vertex 74 -1.90735e-07 5.95
      vertex 74 5 3
      vertex 74 0.399935 5.98939
    endloop
  endfacet
  facet normal 1 0 0
    outer loop
      vertex 74 -5 3
      vertex 74 -1.90735e-07 5.95
      vertex 74 -0.399936 5.98939
    endloop
  endfacet
  facet normal 1 0 0
    outer loop
      vertex 74 -5 3
      vertex 74 -0.399936 5.98939
      vertex 74 -0.784501 6.10605
    endloop
  endfacet
  facet normal 1 0 0
    outer loop
      vertex 74 -5 3
      vertex 74 -0.784501 6.10605
      vertex 74 -1.13892 6.29549
    endloop
  endfacet
  facet normal 1 0 0
    outer loop
      vertex 74 -5 3
      vertex 74 -2.05 8
      vertex 74 -5 13
    endloop
  endfacet
  facet normal 1 0 0
    outer loop
      vertex 74 -2.05 8
      vertex 74 -5 3
      vertex 74 -2.01061 7.60006
    endloop
  endfacet
  facet normal 1 0 0
    outer loop
      vertex 74 -2.01061 7.60006
      vertex 74 -5 3
      vertex 74 -1.89395 7.2155
    endloop
  endfacet
  facet normal 1 0 0
    outer loop
      vertex 74 -1.89395 7.2155
      vertex 74 -5 3
      vertex 74 -1.70451 6.86108
    endloop
  endfacet
  facet normal 1 0 0
    outer loop
      vertex 74 -5 3
      vertex 74 -1.44957 6.55043
      vertex 74 -1.70451 6.86108
    endloop
  endfacet
  facet normal 1 0 0
    outer loop
      vertex 74 -5 3
      vertex 74 -1.13892 6.29549
      vertex 74 -1.44957 6.55043
    endloop
  endfacet
  facet normal 1 0 0
    outer loop
      vertex 74 -1.90735e-07 5.95
      vertex 74 -5 3
      vertex 74 5 3
    endloop
  endfacet
  facet normal 1 -0 0
    outer loop
      vertex 74 -5 3
      vertex 74 81.2 0
      vertex 74 5 3
    endloop
  endfacet
  facet normal 1 0 0
    outer loop
      vertex 74 -81.2 0
      vertex 74 -5 3
      vertex 74 -51.2 3
    endloop
  endfacet
  facet normal 1 -0 0
    outer loop
      vertex 74 -54.1894 7.60006
      vertex 74 -51.2 3
      vertex 74 -54.15 8
    endloop
  endfacet
  facet normal 1 -0 0
    outer loop
      vertex 74 -54.306 7.2155
      vertex 74 -51.2 3
      vertex 74 -54.1894 7.60006
    endloop
  endfacet
  facet normal 1 -0 0
    outer loop
      vertex 74 -54.4955 6.86108
      vertex 74 -51.2 3
      vertex 74 -54.306 7.2155
    endloop
  endfacet
  facet normal 1 -0 0
    outer loop
      vertex 74 -54.7504 6.55043
      vertex 74 -51.2 3
      vertex 74 -54.4955 6.86108
    endloop
  endfacet
  facet normal 1 -0 0
    outer loop
      vertex 74 -55.0611 6.29549
      vertex 74 -51.2 3
      vertex 74 -54.7504 6.55043
    endloop
  endfacet
  facet normal 1 -0 0
    outer loop
      vertex 74 -55.4155 6.10605
      vertex 74 -51.2 3
      vertex 74 -55.0611 6.29549
    endloop
  endfacet
  facet normal 1 -0 0
    outer loop
      vertex 74 -55.8001 5.98939
      vertex 74 -51.2 3
      vertex 74 -55.4155 6.10605
    endloop
  endfacet
  facet normal 1 -0 0
    outer loop
      vertex 74 -56.2 5.95
      vertex 74 -51.2 3
      vertex 74 -55.8001 5.98939
    endloop
  endfacet
  facet normal 1 0 0
    outer loop
      vertex 74 -61.2 3
      vertex 74 -56.2 5.95
      vertex 74 -56.5999 5.98939
    endloop
  endfacet
  facet normal 1 0 0
    outer loop
      vertex 74 -61.2 3
      vertex 74 -56.5999 5.98939
      vertex 74 -56.9845 6.10605
    endloop
  endfacet
  facet normal 1 0 0
    outer loop
      vertex 74 -61.2 3
      vertex 74 -56.9845 6.10605
      vertex 74 -57.3389 6.29549
    endloop
  endfacet
  facet normal 1 0 0
    outer loop
      vertex 74 -61.2 3
      vertex 74 -58.25 8
      vertex 74 -61.2 13
    endloop
  endfacet
  facet normal 1 0 0
    outer loop
      vertex 74 -58.25 8
      vertex 74 -61.2 3
      vertex 74 -58.2106 7.60006
    endloop
  endfacet
  facet normal 1 0 0
    outer loop
      vertex 74 -58.2106 7.60006
      vertex 74 -61.2 3
      vertex 74 -58.094 7.2155
    endloop
  endfacet
  facet normal 1 0 0
    outer loop
      vertex 74 -58.094 7.2155
      vertex 74 -61.2 3
      vertex 74 -57.9045 6.86108
    endloop
  endfacet
  facet normal 1 0 0
    outer loop
      vertex 74 -61.2 3
      vertex 74 -57.6496 6.55043
      vertex 74 -57.9045 6.86108
    endloop
  endfacet
  facet normal 1 0 0
    outer loop
      vertex 74 -61.2 3
      vertex 74 -57.3389 6.29549
      vertex 74 -57.6496 6.55043
    endloop
  endfacet
  facet normal 1 0 0
    outer loop
      vertex 74 -56.2 5.95
      vertex 74 -61.2 3
      vertex 74 -51.2 3
    endloop
  endfacet
  facet normal 1 0 0
    outer loop
      vertex 74 -81.2 0
      vertex 74 -51.2 3
      vertex 74 -61.2 3
    endloop
  endfacet
  facet normal 1 0 0
    outer loop
      vertex 74 -81.2 0
      vertex 74 -61.2 3
      vertex 74 -81.2 3
    endloop
  endfacet
  facet normal 1 0 0
    outer loop
      vertex 74 -5 3
      vertex 74 -81.2 0
      vertex 74 81.2 0
    endloop
  endfacet
  facet normal 0 0 1
    outer loop
      vertex 1.67232 34.6144 3
      vertex -49.2723 34.6144 3
      vertex 1.87412 34.2777 3
    endloop
  endfacet
  facet normal 0 0 1
    outer loop
      vertex 2.66243 33.408 3
      vertex -48.8193 -36.1079 3
      vertex -48.8 -36.5 3
    endloop
  endfacet
  facet normal 0 0 1
    outer loop
      vertex -49.4741 34.2777 3
      vertex 1.87412 34.2777 3
      vertex -49.2723 34.6144 3
    endloop
  endfacet
  facet normal 0 0 1
    outer loop
      vertex 2.66243 33.408 3
      vertex -48.8769 -35.7196 3
      vertex -48.8193 -36.1079 3
    endloop
  endfacet
  facet normal 0 0 1
    outer loop
      vertex 1.87412 34.2777 3
      vertex -49.4741 34.2777 3
      vertex 2.10796 33.9624 3
    endloop
  endfacet
  facet normal 0 0 1
    outer loop
      vertex 2.66243 33.408 3
      vertex -48.9722 -35.3389 3
      vertex -48.8769 -35.7196 3
    endloop
  endfacet
  facet normal 0 0 1
    outer loop
      vertex -49.708 33.9624 3
      vertex 2.10796 33.9624 3
      vertex -49.4741 34.2777 3
    endloop
  endfacet
  facet normal 0 0 1
    outer loop
      vertex 2.66243 33.408 3
      vertex -49.1045 -34.9693 3
      vertex -48.9722 -35.3389 3
    endloop
  endfacet
  facet normal 0 0 1
    outer loop
      vertex 2.10796 33.9624 3
      vertex -49.708 33.9624 3
      vertex 2.37157 33.6716 3
    endloop
  endfacet
  facet normal 0 0 1
    outer loop
      vertex 2.66243 33.408 3
      vertex -49.2723 -34.6144 3
      vertex -49.1045 -34.9693 3
    endloop
  endfacet
  facet normal 0 0 1
    outer loop
      vertex -49.9716 33.6716 3
      vertex 2.37157 33.6716 3
      vertex -49.708 33.9624 3
    endloop
  endfacet
  facet normal 0 0 1
    outer loop
      vertex 2.66243 33.408 3
      vertex -49.4741 -34.2777 3
      vertex -49.2723 -34.6144 3
    endloop
  endfacet
  facet normal 0 0 1
    outer loop
      vertex 2.37157 33.6716 3
      vertex -49.9716 33.6716 3
      vertex 2.66243 33.408 3
    endloop
  endfacet
  facet normal 0 0 1
    outer loop
      vertex 2.66243 33.408 3
      vertex -49.708 -33.9624 3
      vertex -49.4741 -34.2777 3
    endloop
  endfacet
  facet normal 0 0 1
    outer loop
      vertex -50.2624 33.408 3
      vertex 2.66243 33.408 3
      vertex -49.9716 33.6716 3
    endloop
  endfacet
  facet normal 0 0 1
    outer loop
      vertex 2.66243 33.408 3
      vertex -49.9716 -33.6716 3
      vertex -49.708 -33.9624 3
    endloop
  endfacet
  facet normal 0 0 1
    outer loop
      vertex -50.2624 -33.408 3
      vertex 2.66243 33.408 3
      vertex -50.2624 33.408 3
    endloop
  endfacet
  facet normal 0 0 1
    outer loop
      vertex 2.66243 33.408 3
      vertex -50.2624 -33.408 3
      vertex -49.9716 -33.6716 3
    endloop
  endfacet
  facet normal -0 0 1
    outer loop
      vertex -50.5777 33.1741 3
      vertex -50.2624 -33.408 3
      vertex -50.2624 33.408 3
    endloop
  endfacet
  facet normal 0 0 1
    outer loop
      vertex -50.5777 33.1741 3
      vertex -50.5777 -33.1741 3
      vertex -50.2624 -33.408 3
    endloop
  endfacet
  facet normal -0 0 1
    outer loop
      vertex -50.9144 32.9723 3
      vertex -50.5777 -33.1741 3
      vertex -50.5777 33.1741 3
    endloop
  endfacet
  facet normal 0 0 1
    outer loop
      vertex -50.9144 32.9723 3
      vertex -50.9144 -32.9723 3
      vertex -50.5777 -33.1741 3
    endloop
  endfacet
  facet normal -0 0 1
    outer loop
      vertex -51.2693 32.8045 3
      vertex -50.9144 -32.9723 3
      vertex -50.9144 32.9723 3
    endloop
  endfacet
  facet normal 0 0 1
    outer loop
      vertex -51.2693 32.8045 3
      vertex -51.2693 -32.8045 3
      vertex -50.9144 -32.9723 3
    endloop
  endfacet
  facet normal -0 0 1
    outer loop
      vertex -51.6389 32.6722 3
      vertex -51.2693 -32.8045 3
      vertex -51.2693 32.8045 3
    endloop
  endfacet
  facet normal 0 0 1
    outer loop
      vertex -51.6389 32.6722 3
      vertex -51.6389 -32.6722 3
      vertex -51.2693 -32.8045 3
    endloop
  endfacet
  facet normal -0 0 1
    outer loop
      vertex -52.0196 32.5769 3
      vertex -51.6389 -32.6722 3
      vertex -51.6389 32.6722 3
    endloop
  endfacet
  facet normal 0 0 1
    outer loop
      vertex -52.0196 32.5769 3
      vertex -52.0196 -32.5769 3
      vertex -51.6389 -32.6722 3
    endloop
  endfacet
  facet normal -0 0 1
    outer loop
      vertex -52.4079 32.5193 3
      vertex -52.0196 -32.5769 3
      vertex -52.0196 32.5769 3
    endloop
  endfacet
  facet normal 0 0 1
    outer loop
      vertex -52.4079 32.5193 3
      vertex -52.4079 -32.5193 3
      vertex -52.0196 -32.5769 3
    endloop
  endfacet
  facet normal -0 0 1
    outer loop
      vertex -52.8 32.5 3
      vertex -52.4079 -32.5193 3
      vertex -52.4079 32.5193 3
    endloop
  endfacet
  facet normal 0 0 1
    outer loop
      vertex -52.8 32.5 3
      vertex -52.8 -32.5 3
      vertex -52.4079 -32.5193 3
    endloop
  endfacet
  facet normal 0 0 1
    outer loop
      vertex -53.1921 32.5193 3
      vertex -52.8 -32.5 3
      vertex -52.8 32.5 3
    endloop
  endfacet
  facet normal 0 0 1
    outer loop
      vertex -53.1921 32.5193 3
      vertex -53.1921 -32.5193 3
      vertex -52.8 -32.5 3
    endloop
  endfacet
  facet normal 0 0 1
    outer loop
      vertex -53.5804 32.5769 3
      vertex -53.1921 -32.5193 3
      vertex -53.1921 32.5193 3
    endloop
  endfacet
  facet normal 0 0 1
    outer loop
      vertex -53.5804 32.5769 3
      vertex -53.5804 -32.5769 3
      vertex -53.1921 -32.5193 3
    endloop
  endfacet
  facet normal 0 0 1
    outer loop
      vertex -53.9611 32.6722 3
      vertex -53.5804 -32.5769 3
      vertex -53.5804 32.5769 3
    endloop
  endfacet
  facet normal 0 0 1
    outer loop
      vertex -53.9611 32.6722 3
      vertex -53.9611 -32.6722 3
      vertex -53.5804 -32.5769 3
    endloop
  endfacet
  facet normal 0 0 1
    outer loop
      vertex -54.3307 32.8045 3
      vertex -53.9611 -32.6722 3
      vertex -53.9611 32.6722 3
    endloop
  endfacet
  facet normal 0 0 1
    outer loop
      vertex -54.3307 32.8045 3
      vertex -54.3307 -32.8045 3
      vertex -53.9611 -32.6722 3
    endloop
  endfacet
  facet normal 0 0 1
    outer loop
      vertex -54.6856 32.9723 3
      vertex -54.3307 -32.8045 3
      vertex -54.3307 32.8045 3
    endloop
  endfacet
  facet normal 0 0 1
    outer loop
      vertex -54.6856 32.9723 3
      vertex -54.6856 -32.9723 3
      vertex -54.3307 -32.8045 3
    endloop
  endfacet
  facet normal 0 0 1
    outer loop
      vertex -55.0223 33.1741 3
      vertex -54.6856 -32.9723 3
      vertex -54.6856 32.9723 3
    endloop
  endfacet
  facet normal 0 0 1
    outer loop
      vertex -55.0223 33.1741 3
      vertex -55.0223 -33.1741 3
      vertex -54.6856 -32.9723 3
    endloop
  endfacet
  facet normal 0 0 1
    outer loop
      vertex -55.3376 33.408 3
      vertex -55.0223 -33.1741 3
      vertex -55.0223 33.1741 3
    endloop
  endfacet
  facet normal 0 0 1
    outer loop
      vertex -55.3376 33.408 3
      vertex -55.3376 -33.408 3
      vertex -55.0223 -33.1741 3
    endloop
  endfacet
  facet normal 0 0 1
    outer loop
      vertex -55.6284 33.6716 3
      vertex -55.3376 -33.408 3
      vertex -55.3376 33.408 3
    endloop
  endfacet
  facet normal 0 0 1
    outer loop
      vertex -55.6284 33.6716 3
      vertex -55.6284 -33.6716 3
      vertex -55.3376 -33.408 3
    endloop
  endfacet
  facet normal 0 0 1
    outer loop
      vertex -55.892 33.9624 3
      vertex -55.6284 -33.6716 3
      vertex -55.6284 33.6716 3
    endloop
  endfacet
  facet normal 0 0 1
    outer loop
      vertex -55.892 33.9624 3
      vertex -55.892 -33.9624 3
      vertex -55.6284 -33.6716 3
    endloop
  endfacet
  facet normal 0 0 1
    outer loop
      vertex -56.1259 34.2777 3
      vertex -55.892 -33.9624 3
      vertex -55.892 33.9624 3
    endloop
  endfacet
  facet normal 0 0 1
    outer loop
      vertex -56.1259 34.2777 3
      vertex -56.1259 -34.2777 3
      vertex -55.892 -33.9624 3
    endloop
  endfacet
  facet normal 0 0 1
    outer loop
      vertex -56.3277 34.6144 3
      vertex -56.1259 -34.2777 3
      vertex -56.1259 34.2777 3
    endloop
  endfacet
  facet normal 0 0 1
    outer loop
      vertex -56.3277 34.6144 3
      vertex -56.3277 -34.6144 3
      vertex -56.1259 -34.2777 3
    endloop
  endfacet
  facet normal 0 0 1
    outer loop
      vertex -56.4955 34.9693 3
      vertex -56.3277 -34.6144 3
      vertex -56.3277 34.6144 3
    endloop
  endfacet
  facet normal 0 0 1
    outer loop
      vertex -56.4955 34.9693 3
      vertex -56.4955 -34.9693 3
      vertex -56.3277 -34.6144 3
    endloop
  endfacet
  facet normal 0 0 1
    outer loop
      vertex -71 56.2 3
      vertex -56.4955 34.9693 3
      vertex -56.6278 35.3389 3
    endloop
  endfacet
  facet normal 0 0 1
    outer loop
      vertex -56.4955 34.9693 3
      vertex -71 56.2 3
      vertex -56.4955 -34.9693 3
    endloop
  endfacet
  facet normal 0 0 1
    outer loop
      vertex -71 56.2 3
      vertex -56.6278 35.3389 3
      vertex -56.7231 35.7196 3
    endloop
  endfacet
  facet normal 0 0 1
    outer loop
      vertex -71 -56.2 3
      vertex -56.4955 -34.9693 3
      vertex -71 56.2 3
    endloop
  endfacet
  facet normal 0 0 1
    outer loop
      vertex -71 56.2 3
      vertex -56.7231 35.7196 3
      vertex -56.7807 36.1079 3
    endloop
  endfacet
  facet normal 0 0 1
    outer loop
      vertex -56.4955 -34.9693 3
      vertex -71 -56.2 3
      vertex -56.6278 -35.3389 3
    endloop
  endfacet
  facet normal 0 0 1
    outer loop
      vertex -71 56.2 3
      vertex -56.7807 36.1079 3
      vertex -56.8 36.5 3
    endloop
  endfacet
  facet normal 0 0 1
    outer loop
      vertex -56.6278 -35.3389 3
      vertex -71 -56.2 3
      vertex -56.7231 -35.7196 3
    endloop
  endfacet
  facet normal -0 0 1
    outer loop
      vertex 9.02776 35.3389 3
      vertex 64 5 3
      vertex 9.12314 35.7196 3
    endloop
  endfacet
  facet normal 0 0 1
    outer loop
      vertex 64 -5 3
      vertex 9.18074 -36.1079 3
      vertex 9.2 -36.5 3
    endloop
  endfacet
  facet normal -0 0 1
    outer loop
      vertex 8.89552 34.9693 3
      vertex 64 5 3
      vertex 9.02776 35.3389 3
    endloop
  endfacet
  facet normal 0 0 1
    outer loop
      vertex 64 -5 3
      vertex 9.12314 -35.7196 3
      vertex 9.18074 -36.1079 3
    endloop
  endfacet
  facet normal -0 0 1
    outer loop
      vertex 8.72768 34.6144 3
      vertex 64 5 3
      vertex 8.89552 34.9693 3
    endloop
  endfacet
  facet normal 0 0 1
    outer loop
      vertex 64 -5 3
      vertex 9.02776 -35.3389 3
      vertex 9.12314 -35.7196 3
    endloop
  endfacet
  facet normal -0 0 1
    outer loop
      vertex 8.52588 34.2777 3
      vertex 64 5 3
      vertex 8.72768 34.6144 3
    endloop
  endfacet
  facet normal 0 0 1
    outer loop
      vertex 64 -5 3
      vertex 8.89552 -34.9693 3
      vertex 9.02776 -35.3389 3
    endloop
  endfacet
  facet normal -0 0 1
    outer loop
      vertex 8.29204 33.9624 3
      vertex 64 5 3
      vertex 8.52588 34.2777 3
    endloop
  endfacet
  facet normal 0 0 1
    outer loop
      vertex 64 -5 3
      vertex 8.72768 -34.6144 3
      vertex 8.89552 -34.9693 3
    endloop
  endfacet
  facet normal -0 0 1
    outer loop
      vertex 8.02843 33.6716 3
      vertex 64 5 3
      vertex 8.29204 33.9624 3
    endloop
  endfacet
  facet normal 0 0 1
    outer loop
      vertex 64 -5 3
      vertex 8.52588 -34.2777 3
      vertex 8.72768 -34.6144 3
    endloop
  endfacet
  facet normal -0 0 1
    outer loop
      vertex 7.73757 33.408 3
      vertex 64 5 3
      vertex 8.02843 33.6716 3
    endloop
  endfacet
  facet normal 0 0 1
    outer loop
      vertex 64 -5 3
      vertex 8.29204 -33.9624 3
      vertex 8.52588 -34.2777 3
    endloop
  endfacet
  facet normal -0 0 1
    outer loop
      vertex 7.42228 33.1741 3
      vertex 64 5 3
      vertex 7.73757 33.408 3
    endloop
  endfacet
  facet normal 0 0 1
    outer loop
      vertex 64 -5 3
      vertex 8.02843 -33.6716 3
      vertex 8.29204 -33.9624 3
    endloop
  endfacet
  facet normal -0 0 1
    outer loop
      vertex 7.08559 32.9723 3
      vertex 64 5 3
      vertex 7.42228 33.1741 3
    endloop
  endfacet
  facet normal 0 0 1
    outer loop
      vertex 64 -5 3
      vertex 7.73757 -33.408 3
      vertex 8.02843 -33.6716 3
    endloop
  endfacet
  facet normal 0 0 1
    outer loop
      vertex 64 5 3
      vertex 7.08559 32.9723 3
      vertex 64 -5 3
    endloop
  endfacet
  facet normal 0 0 1
    outer loop
      vertex 64 -5 3
      vertex 7.42228 -33.1741 3
      vertex 7.73757 -33.408 3
    endloop
  endfacet
  facet normal 0 0 1
    outer loop
      vertex 7.08559 -32.9723 3
      vertex 64 -5 3
      vertex 7.08559 32.9723 3
    endloop
  endfacet
  facet normal 0 0 1
    outer loop
      vertex 64 -5 3
      vertex 7.08559 -32.9723 3
      vertex 7.42228 -33.1741 3
    endloop
  endfacet
  facet normal -0 0 1
    outer loop
      vertex 6.73073 32.8045 3
      vertex 7.08559 -32.9723 3
      vertex 7.08559 32.9723 3
    endloop
  endfacet
  facet normal 0 0 1
    outer loop
      vertex 6.73073 32.8045 3
      vertex 6.73073 -32.8045 3
      vertex 7.08559 -32.9723 3
    endloop
  endfacet
  facet normal -0 0 1
    outer loop
      vertex 6.36114 32.6722 3
      vertex 6.73073 -32.8045 3
      vertex 6.73073 32.8045 3
    endloop
  endfacet
  facet normal 0 0 1
    outer loop
      vertex 6.36114 32.6722 3
      vertex 6.36114 -32.6722 3
      vertex 6.73073 -32.8045 3
    endloop
  endfacet
  facet normal -0 0 1
    outer loop
      vertex 5.98036 32.5769 3
      vertex 6.36114 -32.6722 3
      vertex 6.36114 32.6722 3
    endloop
  endfacet
  facet normal 0 0 1
    outer loop
      vertex 5.98036 32.5769 3
      vertex 5.98036 -32.5769 3
      vertex 6.36114 -32.6722 3
    endloop
  endfacet
  facet normal -0 0 1
    outer loop
      vertex 5.59207 32.5193 3
      vertex 5.98036 -32.5769 3
      vertex 5.98036 32.5769 3
    endloop
  endfacet
  facet normal 0 0 1
    outer loop
      vertex 5.59207 32.5193 3
      vertex 5.59207 -32.5193 3
      vertex 5.98036 -32.5769 3
    endloop
  endfacet
  facet normal -0 0 1
    outer loop
      vertex 5.2 32.5 3
      vertex 5.59207 -32.5193 3
      vertex 5.59207 32.5193 3
    endloop
  endfacet
  facet normal 0 0 1
    outer loop
      vertex 5.2 32.5 3
      vertex 5.2 -32.5 3
      vertex 5.59207 -32.5193 3
    endloop
  endfacet
  facet normal 0 0 1
    outer loop
      vertex 4.80793 32.5193 3
      vertex 5.2 -32.5 3
      vertex 5.2 32.5 3
    endloop
  endfacet
  facet normal 0 0 1
    outer loop
      vertex 4.80793 32.5193 3
      vertex 4.80793 -32.5193 3
      vertex 5.2 -32.5 3
    endloop
  endfacet
  facet normal 0 0 1
    outer loop
      vertex 4.41964 32.5769 3
      vertex 4.80793 -32.5193 3
      vertex 4.80793 32.5193 3
    endloop
  endfacet
  facet normal 0 0 1
    outer loop
      vertex 4.41964 32.5769 3
      vertex 4.41964 -32.5769 3
      vertex 4.80793 -32.5193 3
    endloop
  endfacet
  facet normal 0 0 1
    outer loop
      vertex 4.03886 32.6722 3
      vertex 4.41964 -32.5769 3
      vertex 4.41964 32.5769 3
    endloop
  endfacet
  facet normal 0 0 1
    outer loop
      vertex 4.03886 32.6722 3
      vertex 4.03886 -32.6722 3
      vertex 4.41964 -32.5769 3
    endloop
  endfacet
  facet normal 0 0 1
    outer loop
      vertex 3.66927 32.8045 3
      vertex 4.03886 -32.6722 3
      vertex 4.03886 32.6722 3
    endloop
  endfacet
  facet normal 0 0 1
    outer loop
      vertex 3.66927 32.8045 3
      vertex 3.66927 -32.8045 3
      vertex 4.03886 -32.6722 3
    endloop
  endfacet
  facet normal 0 0 1
    outer loop
      vertex 3.31441 32.9723 3
      vertex 3.66927 -32.8045 3
      vertex 3.66927 32.8045 3
    endloop
  endfacet
  facet normal 0 0 1
    outer loop
      vertex 3.31441 32.9723 3
      vertex 3.31441 -32.9723 3
      vertex 3.66927 -32.8045 3
    endloop
  endfacet
  facet normal 0 0 1
    outer loop
      vertex 2.97772 33.1741 3
      vertex 3.31441 -32.9723 3
      vertex 3.31441 32.9723 3
    endloop
  endfacet
  facet normal 0 0 1
    outer loop
      vertex 2.97772 33.1741 3
      vertex 2.97772 -33.1741 3
      vertex 3.31441 -32.9723 3
    endloop
  endfacet
  facet normal 0 0 1
    outer loop
      vertex 2.66243 33.408 3
      vertex 2.97772 -33.1741 3
      vertex 2.97772 33.1741 3
    endloop
  endfacet
  facet normal 0 0 1
    outer loop
      vertex 2.66243 33.408 3
      vertex 2.66243 -33.408 3
      vertex 2.97772 -33.1741 3
    endloop
  endfacet
  facet normal 0 0 1
    outer loop
      vertex 1.50448 34.9693 3
      vertex -49.1045 34.9693 3
      vertex 1.67232 34.6144 3
    endloop
  endfacet
  facet normal 0 0 1
    outer loop
      vertex 2.66243 33.408 3
      vertex -48.8 -36.5 3
      vertex 2.66243 -33.408 3
    endloop
  endfacet
  facet normal 0 0 1
    outer loop
      vertex -49.1045 34.9693 3
      vertex 1.50448 34.9693 3
      vertex -48.9722 35.3389 3
    endloop
  endfacet
  facet normal 0 0 1
    outer loop
      vertex 2.66243 -33.408 3
      vertex -48.8 -36.5 3
      vertex 2.37157 -33.6716 3
    endloop
  endfacet
  facet normal 0 0 1
    outer loop
      vertex 1.37224 35.3389 3
      vertex -48.9722 35.3389 3
      vertex 1.50448 34.9693 3
    endloop
  endfacet
  facet normal 0 0 1
    outer loop
      vertex 2.37157 -33.6716 3
      vertex -48.8 -36.5 3
      vertex 2.10796 -33.9624 3
    endloop
  endfacet
  facet normal 0 0 1
    outer loop
      vertex -48.9722 35.3389 3
      vertex 1.37224 35.3389 3
      vertex -48.8769 35.7196 3
    endloop
  endfacet
  facet normal 0 0 1
    outer loop
      vertex 2.10796 -33.9624 3
      vertex -48.8 -36.5 3
      vertex 1.87412 -34.2777 3
    endloop
  endfacet
  facet normal 0 0 1
    outer loop
      vertex 1.27686 35.7196 3
      vertex -48.8769 35.7196 3
      vertex 1.37224 35.3389 3
    endloop
  endfacet
  facet normal 0 0 1
    outer loop
      vertex 1.87412 -34.2777 3
      vertex -48.8 -36.5 3
      vertex 1.67232 -34.6144 3
    endloop
  endfacet
  facet normal 0 0 1
    outer loop
      vertex -48.8769 35.7196 3
      vertex 1.27686 35.7196 3
      vertex -48.8193 36.1079 3
    endloop
  endfacet
  facet normal 0 0 1
    outer loop
      vertex 1.67232 -34.6144 3
      vertex -48.8 -36.5 3
      vertex 1.50448 -34.9693 3
    endloop
  endfacet
  facet normal 0 0 1
    outer loop
      vertex 1.21926 36.1079 3
      vertex -48.8193 36.1079 3
      vertex 1.27686 35.7196 3
    endloop
  endfacet
  facet normal 0 0 1
    outer loop
      vertex 1.50448 -34.9693 3
      vertex -48.8 -36.5 3
      vertex 1.37224 -35.3389 3
    endloop
  endfacet
  facet normal 0 0 1
    outer loop
      vertex -48.8193 36.1079 3
      vertex 1.21926 36.1079 3
      vertex -48.8 36.5 3
    endloop
  endfacet
  facet normal 0 0 1
    outer loop
      vertex 1.37224 -35.3389 3
      vertex -48.8 -36.5 3
      vertex 1.27686 -35.7196 3
    endloop
  endfacet
  facet normal -0 0 1
    outer loop
      vertex -48.8 36.5 3
      vertex 1.21926 36.1079 3
      vertex 1.2 36.5 3
    endloop
  endfacet
  facet normal 0 0 1
    outer loop
      vertex 1.27686 -35.7196 3
      vertex -48.8 -36.5 3
      vertex 1.21926 -36.1079 3
    endloop
  endfacet
  facet normal 0 0 1
    outer loop
      vertex 9.12314 35.7196 3
      vertex 64 51.2 3
      vertex 9.18074 36.1079 3
    endloop
  endfacet
  facet normal 0 0 1
    outer loop
      vertex 64 51.2 3
      vertex 9.12314 35.7196 3
      vertex 64 5 3
    endloop
  endfacet
  facet normal 0 0 1
    outer loop
      vertex 74 81.2 3
      vertex 64 61.2 3
      vertex 74 61.2 3
    endloop
  endfacet
  facet normal 0 0 1
    outer loop
      vertex 54 64.2 3
      vertex 64 51.2 3
      vertex 64 61.2 3
    endloop
  endfacet
  facet normal -0 0 1
    outer loop
      vertex 40 64.2 3
      vertex 64 51.2 3
      vertex 54 64.2 3
    endloop
  endfacet
  facet normal 0 0 1
    outer loop
      vertex 9.18074 36.1079 3
      vertex 40 64.2 3
      vertex 9.2 36.5 3
    endloop
  endfacet
  facet normal 0 0 1
    outer loop
      vertex 40 64.2 3
      vertex 9.18074 36.1079 3
      vertex 64 51.2 3
    endloop
  endfacet
  facet normal 0 -0 1
    outer loop
      vertex 57 -64.2 3
      vertex 64 -51.2 3
      vertex 51.5 -64.2 3
    endloop
  endfacet
  facet normal 0 0 1
    outer loop
      vertex 64 -5 3
      vertex 51.5 -64.2 3
      vertex 64 -51.2 3
    endloop
  endfacet
  facet normal -0 0 1
    outer loop
      vertex 54 64.2 3
      vertex 64 61.2 3
      vertex 54 78.2 3
    endloop
  endfacet
  facet normal 0 0 1
    outer loop
      vertex 74 81.2 3
      vertex 54 78.2 3
      vertex 64 61.2 3
    endloop
  endfacet
  facet normal 0 0 1
    outer loop
      vertex 74 81.2 3
      vertex 40 78.2 3
      vertex 54 78.2 3
    endloop
  endfacet
  facet normal 0 0 1
    outer loop
      vertex 5.59207 40.4807 3
      vertex 40 64.2 3
      vertex 40 78.2 3
    endloop
  endfacet
  facet normal 0 0 1
    outer loop
      vertex 37.5 -64.2 3
      vertex 14.5 -64.2 3
      vertex 37.5 -78.2 3
    endloop
  endfacet
  facet normal 0 -0 1
    outer loop
      vertex 37.5 -64.2 3
      vertex 64 -5 3
      vertex 9.2 -36.5 3
    endloop
  endfacet
  facet normal 0 0 1
    outer loop
      vertex 64 -5 3
      vertex 37.5 -64.2 3
      vertex 51.5 -64.2 3
    endloop
  endfacet
  facet normal 0 0 1
    outer loop
      vertex 40 64.2 3
      vertex 9.18074 36.8921 3
      vertex 9.2 36.5 3
    endloop
  endfacet
  facet normal 0 0 1
    outer loop
      vertex 40 64.2 3
      vertex 9.12314 37.2804 3
      vertex 9.18074 36.8921 3
    endloop
  endfacet
  facet normal 0 0 1
    outer loop
      vertex 40 64.2 3
      vertex 9.02776 37.6611 3
      vertex 9.12314 37.2804 3
    endloop
  endfacet
  facet normal 0 0 1
    outer loop
      vertex 40 64.2 3
      vertex 8.89552 38.0307 3
      vertex 9.02776 37.6611 3
    endloop
  endfacet
  facet normal 0 0 1
    outer loop
      vertex 40 64.2 3
      vertex 8.72768 38.3856 3
      vertex 8.89552 38.0307 3
    endloop
  endfacet
  facet normal 0 0 1
    outer loop
      vertex 40 64.2 3
      vertex 8.52588 38.7223 3
      vertex 8.72768 38.3856 3
    endloop
  endfacet
  facet normal 0 0 1
    outer loop
      vertex 40 64.2 3
      vertex 8.29204 39.0376 3
      vertex 8.52588 38.7223 3
    endloop
  endfacet
  facet normal 0 0 1
    outer loop
      vertex 40 64.2 3
      vertex 8.02843 39.3284 3
      vertex 8.29204 39.0376 3
    endloop
  endfacet
  facet normal 0 0 1
    outer loop
      vertex 40 64.2 3
      vertex 7.73757 39.592 3
      vertex 8.02843 39.3284 3
    endloop
  endfacet
  facet normal 0 0 1
    outer loop
      vertex 40 64.2 3
      vertex 7.42228 39.8259 3
      vertex 7.73757 39.592 3
    endloop
  endfacet
  facet normal 0 0 1
    outer loop
      vertex 40 64.2 3
      vertex 7.08559 40.0277 3
      vertex 7.42228 39.8259 3
    endloop
  endfacet
  facet normal 0 0 1
    outer loop
      vertex 40 64.2 3
      vertex 6.73073 40.1955 3
      vertex 7.08559 40.0277 3
    endloop
  endfacet
  facet normal 0 0 1
    outer loop
      vertex 40 64.2 3
      vertex 6.36114 40.3278 3
      vertex 6.73073 40.1955 3
    endloop
  endfacet
  facet normal 0 0 1
    outer loop
      vertex 40 64.2 3
      vertex 5.98036 40.4231 3
      vertex 6.36114 40.3278 3
    endloop
  endfacet
  facet normal 0 0 1
    outer loop
      vertex 40 64.2 3
      vertex 5.59207 40.4807 3
      vertex 5.98036 40.4231 3
    endloop
  endfacet
  facet normal 0 0 1
    outer loop
      vertex 40 78.2 3
      vertex 5.2 40.5 3
      vertex 5.59207 40.4807 3
    endloop
  endfacet
  facet normal 0 0 1
    outer loop
      vertex 40 78.2 3
      vertex 4.80793 40.4807 3
      vertex 5.2 40.5 3
    endloop
  endfacet
  facet normal 0 0 1
    outer loop
      vertex 40 78.2 3
      vertex 4.41964 40.4231 3
      vertex 4.80793 40.4807 3
    endloop
  endfacet
  facet normal -0 0 1
    outer loop
      vertex -49 78.2 3
      vertex 4.41964 40.4231 3
      vertex 40 78.2 3
    endloop
  endfacet
  facet normal 0 0 1
    outer loop
      vertex 4.41964 40.4231 3
      vertex -49 78.2 3
      vertex 4.03886 40.3278 3
    endloop
  endfacet
  facet normal 0 0 1
    outer loop
      vertex 4.03886 40.3278 3
      vertex -49 78.2 3
      vertex 3.66927 40.1955 3
    endloop
  endfacet
  facet normal 0 0 1
    outer loop
      vertex 3.66927 40.1955 3
      vertex -49 78.2 3
      vertex 3.31441 40.0277 3
    endloop
  endfacet
  facet normal -0 0 1
    outer loop
      vertex -49 64.2 3
      vertex 3.31441 40.0277 3
      vertex -49 78.2 3
    endloop
  endfacet
  facet normal 0 0 1
    outer loop
      vertex 3.31441 40.0277 3
      vertex -49 64.2 3
      vertex 2.97772 39.8259 3
    endloop
  endfacet
  facet normal 0 0 1
    outer loop
      vertex 1.21926 -36.1079 3
      vertex -48.8 -36.5 3
      vertex 1.2 -36.5 3
    endloop
  endfacet
  facet normal 0 0 1
    outer loop
      vertex -14.7741 -70.6901 3
      vertex 0.5 -64.2 3
      vertex -14.75 -70.2 3
    endloop
  endfacet
  facet normal 0 0 1
    outer loop
      vertex -48.8193 -36.8921 3
      vertex 1.2 -36.5 3
      vertex -48.8 -36.5 3
    endloop
  endfacet
  facet normal 0 0 1
    outer loop
      vertex -48.8 36.5 3
      vertex 1.2 36.5 3
      vertex 1.21926 36.8921 3
    endloop
  endfacet
  facet normal 0 0 1
    outer loop
      vertex -48.8193 36.8921 3
      vertex 1.21926 36.8921 3
      vertex 1.27686 37.2804 3
    endloop
  endfacet
  facet normal 0 0 1
    outer loop
      vertex 0.5 -64.2 3
      vertex -14.7741 -69.7099 3
      vertex -14.75 -70.2 3
    endloop
  endfacet
  facet normal 0 0 1
    outer loop
      vertex 0.5 -64.2 3
      vertex -14.8461 -69.2245 3
      vertex -14.7741 -69.7099 3
    endloop
  endfacet
  facet normal 0 0 1
    outer loop
      vertex 0.5 -64.2 3
      vertex -14.9653 -68.7486 3
      vertex -14.8461 -69.2245 3
    endloop
  endfacet
  facet normal 0 0 1
    outer loop
      vertex 0.5 -64.2 3
      vertex -15.1306 -68.2866 3
      vertex -14.9653 -68.7486 3
    endloop
  endfacet
  facet normal 0 0 1
    outer loop
      vertex 0.5 -64.2 3
      vertex -15.3404 -67.843 3
      vertex -15.1306 -68.2866 3
    endloop
  endfacet
  facet normal 0 0 1
    outer loop
      vertex 0.5 -64.2 3
      vertex -15.5927 -67.4221 3
      vertex -15.3404 -67.843 3
    endloop
  endfacet
  facet normal 0 0 1
    outer loop
      vertex 0.5 -64.2 3
      vertex -15.8849 -67.028 3
      vertex -15.5927 -67.4221 3
    endloop
  endfacet
  facet normal 0 0 1
    outer loop
      vertex 0.5 -64.2 3
      vertex -16.2145 -66.6645 3
      vertex -15.8849 -67.028 3
    endloop
  endfacet
  facet normal 0 0 1
    outer loop
      vertex 0.5 -64.2 3
      vertex -16.578 -66.3349 3
      vertex -16.2145 -66.6645 3
    endloop
  endfacet
  facet normal 0 0 1
    outer loop
      vertex 0.5 -64.2 3
      vertex -16.9721 -66.0427 3
      vertex -16.578 -66.3349 3
    endloop
  endfacet
  facet normal 0 0 1
    outer loop
      vertex 0.5 -64.2 3
      vertex -17.393 -65.7904 3
      vertex -16.9721 -66.0427 3
    endloop
  endfacet
  facet normal 0 0 1
    outer loop
      vertex 1.2 -36.5 3
      vertex -17.393 -65.7904 3
      vertex 0.5 -64.2 3
    endloop
  endfacet
  facet normal 0 -0 1
    outer loop
      vertex -17.393 -65.7904 3
      vertex 1.2 -36.5 3
      vertex -17.8366 -65.5806 3
    endloop
  endfacet
  facet normal 0 -0 1
    outer loop
      vertex -18.2986 -65.4153 3
      vertex 1.2 -36.5 3
      vertex -18.7745 -65.2961 3
    endloop
  endfacet
  facet normal 0 -0 1
    outer loop
      vertex -17.8366 -65.5806 3
      vertex 1.2 -36.5 3
      vertex -18.2986 -65.4153 3
    endloop
  endfacet
  facet normal 0 0 1
    outer loop
      vertex 1.2 -36.5 3
      vertex -19.2599 -65.2241 3
      vertex -18.7745 -65.2961 3
    endloop
  endfacet
  facet normal 0 0 1
    outer loop
      vertex 1.2 -36.5 3
      vertex -19.75 -65.2 3
      vertex -19.2599 -65.2241 3
    endloop
  endfacet
  facet normal 0 0 1
    outer loop
      vertex 1.2 -36.5 3
      vertex -20.2401 -65.2241 3
      vertex -19.75 -65.2 3
    endloop
  endfacet
  facet normal 0 0 1
    outer loop
      vertex 1.2 -36.5 3
      vertex -48.8193 -36.8921 3
      vertex -20.2401 -65.2241 3
    endloop
  endfacet
  facet normal 0 0 1
    outer loop
      vertex -20.2401 -65.2241 3
      vertex -48.8193 -36.8921 3
      vertex -20.7255 -65.2961 3
    endloop
  endfacet
  facet normal -0 0 1
    outer loop
      vertex -48.8769 -37.2804 3
      vertex -20.7255 -65.2961 3
      vertex -48.8193 -36.8921 3
    endloop
  endfacet
  facet normal 0 0 1
    outer loop
      vertex -20.7255 -65.2961 3
      vertex -48.8769 -37.2804 3
      vertex -21.2014 -65.4153 3
    endloop
  endfacet
  facet normal -0 0 1
    outer loop
      vertex -48.9722 -37.6611 3
      vertex -21.2014 -65.4153 3
      vertex -48.8769 -37.2804 3
    endloop
  endfacet
  facet normal 0 0 1
    outer loop
      vertex -21.2014 -65.4153 3
      vertex -48.9722 -37.6611 3
      vertex -21.6634 -65.5806 3
    endloop
  endfacet
  facet normal -0 0 1
    outer loop
      vertex -49.1045 -38.0307 3
      vertex -21.6634 -65.5806 3
      vertex -48.9722 -37.6611 3
    endloop
  endfacet
  facet normal -0 -0 1
    outer loop
      vertex -40 -64.2 3
      vertex -21.6634 -65.5806 3
      vertex -49.1045 -38.0307 3
    endloop
  endfacet
  facet normal 0 0 1
    outer loop
      vertex -21.6634 -65.5806 3
      vertex -40 -64.2 3
      vertex -22.107 -65.7904 3
    endloop
  endfacet
  facet normal 0 0 1
    outer loop
      vertex -22.107 -65.7904 3
      vertex -40 -64.2 3
      vertex -22.5279 -66.0427 3
    endloop
  endfacet
  facet normal 0 0 1
    outer loop
      vertex -22.5279 -66.0427 3
      vertex -40 -64.2 3
      vertex -22.922 -66.3349 3
    endloop
  endfacet
  facet normal 0 0 1
    outer loop
      vertex -23.2855 -66.6645 3
      vertex -40 -64.2 3
      vertex -23.6151 -67.028 3
    endloop
  endfacet
  facet normal 0 0 1
    outer loop
      vertex -24.7259 -69.7099 3
      vertex -40 -64.2 3
      vertex -24.75 -70.2 3
    endloop
  endfacet
  facet normal 0 0 1
    outer loop
      vertex -24.6539 -69.2245 3
      vertex -40 -64.2 3
      vertex -24.7259 -69.7099 3
    endloop
  endfacet
  facet normal 0 0 1
    outer loop
      vertex -23.6151 -67.028 3
      vertex -40 -64.2 3
      vertex -23.9073 -67.4221 3
    endloop
  endfacet
  facet normal 0 0 1
    outer loop
      vertex -48.8769 37.2804 3
      vertex 1.27686 37.2804 3
      vertex 1.37224 37.6611 3
    endloop
  endfacet
  facet normal 0 0 1
    outer loop
      vertex -48.9722 37.6611 3
      vertex 1.37224 37.6611 3
      vertex 1.50448 38.0307 3
    endloop
  endfacet
  facet normal 0 0 1
    outer loop
      vertex -49.2723 34.6144 3
      vertex 1.67232 34.6144 3
      vertex -49.1045 34.9693 3
    endloop
  endfacet
  facet normal 0 0 1
    outer loop
      vertex -49.1045 38.0307 3
      vertex 1.50448 38.0307 3
      vertex 1.67232 38.3856 3
    endloop
  endfacet
  facet normal 0 0 1
    outer loop
      vertex -49 64.2 3
      vertex 1.67232 38.3856 3
      vertex 1.87412 38.7223 3
    endloop
  endfacet
  facet normal 0 0 1
    outer loop
      vertex -49 64.2 3
      vertex 1.87412 38.7223 3
      vertex 2.10796 39.0376 3
    endloop
  endfacet
  facet normal 0 0 1
    outer loop
      vertex -49 64.2 3
      vertex 2.10796 39.0376 3
      vertex 2.37157 39.3284 3
    endloop
  endfacet
  facet normal 0 0 1
    outer loop
      vertex 2.97772 39.8259 3
      vertex -49 64.2 3
      vertex 2.66243 39.592 3
    endloop
  endfacet
  facet normal 0 0 1
    outer loop
      vertex 1.21926 36.8921 3
      vertex -48.8193 36.8921 3
      vertex -48.8 36.5 3
    endloop
  endfacet
  facet normal 0 0 1
    outer loop
      vertex 1.27686 37.2804 3
      vertex -48.8769 37.2804 3
      vertex -48.8193 36.8921 3
    endloop
  endfacet
  facet normal 0 0 1
    outer loop
      vertex 1.37224 37.6611 3
      vertex -48.9722 37.6611 3
      vertex -48.8769 37.2804 3
    endloop
  endfacet
  facet normal 0 0 1
    outer loop
      vertex 2.66243 39.592 3
      vertex -49 64.2 3
      vertex 2.37157 39.3284 3
    endloop
  endfacet
  facet normal -0 0 1
    outer loop
      vertex -74 81.2 3
      vertex 40 78.2 3
      vertex 74 81.2 3
    endloop
  endfacet
  facet normal 0 0 1
    outer loop
      vertex 40 78.2 3
      vertex -74 81.2 3
      vertex -49 78.2 3
    endloop
  endfacet
  facet normal 0 0 1
    outer loop
      vertex -63 78.2 3
      vertex -71 70.2 3
      vertex -63 70.2 3
    endloop
  endfacet
  facet normal 0 0 1
    outer loop
      vertex -71 70.2 3
      vertex -71.1 65.2451 3
      vertex -71 65.2451 3
    endloop
  endfacet
  facet normal 0 0 1
    outer loop
      vertex -74 81.2 3
      vertex -71.1 61.1549 3
      vertex -71.1 65.2451 3
    endloop
  endfacet
  facet normal 0 0 1
    outer loop
      vertex -71.1 61.1549 3
      vertex -74 81.2 3
      vertex -71.1 -61.1549 3
    endloop
  endfacet
  facet normal 0 0 1
    outer loop
      vertex -74 -81.2 3
      vertex -71.1 -61.1549 3
      vertex -74 81.2 3
    endloop
  endfacet
  facet normal 0 0 1
    outer loop
      vertex -71 70.2 3
      vertex -74 81.2 3
      vertex -71.1 65.2451 3
    endloop
  endfacet
  facet normal 0 0 1
    outer loop
      vertex -63 78.2 3
      vertex -74 81.2 3
      vertex -71 70.2 3
    endloop
  endfacet
  facet normal 0 0 1
    outer loop
      vertex -49 78.2 3
      vertex -74 81.2 3
      vertex -63 78.2 3
    endloop
  endfacet
  facet normal -0 0 1
    outer loop
      vertex 64 51.2 3
      vertex 74 5 3
      vertex 74 51.2 3
    endloop
  endfacet
  facet normal 0 0 1
    outer loop
      vertex 74 5 3
      vertex 64 51.2 3
      vertex 64 5 3
    endloop
  endfacet
  facet normal -0 0 1
    outer loop
      vertex 64 -5 3
      vertex 74 -51.2 3
      vertex 74 -5 3
    endloop
  endfacet
  facet normal 0 0 1
    outer loop
      vertex 74 -51.2 3
      vertex 64 -5 3
      vertex 64 -51.2 3
    endloop
  endfacet
  facet normal 0 0 1
    outer loop
      vertex 74 -61.2 3
      vertex 71 -64.2 3
      vertex 74 -81.2 3
    endloop
  endfacet
  facet normal -0 0 1
    outer loop
      vertex 64 -61.2 3
      vertex 71 -64.2 3
      vertex 74 -61.2 3
    endloop
  endfacet
  facet normal 0 0 1
    outer loop
      vertex 71 -64.2 3
      vertex 64 -61.2 3
      vertex 57 -64.2 3
    endloop
  endfacet
  facet normal -0 0 1
    outer loop
      vertex 71 -78.2 3
      vertex 74 -81.2 3
      vertex 71 -64.2 3
    endloop
  endfacet
  facet normal -0 0 1
    outer loop
      vertex 57 -78.2 3
      vertex 74 -81.2 3
      vertex 71 -78.2 3
    endloop
  endfacet
  facet normal 0 0 1
    outer loop
      vertex 64 -51.2 3
      vertex 57 -64.2 3
      vertex 64 -61.2 3
    endloop
  endfacet
  facet normal 0 0 1
    outer loop
      vertex 57 -64.2 3
      vertex 51.5 -64.2 3
      vertex 57 -78.2 3
    endloop
  endfacet
  facet normal 0 0 1
    outer loop
      vertex 51.5 -78.2 3
      vertex 57 -78.2 3
      vertex 51.5 -64.2 3
    endloop
  endfacet
  facet normal -0 0 1
    outer loop
      vertex 51.5 -78.2 3
      vertex 74 -81.2 3
      vertex 57 -78.2 3
    endloop
  endfacet
  facet normal -0 0 1
    outer loop
      vertex 37.5 -78.2 3
      vertex 74 -81.2 3
      vertex 51.5 -78.2 3
    endloop
  endfacet
  facet normal 0 0 1
    outer loop
      vertex 14.5 -78.2 3
      vertex 37.5 -78.2 3
      vertex 14.5 -64.2 3
    endloop
  endfacet
  facet normal -0 0 1
    outer loop
      vertex 14.5 -78.2 3
      vertex 74 -81.2 3
      vertex 37.5 -78.2 3
    endloop
  endfacet
  facet normal 0 0 1
    outer loop
      vertex 11.0015 -78.21 3
      vertex 14.5 -78.2 3
      vertex 11.0015 -78.2 3
    endloop
  endfacet
  facet normal 0 0 1
    outer loop
      vertex 14.5 -78.2 3
      vertex 11.0015 -78.21 3
      vertex 74 -81.2 3
    endloop
  endfacet
  facet normal -0 0 1
    outer loop
      vertex 3.99851 -78.21 3
      vertex 74 -81.2 3
      vertex 11.0015 -78.21 3
    endloop
  endfacet
  facet normal 0 0 1
    outer loop
      vertex 0.5 -78.2 3
      vertex 74 -81.2 3
      vertex 3.99851 -78.21 3
    endloop
  endfacet
  facet normal 0 0 1
    outer loop
      vertex 0.5 -64.2 3
      vertex -14.7741 -70.6901 3
      vertex 0.5 -78.2 3
    endloop
  endfacet
  facet normal -0 0 1
    outer loop
      vertex -14.8461 -71.1755 3
      vertex 0.5 -78.2 3
      vertex -14.7741 -70.6901 3
    endloop
  endfacet
  facet normal -0 0 1
    outer loop
      vertex -14.9653 -71.6514 3
      vertex 0.5 -78.2 3
      vertex -14.8461 -71.1755 3
    endloop
  endfacet
  facet normal -0 0 1
    outer loop
      vertex -15.1306 -72.1134 3
      vertex 0.5 -78.2 3
      vertex -14.9653 -71.6514 3
    endloop
  endfacet
  facet normal -0 0 1
    outer loop
      vertex -15.3404 -72.557 3
      vertex 0.5 -78.2 3
      vertex -15.1306 -72.1134 3
    endloop
  endfacet
  facet normal -0 0 1
    outer loop
      vertex -15.5927 -72.9779 3
      vertex 0.5 -78.2 3
      vertex -15.3404 -72.557 3
    endloop
  endfacet
  facet normal -0 0 1
    outer loop
      vertex -15.8849 -73.372 3
      vertex 0.5 -78.2 3
      vertex -15.5927 -72.9779 3
    endloop
  endfacet
  facet normal -0 0 1
    outer loop
      vertex -16.2145 -73.7355 3
      vertex 0.5 -78.2 3
      vertex -15.8849 -73.372 3
    endloop
  endfacet
  facet normal -0 0 1
    outer loop
      vertex -16.578 -74.0651 3
      vertex 0.5 -78.2 3
      vertex -16.2145 -73.7355 3
    endloop
  endfacet
  facet normal -0 0 1
    outer loop
      vertex -16.9721 -74.3573 3
      vertex 0.5 -78.2 3
      vertex -16.578 -74.0651 3
    endloop
  endfacet
  facet normal -0 0 1
    outer loop
      vertex -17.393 -74.6096 3
      vertex 0.5 -78.2 3
      vertex -16.9721 -74.3573 3
    endloop
  endfacet
  facet normal -0 0 1
    outer loop
      vertex -17.8366 -74.8194 3
      vertex 0.5 -78.2 3
      vertex -17.393 -74.6096 3
    endloop
  endfacet
  facet normal -0 0 1
    outer loop
      vertex -18.2986 -74.9847 3
      vertex 0.5 -78.2 3
      vertex -17.8366 -74.8194 3
    endloop
  endfacet
  facet normal -0 0 1
    outer loop
      vertex -18.7745 -75.1039 3
      vertex 0.5 -78.2 3
      vertex -18.2986 -74.9847 3
    endloop
  endfacet
  facet normal -0 0 1
    outer loop
      vertex -19.2599 -75.1759 3
      vertex 0.5 -78.2 3
      vertex -18.7745 -75.1039 3
    endloop
  endfacet
  facet normal -0 0 1
    outer loop
      vertex -19.75 -75.2 3
      vertex 0.5 -78.2 3
      vertex -19.2599 -75.1759 3
    endloop
  endfacet
  facet normal 0 0 1
    outer loop
      vertex -40 -78.2 3
      vertex -19.75 -75.2 3
      vertex -20.2401 -75.1759 3
    endloop
  endfacet
  facet normal 0 0 1
    outer loop
      vertex -40 -64.2 3
      vertex -24.7259 -70.6901 3
      vertex -24.75 -70.2 3
    endloop
  endfacet
  facet normal 0 0 1
    outer loop
      vertex -40 -78.2 3
      vertex -24.7259 -70.6901 3
      vertex -40 -64.2 3
    endloop
  endfacet
  facet normal 0 0 1
    outer loop
      vertex -24.7259 -70.6901 3
      vertex -40 -78.2 3
      vertex -24.6539 -71.1755 3
    endloop
  endfacet
  facet normal 0 0 1
    outer loop
      vertex -24.6539 -71.1755 3
      vertex -40 -78.2 3
      vertex -24.5347 -71.6514 3
    endloop
  endfacet
  facet normal 0 0 1
    outer loop
      vertex -24.5347 -71.6514 3
      vertex -40 -78.2 3
      vertex -24.3694 -72.1134 3
    endloop
  endfacet
  facet normal 0 0 1
    outer loop
      vertex -24.3694 -72.1134 3
      vertex -40 -78.2 3
      vertex -24.1596 -72.557 3
    endloop
  endfacet
  facet normal 0 0 1
    outer loop
      vertex -24.1596 -72.557 3
      vertex -40 -78.2 3
      vertex -23.9073 -72.9779 3
    endloop
  endfacet
  facet normal 0 0 1
    outer loop
      vertex -23.9073 -72.9779 3
      vertex -40 -78.2 3
      vertex -23.6151 -73.372 3
    endloop
  endfacet
  facet normal 0 0 1
    outer loop
      vertex -23.6151 -73.372 3
      vertex -40 -78.2 3
      vertex -23.2855 -73.7355 3
    endloop
  endfacet
  facet normal 0 0 1
    outer loop
      vertex -23.2855 -73.7355 3
      vertex -40 -78.2 3
      vertex -22.922 -74.0651 3
    endloop
  endfacet
  facet normal 0 0 1
    outer loop
      vertex -22.922 -74.0651 3
      vertex -40 -78.2 3
      vertex -22.5279 -74.3573 3
    endloop
  endfacet
  facet normal 0 0 1
    outer loop
      vertex -22.5279 -74.3573 3
      vertex -40 -78.2 3
      vertex -22.107 -74.6096 3
    endloop
  endfacet
  facet normal 0 0 1
    outer loop
      vertex -40 -78.2 3
      vertex -21.6634 -74.8194 3
      vertex -22.107 -74.6096 3
    endloop
  endfacet
  facet normal 0 0 1
    outer loop
      vertex -40 -78.2 3
      vertex -21.2014 -74.9847 3
      vertex -21.6634 -74.8194 3
    endloop
  endfacet
  facet normal 0 0 1
    outer loop
      vertex -40 -78.2 3
      vertex -20.7255 -75.1039 3
      vertex -21.2014 -74.9847 3
    endloop
  endfacet
  facet normal 0 0 1
    outer loop
      vertex -40 -78.2 3
      vertex -20.2401 -75.1759 3
      vertex -20.7255 -75.1039 3
    endloop
  endfacet
  facet normal 0 0 1
    outer loop
      vertex -19.75 -75.2 3
      vertex -40 -78.2 3
      vertex 0.5 -78.2 3
    endloop
  endfacet
  facet normal 0 0 1
    outer loop
      vertex -74 -81.2 3
      vertex 0.5 -78.2 3
      vertex -40 -78.2 3
    endloop
  endfacet
  facet normal 0 0 1
    outer loop
      vertex -43.4985 -78.21 3
      vertex -40 -78.2 3
      vertex -43.4985 -78.2 3
    endloop
  endfacet
  facet normal 0 0 1
    outer loop
      vertex -74 -81.2 3
      vertex -40 -78.2 3
      vertex -43.4985 -78.21 3
    endloop
  endfacet
  facet normal 0 0 1
    outer loop
      vertex -74 -81.2 3
      vertex -43.4985 -78.21 3
      vertex -50.5015 -78.21 3
    endloop
  endfacet
  facet normal 0 0 1
    outer loop
      vertex -74 -81.2 3
      vertex -50.5015 -78.21 3
      vertex -54 -78.2 3
    endloop
  endfacet
  facet normal 0 0 1
    outer loop
      vertex -40 -64.2 3
      vertex -57 -56.2 3
      vertex -54 -64.2 3
    endloop
  endfacet
  facet normal 0 0 1
    outer loop
      vertex -57 -56.2 3
      vertex -54.6856 -40.0277 3
      vertex -55.0223 -39.8259 3
    endloop
  endfacet
  facet normal 0 0 1
    outer loop
      vertex -57 -56.2 3
      vertex -55.0223 -39.8259 3
      vertex -55.3376 -39.592 3
    endloop
  endfacet
  facet normal 0 0 1
    outer loop
      vertex -57 -56.2 3
      vertex -55.3376 -39.592 3
      vertex -55.6284 -39.3284 3
    endloop
  endfacet
  facet normal 0 0 1
    outer loop
      vertex -71 -56.2 3
      vertex -55.6284 -39.3284 3
      vertex -55.892 -39.0376 3
    endloop
  endfacet
  facet normal 0 0 1
    outer loop
      vertex -71 -56.2 3
      vertex -55.892 -39.0376 3
      vertex -56.1259 -38.7223 3
    endloop
  endfacet
  facet normal 0 0 1
    outer loop
      vertex -71 -56.2 3
      vertex -56.1259 -38.7223 3
      vertex -56.3277 -38.3856 3
    endloop
  endfacet
  facet normal 0 0 1
    outer loop
      vertex -71 -56.2 3
      vertex -56.3277 -38.3856 3
      vertex -56.4955 -38.0307 3
    endloop
  endfacet
  facet normal 0 0 1
    outer loop
      vertex -71 -56.2 3
      vertex -56.4955 -38.0307 3
      vertex -56.6278 -37.6611 3
    endloop
  endfacet
  facet normal 0 0 1
    outer loop
      vertex -71 -56.2 3
      vertex -56.6278 -37.6611 3
      vertex -56.7231 -37.2804 3
    endloop
  endfacet
  facet normal 0 0 1
    outer loop
      vertex -71 -56.2 3
      vertex -56.7231 -37.2804 3
      vertex -56.7807 -36.8921 3
    endloop
  endfacet
  facet normal 0 0 1
    outer loop
      vertex -56.7807 36.8921 3
      vertex -71 56.2 3
      vertex -56.8 36.5 3
    endloop
  endfacet
  facet normal 0 0 1
    outer loop
      vertex -56.7231 -35.7196 3
      vertex -71 -56.2 3
      vertex -56.7807 -36.1079 3
    endloop
  endfacet
  facet normal 0 0 1
    outer loop
      vertex -71 -56.2 3
      vertex -56.7807 -36.8921 3
      vertex -56.8 -36.5 3
    endloop
  endfacet
  facet normal 0 0 1
    outer loop
      vertex -57 -70.2 3
      vertex -54 -64.2 3
      vertex -57 -56.2 3
    endloop
  endfacet
  facet normal 0 0 1
    outer loop
      vertex -54 -64.2 3
      vertex -57 -70.2 3
      vertex -54 -78.2 3
    endloop
  endfacet
  facet normal -0 0 1
    outer loop
      vertex -71 -70.2 3
      vertex -54 -78.2 3
      vertex -57 -70.2 3
    endloop
  endfacet
  facet normal 0 0 1
    outer loop
      vertex 0.5 -78.2 3
      vertex -74 -81.2 3
      vertex 74 -81.2 3
    endloop
  endfacet
  facet normal 0 0 1
    outer loop
      vertex -71 -70.2 3
      vertex -74 -81.2 3
      vertex -54 -78.2 3
    endloop
  endfacet
  facet normal 0 0 1
    outer loop
      vertex -71.1 -65.2451 3
      vertex -74 -81.2 3
      vertex -71 -70.2 3
    endloop
  endfacet
  facet normal 0 0 1
    outer loop
      vertex -71.1 -61.1549 3
      vertex -74 -81.2 3
      vertex -71.1 -65.2451 3
    endloop
  endfacet
  facet normal -0 0 1
    outer loop
      vertex 9.18074 -36.8921 3
      vertex 37.5 -64.2 3
      vertex 9.2 -36.5 3
    endloop
  endfacet
  facet normal -0 0 1
    outer loop
      vertex 9.12314 -37.2804 3
      vertex 37.5 -64.2 3
      vertex 9.18074 -36.8921 3
    endloop
  endfacet
  facet normal -0 0 1
    outer loop
      vertex 9.02776 -37.6611 3
      vertex 37.5 -64.2 3
      vertex 9.12314 -37.2804 3
    endloop
  endfacet
  facet normal -0 0 1
    outer loop
      vertex 8.89552 -38.0307 3
      vertex 37.5 -64.2 3
      vertex 9.02776 -37.6611 3
    endloop
  endfacet
  facet normal -0 0 1
    outer loop
      vertex 8.72768 -38.3856 3
      vertex 37.5 -64.2 3
      vertex 8.89552 -38.0307 3
    endloop
  endfacet
  facet normal 0 0 1
    outer loop
      vertex 37.5 -64.2 3
      vertex 8.72768 -38.3856 3
      vertex 14.5 -64.2 3
    endloop
  endfacet
  facet normal -0 0 1
    outer loop
      vertex 8.52588 -38.7223 3
      vertex 14.5 -64.2 3
      vertex 8.72768 -38.3856 3
    endloop
  endfacet
  facet normal -0 0 1
    outer loop
      vertex 8.29204 -39.0376 3
      vertex 14.5 -64.2 3
      vertex 8.52588 -38.7223 3
    endloop
  endfacet
  facet normal -0 0 1
    outer loop
      vertex 8.02843 -39.3284 3
      vertex 14.5 -64.2 3
      vertex 8.29204 -39.0376 3
    endloop
  endfacet
  facet normal -0 0 1
    outer loop
      vertex 7.73757 -39.592 3
      vertex 14.5 -64.2 3
      vertex 8.02843 -39.3284 3
    endloop
  endfacet
  facet normal -0 0 1
    outer loop
      vertex 7.42228 -39.8259 3
      vertex 14.5 -64.2 3
      vertex 7.73757 -39.592 3
    endloop
  endfacet
  facet normal -0 0 1
    outer loop
      vertex 7.08559 -40.0277 3
      vertex 14.5 -64.2 3
      vertex 7.42228 -39.8259 3
    endloop
  endfacet
  facet normal -0 0 1
    outer loop
      vertex 6.73073 -40.1955 3
      vertex 14.5 -64.2 3
      vertex 7.08559 -40.0277 3
    endloop
  endfacet
  facet normal -0 0 1
    outer loop
      vertex 6.36114 -40.3278 3
      vertex 14.5 -64.2 3
      vertex 6.73073 -40.1955 3
    endloop
  endfacet
  facet normal -0 0 1
    outer loop
      vertex 5.98036 -40.4231 3
      vertex 14.5 -64.2 3
      vertex 6.36114 -40.3278 3
    endloop
  endfacet
  facet normal -0 0 1
    outer loop
      vertex 5.59207 -40.4807 3
      vertex 14.5 -64.2 3
      vertex 5.98036 -40.4231 3
    endloop
  endfacet
  facet normal 0 0 1
    outer loop
      vertex 0.5 -64.2 3
      vertex 5.59207 -40.4807 3
      vertex 5.2 -40.5 3
    endloop
  endfacet
  facet normal 0 0 1
    outer loop
      vertex 0.5 -64.2 3
      vertex 5.2 -40.5 3
      vertex 4.80793 -40.4807 3
    endloop
  endfacet
  facet normal 0 0 1
    outer loop
      vertex 0.5 -64.2 3
      vertex 4.80793 -40.4807 3
      vertex 4.41964 -40.4231 3
    endloop
  endfacet
  facet normal 0 0 1
    outer loop
      vertex 0.5 -64.2 3
      vertex 4.41964 -40.4231 3
      vertex 4.03886 -40.3278 3
    endloop
  endfacet
  facet normal 0 0 1
    outer loop
      vertex 0.5 -64.2 3
      vertex 4.03886 -40.3278 3
      vertex 3.66927 -40.1955 3
    endloop
  endfacet
  facet normal 0 0 1
    outer loop
      vertex 0.5 -64.2 3
      vertex 3.66927 -40.1955 3
      vertex 3.31441 -40.0277 3
    endloop
  endfacet
  facet normal 0 0 1
    outer loop
      vertex 0.5 -64.2 3
      vertex 3.31441 -40.0277 3
      vertex 2.97772 -39.8259 3
    endloop
  endfacet
  facet normal 0 0 1
    outer loop
      vertex 0.5 -64.2 3
      vertex 2.97772 -39.8259 3
      vertex 2.66243 -39.592 3
    endloop
  endfacet
  facet normal 0 0 1
    outer loop
      vertex 0.5 -64.2 3
      vertex 2.66243 -39.592 3
      vertex 2.37157 -39.3284 3
    endloop
  endfacet
  facet normal 0 0 1
    outer loop
      vertex 0.5 -64.2 3
      vertex 2.37157 -39.3284 3
      vertex 2.10796 -39.0376 3
    endloop
  endfacet
  facet normal 0 0 1
    outer loop
      vertex 0.5 -64.2 3
      vertex 2.10796 -39.0376 3
      vertex 1.87412 -38.7223 3
    endloop
  endfacet
  facet normal 0 0 1
    outer loop
      vertex 0.5 -64.2 3
      vertex 1.87412 -38.7223 3
      vertex 1.67232 -38.3856 3
    endloop
  endfacet
  facet normal 0 0 1
    outer loop
      vertex 5.59207 -40.4807 3
      vertex 0.5 -64.2 3
      vertex 14.5 -64.2 3
    endloop
  endfacet
  facet normal 0 0 1
    outer loop
      vertex 1.50448 -38.0307 3
      vertex 0.5 -64.2 3
      vertex 1.67232 -38.3856 3
    endloop
  endfacet
  facet normal 0 0 1
    outer loop
      vertex 1.37224 -37.6611 3
      vertex 0.5 -64.2 3
      vertex 1.50448 -38.0307 3
    endloop
  endfacet
  facet normal 0 0 1
    outer loop
      vertex 1.27686 -37.2804 3
      vertex 0.5 -64.2 3
      vertex 1.37224 -37.6611 3
    endloop
  endfacet
  facet normal 0 0 1
    outer loop
      vertex 1.21926 -36.8921 3
      vertex 0.5 -64.2 3
      vertex 1.27686 -37.2804 3
    endloop
  endfacet
  facet normal 0 0 1
    outer loop
      vertex 0.5 -64.2 3
      vertex 1.21926 -36.8921 3
      vertex 1.2 -36.5 3
    endloop
  endfacet
  facet normal 0 0 1
    outer loop
      vertex 3.99851 -78.2 3
      vertex 0.5 -78.2 3
      vertex 3.99851 -78.21 3
    endloop
  endfacet
  facet normal 0 0 1
    outer loop
      vertex -23.9073 -67.4221 3
      vertex -40 -64.2 3
      vertex -24.1596 -67.843 3
    endloop
  endfacet
  facet normal 0 0 1
    outer loop
      vertex -24.1596 -67.843 3
      vertex -40 -64.2 3
      vertex -24.3694 -68.2866 3
    endloop
  endfacet
  facet normal 0 0 1
    outer loop
      vertex -24.3694 -68.2866 3
      vertex -40 -64.2 3
      vertex -24.5347 -68.7486 3
    endloop
  endfacet
  facet normal 0 0 1
    outer loop
      vertex -24.5347 -68.7486 3
      vertex -40 -64.2 3
      vertex -24.6539 -69.2245 3
    endloop
  endfacet
  facet normal 0 0 1
    outer loop
      vertex -22.922 -66.3349 3
      vertex -40 -64.2 3
      vertex -23.2855 -66.6645 3
    endloop
  endfacet
  facet normal -0 0 1
    outer loop
      vertex -49.2723 -38.3856 3
      vertex -40 -64.2 3
      vertex -49.1045 -38.0307 3
    endloop
  endfacet
  facet normal -0 0 1
    outer loop
      vertex -49.4741 -38.7223 3
      vertex -40 -64.2 3
      vertex -49.2723 -38.3856 3
    endloop
  endfacet
  facet normal -0 0 1
    outer loop
      vertex -49.708 -39.0376 3
      vertex -40 -64.2 3
      vertex -49.4741 -38.7223 3
    endloop
  endfacet
  facet normal -0 0 1
    outer loop
      vertex -49.9716 -39.3284 3
      vertex -40 -64.2 3
      vertex -49.708 -39.0376 3
    endloop
  endfacet
  facet normal -0 0 1
    outer loop
      vertex -50.2624 -39.592 3
      vertex -40 -64.2 3
      vertex -49.9716 -39.3284 3
    endloop
  endfacet
  facet normal -0 0 1
    outer loop
      vertex -50.5777 -39.8259 3
      vertex -40 -64.2 3
      vertex -50.2624 -39.592 3
    endloop
  endfacet
  facet normal -0 0 1
    outer loop
      vertex -50.9144 -40.0277 3
      vertex -40 -64.2 3
      vertex -50.5777 -39.8259 3
    endloop
  endfacet
  facet normal 0 0 1
    outer loop
      vertex -57 -56.2 3
      vertex -50.9144 -40.0277 3
      vertex -51.2693 -40.1955 3
    endloop
  endfacet
  facet normal 0 0 1
    outer loop
      vertex -57 -56.2 3
      vertex -51.2693 -40.1955 3
      vertex -51.6389 -40.3278 3
    endloop
  endfacet
  facet normal 0 0 1
    outer loop
      vertex -57 -56.2 3
      vertex -51.6389 -40.3278 3
      vertex -52.0196 -40.4231 3
    endloop
  endfacet
  facet normal 0 0 1
    outer loop
      vertex -57 -56.2 3
      vertex -52.0196 -40.4231 3
      vertex -52.4079 -40.4807 3
    endloop
  endfacet
  facet normal 0 0 1
    outer loop
      vertex -57 -56.2 3
      vertex -52.4079 -40.4807 3
      vertex -52.8 -40.5 3
    endloop
  endfacet
  facet normal 0 0 1
    outer loop
      vertex -57 -56.2 3
      vertex -52.8 -40.5 3
      vertex -53.1921 -40.4807 3
    endloop
  endfacet
  facet normal 0 0 1
    outer loop
      vertex -57 -56.2 3
      vertex -53.1921 -40.4807 3
      vertex -53.5804 -40.4231 3
    endloop
  endfacet
  facet normal 0 0 1
    outer loop
      vertex -57 -56.2 3
      vertex -53.5804 -40.4231 3
      vertex -53.9611 -40.3278 3
    endloop
  endfacet
  facet normal 0 0 1
    outer loop
      vertex -50.9144 -40.0277 3
      vertex -57 -56.2 3
      vertex -40 -64.2 3
    endloop
  endfacet
  facet normal 0 0 1
    outer loop
      vertex -57 -56.2 3
      vertex -54.3307 -40.1955 3
      vertex -54.6856 -40.0277 3
    endloop
  endfacet
  facet normal 0 0 1
    outer loop
      vertex -57 -56.2 3
      vertex -53.9611 -40.3278 3
      vertex -54.3307 -40.1955 3
    endloop
  endfacet
  facet normal 0 0 1
    outer loop
      vertex 1.67232 38.3856 3
      vertex -49 64.2 3
      vertex -49.2723 38.3856 3
    endloop
  endfacet
  facet normal 0 0 1
    outer loop
      vertex 1.50448 38.0307 3
      vertex -49.1045 38.0307 3
      vertex -48.9722 37.6611 3
    endloop
  endfacet
  facet normal 0 0 1
    outer loop
      vertex 1.67232 38.3856 3
      vertex -49.2723 38.3856 3
      vertex -49.1045 38.0307 3
    endloop
  endfacet
  facet normal 0 0 1
    outer loop
      vertex -49 64.2 3
      vertex -49.4741 38.7223 3
      vertex -49.2723 38.3856 3
    endloop
  endfacet
  facet normal 0 0 1
    outer loop
      vertex -49 64.2 3
      vertex -49.708 39.0376 3
      vertex -49.4741 38.7223 3
    endloop
  endfacet
  facet normal 0 0 1
    outer loop
      vertex -49 64.2 3
      vertex -49.9716 39.3284 3
      vertex -49.708 39.0376 3
    endloop
  endfacet
  facet normal 0 0 1
    outer loop
      vertex -49 64.2 3
      vertex -50.2624 39.592 3
      vertex -49.9716 39.3284 3
    endloop
  endfacet
  facet normal 0 0 1
    outer loop
      vertex -49 64.2 3
      vertex -50.5777 39.8259 3
      vertex -50.2624 39.592 3
    endloop
  endfacet
  facet normal 0 0 1
    outer loop
      vertex -49 64.2 3
      vertex -50.9144 40.0277 3
      vertex -50.5777 39.8259 3
    endloop
  endfacet
  facet normal -0 0 1
    outer loop
      vertex -57 56.2 3
      vertex -50.9144 40.0277 3
      vertex -49 64.2 3
    endloop
  endfacet
  facet normal 0 0 1
    outer loop
      vertex -50.9144 40.0277 3
      vertex -57 56.2 3
      vertex -51.2693 40.1955 3
    endloop
  endfacet
  facet normal 0 0 1
    outer loop
      vertex -51.2693 40.1955 3
      vertex -57 56.2 3
      vertex -51.6389 40.3278 3
    endloop
  endfacet
  facet normal 0 0 1
    outer loop
      vertex -51.6389 40.3278 3
      vertex -57 56.2 3
      vertex -52.0196 40.4231 3
    endloop
  endfacet
  facet normal 0 0 1
    outer loop
      vertex -52.0196 40.4231 3
      vertex -57 56.2 3
      vertex -52.4079 40.4807 3
    endloop
  endfacet
  facet normal 0 0 1
    outer loop
      vertex -57 56.2 3
      vertex -49 64.2 3
      vertex -57 64.2 3
    endloop
  endfacet
  facet normal 0 0 1
    outer loop
      vertex -52.4079 40.4807 3
      vertex -57 56.2 3
      vertex -52.8 40.5 3
    endloop
  endfacet
  facet normal 0 0 1
    outer loop
      vertex -52.8 40.5 3
      vertex -57 56.2 3
      vertex -53.1921 40.4807 3
    endloop
  endfacet
  facet normal 0 0 1
    outer loop
      vertex -53.1921 40.4807 3
      vertex -57 56.2 3
      vertex -53.5804 40.4231 3
    endloop
  endfacet
  facet normal 0 0 1
    outer loop
      vertex -53.5804 40.4231 3
      vertex -57 56.2 3
      vertex -53.9611 40.3278 3
    endloop
  endfacet
  facet normal 0 0 1
    outer loop
      vertex -53.9611 40.3278 3
      vertex -57 56.2 3
      vertex -54.3307 40.1955 3
    endloop
  endfacet
  facet normal 0 0 1
    outer loop
      vertex -54.3307 40.1955 3
      vertex -57 56.2 3
      vertex -54.6856 40.0277 3
    endloop
  endfacet
  facet normal 0 0 1
    outer loop
      vertex -54.6856 40.0277 3
      vertex -57 56.2 3
      vertex -55.0223 39.8259 3
    endloop
  endfacet
  facet normal 0 0 1
    outer loop
      vertex -55.0223 39.8259 3
      vertex -57 56.2 3
      vertex -55.3376 39.592 3
    endloop
  endfacet
  facet normal 0 0 1
    outer loop
      vertex -55.3376 39.592 3
      vertex -57 56.2 3
      vertex -55.6284 39.3284 3
    endloop
  endfacet
  facet normal -0 0 1
    outer loop
      vertex -71 56.2 3
      vertex -55.6284 39.3284 3
      vertex -57 56.2 3
    endloop
  endfacet
  facet normal 0 0 1
    outer loop
      vertex -55.6284 39.3284 3
      vertex -71 56.2 3
      vertex -55.892 39.0376 3
    endloop
  endfacet
  facet normal 0 0 1
    outer loop
      vertex -55.892 39.0376 3
      vertex -71 56.2 3
      vertex -56.1259 38.7223 3
    endloop
  endfacet
  facet normal 0 0 1
    outer loop
      vertex -56.7231 37.2804 3
      vertex -71 56.2 3
      vertex -56.7807 36.8921 3
    endloop
  endfacet
  facet normal 0 0 1
    outer loop
      vertex -56.6278 37.6611 3
      vertex -71 56.2 3
      vertex -56.7231 37.2804 3
    endloop
  endfacet
  facet normal 0 0 1
    outer loop
      vertex -56.4955 38.0307 3
      vertex -71 56.2 3
      vertex -56.6278 37.6611 3
    endloop
  endfacet
  facet normal 0 0 1
    outer loop
      vertex -56.3277 38.3856 3
      vertex -71 56.2 3
      vertex -56.4955 38.0307 3
    endloop
  endfacet
  facet normal 0 0 1
    outer loop
      vertex -56.1259 38.7223 3
      vertex -71 56.2 3
      vertex -56.3277 38.3856 3
    endloop
  endfacet
  facet normal 0 0 1
    outer loop
      vertex -50.5015 -78.2 3
      vertex -54 -78.2 3
      vertex -50.5015 -78.21 3
    endloop
  endfacet
  facet normal -0 0 1
    outer loop
      vertex -71.1 61.1549 3
      vertex -71 56.2 3
      vertex -71 61.1549 3
    endloop
  endfacet
  facet normal 0 0 1
    outer loop
      vertex -71 56.2 3
      vertex -71.1 61.1549 3
      vertex -71 -56.2 3
    endloop
  endfacet
  facet normal 0 0 1
    outer loop
      vertex -71.1 -61.1549 3
      vertex -71 -56.2 3
      vertex -71.1 61.1549 3
    endloop
  endfacet
  facet normal 0 0 1
    outer loop
      vertex -71 -56.2 3
      vertex -71.1 -61.1549 3
      vertex -71 -61.1549 3
    endloop
  endfacet
  facet normal 0 0 1
    outer loop
      vertex -56.7807 -36.1079 3
      vertex -71 -56.2 3
      vertex -56.8 -36.5 3
    endloop
  endfacet
  facet normal 0 0 1
    outer loop
      vertex -55.6284 -39.3284 3
      vertex -71 -56.2 3
      vertex -57 -56.2 3
    endloop
  endfacet
  facet normal 0 0 1
    outer loop
      vertex -71 -65.2451 3
      vertex -71.1 -65.2451 3
      vertex -71 -70.2 3
    endloop
  endfacet
  facet normal 0 0 1
    outer loop
      vertex -17.7099 -69.9991 3
      vertex -17.7099 -70.4009 3
      vertex -17.7 -70.2 3
    endloop
  endfacet
  facet normal 0 0 1
    outer loop
      vertex -17.7394 -69.8001 3
      vertex -17.7099 -70.4009 3
      vertex -17.7099 -69.9991 3
    endloop
  endfacet
  facet normal 0 0 1
    outer loop
      vertex -17.7394 -69.8001 3
      vertex -17.7394 -70.5999 3
      vertex -17.7099 -70.4009 3
    endloop
  endfacet
  facet normal 0 0 1
    outer loop
      vertex -17.7883 -69.6049 3
      vertex -17.7394 -70.5999 3
      vertex -17.7394 -69.8001 3
    endloop
  endfacet
  facet normal 0 0 1
    outer loop
      vertex -17.7883 -69.6049 3
      vertex -17.7883 -70.7951 3
      vertex -17.7394 -70.5999 3
    endloop
  endfacet
  facet normal 0 0 1
    outer loop
      vertex -17.856 -69.4155 3
      vertex -17.7883 -70.7951 3
      vertex -17.7883 -69.6049 3
    endloop
  endfacet
  facet normal 0 0 1
    outer loop
      vertex -17.856 -69.4155 3
      vertex -17.856 -70.9845 3
      vertex -17.7883 -70.7951 3
    endloop
  endfacet
  facet normal 0 0 1
    outer loop
      vertex -17.9421 -69.2336 3
      vertex -17.856 -70.9845 3
      vertex -17.856 -69.4155 3
    endloop
  endfacet
  facet normal 0 0 1
    outer loop
      vertex -17.9421 -69.2336 3
      vertex -17.9421 -71.1664 3
      vertex -17.856 -70.9845 3
    endloop
  endfacet
  facet normal 0 0 1
    outer loop
      vertex -18.0455 -69.0611 3
      vertex -17.9421 -71.1664 3
      vertex -17.9421 -69.2336 3
    endloop
  endfacet
  facet normal 0 0 1
    outer loop
      vertex -18.0455 -69.0611 3
      vertex -18.0455 -71.3389 3
      vertex -17.9421 -71.1664 3
    endloop
  endfacet
  facet normal 0 0 1
    outer loop
      vertex -18.1653 -68.8995 3
      vertex -18.0455 -71.3389 3
      vertex -18.0455 -69.0611 3
    endloop
  endfacet
  facet normal 0 0 1
    outer loop
      vertex -18.1653 -68.8995 3
      vertex -18.1653 -71.5005 3
      vertex -18.0455 -71.3389 3
    endloop
  endfacet
  facet normal 0 0 1
    outer loop
      vertex -18.3004 -68.7504 3
      vertex -18.1653 -71.5005 3
      vertex -18.1653 -68.8995 3
    endloop
  endfacet
  facet normal 0 0 1
    outer loop
      vertex -18.3004 -68.7504 3
      vertex -18.3004 -71.6496 3
      vertex -18.1653 -71.5005 3
    endloop
  endfacet
  facet normal 0 0 1
    outer loop
      vertex -18.4495 -68.6153 3
      vertex -18.3004 -71.6496 3
      vertex -18.3004 -68.7504 3
    endloop
  endfacet
  facet normal 0 0 1
    outer loop
      vertex -18.4495 -68.6153 3
      vertex -18.4495 -71.7847 3
      vertex -18.3004 -71.6496 3
    endloop
  endfacet
  facet normal 0 0 1
    outer loop
      vertex -18.6111 -68.4955 3
      vertex -18.4495 -71.7847 3
      vertex -18.4495 -68.6153 3
    endloop
  endfacet
  facet normal 0 0 1
    outer loop
      vertex -18.6111 -68.4955 3
      vertex -18.6111 -71.9045 3
      vertex -18.4495 -71.7847 3
    endloop
  endfacet
  facet normal 0 0 1
    outer loop
      vertex -18.7836 -68.3921 3
      vertex -18.6111 -71.9045 3
      vertex -18.6111 -68.4955 3
    endloop
  endfacet
  facet normal 0 0 1
    outer loop
      vertex -18.7836 -68.3921 3
      vertex -18.7836 -72.0079 3
      vertex -18.6111 -71.9045 3
    endloop
  endfacet
  facet normal 0 0 1
    outer loop
      vertex -18.9655 -68.306 3
      vertex -18.7836 -72.0079 3
      vertex -18.7836 -68.3921 3
    endloop
  endfacet
  facet normal 0 0 1
    outer loop
      vertex -18.9655 -68.306 3
      vertex -18.9655 -72.094 3
      vertex -18.7836 -72.0079 3
    endloop
  endfacet
  facet normal 0 0 1
    outer loop
      vertex -19.1549 -68.2383 3
      vertex -18.9655 -72.094 3
      vertex -18.9655 -68.306 3
    endloop
  endfacet
  facet normal 0 0 1
    outer loop
      vertex -19.1549 -68.2383 3
      vertex -19.1549 -72.1617 3
      vertex -18.9655 -72.094 3
    endloop
  endfacet
  facet normal 0 0 1
    outer loop
      vertex -19.3501 -68.1894 3
      vertex -19.1549 -72.1617 3
      vertex -19.1549 -68.2383 3
    endloop
  endfacet
  facet normal 0 0 1
    outer loop
      vertex -19.3501 -68.1894 3
      vertex -19.3501 -72.2106 3
      vertex -19.1549 -72.1617 3
    endloop
  endfacet
  facet normal 0 0 1
    outer loop
      vertex -19.5491 -68.1599 3
      vertex -19.3501 -72.2106 3
      vertex -19.3501 -68.1894 3
    endloop
  endfacet
  facet normal 0 0 1
    outer loop
      vertex -19.5491 -68.1599 3
      vertex -19.5491 -72.2401 3
      vertex -19.3501 -72.2106 3
    endloop
  endfacet
  facet normal 0 0 1
    outer loop
      vertex -19.75 -68.15 3
      vertex -19.5491 -72.2401 3
      vertex -19.5491 -68.1599 3
    endloop
  endfacet
  facet normal 0 0 1
    outer loop
      vertex -19.75 -68.15 3
      vertex -19.75 -72.25 3
      vertex -19.5491 -72.2401 3
    endloop
  endfacet
  facet normal -0 0 1
    outer loop
      vertex -19.9509 -68.1599 3
      vertex -19.75 -72.25 3
      vertex -19.75 -68.15 3
    endloop
  endfacet
  facet normal 0 0 1
    outer loop
      vertex -19.9509 -68.1599 3
      vertex -19.9509 -72.2401 3
      vertex -19.75 -72.25 3
    endloop
  endfacet
  facet normal -0 0 1
    outer loop
      vertex -20.1499 -68.1894 3
      vertex -19.9509 -72.2401 3
      vertex -19.9509 -68.1599 3
    endloop
  endfacet
  facet normal 0 0 1
    outer loop
      vertex -20.1499 -68.1894 3
      vertex -20.1499 -72.2106 3
      vertex -19.9509 -72.2401 3
    endloop
  endfacet
  facet normal -0 0 1
    outer loop
      vertex -20.3451 -68.2383 3
      vertex -20.1499 -72.2106 3
      vertex -20.1499 -68.1894 3
    endloop
  endfacet
  facet normal 0 0 1
    outer loop
      vertex -20.3451 -68.2383 3
      vertex -20.3451 -72.1617 3
      vertex -20.1499 -72.2106 3
    endloop
  endfacet
  facet normal -0 0 1
    outer loop
      vertex -20.5345 -68.306 3
      vertex -20.3451 -72.1617 3
      vertex -20.3451 -68.2383 3
    endloop
  endfacet
  facet normal 0 0 1
    outer loop
      vertex -20.5345 -68.306 3
      vertex -20.5345 -72.094 3
      vertex -20.3451 -72.1617 3
    endloop
  endfacet
  facet normal -0 0 1
    outer loop
      vertex -20.7164 -68.3921 3
      vertex -20.5345 -72.094 3
      vertex -20.5345 -68.306 3
    endloop
  endfacet
  facet normal 0 0 1
    outer loop
      vertex -20.7164 -68.3921 3
      vertex -20.7164 -72.0079 3
      vertex -20.5345 -72.094 3
    endloop
  endfacet
  facet normal -0 0 1
    outer loop
      vertex -20.8889 -68.4955 3
      vertex -20.7164 -72.0079 3
      vertex -20.7164 -68.3921 3
    endloop
  endfacet
  facet normal 0 0 1
    outer loop
      vertex -20.8889 -68.4955 3
      vertex -20.8889 -71.9045 3
      vertex -20.7164 -72.0079 3
    endloop
  endfacet
  facet normal -0 0 1
    outer loop
      vertex -21.0505 -68.6153 3
      vertex -20.8889 -71.9045 3
      vertex -20.8889 -68.4955 3
    endloop
  endfacet
  facet normal 0 0 1
    outer loop
      vertex -21.0505 -68.6153 3
      vertex -21.0505 -71.7847 3
      vertex -20.8889 -71.9045 3
    endloop
  endfacet
  facet normal -0 0 1
    outer loop
      vertex -21.1996 -68.7504 3
      vertex -21.0505 -71.7847 3
      vertex -21.0505 -68.6153 3
    endloop
  endfacet
  facet normal 0 0 1
    outer loop
      vertex -21.1996 -68.7504 3
      vertex -21.1996 -71.6496 3
      vertex -21.0505 -71.7847 3
    endloop
  endfacet
  facet normal -0 0 1
    outer loop
      vertex -21.3347 -68.8995 3
      vertex -21.1996 -71.6496 3
      vertex -21.1996 -68.7504 3
    endloop
  endfacet
  facet normal 0 0 1
    outer loop
      vertex -21.3347 -68.8995 3
      vertex -21.3347 -71.5005 3
      vertex -21.1996 -71.6496 3
    endloop
  endfacet
  facet normal -0 0 1
    outer loop
      vertex -21.4545 -69.0611 3
      vertex -21.3347 -71.5005 3
      vertex -21.3347 -68.8995 3
    endloop
  endfacet
  facet normal 0 0 1
    outer loop
      vertex -21.4545 -69.0611 3
      vertex -21.4545 -71.3389 3
      vertex -21.3347 -71.5005 3
    endloop
  endfacet
  facet normal -0 0 1
    outer loop
      vertex -21.5579 -69.2336 3
      vertex -21.4545 -71.3389 3
      vertex -21.4545 -69.0611 3
    endloop
  endfacet
  facet normal 0 0 1
    outer loop
      vertex -21.5579 -69.2336 3
      vertex -21.5579 -71.1664 3
      vertex -21.4545 -71.3389 3
    endloop
  endfacet
  facet normal -0 0 1
    outer loop
      vertex -21.644 -69.4155 3
      vertex -21.5579 -71.1664 3
      vertex -21.5579 -69.2336 3
    endloop
  endfacet
  facet normal 0 0 1
    outer loop
      vertex -21.644 -69.4155 3
      vertex -21.644 -70.9845 3
      vertex -21.5579 -71.1664 3
    endloop
  endfacet
  facet normal -0 0 1
    outer loop
      vertex -21.7117 -69.6049 3
      vertex -21.644 -70.9845 3
      vertex -21.644 -69.4155 3
    endloop
  endfacet
  facet normal 0 0 1
    outer loop
      vertex -21.7117 -69.6049 3
      vertex -21.7117 -70.7951 3
      vertex -21.644 -70.9845 3
    endloop
  endfacet
  facet normal -0 0 1
    outer loop
      vertex -21.7606 -69.8001 3
      vertex -21.7117 -70.7951 3
      vertex -21.7117 -69.6049 3
    endloop
  endfacet
  facet normal 0 0 1
    outer loop
      vertex -21.7606 -69.8001 3
      vertex -21.7606 -70.5999 3
      vertex -21.7117 -70.7951 3
    endloop
  endfacet
  facet normal -0 0 1
    outer loop
      vertex -21.7901 -69.9991 3
      vertex -21.7606 -70.5999 3
      vertex -21.7606 -69.8001 3
    endloop
  endfacet
  facet normal 0 0 1
    outer loop
      vertex -21.7901 -69.9991 3
      vertex -21.7901 -70.4009 3
      vertex -21.7606 -70.5999 3
    endloop
  endfacet
  facet normal 0 -0 1
    outer loop
      vertex -21.7901 -70.4009 3
      vertex -21.7901 -69.9991 3
      vertex -21.8 -70.2 3
    endloop
  endfacet
  facet normal 0 0 1
    outer loop
      vertex 6.79229 -36.3432 3
      vertex 6.79229 -36.6568 3
      vertex 6.8 -36.5 3
    endloop
  endfacet
  facet normal 0 0 1
    outer loop
      vertex 6.76926 -36.1879 3
      vertex 6.79229 -36.6568 3
      vertex 6.79229 -36.3432 3
    endloop
  endfacet
  facet normal 0 0 1
    outer loop
      vertex 6.76926 -36.1879 3
      vertex 6.76926 -36.8121 3
      vertex 6.79229 -36.6568 3
    endloop
  endfacet
  facet normal 0 0 1
    outer loop
      vertex 6.7311 -36.0355 3
      vertex 6.76926 -36.8121 3
      vertex 6.76926 -36.1879 3
    endloop
  endfacet
  facet normal 0 0 1
    outer loop
      vertex 6.7311 -36.0355 3
      vertex 6.7311 -36.9645 3
      vertex 6.76926 -36.8121 3
    endloop
  endfacet
  facet normal 0 0 1
    outer loop
      vertex 6.67821 -35.8877 3
      vertex 6.7311 -36.9645 3
      vertex 6.7311 -36.0355 3
    endloop
  endfacet
  facet normal 0 0 1
    outer loop
      vertex 6.67821 -35.8877 3
      vertex 6.67821 -37.1123 3
      vertex 6.7311 -36.9645 3
    endloop
  endfacet
  facet normal 0 0 1
    outer loop
      vertex 6.61107 -35.7458 3
      vertex 6.67821 -37.1123 3
      vertex 6.67821 -35.8877 3
    endloop
  endfacet
  facet normal 0 0 1
    outer loop
      vertex 6.61107 -35.7458 3
      vertex 6.61107 -37.2542 3
      vertex 6.67821 -37.1123 3
    endloop
  endfacet
  facet normal 0 0 1
    outer loop
      vertex 6.53035 -35.6111 3
      vertex 6.61107 -37.2542 3
      vertex 6.61107 -35.7458 3
    endloop
  endfacet
  facet normal 0 0 1
    outer loop
      vertex 6.53035 -35.6111 3
      vertex 6.53035 -37.3889 3
      vertex 6.61107 -37.2542 3
    endloop
  endfacet
  facet normal 0 0 1
    outer loop
      vertex 6.43682 -35.485 3
      vertex 6.53035 -37.3889 3
      vertex 6.53035 -35.6111 3
    endloop
  endfacet
  facet normal 0 0 1
    outer loop
      vertex 6.43682 -35.485 3
      vertex 6.43682 -37.515 3
      vertex 6.53035 -37.3889 3
    endloop
  endfacet
  facet normal 0 0 1
    outer loop
      vertex 6.33137 -35.3686 3
      vertex 6.43682 -37.515 3
      vertex 6.43682 -35.485 3
    endloop
  endfacet
  facet normal 0 0 1
    outer loop
      vertex 6.33137 -35.3686 3
      vertex 6.33137 -37.6314 3
      vertex 6.43682 -37.515 3
    endloop
  endfacet
  facet normal 0 0 1
    outer loop
      vertex 6.21503 -35.2632 3
      vertex 6.33137 -37.6314 3
      vertex 6.33137 -35.3686 3
    endloop
  endfacet
  facet normal 0 0 1
    outer loop
      vertex 6.21503 -35.2632 3
      vertex 6.21503 -37.7368 3
      vertex 6.33137 -37.6314 3
    endloop
  endfacet
  facet normal 0 0 1
    outer loop
      vertex 6.08891 -35.1696 3
      vertex 6.21503 -37.7368 3
      vertex 6.21503 -35.2632 3
    endloop
  endfacet
  facet normal 0 0 1
    outer loop
      vertex 6.08891 -35.1696 3
      vertex 6.08891 -37.8304 3
      vertex 6.21503 -37.7368 3
    endloop
  endfacet
  facet normal 0 0 1
    outer loop
      vertex 5.95423 -35.0889 3
      vertex 6.08891 -37.8304 3
      vertex 6.08891 -35.1696 3
    endloop
  endfacet
  facet normal 0 0 1
    outer loop
      vertex 5.95423 -35.0889 3
      vertex 5.95423 -37.9111 3
      vertex 6.08891 -37.8304 3
    endloop
  endfacet
  facet normal 0 0 1
    outer loop
      vertex 5.81229 -35.0218 3
      vertex 5.95423 -37.9111 3
      vertex 5.95423 -35.0889 3
    endloop
  endfacet
  facet normal 0 0 1
    outer loop
      vertex 5.81229 -35.0218 3
      vertex 5.81229 -37.9782 3
      vertex 5.95423 -37.9111 3
    endloop
  endfacet
  facet normal 0 0 1
    outer loop
      vertex 5.66445 -34.9689 3
      vertex 5.81229 -37.9782 3
      vertex 5.81229 -35.0218 3
    endloop
  endfacet
  facet normal 0 0 1
    outer loop
      vertex 5.66445 -34.9689 3
      vertex 5.66445 -38.0311 3
      vertex 5.81229 -37.9782 3
    endloop
  endfacet
  facet normal 0 0 1
    outer loop
      vertex 5.51214 -34.9307 3
      vertex 5.66445 -38.0311 3
      vertex 5.66445 -34.9689 3
    endloop
  endfacet
  facet normal 0 0 1
    outer loop
      vertex 5.51214 -34.9307 3
      vertex 5.51214 -38.0693 3
      vertex 5.66445 -38.0311 3
    endloop
  endfacet
  facet normal 0 0 1
    outer loop
      vertex 5.35683 -34.9077 3
      vertex 5.51214 -38.0693 3
      vertex 5.51214 -34.9307 3
    endloop
  endfacet
  facet normal 0 0 1
    outer loop
      vertex 5.35683 -34.9077 3
      vertex 5.35683 -38.0923 3
      vertex 5.51214 -38.0693 3
    endloop
  endfacet
  facet normal 0 0 1
    outer loop
      vertex 5.2 -34.9 3
      vertex 5.35683 -38.0923 3
      vertex 5.35683 -34.9077 3
    endloop
  endfacet
  facet normal 0 0 1
    outer loop
      vertex 5.2 -34.9 3
      vertex 5.2 -38.1 3
      vertex 5.35683 -38.0923 3
    endloop
  endfacet
  facet normal -0 0 1
    outer loop
      vertex 5.04317 -34.9077 3
      vertex 5.2 -38.1 3
      vertex 5.2 -34.9 3
    endloop
  endfacet
  facet normal 0 0 1
    outer loop
      vertex 5.04317 -34.9077 3
      vertex 5.04317 -38.0923 3
      vertex 5.2 -38.1 3
    endloop
  endfacet
  facet normal -0 0 1
    outer loop
      vertex 4.88786 -34.9307 3
      vertex 5.04317 -38.0923 3
      vertex 5.04317 -34.9077 3
    endloop
  endfacet
  facet normal 0 0 1
    outer loop
      vertex 4.88786 -34.9307 3
      vertex 4.88786 -38.0693 3
      vertex 5.04317 -38.0923 3
    endloop
  endfacet
  facet normal -0 0 1
    outer loop
      vertex 4.73555 -34.9689 3
      vertex 4.88786 -38.0693 3
      vertex 4.88786 -34.9307 3
    endloop
  endfacet
  facet normal 0 0 1
    outer loop
      vertex 4.73555 -34.9689 3
      vertex 4.73555 -38.0311 3
      vertex 4.88786 -38.0693 3
    endloop
  endfacet
  facet normal -0 0 1
    outer loop
      vertex 4.58771 -35.0218 3
      vertex 4.73555 -38.0311 3
      vertex 4.73555 -34.9689 3
    endloop
  endfacet
  facet normal 0 0 1
    outer loop
      vertex 4.58771 -35.0218 3
      vertex 4.58771 -37.9782 3
      vertex 4.73555 -38.0311 3
    endloop
  endfacet
  facet normal -0 0 1
    outer loop
      vertex 4.44577 -35.0889 3
      vertex 4.58771 -37.9782 3
      vertex 4.58771 -35.0218 3
    endloop
  endfacet
  facet normal 0 0 1
    outer loop
      vertex 4.44577 -35.0889 3
      vertex 4.44577 -37.9111 3
      vertex 4.58771 -37.9782 3
    endloop
  endfacet
  facet normal -0 0 1
    outer loop
      vertex 4.31109 -35.1696 3
      vertex 4.44577 -37.9111 3
      vertex 4.44577 -35.0889 3
    endloop
  endfacet
  facet normal 0 0 1
    outer loop
      vertex 4.31109 -35.1696 3
      vertex 4.31109 -37.8304 3
      vertex 4.44577 -37.9111 3
    endloop
  endfacet
  facet normal -0 0 1
    outer loop
      vertex 4.18497 -35.2632 3
      vertex 4.31109 -37.8304 3
      vertex 4.31109 -35.1696 3
    endloop
  endfacet
  facet normal 0 0 1
    outer loop
      vertex 4.18497 -35.2632 3
      vertex 4.18497 -37.7368 3
      vertex 4.31109 -37.8304 3
    endloop
  endfacet
  facet normal -0 0 1
    outer loop
      vertex 4.06863 -35.3686 3
      vertex 4.18497 -37.7368 3
      vertex 4.18497 -35.2632 3
    endloop
  endfacet
  facet normal 0 0 1
    outer loop
      vertex 4.06863 -35.3686 3
      vertex 4.06863 -37.6314 3
      vertex 4.18497 -37.7368 3
    endloop
  endfacet
  facet normal -0 0 1
    outer loop
      vertex 3.96318 -35.485 3
      vertex 4.06863 -37.6314 3
      vertex 4.06863 -35.3686 3
    endloop
  endfacet
  facet normal 0 0 1
    outer loop
      vertex 3.96318 -35.485 3
      vertex 3.96318 -37.515 3
      vertex 4.06863 -37.6314 3
    endloop
  endfacet
  facet normal -0 0 1
    outer loop
      vertex 3.86965 -35.6111 3
      vertex 3.96318 -37.515 3
      vertex 3.96318 -35.485 3
    endloop
  endfacet
  facet normal 0 0 1
    outer loop
      vertex 3.86965 -35.6111 3
      vertex 3.86965 -37.3889 3
      vertex 3.96318 -37.515 3
    endloop
  endfacet
  facet normal -0 0 1
    outer loop
      vertex 3.78893 -35.7458 3
      vertex 3.86965 -37.3889 3
      vertex 3.86965 -35.6111 3
    endloop
  endfacet
  facet normal 0 0 1
    outer loop
      vertex 3.78893 -35.7458 3
      vertex 3.78893 -37.2542 3
      vertex 3.86965 -37.3889 3
    endloop
  endfacet
  facet normal -0 0 1
    outer loop
      vertex 3.72179 -35.8877 3
      vertex 3.78893 -37.2542 3
      vertex 3.78893 -35.7458 3
    endloop
  endfacet
  facet normal 0 0 1
    outer loop
      vertex 3.72179 -35.8877 3
      vertex 3.72179 -37.1123 3
      vertex 3.78893 -37.2542 3
    endloop
  endfacet
  facet normal -0 0 1
    outer loop
      vertex 3.6689 -36.0355 3
      vertex 3.72179 -37.1123 3
      vertex 3.72179 -35.8877 3
    endloop
  endfacet
  facet normal 0 0 1
    outer loop
      vertex 3.6689 -36.0355 3
      vertex 3.6689 -36.9645 3
      vertex 3.72179 -37.1123 3
    endloop
  endfacet
  facet normal -0 0 1
    outer loop
      vertex 3.63074 -36.1879 3
      vertex 3.6689 -36.9645 3
      vertex 3.6689 -36.0355 3
    endloop
  endfacet
  facet normal 0 0 1
    outer loop
      vertex 3.63074 -36.1879 3
      vertex 3.63074 -36.8121 3
      vertex 3.6689 -36.9645 3
    endloop
  endfacet
  facet normal -0 0 1
    outer loop
      vertex 3.60771 -36.3432 3
      vertex 3.63074 -36.8121 3
      vertex 3.63074 -36.1879 3
    endloop
  endfacet
  facet normal 0 0 1
    outer loop
      vertex 3.60771 -36.3432 3
      vertex 3.60771 -36.6568 3
      vertex 3.63074 -36.8121 3
    endloop
  endfacet
  facet normal 0 -0 1
    outer loop
      vertex 3.60771 -36.6568 3
      vertex 3.60771 -36.3432 3
      vertex 3.6 -36.5 3
    endloop
  endfacet
  facet normal 0 0 1
    outer loop
      vertex -51.2077 -36.3432 3
      vertex -51.2077 -36.6568 3
      vertex -51.2 -36.5 3
    endloop
  endfacet
  facet normal 0 0 1
    outer loop
      vertex -51.2307 -36.1879 3
      vertex -51.2077 -36.6568 3
      vertex -51.2077 -36.3432 3
    endloop
  endfacet
  facet normal 0 0 1
    outer loop
      vertex -51.2307 -36.1879 3
      vertex -51.2307 -36.8121 3
      vertex -51.2077 -36.6568 3
    endloop
  endfacet
  facet normal 0 0 1
    outer loop
      vertex -51.2689 -36.0355 3
      vertex -51.2307 -36.8121 3
      vertex -51.2307 -36.1879 3
    endloop
  endfacet
  facet normal 0 0 1
    outer loop
      vertex -51.2689 -36.0355 3
      vertex -51.2689 -36.9645 3
      vertex -51.2307 -36.8121 3
    endloop
  endfacet
  facet normal 0 0 1
    outer loop
      vertex -51.3218 -35.8877 3
      vertex -51.2689 -36.9645 3
      vertex -51.2689 -36.0355 3
    endloop
  endfacet
  facet normal 0 0 1
    outer loop
      vertex -51.3218 -35.8877 3
      vertex -51.3218 -37.1123 3
      vertex -51.2689 -36.9645 3
    endloop
  endfacet
  facet normal 0 0 1
    outer loop
      vertex -51.3889 -35.7458 3
      vertex -51.3218 -37.1123 3
      vertex -51.3218 -35.8877 3
    endloop
  endfacet
  facet normal 0 0 1
    outer loop
      vertex -51.3889 -35.7458 3
      vertex -51.3889 -37.2542 3
      vertex -51.3218 -37.1123 3
    endloop
  endfacet
  facet normal 0 0 1
    outer loop
      vertex -51.4697 -35.6111 3
      vertex -51.3889 -37.2542 3
      vertex -51.3889 -35.7458 3
    endloop
  endfacet
  facet normal 0 0 1
    outer loop
      vertex -51.4697 -35.6111 3
      vertex -51.4697 -37.3889 3
      vertex -51.3889 -37.2542 3
    endloop
  endfacet
  facet normal 0 0 1
    outer loop
      vertex -51.5632 -35.485 3
      vertex -51.4697 -37.3889 3
      vertex -51.4697 -35.6111 3
    endloop
  endfacet
  facet normal 0 0 1
    outer loop
      vertex -51.5632 -35.485 3
      vertex -51.5632 -37.515 3
      vertex -51.4697 -37.3889 3
    endloop
  endfacet
  facet normal 0 0 1
    outer loop
      vertex -51.6686 -35.3686 3
      vertex -51.5632 -37.515 3
      vertex -51.5632 -35.485 3
    endloop
  endfacet
  facet normal 0 0 1
    outer loop
      vertex -51.6686 -35.3686 3
      vertex -51.6686 -37.6314 3
      vertex -51.5632 -37.515 3
    endloop
  endfacet
  facet normal 0 0 1
    outer loop
      vertex -51.785 -35.2632 3
      vertex -51.6686 -37.6314 3
      vertex -51.6686 -35.3686 3
    endloop
  endfacet
  facet normal 0 0 1
    outer loop
      vertex -51.785 -35.2632 3
      vertex -51.785 -37.7368 3
      vertex -51.6686 -37.6314 3
    endloop
  endfacet
  facet normal 0 0 1
    outer loop
      vertex -51.9111 -35.1696 3
      vertex -51.785 -37.7368 3
      vertex -51.785 -35.2632 3
    endloop
  endfacet
  facet normal 0 0 1
    outer loop
      vertex -51.9111 -35.1696 3
      vertex -51.9111 -37.8304 3
      vertex -51.785 -37.7368 3
    endloop
  endfacet
  facet normal 0 0 1
    outer loop
      vertex -52.0458 -35.0889 3
      vertex -51.9111 -37.8304 3
      vertex -51.9111 -35.1696 3
    endloop
  endfacet
  facet normal 0 0 1
    outer loop
      vertex -52.0458 -35.0889 3
      vertex -52.0458 -37.9111 3
      vertex -51.9111 -37.8304 3
    endloop
  endfacet
  facet normal 0 0 1
    outer loop
      vertex -52.1877 -35.0218 3
      vertex -52.0458 -37.9111 3
      vertex -52.0458 -35.0889 3
    endloop
  endfacet
  facet normal 0 0 1
    outer loop
      vertex -52.1877 -35.0218 3
      vertex -52.1877 -37.9782 3
      vertex -52.0458 -37.9111 3
    endloop
  endfacet
  facet normal 0 0 1
    outer loop
      vertex -52.3355 -34.9689 3
      vertex -52.1877 -37.9782 3
      vertex -52.1877 -35.0218 3
    endloop
  endfacet
  facet normal 0 0 1
    outer loop
      vertex -52.3355 -34.9689 3
      vertex -52.3355 -38.0311 3
      vertex -52.1877 -37.9782 3
    endloop
  endfacet
  facet normal 0 0 1
    outer loop
      vertex -52.4879 -34.9307 3
      vertex -52.3355 -38.0311 3
      vertex -52.3355 -34.9689 3
    endloop
  endfacet
  facet normal 0 0 1
    outer loop
      vertex -52.4879 -34.9307 3
      vertex -52.4879 -38.0693 3
      vertex -52.3355 -38.0311 3
    endloop
  endfacet
  facet normal 0 0 1
    outer loop
      vertex -52.6432 -34.9077 3
      vertex -52.4879 -38.0693 3
      vertex -52.4879 -34.9307 3
    endloop
  endfacet
  facet normal 0 0 1
    outer loop
      vertex -52.6432 -34.9077 3
      vertex -52.6432 -38.0923 3
      vertex -52.4879 -38.0693 3
    endloop
  endfacet
  facet normal 0 0 1
    outer loop
      vertex -52.8 -34.9 3
      vertex -52.6432 -38.0923 3
      vertex -52.6432 -34.9077 3
    endloop
  endfacet
  facet normal 0 0 1
    outer loop
      vertex -52.8 -34.9 3
      vertex -52.8 -38.1 3
      vertex -52.6432 -38.0923 3
    endloop
  endfacet
  facet normal -0 0 1
    outer loop
      vertex -52.9568 -34.9077 3
      vertex -52.8 -38.1 3
      vertex -52.8 -34.9 3
    endloop
  endfacet
  facet normal 0 0 1
    outer loop
      vertex -52.9568 -34.9077 3
      vertex -52.9568 -38.0923 3
      vertex -52.8 -38.1 3
    endloop
  endfacet
  facet normal -0 0 1
    outer loop
      vertex -53.1121 -34.9307 3
      vertex -52.9568 -38.0923 3
      vertex -52.9568 -34.9077 3
    endloop
  endfacet
  facet normal 0 0 1
    outer loop
      vertex -53.1121 -34.9307 3
      vertex -53.1121 -38.0693 3
      vertex -52.9568 -38.0923 3
    endloop
  endfacet
  facet normal -0 0 1
    outer loop
      vertex -53.2645 -34.9689 3
      vertex -53.1121 -38.0693 3
      vertex -53.1121 -34.9307 3
    endloop
  endfacet
  facet normal 0 0 1
    outer loop
      vertex -53.2645 -34.9689 3
      vertex -53.2645 -38.0311 3
      vertex -53.1121 -38.0693 3
    endloop
  endfacet
  facet normal -0 0 1
    outer loop
      vertex -53.4123 -35.0218 3
      vertex -53.2645 -38.0311 3
      vertex -53.2645 -34.9689 3
    endloop
  endfacet
  facet normal 0 0 1
    outer loop
      vertex -53.4123 -35.0218 3
      vertex -53.4123 -37.9782 3
      vertex -53.2645 -38.0311 3
    endloop
  endfacet
  facet normal -0 0 1
    outer loop
      vertex -53.5542 -35.0889 3
      vertex -53.4123 -37.9782 3
      vertex -53.4123 -35.0218 3
    endloop
  endfacet
  facet normal 0 0 1
    outer loop
      vertex -53.5542 -35.0889 3
      vertex -53.5542 -37.9111 3
      vertex -53.4123 -37.9782 3
    endloop
  endfacet
  facet normal -0 0 1
    outer loop
      vertex -53.6889 -35.1696 3
      vertex -53.5542 -37.9111 3
      vertex -53.5542 -35.0889 3
    endloop
  endfacet
  facet normal 0 0 1
    outer loop
      vertex -53.6889 -35.1696 3
      vertex -53.6889 -37.8304 3
      vertex -53.5542 -37.9111 3
    endloop
  endfacet
  facet normal -0 0 1
    outer loop
      vertex -53.815 -35.2632 3
      vertex -53.6889 -37.8304 3
      vertex -53.6889 -35.1696 3
    endloop
  endfacet
  facet normal 0 0 1
    outer loop
      vertex -53.815 -35.2632 3
      vertex -53.815 -37.7368 3
      vertex -53.6889 -37.8304 3
    endloop
  endfacet
  facet normal -0 0 1
    outer loop
      vertex -53.9314 -35.3686 3
      vertex -53.815 -37.7368 3
      vertex -53.815 -35.2632 3
    endloop
  endfacet
  facet normal 0 0 1
    outer loop
      vertex -53.9314 -35.3686 3
      vertex -53.9314 -37.6314 3
      vertex -53.815 -37.7368 3
    endloop
  endfacet
  facet normal -0 0 1
    outer loop
      vertex -54.0368 -35.485 3
      vertex -53.9314 -37.6314 3
      vertex -53.9314 -35.3686 3
    endloop
  endfacet
  facet normal 0 0 1
    outer loop
      vertex -54.0368 -35.485 3
      vertex -54.0368 -37.515 3
      vertex -53.9314 -37.6314 3
    endloop
  endfacet
  facet normal -0 0 1
    outer loop
      vertex -54.1304 -35.6111 3
      vertex -54.0368 -37.515 3
      vertex -54.0368 -35.485 3
    endloop
  endfacet
  facet normal 0 0 1
    outer loop
      vertex -54.1304 -35.6111 3
      vertex -54.1304 -37.3889 3
      vertex -54.0368 -37.515 3
    endloop
  endfacet
  facet normal -0 0 1
    outer loop
      vertex -54.2111 -35.7458 3
      vertex -54.1304 -37.3889 3
      vertex -54.1304 -35.6111 3
    endloop
  endfacet
  facet normal 0 0 1
    outer loop
      vertex -54.2111 -35.7458 3
      vertex -54.2111 -37.2542 3
      vertex -54.1304 -37.3889 3
    endloop
  endfacet
  facet normal -0 0 1
    outer loop
      vertex -54.2782 -35.8877 3
      vertex -54.2111 -37.2542 3
      vertex -54.2111 -35.7458 3
    endloop
  endfacet
  facet normal 0 0 1
    outer loop
      vertex -54.2782 -35.8877 3
      vertex -54.2782 -37.1123 3
      vertex -54.2111 -37.2542 3
    endloop
  endfacet
  facet normal -0 0 1
    outer loop
      vertex -54.3311 -36.0355 3
      vertex -54.2782 -37.1123 3
      vertex -54.2782 -35.8877 3
    endloop
  endfacet
  facet normal 0 0 1
    outer loop
      vertex -54.3311 -36.0355 3
      vertex -54.3311 -36.9645 3
      vertex -54.2782 -37.1123 3
    endloop
  endfacet
  facet normal -0 0 1
    outer loop
      vertex -54.3693 -36.1879 3
      vertex -54.3311 -36.9645 3
      vertex -54.3311 -36.0355 3
    endloop
  endfacet
  facet normal 0 0 1
    outer loop
      vertex -54.3693 -36.1879 3
      vertex -54.3693 -36.8121 3
      vertex -54.3311 -36.9645 3
    endloop
  endfacet
  facet normal -0 0 1
    outer loop
      vertex -54.3923 -36.3432 3
      vertex -54.3693 -36.8121 3
      vertex -54.3693 -36.1879 3
    endloop
  endfacet
  facet normal 0 0 1
    outer loop
      vertex -54.3923 -36.3432 3
      vertex -54.3923 -36.6568 3
      vertex -54.3693 -36.8121 3
    endloop
  endfacet
  facet normal 0 -0 1
    outer loop
      vertex -54.3923 -36.6568 3
      vertex -54.3923 -36.3432 3
      vertex -54.4 -36.5 3
    endloop
  endfacet
  facet normal 0 0 1
    outer loop
      vertex 6.79229 36.6568 3
      vertex 6.79229 36.3432 3
      vertex 6.8 36.5 3
    endloop
  endfacet
  facet normal 0 0 1
    outer loop
      vertex 6.76926 36.8121 3
      vertex 6.79229 36.3432 3
      vertex 6.79229 36.6568 3
    endloop
  endfacet
  facet normal 0 0 1
    outer loop
      vertex 6.76926 36.8121 3
      vertex 6.76926 36.1879 3
      vertex 6.79229 36.3432 3
    endloop
  endfacet
  facet normal 0 0 1
    outer loop
      vertex 6.7311 36.9645 3
      vertex 6.76926 36.1879 3
      vertex 6.76926 36.8121 3
    endloop
  endfacet
  facet normal 0 0 1
    outer loop
      vertex 6.7311 36.9645 3
      vertex 6.7311 36.0355 3
      vertex 6.76926 36.1879 3
    endloop
  endfacet
  facet normal 0 0 1
    outer loop
      vertex 6.67821 37.1123 3
      vertex 6.7311 36.0355 3
      vertex 6.7311 36.9645 3
    endloop
  endfacet
  facet normal 0 0 1
    outer loop
      vertex 6.67821 37.1123 3
      vertex 6.67821 35.8877 3
      vertex 6.7311 36.0355 3
    endloop
  endfacet
  facet normal 0 0 1
    outer loop
      vertex 6.61107 37.2542 3
      vertex 6.67821 35.8877 3
      vertex 6.67821 37.1123 3
    endloop
  endfacet
  facet normal 0 0 1
    outer loop
      vertex 6.61107 37.2542 3
      vertex 6.61107 35.7458 3
      vertex 6.67821 35.8877 3
    endloop
  endfacet
  facet normal 0 0 1
    outer loop
      vertex 6.53035 37.3889 3
      vertex 6.61107 35.7458 3
      vertex 6.61107 37.2542 3
    endloop
  endfacet
  facet normal 0 0 1
    outer loop
      vertex 6.53035 37.3889 3
      vertex 6.53035 35.6111 3
      vertex 6.61107 35.7458 3
    endloop
  endfacet
  facet normal 0 0 1
    outer loop
      vertex 6.43682 37.515 3
      vertex 6.53035 35.6111 3
      vertex 6.53035 37.3889 3
    endloop
  endfacet
  facet normal 0 0 1
    outer loop
      vertex 6.43682 37.515 3
      vertex 6.43682 35.485 3
      vertex 6.53035 35.6111 3
    endloop
  endfacet
  facet normal 0 0 1
    outer loop
      vertex 6.33137 37.6314 3
      vertex 6.43682 35.485 3
      vertex 6.43682 37.515 3
    endloop
  endfacet
  facet normal 0 0 1
    outer loop
      vertex 6.33137 37.6314 3
      vertex 6.33137 35.3686 3
      vertex 6.43682 35.485 3
    endloop
  endfacet
  facet normal 0 0 1
    outer loop
      vertex 6.21503 37.7368 3
      vertex 6.33137 35.3686 3
      vertex 6.33137 37.6314 3
    endloop
  endfacet
  facet normal 0 0 1
    outer loop
      vertex 6.21503 37.7368 3
      vertex 6.21503 35.2632 3
      vertex 6.33137 35.3686 3
    endloop
  endfacet
  facet normal 0 0 1
    outer loop
      vertex 6.08891 37.8304 3
      vertex 6.21503 35.2632 3
      vertex 6.21503 37.7368 3
    endloop
  endfacet
  facet normal 0 0 1
    outer loop
      vertex 6.08891 37.8304 3
      vertex 6.08891 35.1696 3
      vertex 6.21503 35.2632 3
    endloop
  endfacet
  facet normal 0 0 1
    outer loop
      vertex 5.95423 37.9111 3
      vertex 6.08891 35.1696 3
      vertex 6.08891 37.8304 3
    endloop
  endfacet
  facet normal 0 0 1
    outer loop
      vertex 5.95423 37.9111 3
      vertex 5.95423 35.0889 3
      vertex 6.08891 35.1696 3
    endloop
  endfacet
  facet normal 0 0 1
    outer loop
      vertex 5.81229 37.9782 3
      vertex 5.95423 35.0889 3
      vertex 5.95423 37.9111 3
    endloop
  endfacet
  facet normal 0 0 1
    outer loop
      vertex 5.81229 37.9782 3
      vertex 5.81229 35.0218 3
      vertex 5.95423 35.0889 3
    endloop
  endfacet
  facet normal 0 0 1
    outer loop
      vertex 5.66445 38.0311 3
      vertex 5.81229 35.0218 3
      vertex 5.81229 37.9782 3
    endloop
  endfacet
  facet normal 0 0 1
    outer loop
      vertex 5.66445 38.0311 3
      vertex 5.66445 34.9689 3
      vertex 5.81229 35.0218 3
    endloop
  endfacet
  facet normal 0 0 1
    outer loop
      vertex 5.51214 38.0693 3
      vertex 5.66445 34.9689 3
      vertex 5.66445 38.0311 3
    endloop
  endfacet
  facet normal 0 0 1
    outer loop
      vertex 5.51214 38.0693 3
      vertex 5.51214 34.9307 3
      vertex 5.66445 34.9689 3
    endloop
  endfacet
  facet normal 0 0 1
    outer loop
      vertex 5.35683 38.0923 3
      vertex 5.51214 34.9307 3
      vertex 5.51214 38.0693 3
    endloop
  endfacet
  facet normal 0 0 1
    outer loop
      vertex 5.35683 38.0923 3
      vertex 5.35683 34.9077 3
      vertex 5.51214 34.9307 3
    endloop
  endfacet
  facet normal 0 0 1
    outer loop
      vertex 5.2 38.1 3
      vertex 5.35683 34.9077 3
      vertex 5.35683 38.0923 3
    endloop
  endfacet
  facet normal 0 0 1
    outer loop
      vertex 5.2 38.1 3
      vertex 5.2 34.9 3
      vertex 5.35683 34.9077 3
    endloop
  endfacet
  facet normal -0 0 1
    outer loop
      vertex 5.04317 38.0923 3
      vertex 5.2 34.9 3
      vertex 5.2 38.1 3
    endloop
  endfacet
  facet normal 0 0 1
    outer loop
      vertex 5.04317 38.0923 3
      vertex 5.04317 34.9077 3
      vertex 5.2 34.9 3
    endloop
  endfacet
  facet normal -0 0 1
    outer loop
      vertex 4.88786 38.0693 3
      vertex 5.04317 34.9077 3
      vertex 5.04317 38.0923 3
    endloop
  endfacet
  facet normal 0 0 1
    outer loop
      vertex 4.88786 38.0693 3
      vertex 4.88786 34.9307 3
      vertex 5.04317 34.9077 3
    endloop
  endfacet
  facet normal -0 0 1
    outer loop
      vertex 4.73555 38.0311 3
      vertex 4.88786 34.9307 3
      vertex 4.88786 38.0693 3
    endloop
  endfacet
  facet normal 0 0 1
    outer loop
      vertex 4.73555 38.0311 3
      vertex 4.73555 34.9689 3
      vertex 4.88786 34.9307 3
    endloop
  endfacet
  facet normal -0 0 1
    outer loop
      vertex 4.58771 37.9782 3
      vertex 4.73555 34.9689 3
      vertex 4.73555 38.0311 3
    endloop
  endfacet
  facet normal 0 0 1
    outer loop
      vertex 4.58771 37.9782 3
      vertex 4.58771 35.0218 3
      vertex 4.73555 34.9689 3
    endloop
  endfacet
  facet normal -0 0 1
    outer loop
      vertex 4.44577 37.9111 3
      vertex 4.58771 35.0218 3
      vertex 4.58771 37.9782 3
    endloop
  endfacet
  facet normal 0 0 1
    outer loop
      vertex 4.44577 37.9111 3
      vertex 4.44577 35.0889 3
      vertex 4.58771 35.0218 3
    endloop
  endfacet
  facet normal -0 0 1
    outer loop
      vertex 4.31109 37.8304 3
      vertex 4.44577 35.0889 3
      vertex 4.44577 37.9111 3
    endloop
  endfacet
  facet normal 0 0 1
    outer loop
      vertex 4.31109 37.8304 3
      vertex 4.31109 35.1696 3
      vertex 4.44577 35.0889 3
    endloop
  endfacet
  facet normal -0 0 1
    outer loop
      vertex 4.18497 37.7368 3
      vertex 4.31109 35.1696 3
      vertex 4.31109 37.8304 3
    endloop
  endfacet
  facet normal 0 0 1
    outer loop
      vertex 4.18497 37.7368 3
      vertex 4.18497 35.2632 3
      vertex 4.31109 35.1696 3
    endloop
  endfacet
  facet normal -0 0 1
    outer loop
      vertex 4.06863 37.6314 3
      vertex 4.18497 35.2632 3
      vertex 4.18497 37.7368 3
    endloop
  endfacet
  facet normal 0 0 1
    outer loop
      vertex 4.06863 37.6314 3
      vertex 4.06863 35.3686 3
      vertex 4.18497 35.2632 3
    endloop
  endfacet
  facet normal -0 0 1
    outer loop
      vertex 3.96318 37.515 3
      vertex 4.06863 35.3686 3
      vertex 4.06863 37.6314 3
    endloop
  endfacet
  facet normal 0 0 1
    outer loop
      vertex 3.96318 37.515 3
      vertex 3.96318 35.485 3
      vertex 4.06863 35.3686 3
    endloop
  endfacet
  facet normal -0 0 1
    outer loop
      vertex 3.86965 37.3889 3
      vertex 3.96318 35.485 3
      vertex 3.96318 37.515 3
    endloop
  endfacet
  facet normal 0 0 1
    outer loop
      vertex 3.86965 37.3889 3
      vertex 3.86965 35.6111 3
      vertex 3.96318 35.485 3
    endloop
  endfacet
  facet normal -0 0 1
    outer loop
      vertex 3.78893 37.2542 3
      vertex 3.86965 35.6111 3
      vertex 3.86965 37.3889 3
    endloop
  endfacet
  facet normal 0 0 1
    outer loop
      vertex 3.78893 37.2542 3
      vertex 3.78893 35.7458 3
      vertex 3.86965 35.6111 3
    endloop
  endfacet
  facet normal -0 0 1
    outer loop
      vertex 3.72179 37.1123 3
      vertex 3.78893 35.7458 3
      vertex 3.78893 37.2542 3
    endloop
  endfacet
  facet normal 0 0 1
    outer loop
      vertex 3.72179 37.1123 3
      vertex 3.72179 35.8877 3
      vertex 3.78893 35.7458 3
    endloop
  endfacet
  facet normal -0 0 1
    outer loop
      vertex 3.6689 36.9645 3
      vertex 3.72179 35.8877 3
      vertex 3.72179 37.1123 3
    endloop
  endfacet
  facet normal 0 0 1
    outer loop
      vertex 3.6689 36.9645 3
      vertex 3.6689 36.0355 3
      vertex 3.72179 35.8877 3
    endloop
  endfacet
  facet normal -0 0 1
    outer loop
      vertex 3.63074 36.8121 3
      vertex 3.6689 36.0355 3
      vertex 3.6689 36.9645 3
    endloop
  endfacet
  facet normal 0 0 1
    outer loop
      vertex 3.63074 36.8121 3
      vertex 3.63074 36.1879 3
      vertex 3.6689 36.0355 3
    endloop
  endfacet
  facet normal -0 0 1
    outer loop
      vertex 3.60771 36.6568 3
      vertex 3.63074 36.1879 3
      vertex 3.63074 36.8121 3
    endloop
  endfacet
  facet normal 0 0 1
    outer loop
      vertex 3.60771 36.6568 3
      vertex 3.60771 36.3432 3
      vertex 3.63074 36.1879 3
    endloop
  endfacet
  facet normal 0 -0 1
    outer loop
      vertex 3.60771 36.3432 3
      vertex 3.60771 36.6568 3
      vertex 3.6 36.5 3
    endloop
  endfacet
  facet normal 0 0 1
    outer loop
      vertex -51.2077 36.6568 3
      vertex -51.2077 36.3432 3
      vertex -51.2 36.5 3
    endloop
  endfacet
  facet normal 0 0 1
    outer loop
      vertex -51.2307 36.8121 3
      vertex -51.2077 36.3432 3
      vertex -51.2077 36.6568 3
    endloop
  endfacet
  facet normal 0 0 1
    outer loop
      vertex -51.2307 36.8121 3
      vertex -51.2307 36.1879 3
      vertex -51.2077 36.3432 3
    endloop
  endfacet
  facet normal 0 0 1
    outer loop
      vertex -51.2689 36.9645 3
      vertex -51.2307 36.1879 3
      vertex -51.2307 36.8121 3
    endloop
  endfacet
  facet normal 0 0 1
    outer loop
      vertex -51.2689 36.9645 3
      vertex -51.2689 36.0355 3
      vertex -51.2307 36.1879 3
    endloop
  endfacet
  facet normal 0 0 1
    outer loop
      vertex -51.3218 37.1123 3
      vertex -51.2689 36.0355 3
      vertex -51.2689 36.9645 3
    endloop
  endfacet
  facet normal 0 0 1
    outer loop
      vertex -51.3218 37.1123 3
      vertex -51.3218 35.8877 3
      vertex -51.2689 36.0355 3
    endloop
  endfacet
  facet normal 0 0 1
    outer loop
      vertex -51.3889 37.2542 3
      vertex -51.3218 35.8877 3
      vertex -51.3218 37.1123 3
    endloop
  endfacet
  facet normal 0 0 1
    outer loop
      vertex -51.3889 37.2542 3
      vertex -51.3889 35.7458 3
      vertex -51.3218 35.8877 3
    endloop
  endfacet
  facet normal 0 0 1
    outer loop
      vertex -51.4697 37.3889 3
      vertex -51.3889 35.7458 3
      vertex -51.3889 37.2542 3
    endloop
  endfacet
  facet normal 0 0 1
    outer loop
      vertex -51.4697 37.3889 3
      vertex -51.4697 35.6111 3
      vertex -51.3889 35.7458 3
    endloop
  endfacet
  facet normal 0 0 1
    outer loop
      vertex -51.5632 37.515 3
      vertex -51.4697 35.6111 3
      vertex -51.4697 37.3889 3
    endloop
  endfacet
  facet normal 0 0 1
    outer loop
      vertex -51.5632 37.515 3
      vertex -51.5632 35.485 3
      vertex -51.4697 35.6111 3
    endloop
  endfacet
  facet normal 0 0 1
    outer loop
      vertex -51.6686 37.6314 3
      vertex -51.5632 35.485 3
      vertex -51.5632 37.515 3
    endloop
  endfacet
  facet normal 0 0 1
    outer loop
      vertex -51.6686 37.6314 3
      vertex -51.6686 35.3686 3
      vertex -51.5632 35.485 3
    endloop
  endfacet
  facet normal 0 0 1
    outer loop
      vertex -51.785 37.7368 3
      vertex -51.6686 35.3686 3
      vertex -51.6686 37.6314 3
    endloop
  endfacet
  facet normal 0 0 1
    outer loop
      vertex -51.785 37.7368 3
      vertex -51.785 35.2632 3
      vertex -51.6686 35.3686 3
    endloop
  endfacet
  facet normal 0 0 1
    outer loop
      vertex -51.9111 37.8304 3
      vertex -51.785 35.2632 3
      vertex -51.785 37.7368 3
    endloop
  endfacet
  facet normal 0 0 1
    outer loop
      vertex -51.9111 37.8304 3
      vertex -51.9111 35.1696 3
      vertex -51.785 35.2632 3
    endloop
  endfacet
  facet normal 0 0 1
    outer loop
      vertex -52.0458 37.9111 3
      vertex -51.9111 35.1696 3
      vertex -51.9111 37.8304 3
    endloop
  endfacet
  facet normal 0 0 1
    outer loop
      vertex -52.0458 37.9111 3
      vertex -52.0458 35.0889 3
      vertex -51.9111 35.1696 3
    endloop
  endfacet
  facet normal 0 0 1
    outer loop
      vertex -52.1877 37.9782 3
      vertex -52.0458 35.0889 3
      vertex -52.0458 37.9111 3
    endloop
  endfacet
  facet normal 0 0 1
    outer loop
      vertex -52.1877 37.9782 3
      vertex -52.1877 35.0218 3
      vertex -52.0458 35.0889 3
    endloop
  endfacet
  facet normal 0 0 1
    outer loop
      vertex -52.3355 38.0311 3
      vertex -52.1877 35.0218 3
      vertex -52.1877 37.9782 3
    endloop
  endfacet
  facet normal 0 0 1
    outer loop
      vertex -52.3355 38.0311 3
      vertex -52.3355 34.9689 3
      vertex -52.1877 35.0218 3
    endloop
  endfacet
  facet normal 0 0 1
    outer loop
      vertex -52.4879 38.0693 3
      vertex -52.3355 34.9689 3
      vertex -52.3355 38.0311 3
    endloop
  endfacet
  facet normal 0 0 1
    outer loop
      vertex -52.4879 38.0693 3
      vertex -52.4879 34.9307 3
      vertex -52.3355 34.9689 3
    endloop
  endfacet
  facet normal 0 0 1
    outer loop
      vertex -52.6432 38.0923 3
      vertex -52.4879 34.9307 3
      vertex -52.4879 38.0693 3
    endloop
  endfacet
  facet normal 0 0 1
    outer loop
      vertex -52.6432 38.0923 3
      vertex -52.6432 34.9077 3
      vertex -52.4879 34.9307 3
    endloop
  endfacet
  facet normal 0 0 1
    outer loop
      vertex -52.8 38.1 3
      vertex -52.6432 34.9077 3
      vertex -52.6432 38.0923 3
    endloop
  endfacet
  facet normal 0 0 1
    outer loop
      vertex -52.8 38.1 3
      vertex -52.8 34.9 3
      vertex -52.6432 34.9077 3
    endloop
  endfacet
  facet normal -0 0 1
    outer loop
      vertex -52.9568 38.0923 3
      vertex -52.8 34.9 3
      vertex -52.8 38.1 3
    endloop
  endfacet
  facet normal 0 0 1
    outer loop
      vertex -52.9568 38.0923 3
      vertex -52.9568 34.9077 3
      vertex -52.8 34.9 3
    endloop
  endfacet
  facet normal -0 0 1
    outer loop
      vertex -53.1121 38.0693 3
      vertex -52.9568 34.9077 3
      vertex -52.9568 38.0923 3
    endloop
  endfacet
  facet normal 0 0 1
    outer loop
      vertex -53.1121 38.0693 3
      vertex -53.1121 34.9307 3
      vertex -52.9568 34.9077 3
    endloop
  endfacet
  facet normal -0 0 1
    outer loop
      vertex -53.2645 38.0311 3
      vertex -53.1121 34.9307 3
      vertex -53.1121 38.0693 3
    endloop
  endfacet
  facet normal 0 0 1
    outer loop
      vertex -53.2645 38.0311 3
      vertex -53.2645 34.9689 3
      vertex -53.1121 34.9307 3
    endloop
  endfacet
  facet normal -0 0 1
    outer loop
      vertex -53.4123 37.9782 3
      vertex -53.2645 34.9689 3
      vertex -53.2645 38.0311 3
    endloop
  endfacet
  facet normal 0 0 1
    outer loop
      vertex -53.4123 37.9782 3
      vertex -53.4123 35.0218 3
      vertex -53.2645 34.9689 3
    endloop
  endfacet
  facet normal -0 0 1
    outer loop
      vertex -53.5542 37.9111 3
      vertex -53.4123 35.0218 3
      vertex -53.4123 37.9782 3
    endloop
  endfacet
  facet normal 0 0 1
    outer loop
      vertex -53.5542 37.9111 3
      vertex -53.5542 35.0889 3
      vertex -53.4123 35.0218 3
    endloop
  endfacet
  facet normal -0 0 1
    outer loop
      vertex -53.6889 37.8304 3
      vertex -53.5542 35.0889 3
      vertex -53.5542 37.9111 3
    endloop
  endfacet
  facet normal 0 0 1
    outer loop
      vertex -53.6889 37.8304 3
      vertex -53.6889 35.1696 3
      vertex -53.5542 35.0889 3
    endloop
  endfacet
  facet normal -0 0 1
    outer loop
      vertex -53.815 37.7368 3
      vertex -53.6889 35.1696 3
      vertex -53.6889 37.8304 3
    endloop
  endfacet
  facet normal 0 0 1
    outer loop
      vertex -53.815 37.7368 3
      vertex -53.815 35.2632 3
      vertex -53.6889 35.1696 3
    endloop
  endfacet
  facet normal -0 0 1
    outer loop
      vertex -53.9314 37.6314 3
      vertex -53.815 35.2632 3
      vertex -53.815 37.7368 3
    endloop
  endfacet
  facet normal 0 0 1
    outer loop
      vertex -53.9314 37.6314 3
      vertex -53.9314 35.3686 3
      vertex -53.815 35.2632 3
    endloop
  endfacet
  facet normal -0 0 1
    outer loop
      vertex -54.0368 37.515 3
      vertex -53.9314 35.3686 3
      vertex -53.9314 37.6314 3
    endloop
  endfacet
  facet normal 0 0 1
    outer loop
      vertex -54.0368 37.515 3
      vertex -54.0368 35.485 3
      vertex -53.9314 35.3686 3
    endloop
  endfacet
  facet normal -0 0 1
    outer loop
      vertex -54.1304 37.3889 3
      vertex -54.0368 35.485 3
      vertex -54.0368 37.515 3
    endloop
  endfacet
  facet normal 0 0 1
    outer loop
      vertex -54.1304 37.3889 3
      vertex -54.1304 35.6111 3
      vertex -54.0368 35.485 3
    endloop
  endfacet
  facet normal -0 0 1
    outer loop
      vertex -54.2111 37.2542 3
      vertex -54.1304 35.6111 3
      vertex -54.1304 37.3889 3
    endloop
  endfacet
  facet normal 0 0 1
    outer loop
      vertex -54.2111 37.2542 3
      vertex -54.2111 35.7458 3
      vertex -54.1304 35.6111 3
    endloop
  endfacet
  facet normal -0 0 1
    outer loop
      vertex -54.2782 37.1123 3
      vertex -54.2111 35.7458 3
      vertex -54.2111 37.2542 3
    endloop
  endfacet
  facet normal 0 0 1
    outer loop
      vertex -54.2782 37.1123 3
      vertex -54.2782 35.8877 3
      vertex -54.2111 35.7458 3
    endloop
  endfacet
  facet normal -0 0 1
    outer loop
      vertex -54.3311 36.9645 3
      vertex -54.2782 35.8877 3
      vertex -54.2782 37.1123 3
    endloop
  endfacet
  facet normal 0 0 1
    outer loop
      vertex -54.3311 36.9645 3
      vertex -54.3311 36.0355 3
      vertex -54.2782 35.8877 3
    endloop
  endfacet
  facet normal -0 0 1
    outer loop
      vertex -54.3693 36.8121 3
      vertex -54.3311 36.0355 3
      vertex -54.3311 36.9645 3
    endloop
  endfacet
  facet normal 0 0 1
    outer loop
      vertex -54.3693 36.8121 3
      vertex -54.3693 36.1879 3
      vertex -54.3311 36.0355 3
    endloop
  endfacet
  facet normal -0 0 1
    outer loop
      vertex -54.3923 36.6568 3
      vertex -54.3693 36.1879 3
      vertex -54.3693 36.8121 3
    endloop
  endfacet
  facet normal 0 0 1
    outer loop
      vertex -54.3923 36.6568 3
      vertex -54.3923 36.3432 3
      vertex -54.3693 36.1879 3
    endloop
  endfacet
  facet normal 0 -0 1
    outer loop
      vertex -54.3923 36.3432 3
      vertex -54.3923 36.6568 3
      vertex -54.4 36.5 3
    endloop
  endfacet
  facet normal 0 1 -0
    outer loop
      vertex 74 -51.2 3
      vertex 64 -51.2 13
      vertex 74 -51.2 13
    endloop
  endfacet
  facet normal 0 1 0
    outer loop
      vertex 64 -51.2 13
      vertex 74 -51.2 3
      vertex 64 -51.2 3
    endloop
  endfacet
  facet normal 0 -1 0
    outer loop
      vertex 64 -61.2 3
      vertex 74 -61.2 13
      vertex 64 -61.2 13
    endloop
  endfacet
  facet normal 0 -1 -0
    outer loop
      vertex 74 -61.2 13
      vertex 64 -61.2 3
      vertex 74 -61.2 3
    endloop
  endfacet
  facet normal -0 0 1
    outer loop
      vertex 64 5 13
      vertex 74 -5 13
      vertex 74 5 13
    endloop
  endfacet
  facet normal 0 0 1
    outer loop
      vertex 74 -5 13
      vertex 64 5 13
      vertex 64 -5 13
    endloop
  endfacet
  facet normal -1 0 0
    outer loop
      vertex 64 -5 3
      vertex 64 5 13
      vertex 64 5 3
    endloop
  endfacet
  facet normal -1 -0 0
    outer loop
      vertex 64 5 13
      vertex 64 -5 3
      vertex 64 -5 13
    endloop
  endfacet
  facet normal 0 1 -0
    outer loop
      vertex 74 5 3
      vertex 64 5 13
      vertex 74 5 13
    endloop
  endfacet
  facet normal 0 1 0
    outer loop
      vertex 64 5 13
      vertex 74 5 3
      vertex 64 5 3
    endloop
  endfacet
  facet normal 0 -1 0
    outer loop
      vertex 64 -5 3
      vertex 74 -5 13
      vertex 64 -5 13
    endloop
  endfacet
  facet normal 0 -1 -0
    outer loop
      vertex 74 -5 13
      vertex 64 -5 3
      vertex 74 -5 3
    endloop
  endfacet
  facet normal -0 0 1
    outer loop
      vertex 64 61.2 13
      vertex 74 51.2 13
      vertex 74 61.2 13
    endloop
  endfacet
  facet normal 0 0 1
    outer loop
      vertex 74 51.2 13
      vertex 64 61.2 13
      vertex 64 51.2 13
    endloop
  endfacet
  facet normal -1 0 0
    outer loop
      vertex 64 51.2 3
      vertex 64 61.2 13
      vertex 64 61.2 3
    endloop
  endfacet
  facet normal -1 -0 0
    outer loop
      vertex 64 61.2 13
      vertex 64 51.2 3
      vertex 64 51.2 13
    endloop
  endfacet
  facet normal 0 1 -0
    outer loop
      vertex 74 61.2 3
      vertex 64 61.2 13
      vertex 74 61.2 13
    endloop
  endfacet
  facet normal 0 1 0
    outer loop
      vertex 64 61.2 13
      vertex 74 61.2 3
      vertex 64 61.2 3
    endloop
  endfacet
  facet normal 0 -1 0
    outer loop
      vertex 64 51.2 3
      vertex 74 51.2 13
      vertex 64 51.2 13
    endloop
  endfacet
  facet normal 0 -1 -0
    outer loop
      vertex 74 51.2 13
      vertex 64 51.2 3
      vertex 74 51.2 3
    endloop
  endfacet
  facet normal -1 0 0
    outer loop
      vertex -74 -81.2 0
      vertex -74 81.2 3
      vertex -74 81.2 0
    endloop
  endfacet
  facet normal -1 -0 0
    outer loop
      vertex -74 81.2 3
      vertex -74 -81.2 0
      vertex -74 -81.2 3
    endloop
  endfacet
  facet normal 0 0 -1
    outer loop
      vertex -74 -81.2 0
      vertex 74 81.2 0
      vertex 74 -81.2 0
    endloop
  endfacet
  facet normal -0 0 -1
    outer loop
      vertex 74 81.2 0
      vertex -74 -81.2 0
      vertex -74 81.2 0
    endloop
  endfacet
  facet normal 0 1 -0
    outer loop
      vertex 74 81.2 0
      vertex -74 81.2 3
      vertex 74 81.2 3
    endloop
  endfacet
  facet normal 0 1 0
    outer loop
      vertex -74 81.2 3
      vertex 74 81.2 0
      vertex -74 81.2 0
    endloop
  endfacet
  facet normal 0 -1 0
    outer loop
      vertex -74 -81.2 0
      vertex 74 -81.2 3
      vertex -74 -81.2 3
    endloop
  endfacet
  facet normal 0 -1 -0
    outer loop
      vertex 74 -81.2 3
      vertex -74 -81.2 0
      vertex 74 -81.2 0
    endloop
  endfacet
  facet normal -0 0 1
    outer loop
      vertex 0.5 -64.2 10
      vertex 14.5 -78.2 10
      vertex 14.5 -64.2 10
    endloop
  endfacet
  facet normal 0 0 1
    outer loop
      vertex 14.5 -78.2 10
      vertex 0.5 -64.2 10
      vertex 0.5 -78.2 10
    endloop
  endfacet
  facet normal -1 0 0
    outer loop
      vertex 0.5 -78.2 3
      vertex 0.5 -64.2 10
      vertex 0.5 -64.2 3
    endloop
  endfacet
  facet normal -1 -0 0
    outer loop
      vertex 0.5 -64.2 10
      vertex 0.5 -78.2 3
      vertex 0.5 -78.2 10
    endloop
  endfacet
  facet normal 1 -0 0
    outer loop
      vertex 14.5 -78.2 10
      vertex 14.5 -64.2 3
      vertex 14.5 -64.2 10
    endloop
  endfacet
  facet normal 1 0 0
    outer loop
      vertex 14.5 -64.2 3
      vertex 14.5 -78.2 10
      vertex 14.5 -78.2 3
    endloop
  endfacet
  facet normal 0 1 -0
    outer loop
      vertex 14.5 -64.2 3
      vertex 0.5 -64.2 10
      vertex 14.5 -64.2 10
    endloop
  endfacet
  facet normal 0 1 0
    outer loop
      vertex 0.5 -64.2 10
      vertex 14.5 -64.2 3
      vertex 0.5 -64.2 3
    endloop
  endfacet
  facet normal 0 -1 0
    outer loop
      vertex 0.5 -78.2 10
      vertex 7.5 -78.2 9.15
      vertex 14.5 -78.2 10
    endloop
  endfacet
  facet normal 0 -1 0
    outer loop
      vertex 0.5 -78.2 10
      vertex 7.10058 -78.2 9.13038
      vertex 7.5 -78.2 9.15
    endloop
  endfacet
  facet normal 0 -1 0
    outer loop
      vertex 0.5 -78.2 10
      vertex 6.70501 -78.2 9.0717
      vertex 7.10058 -78.2 9.13038
    endloop
  endfacet
  facet normal 0 -1 0
    outer loop
      vertex 0.5 -78.2 10
      vertex 6.31709 -78.2 8.97453
      vertex 6.70501 -78.2 9.0717
    endloop
  endfacet
  facet normal 0 -1 0
    outer loop
      vertex 0.5 -78.2 10
      vertex 5.94057 -78.2 8.83981
      vertex 6.31709 -78.2 8.97453
    endloop
  endfacet
  facet normal 0 -1 0
    outer loop
      vertex 0.5 -78.2 10
      vertex 5.57906 -78.2 8.66883
      vertex 5.94057 -78.2 8.83981
    endloop
  endfacet
  facet normal 0 -1 0
    outer loop
      vertex 0.5 -78.2 10
      vertex 5.23605 -78.2 8.46324
      vertex 5.57906 -78.2 8.66883
    endloop
  endfacet
  facet normal 0 -1 0
    outer loop
      vertex 0.5 -78.2 10
      vertex 4.91485 -78.2 8.22502
      vertex 5.23605 -78.2 8.46324
    endloop
  endfacet
  facet normal 0 -1 0
    outer loop
      vertex 0.5 -78.2 10
      vertex 4.61854 -78.2 7.95646
      vertex 4.91485 -78.2 8.22502
    endloop
  endfacet
  facet normal 0 -1 0
    outer loop
      vertex 0.5 -78.2 10
      vertex 4.34998 -78.2 7.66015
      vertex 4.61854 -78.2 7.95646
    endloop
  endfacet
  facet normal 0 -1 0
    outer loop
      vertex 0.5 -78.2 10
      vertex 4.11176 -78.2 7.33895
      vertex 4.34998 -78.2 7.66015
    endloop
  endfacet
  facet normal 0 -1 0
    outer loop
      vertex 0.5 -78.2 10
      vertex 3.90617 -78.2 6.99594
      vertex 4.11176 -78.2 7.33895
    endloop
  endfacet
  facet normal 0 -1 0
    outer loop
      vertex 0.5 -78.2 10
      vertex 3.73519 -78.2 6.63443
      vertex 3.90617 -78.2 6.99594
    endloop
  endfacet
  facet normal 0 -1 0
    outer loop
      vertex 0.5 -78.2 10
      vertex 3.60047 -78.2 6.25791
      vertex 3.73519 -78.2 6.63443
    endloop
  endfacet
  facet normal 0 -1 0
    outer loop
      vertex 0.5 -78.2 10
      vertex 3.5033 -78.2 5.86999
      vertex 3.60047 -78.2 6.25791
    endloop
  endfacet
  facet normal 0 -1 0
    outer loop
      vertex 0.5 -78.2 3
      vertex 3.5033 -78.2 5.86999
      vertex 0.5 -78.2 10
    endloop
  endfacet
  facet normal 0 -1 0
    outer loop
      vertex 3.5033 -78.2 5.86999
      vertex 0.5 -78.2 3
      vertex 3.44462 -78.2 5.47442
    endloop
  endfacet
  facet normal 0 -1 0
    outer loop
      vertex 3.44462 -78.2 5.47442
      vertex 0.5 -78.2 3
      vertex 3.425 -78.2 5.075
    endloop
  endfacet
  facet normal 0 -1 -0
    outer loop
      vertex 3.425 -78.2 5.075
      vertex 0.5 -78.2 3
      vertex 3.44462 -78.2 4.67558
    endloop
  endfacet
  facet normal 0 -1 -0
    outer loop
      vertex 3.44462 -78.2 4.67558
      vertex 0.5 -78.2 3
      vertex 3.5033 -78.2 4.28001
    endloop
  endfacet
  facet normal 0 -1 -0
    outer loop
      vertex 3.5033 -78.2 4.28001
      vertex 0.5 -78.2 3
      vertex 3.60047 -78.2 3.89209
    endloop
  endfacet
  facet normal 0 -1 -0
    outer loop
      vertex 3.60047 -78.2 3.89209
      vertex 0.5 -78.2 3
      vertex 3.73519 -78.2 3.51556
    endloop
  endfacet
  facet normal 0 -1 -0
    outer loop
      vertex 3.73519 -78.2 3.51556
      vertex 0.5 -78.2 3
      vertex 3.90617 -78.2 3.15406
    endloop
  endfacet
  facet normal 0 -1 -0
    outer loop
      vertex 3.90617 -78.2 3.15406
      vertex 0.5 -78.2 3
      vertex 3.99851 -78.2 3
    endloop
  endfacet
  facet normal 0 -1 0
    outer loop
      vertex 7.89942 -78.2 9.13038
      vertex 14.5 -78.2 10
      vertex 7.5 -78.2 9.15
    endloop
  endfacet
  facet normal 0 -1 0
    outer loop
      vertex 8.29499 -78.2 9.0717
      vertex 14.5 -78.2 10
      vertex 7.89942 -78.2 9.13038
    endloop
  endfacet
  facet normal 0 -1 0
    outer loop
      vertex 8.68291 -78.2 8.97453
      vertex 14.5 -78.2 10
      vertex 8.29499 -78.2 9.0717
    endloop
  endfacet
  facet normal 0 -1 0
    outer loop
      vertex 9.05944 -78.2 8.83981
      vertex 14.5 -78.2 10
      vertex 8.68291 -78.2 8.97453
    endloop
  endfacet
  facet normal 0 -1 0
    outer loop
      vertex 9.42094 -78.2 8.66883
      vertex 14.5 -78.2 10
      vertex 9.05944 -78.2 8.83981
    endloop
  endfacet
  facet normal 0 -1 0
    outer loop
      vertex 9.76395 -78.2 8.46324
      vertex 14.5 -78.2 10
      vertex 9.42094 -78.2 8.66883
    endloop
  endfacet
  facet normal 0 -1 0
    outer loop
      vertex 10.0852 -78.2 8.22502
      vertex 14.5 -78.2 10
      vertex 9.76395 -78.2 8.46324
    endloop
  endfacet
  facet normal 0 -1 0
    outer loop
      vertex 10.3815 -78.2 7.95646
      vertex 14.5 -78.2 10
      vertex 10.0852 -78.2 8.22502
    endloop
  endfacet
  facet normal 0 -1 0
    outer loop
      vertex 10.65 -78.2 7.66015
      vertex 14.5 -78.2 10
      vertex 10.3815 -78.2 7.95646
    endloop
  endfacet
  facet normal 0 -1 0
    outer loop
      vertex 10.8882 -78.2 7.33895
      vertex 14.5 -78.2 10
      vertex 10.65 -78.2 7.66015
    endloop
  endfacet
  facet normal 0 -1 0
    outer loop
      vertex 11.0938 -78.2 6.99594
      vertex 14.5 -78.2 10
      vertex 10.8882 -78.2 7.33895
    endloop
  endfacet
  facet normal 0 -1 0
    outer loop
      vertex 11.2648 -78.2 6.63443
      vertex 14.5 -78.2 10
      vertex 11.0938 -78.2 6.99594
    endloop
  endfacet
  facet normal 0 -1 0
    outer loop
      vertex 11.3995 -78.2 6.25791
      vertex 14.5 -78.2 10
      vertex 11.2648 -78.2 6.63443
    endloop
  endfacet
  facet normal 0 -1 0
    outer loop
      vertex 11.4967 -78.2 5.86999
      vertex 14.5 -78.2 10
      vertex 11.3995 -78.2 6.25791
    endloop
  endfacet
  facet normal 0 -1 0
    outer loop
      vertex 14.5 -78.2 3
      vertex 11.4967 -78.2 5.86999
      vertex 11.5554 -78.2 5.47442
    endloop
  endfacet
  facet normal 0 -1 0
    outer loop
      vertex 14.5 -78.2 3
      vertex 11.5554 -78.2 5.47442
      vertex 11.575 -78.2 5.075
    endloop
  endfacet
  facet normal 0 -1 0
    outer loop
      vertex 14.5 -78.2 3
      vertex 11.575 -78.2 5.075
      vertex 11.5554 -78.2 4.67558
    endloop
  endfacet
  facet normal 0 -1 0
    outer loop
      vertex 14.5 -78.2 3
      vertex 11.5554 -78.2 4.67558
      vertex 11.4967 -78.2 4.28001
    endloop
  endfacet
  facet normal 0 -1 0
    outer loop
      vertex 14.5 -78.2 3
      vertex 11.4967 -78.2 4.28001
      vertex 11.3995 -78.2 3.89209
    endloop
  endfacet
  facet normal 0 -1 0
    outer loop
      vertex 14.5 -78.2 3
      vertex 11.3995 -78.2 3.89209
      vertex 11.2648 -78.2 3.51556
    endloop
  endfacet
  facet normal 0 -1 0
    outer loop
      vertex 14.5 -78.2 3
      vertex 11.2648 -78.2 3.51556
      vertex 11.0938 -78.2 3.15406
    endloop
  endfacet
  facet normal 0 -1 0
    outer loop
      vertex 11.4967 -78.2 5.86999
      vertex 14.5 -78.2 3
      vertex 14.5 -78.2 10
    endloop
  endfacet
  facet normal 0 -1 0
    outer loop
      vertex 14.5 -78.2 3
      vertex 11.0938 -78.2 3.15406
      vertex 11.0015 -78.2 3
    endloop
  endfacet
  facet normal -0 0 1
    outer loop
      vertex -54 -64.2 10
      vertex -40 -78.2 10
      vertex -40 -64.2 10
    endloop
  endfacet
  facet normal 0 0 1
    outer loop
      vertex -40 -78.2 10
      vertex -54 -64.2 10
      vertex -54 -78.2 10
    endloop
  endfacet
  facet normal -1 0 0
    outer loop
      vertex -54 -78.2 3
      vertex -54 -64.2 10
      vertex -54 -64.2 3
    endloop
  endfacet
  facet normal -1 -0 0
    outer loop
      vertex -54 -64.2 10
      vertex -54 -78.2 3
      vertex -54 -78.2 10
    endloop
  endfacet
  facet normal 1 -0 0
    outer loop
      vertex -40 -78.2 10
      vertex -40 -64.2 3
      vertex -40 -64.2 10
    endloop
  endfacet
  facet normal 1 0 0
    outer loop
      vertex -40 -64.2 3
      vertex -40 -78.2 10
      vertex -40 -78.2 3
    endloop
  endfacet
  facet normal 0 1 -0
    outer loop
      vertex -40 -64.2 3
      vertex -54 -64.2 10
      vertex -40 -64.2 10
    endloop
  endfacet
  facet normal 0 1 0
    outer loop
      vertex -54 -64.2 10
      vertex -40 -64.2 3
      vertex -54 -64.2 3
    endloop
  endfacet
  facet normal 0 -1 0
    outer loop
      vertex -54 -78.2 10
      vertex -47 -78.2 9.15
      vertex -40 -78.2 10
    endloop
  endfacet
  facet normal 0 -1 0
    outer loop
      vertex -54 -78.2 10
      vertex -47.3994 -78.2 9.13038
      vertex -47 -78.2 9.15
    endloop
  endfacet
  facet normal 0 -1 0
    outer loop
      vertex -54 -78.2 10
      vertex -47.795 -78.2 9.0717
      vertex -47.3994 -78.2 9.13038
    endloop
  endfacet
  facet normal 0 -1 0
    outer loop
      vertex -54 -78.2 10
      vertex -48.1829 -78.2 8.97453
      vertex -47.795 -78.2 9.0717
    endloop
  endfacet
  facet normal 0 -1 0
    outer loop
      vertex -54 -78.2 10
      vertex -48.5594 -78.2 8.83981
      vertex -48.1829 -78.2 8.97453
    endloop
  endfacet
  facet normal 0 -1 0
    outer loop
      vertex -54 -78.2 10
      vertex -48.9209 -78.2 8.66883
      vertex -48.5594 -78.2 8.83981
    endloop
  endfacet
  facet normal 0 -1 0
    outer loop
      vertex -54 -78.2 10
      vertex -49.2639 -78.2 8.46324
      vertex -48.9209 -78.2 8.66883
    endloop
  endfacet
  facet normal 0 -1 0
    outer loop
      vertex -54 -78.2 10
      vertex -49.5852 -78.2 8.22502
      vertex -49.2639 -78.2 8.46324
    endloop
  endfacet
  facet normal 0 -1 0
    outer loop
      vertex -54 -78.2 10
      vertex -49.8815 -78.2 7.95646
      vertex -49.5852 -78.2 8.22502
    endloop
  endfacet
  facet normal 0 -1 0
    outer loop
      vertex -54 -78.2 10
      vertex -50.15 -78.2 7.66015
      vertex -49.8815 -78.2 7.95646
    endloop
  endfacet
  facet normal 0 -1 0
    outer loop
      vertex -54 -78.2 10
      vertex -50.3882 -78.2 7.33895
      vertex -50.15 -78.2 7.66015
    endloop
  endfacet
  facet normal 0 -1 0
    outer loop
      vertex -54 -78.2 10
      vertex -50.5938 -78.2 6.99594
      vertex -50.3882 -78.2 7.33895
    endloop
  endfacet
  facet normal 0 -1 0
    outer loop
      vertex -54 -78.2 10
      vertex -50.7648 -78.2 6.63443
      vertex -50.5938 -78.2 6.99594
    endloop
  endfacet
  facet normal 0 -1 0
    outer loop
      vertex -54 -78.2 10
      vertex -50.8995 -78.2 6.25791
      vertex -50.7648 -78.2 6.63443
    endloop
  endfacet
  facet normal 0 -1 0
    outer loop
      vertex -54 -78.2 10
      vertex -50.9967 -78.2 5.86999
      vertex -50.8995 -78.2 6.25791
    endloop
  endfacet
  facet normal 0 -1 0
    outer loop
      vertex -54 -78.2 3
      vertex -50.9967 -78.2 5.86999
      vertex -54 -78.2 10
    endloop
  endfacet
  facet normal 0 -1 0
    outer loop
      vertex -50.9967 -78.2 5.86999
      vertex -54 -78.2 3
      vertex -51.0554 -78.2 5.47442
    endloop
  endfacet
  facet normal 0 -1 0
    outer loop
      vertex -51.0554 -78.2 5.47442
      vertex -54 -78.2 3
      vertex -51.075 -78.2 5.075
    endloop
  endfacet
  facet normal 0 -1 -0
    outer loop
      vertex -51.075 -78.2 5.075
      vertex -54 -78.2 3
      vertex -51.0554 -78.2 4.67558
    endloop
  endfacet
  facet normal 0 -1 -0
    outer loop
      vertex -51.0554 -78.2 4.67558
      vertex -54 -78.2 3
      vertex -50.9967 -78.2 4.28001
    endloop
  endfacet
  facet normal 0 -1 -0
    outer loop
      vertex -50.9967 -78.2 4.28001
      vertex -54 -78.2 3
      vertex -50.8995 -78.2 3.89209
    endloop
  endfacet
  facet normal 0 -1 -0
    outer loop
      vertex -50.8995 -78.2 3.89209
      vertex -54 -78.2 3
      vertex -50.7648 -78.2 3.51556
    endloop
  endfacet
  facet normal 0 -1 -0
    outer loop
      vertex -50.7648 -78.2 3.51556
      vertex -54 -78.2 3
      vertex -50.5938 -78.2 3.15406
    endloop
  endfacet
  facet normal 0 -1 -0
    outer loop
      vertex -50.5938 -78.2 3.15406
      vertex -54 -78.2 3
      vertex -50.5015 -78.2 3
    endloop
  endfacet
  facet normal 0 -1 0
    outer loop
      vertex -46.6006 -78.2 9.13038
      vertex -40 -78.2 10
      vertex -47 -78.2 9.15
    endloop
  endfacet
  facet normal 0 -1 0
    outer loop
      vertex -46.205 -78.2 9.0717
      vertex -40 -78.2 10
      vertex -46.6006 -78.2 9.13038
    endloop
  endfacet
  facet normal 0 -1 0
    outer loop
      vertex -45.8171 -78.2 8.97453
      vertex -40 -78.2 10
      vertex -46.205 -78.2 9.0717
    endloop
  endfacet
  facet normal 0 -1 0
    outer loop
      vertex -45.4406 -78.2 8.83981
      vertex -40 -78.2 10
      vertex -45.8171 -78.2 8.97453
    endloop
  endfacet
  facet normal 0 -1 0
    outer loop
      vertex -45.0791 -78.2 8.66883
      vertex -40 -78.2 10
      vertex -45.4406 -78.2 8.83981
    endloop
  endfacet
  facet normal 0 -1 0
    outer loop
      vertex -44.736 -78.2 8.46324
      vertex -40 -78.2 10
      vertex -45.0791 -78.2 8.66883
    endloop
  endfacet
  facet normal 0 -1 0
    outer loop
      vertex -44.4148 -78.2 8.22502
      vertex -40 -78.2 10
      vertex -44.736 -78.2 8.46324
    endloop
  endfacet
  facet normal 0 -1 0
    outer loop
      vertex -44.1185 -78.2 7.95646
      vertex -40 -78.2 10
      vertex -44.4148 -78.2 8.22502
    endloop
  endfacet
  facet normal 0 -1 0
    outer loop
      vertex -43.85 -78.2 7.66015
      vertex -40 -78.2 10
      vertex -44.1185 -78.2 7.95646
    endloop
  endfacet
  facet normal 0 -1 0
    outer loop
      vertex -43.6118 -78.2 7.33895
      vertex -40 -78.2 10
      vertex -43.85 -78.2 7.66015
    endloop
  endfacet
  facet normal 0 -1 0
    outer loop
      vertex -43.4062 -78.2 6.99594
      vertex -40 -78.2 10
      vertex -43.6118 -78.2 7.33895
    endloop
  endfacet
  facet normal 0 -1 0
    outer loop
      vertex -43.2352 -78.2 6.63443
      vertex -40 -78.2 10
      vertex -43.4062 -78.2 6.99594
    endloop
  endfacet
  facet normal 0 -1 0
    outer loop
      vertex -43.1005 -78.2 6.25791
      vertex -40 -78.2 10
      vertex -43.2352 -78.2 6.63443
    endloop
  endfacet
  facet normal 0 -1 0
    outer loop
      vertex -43.0033 -78.2 5.86999
      vertex -40 -78.2 10
      vertex -43.1005 -78.2 6.25791
    endloop
  endfacet
  facet normal 0 -1 0
    outer loop
      vertex -40 -78.2 3
      vertex -43.0033 -78.2 5.86999
      vertex -42.9446 -78.2 5.47442
    endloop
  endfacet
  facet normal 0 -1 0
    outer loop
      vertex -40 -78.2 3
      vertex -42.9446 -78.2 5.47442
      vertex -42.925 -78.2 5.075
    endloop
  endfacet
  facet normal 0 -1 0
    outer loop
      vertex -40 -78.2 3
      vertex -42.925 -78.2 5.075
      vertex -42.9446 -78.2 4.67558
    endloop
  endfacet
  facet normal 0 -1 0
    outer loop
      vertex -40 -78.2 3
      vertex -42.9446 -78.2 4.67558
      vertex -43.0033 -78.2 4.28001
    endloop
  endfacet
  facet normal 0 -1 0
    outer loop
      vertex -40 -78.2 3
      vertex -43.0033 -78.2 4.28001
      vertex -43.1005 -78.2 3.89209
    endloop
  endfacet
  facet normal 0 -1 0
    outer loop
      vertex -40 -78.2 3
      vertex -43.1005 -78.2 3.89209
      vertex -43.2352 -78.2 3.51556
    endloop
  endfacet
  facet normal 0 -1 0
    outer loop
      vertex -40 -78.2 3
      vertex -43.2352 -78.2 3.51556
      vertex -43.4062 -78.2 3.15406
    endloop
  endfacet
  facet normal 0 -1 0
    outer loop
      vertex -43.0033 -78.2 5.86999
      vertex -40 -78.2 3
      vertex -40 -78.2 10
    endloop
  endfacet
  facet normal 0 -1 0
    outer loop
      vertex -40 -78.2 3
      vertex -43.4062 -78.2 3.15406
      vertex -43.4985 -78.2 3
    endloop
  endfacet
  facet normal -0 0 1
    outer loop
      vertex 57 -64.2 10
      vertex 71 -78.2 10
      vertex 71 -64.2 10
    endloop
  endfacet
  facet normal 0 0 1
    outer loop
      vertex 71 -78.2 10
      vertex 57 -64.2 10
      vertex 57 -78.2 10
    endloop
  endfacet
  facet normal -1 0 0
    outer loop
      vertex 57 -78.2 3
      vertex 57 -64.2 10
      vertex 57 -64.2 3
    endloop
  endfacet
  facet normal -1 -0 0
    outer loop
      vertex 57 -64.2 10
      vertex 57 -78.2 3
      vertex 57 -78.2 10
    endloop
  endfacet
  facet normal 1 -0 0
    outer loop
      vertex 71 -78.2 10
      vertex 71 -64.2 3
      vertex 71 -64.2 10
    endloop
  endfacet
  facet normal 1 0 0
    outer loop
      vertex 71 -64.2 3
      vertex 71 -78.2 10
      vertex 71 -78.2 3
    endloop
  endfacet
  facet normal 0 1 -0
    outer loop
      vertex 71 -64.2 3
      vertex 57 -64.2 10
      vertex 71 -64.2 10
    endloop
  endfacet
  facet normal 0 1 0
    outer loop
      vertex 57 -64.2 10
      vertex 71 -64.2 3
      vertex 57 -64.2 3
    endloop
  endfacet
  facet normal 0 -1 0
    outer loop
      vertex 57 -78.2 10
      vertex 64 -78.2 9.55
      vertex 71 -78.2 10
    endloop
  endfacet
  facet normal 0 -1 0
    outer loop
      vertex 57 -78.2 10
      vertex 63.7991 -78.2 9.54013
      vertex 64 -78.2 9.55
    endloop
  endfacet
  facet normal 0 -1 0
    outer loop
      vertex 57 -78.2 10
      vertex 63.6001 -78.2 9.51061
      vertex 63.7991 -78.2 9.54013
    endloop
  endfacet
  facet normal 0 -1 0
    outer loop
      vertex 57 -78.2 10
      vertex 63.4049 -78.2 9.46173
      vertex 63.6001 -78.2 9.51061
    endloop
  endfacet
  facet normal 0 -1 0
    outer loop
      vertex 57 -78.2 10
      vertex 63.2155 -78.2 9.39395
      vertex 63.4049 -78.2 9.46173
    endloop
  endfacet
  facet normal 0 -1 0
    outer loop
      vertex 57 -78.2 10
      vertex 63.0336 -78.2 9.30794
      vertex 63.2155 -78.2 9.39395
    endloop
  endfacet
  facet normal 0 -1 0
    outer loop
      vertex 57 -78.2 10
      vertex 62.8611 -78.2 9.20451
      vertex 63.0336 -78.2 9.30794
    endloop
  endfacet
  facet normal 0 -1 0
    outer loop
      vertex 57 -78.2 10
      vertex 62.6995 -78.2 9.08467
      vertex 62.8611 -78.2 9.20451
    endloop
  endfacet
  facet normal 0 -1 0
    outer loop
      vertex 57 -78.2 10
      vertex 62.5504 -78.2 8.94957
      vertex 62.6995 -78.2 9.08467
    endloop
  endfacet
  facet normal 0 -1 0
    outer loop
      vertex 57 -78.2 10
      vertex 62.4153 -78.2 8.80051
      vertex 62.5504 -78.2 8.94957
    endloop
  endfacet
  facet normal 0 -1 0
    outer loop
      vertex 57 -78.2 10
      vertex 62.2955 -78.2 8.63892
      vertex 62.4153 -78.2 8.80051
    endloop
  endfacet
  facet normal 0 -1 0
    outer loop
      vertex 57 -78.2 10
      vertex 62.1921 -78.2 8.46636
      vertex 62.2955 -78.2 8.63892
    endloop
  endfacet
  facet normal 0 -1 0
    outer loop
      vertex 57 -78.2 10
      vertex 62.106 -78.2 8.2845
      vertex 62.1921 -78.2 8.46636
    endloop
  endfacet
  facet normal 0 -1 0
    outer loop
      vertex 57 -78.2 10
      vertex 62.0383 -78.2 8.09508
      vertex 62.106 -78.2 8.2845
    endloop
  endfacet
  facet normal 0 -1 0
    outer loop
      vertex 57 -78.2 10
      vertex 61.9894 -78.2 7.89993
      vertex 62.0383 -78.2 8.09508
    endloop
  endfacet
  facet normal 0 -1 0
    outer loop
      vertex 57 -78.2 10
      vertex 61.9599 -78.2 7.70093
      vertex 61.9894 -78.2 7.89993
    endloop
  endfacet
  facet normal 0 -1 0
    outer loop
      vertex 57 -78.2 10
      vertex 61.95 -78.2 7.5
      vertex 61.9599 -78.2 7.70093
    endloop
  endfacet
  facet normal 0 -1 0
    outer loop
      vertex 57 -78.2 10
      vertex 61.9599 -78.2 7.29906
      vertex 61.95 -78.2 7.5
    endloop
  endfacet
  facet normal 0 -1 0
    outer loop
      vertex 57 -78.2 10
      vertex 61.9894 -78.2 7.10006
      vertex 61.9599 -78.2 7.29906
    endloop
  endfacet
  facet normal 0 -1 0
    outer loop
      vertex 57 -78.2 3
      vertex 61.9894 -78.2 7.10006
      vertex 57 -78.2 10
    endloop
  endfacet
  facet normal 0 -1 -0
    outer loop
      vertex 61.9894 -78.2 7.10006
      vertex 57 -78.2 3
      vertex 62.0383 -78.2 6.90492
    endloop
  endfacet
  facet normal 0 -1 -0
    outer loop
      vertex 62.0383 -78.2 6.90492
      vertex 57 -78.2 3
      vertex 62.106 -78.2 6.7155
    endloop
  endfacet
  facet normal 0 -1 -0
    outer loop
      vertex 62.106 -78.2 6.7155
      vertex 57 -78.2 3
      vertex 62.1921 -78.2 6.53364
    endloop
  endfacet
  facet normal 0 -1 -0
    outer loop
      vertex 62.1921 -78.2 6.53364
      vertex 57 -78.2 3
      vertex 62.2955 -78.2 6.36108
    endloop
  endfacet
  facet normal 0 -1 -0
    outer loop
      vertex 62.2955 -78.2 6.36108
      vertex 57 -78.2 3
      vertex 62.4153 -78.2 6.19949
    endloop
  endfacet
  facet normal 0 -1 -0
    outer loop
      vertex 62.4153 -78.2 6.19949
      vertex 57 -78.2 3
      vertex 62.5504 -78.2 6.05043
    endloop
  endfacet
  facet normal 0 -1 -0
    outer loop
      vertex 62.5504 -78.2 6.05043
      vertex 57 -78.2 3
      vertex 62.6995 -78.2 5.91533
    endloop
  endfacet
  facet normal 0 -1 -0
    outer loop
      vertex 63.7991 -78.2 5.45987
      vertex 57 -78.2 3
      vertex 64 -78.2 5.45
    endloop
  endfacet
  facet normal 0 -1 -0
    outer loop
      vertex 63.6001 -78.2 5.48939
      vertex 57 -78.2 3
      vertex 63.7991 -78.2 5.45987
    endloop
  endfacet
  facet normal 0 -1 -0
    outer loop
      vertex 63.4049 -78.2 5.53827
      vertex 57 -78.2 3
      vertex 63.6001 -78.2 5.48939
    endloop
  endfacet
  facet normal 0 -1 -0
    outer loop
      vertex 63.2155 -78.2 5.60605
      vertex 57 -78.2 3
      vertex 63.4049 -78.2 5.53827
    endloop
  endfacet
  facet normal 0 -1 -0
    outer loop
      vertex 63.0336 -78.2 5.69206
      vertex 57 -78.2 3
      vertex 63.2155 -78.2 5.60605
    endloop
  endfacet
  facet normal 0 -1 -0
    outer loop
      vertex 62.8611 -78.2 5.79549
      vertex 57 -78.2 3
      vertex 63.0336 -78.2 5.69206
    endloop
  endfacet
  facet normal 0 -1 -0
    outer loop
      vertex 62.6995 -78.2 5.91533
      vertex 57 -78.2 3
      vertex 62.8611 -78.2 5.79549
    endloop
  endfacet
  facet normal 0 -1 0
    outer loop
      vertex 64.2009 -78.2 9.54013
      vertex 71 -78.2 10
      vertex 64 -78.2 9.55
    endloop
  endfacet
  facet normal 0 -1 0
    outer loop
      vertex 64.3999 -78.2 9.51061
      vertex 71 -78.2 10
      vertex 64.2009 -78.2 9.54013
    endloop
  endfacet
  facet normal 0 -1 0
    outer loop
      vertex 64.5951 -78.2 9.46173
      vertex 71 -78.2 10
      vertex 64.3999 -78.2 9.51061
    endloop
  endfacet
  facet normal 0 -1 0
    outer loop
      vertex 64.7845 -78.2 9.39395
      vertex 71 -78.2 10
      vertex 64.5951 -78.2 9.46173
    endloop
  endfacet
  facet normal 0 -1 0
    outer loop
      vertex 64.9664 -78.2 9.30794
      vertex 71 -78.2 10
      vertex 64.7845 -78.2 9.39395
    endloop
  endfacet
  facet normal 0 -1 0
    outer loop
      vertex 65.1389 -78.2 9.20451
      vertex 71 -78.2 10
      vertex 64.9664 -78.2 9.30794
    endloop
  endfacet
  facet normal 0 -1 0
    outer loop
      vertex 65.3005 -78.2 9.08467
      vertex 71 -78.2 10
      vertex 65.1389 -78.2 9.20451
    endloop
  endfacet
  facet normal 0 -1 0
    outer loop
      vertex 65.4496 -78.2 8.94957
      vertex 71 -78.2 10
      vertex 65.3005 -78.2 9.08467
    endloop
  endfacet
  facet normal 0 -1 0
    outer loop
      vertex 65.5847 -78.2 8.80051
      vertex 71 -78.2 10
      vertex 65.4496 -78.2 8.94957
    endloop
  endfacet
  facet normal 0 -1 0
    outer loop
      vertex 65.7045 -78.2 8.63892
      vertex 71 -78.2 10
      vertex 65.5847 -78.2 8.80051
    endloop
  endfacet
  facet normal 0 -1 0
    outer loop
      vertex 65.8079 -78.2 8.46636
      vertex 71 -78.2 10
      vertex 65.7045 -78.2 8.63892
    endloop
  endfacet
  facet normal 0 -1 0
    outer loop
      vertex 65.894 -78.2 8.2845
      vertex 71 -78.2 10
      vertex 65.8079 -78.2 8.46636
    endloop
  endfacet
  facet normal 0 -1 0
    outer loop
      vertex 65.9617 -78.2 8.09508
      vertex 71 -78.2 10
      vertex 65.894 -78.2 8.2845
    endloop
  endfacet
  facet normal 0 -1 0
    outer loop
      vertex 66.0106 -78.2 7.89993
      vertex 71 -78.2 10
      vertex 65.9617 -78.2 8.09508
    endloop
  endfacet
  facet normal 0 -1 0
    outer loop
      vertex 66.0401 -78.2 7.70093
      vertex 71 -78.2 10
      vertex 66.0106 -78.2 7.89993
    endloop
  endfacet
  facet normal 0 -1 0
    outer loop
      vertex 66.05 -78.2 7.5
      vertex 71 -78.2 10
      vertex 66.0401 -78.2 7.70093
    endloop
  endfacet
  facet normal 0 -1 0
    outer loop
      vertex 66.0401 -78.2 7.29906
      vertex 71 -78.2 10
      vertex 66.05 -78.2 7.5
    endloop
  endfacet
  facet normal 0 -1 0
    outer loop
      vertex 66.0106 -78.2 7.10006
      vertex 71 -78.2 10
      vertex 66.0401 -78.2 7.29906
    endloop
  endfacet
  facet normal 0 -1 0
    outer loop
      vertex 71 -78.2 3
      vertex 66.0106 -78.2 7.10006
      vertex 65.9617 -78.2 6.90492
    endloop
  endfacet
  facet normal 0 -1 0
    outer loop
      vertex 71 -78.2 3
      vertex 65.9617 -78.2 6.90492
      vertex 65.894 -78.2 6.7155
    endloop
  endfacet
  facet normal 0 -1 0
    outer loop
      vertex 71 -78.2 3
      vertex 65.894 -78.2 6.7155
      vertex 65.8079 -78.2 6.53364
    endloop
  endfacet
  facet normal 0 -1 0
    outer loop
      vertex 71 -78.2 3
      vertex 65.8079 -78.2 6.53364
      vertex 65.7045 -78.2 6.36108
    endloop
  endfacet
  facet normal 0 -1 0
    outer loop
      vertex 71 -78.2 3
      vertex 65.7045 -78.2 6.36108
      vertex 65.5847 -78.2 6.19949
    endloop
  endfacet
  facet normal 0 -1 0
    outer loop
      vertex 71 -78.2 3
      vertex 65.5847 -78.2 6.19949
      vertex 65.4496 -78.2 6.05043
    endloop
  endfacet
  facet normal 0 -1 0
    outer loop
      vertex 71 -78.2 3
      vertex 65.4496 -78.2 6.05043
      vertex 65.3005 -78.2 5.91533
    endloop
  endfacet
  facet normal 0 -1 0
    outer loop
      vertex 71 -78.2 3
      vertex 65.3005 -78.2 5.91533
      vertex 65.1389 -78.2 5.79549
    endloop
  endfacet
  facet normal 0 -1 0
    outer loop
      vertex 71 -78.2 3
      vertex 64 -78.2 5.45
      vertex 57 -78.2 3
    endloop
  endfacet
  facet normal 0 -1 0
    outer loop
      vertex 64 -78.2 5.45
      vertex 71 -78.2 3
      vertex 64.2009 -78.2 5.45987
    endloop
  endfacet
  facet normal 0 -1 0
    outer loop
      vertex 64.2009 -78.2 5.45987
      vertex 71 -78.2 3
      vertex 64.3999 -78.2 5.48939
    endloop
  endfacet
  facet normal 0 -1 0
    outer loop
      vertex 66.0106 -78.2 7.10006
      vertex 71 -78.2 3
      vertex 71 -78.2 10
    endloop
  endfacet
  facet normal 0 -1 0
    outer loop
      vertex 64.9664 -78.2 5.69206
      vertex 71 -78.2 3
      vertex 65.1389 -78.2 5.79549
    endloop
  endfacet
  facet normal 0 -1 0
    outer loop
      vertex 64.7845 -78.2 5.60605
      vertex 71 -78.2 3
      vertex 64.9664 -78.2 5.69206
    endloop
  endfacet
  facet normal 0 -1 0
    outer loop
      vertex 64.5951 -78.2 5.53827
      vertex 71 -78.2 3
      vertex 64.7845 -78.2 5.60605
    endloop
  endfacet
  facet normal 0 -1 0
    outer loop
      vertex 64.3999 -78.2 5.48939
      vertex 71 -78.2 3
      vertex 64.5951 -78.2 5.53827
    endloop
  endfacet
  facet normal -0 0 1
    outer loop
      vertex 37.5 -64.2 10
      vertex 51.5 -78.2 10
      vertex 51.5 -64.2 10
    endloop
  endfacet
  facet normal 0 0 1
    outer loop
      vertex 51.5 -78.2 10
      vertex 37.5 -64.2 10
      vertex 37.5 -78.2 10
    endloop
  endfacet
  facet normal -1 0 0
    outer loop
      vertex 37.5 -78.2 3
      vertex 37.5 -64.2 10
      vertex 37.5 -64.2 3
    endloop
  endfacet
  facet normal -1 -0 0
    outer loop
      vertex 37.5 -64.2 10
      vertex 37.5 -78.2 3
      vertex 37.5 -78.2 10
    endloop
  endfacet
  facet normal 1 -0 0
    outer loop
      vertex 51.5 -78.2 10
      vertex 51.5 -64.2 3
      vertex 51.5 -64.2 10
    endloop
  endfacet
  facet normal 1 0 0
    outer loop
      vertex 51.5 -64.2 3
      vertex 51.5 -78.2 10
      vertex 51.5 -78.2 3
    endloop
  endfacet
  facet normal 0 1 -0
    outer loop
      vertex 51.5 -64.2 3
      vertex 37.5 -64.2 10
      vertex 51.5 -64.2 10
    endloop
  endfacet
  facet normal 0 1 0
    outer loop
      vertex 37.5 -64.2 10
      vertex 51.5 -64.2 3
      vertex 37.5 -64.2 3
    endloop
  endfacet
  facet normal 0 -1 0
    outer loop
      vertex 37.5 -78.2 10
      vertex 44.5 -78.2 9.55
      vertex 51.5 -78.2 10
    endloop
  endfacet
  facet normal 0 -1 0
    outer loop
      vertex 37.5 -78.2 10
      vertex 44.2991 -78.2 9.54013
      vertex 44.5 -78.2 9.55
    endloop
  endfacet
  facet normal 0 -1 0
    outer loop
      vertex 37.5 -78.2 10
      vertex 44.1001 -78.2 9.51061
      vertex 44.2991 -78.2 9.54013
    endloop
  endfacet
  facet normal 0 -1 0
    outer loop
      vertex 37.5 -78.2 10
      vertex 43.9049 -78.2 9.46173
      vertex 44.1001 -78.2 9.51061
    endloop
  endfacet
  facet normal 0 -1 0
    outer loop
      vertex 37.5 -78.2 10
      vertex 43.7155 -78.2 9.39395
      vertex 43.9049 -78.2 9.46173
    endloop
  endfacet
  facet normal 0 -1 0
    outer loop
      vertex 37.5 -78.2 10
      vertex 43.5336 -78.2 9.30794
      vertex 43.7155 -78.2 9.39395
    endloop
  endfacet
  facet normal 0 -1 0
    outer loop
      vertex 37.5 -78.2 10
      vertex 43.3611 -78.2 9.20451
      vertex 43.5336 -78.2 9.30794
    endloop
  endfacet
  facet normal 0 -1 0
    outer loop
      vertex 37.5 -78.2 10
      vertex 43.1995 -78.2 9.08467
      vertex 43.3611 -78.2 9.20451
    endloop
  endfacet
  facet normal 0 -1 0
    outer loop
      vertex 37.5 -78.2 10
      vertex 43.0504 -78.2 8.94957
      vertex 43.1995 -78.2 9.08467
    endloop
  endfacet
  facet normal 0 -1 0
    outer loop
      vertex 37.5 -78.2 10
      vertex 42.9153 -78.2 8.80051
      vertex 43.0504 -78.2 8.94957
    endloop
  endfacet
  facet normal 0 -1 0
    outer loop
      vertex 37.5 -78.2 10
      vertex 42.7955 -78.2 8.63892
      vertex 42.9153 -78.2 8.80051
    endloop
  endfacet
  facet normal 0 -1 0
    outer loop
      vertex 37.5 -78.2 10
      vertex 42.6921 -78.2 8.46636
      vertex 42.7955 -78.2 8.63892
    endloop
  endfacet
  facet normal 0 -1 0
    outer loop
      vertex 37.5 -78.2 10
      vertex 42.606 -78.2 8.2845
      vertex 42.6921 -78.2 8.46636
    endloop
  endfacet
  facet normal 0 -1 0
    outer loop
      vertex 37.5 -78.2 10
      vertex 42.5383 -78.2 8.09508
      vertex 42.606 -78.2 8.2845
    endloop
  endfacet
  facet normal 0 -1 0
    outer loop
      vertex 37.5 -78.2 10
      vertex 42.4894 -78.2 7.89993
      vertex 42.5383 -78.2 8.09508
    endloop
  endfacet
  facet normal 0 -1 0
    outer loop
      vertex 37.5 -78.2 10
      vertex 42.4599 -78.2 7.70093
      vertex 42.4894 -78.2 7.89993
    endloop
  endfacet
  facet normal 0 -1 0
    outer loop
      vertex 37.5 -78.2 10
      vertex 42.45 -78.2 7.5
      vertex 42.4599 -78.2 7.70093
    endloop
  endfacet
  facet normal 0 -1 0
    outer loop
      vertex 37.5 -78.2 10
      vertex 42.4599 -78.2 7.29906
      vertex 42.45 -78.2 7.5
    endloop
  endfacet
  facet normal 0 -1 0
    outer loop
      vertex 37.5 -78.2 10
      vertex 42.4894 -78.2 7.10006
      vertex 42.4599 -78.2 7.29906
    endloop
  endfacet
  facet normal 0 -1 0
    outer loop
      vertex 37.5 -78.2 3
      vertex 42.4894 -78.2 7.10006
      vertex 37.5 -78.2 10
    endloop
  endfacet
  facet normal 0 -1 -0
    outer loop
      vertex 42.4894 -78.2 7.10006
      vertex 37.5 -78.2 3
      vertex 42.5383 -78.2 6.90492
    endloop
  endfacet
  facet normal 0 -1 -0
    outer loop
      vertex 42.5383 -78.2 6.90492
      vertex 37.5 -78.2 3
      vertex 42.606 -78.2 6.7155
    endloop
  endfacet
  facet normal 0 -1 -0
    outer loop
      vertex 42.606 -78.2 6.7155
      vertex 37.5 -78.2 3
      vertex 42.6921 -78.2 6.53364
    endloop
  endfacet
  facet normal 0 -1 -0
    outer loop
      vertex 42.6921 -78.2 6.53364
      vertex 37.5 -78.2 3
      vertex 42.7955 -78.2 6.36108
    endloop
  endfacet
  facet normal 0 -1 -0
    outer loop
      vertex 42.7955 -78.2 6.36108
      vertex 37.5 -78.2 3
      vertex 42.9153 -78.2 6.19949
    endloop
  endfacet
  facet normal 0 -1 -0
    outer loop
      vertex 42.9153 -78.2 6.19949
      vertex 37.5 -78.2 3
      vertex 43.0504 -78.2 6.05043
    endloop
  endfacet
  facet normal 0 -1 -0
    outer loop
      vertex 43.0504 -78.2 6.05043
      vertex 37.5 -78.2 3
      vertex 43.1995 -78.2 5.91533
    endloop
  endfacet
  facet normal 0 -1 -0
    outer loop
      vertex 44.2991 -78.2 5.45987
      vertex 37.5 -78.2 3
      vertex 44.5 -78.2 5.45
    endloop
  endfacet
  facet normal 0 -1 -0
    outer loop
      vertex 44.1001 -78.2 5.48939
      vertex 37.5 -78.2 3
      vertex 44.2991 -78.2 5.45987
    endloop
  endfacet
  facet normal 0 -1 -0
    outer loop
      vertex 43.9049 -78.2 5.53827
      vertex 37.5 -78.2 3
      vertex 44.1001 -78.2 5.48939
    endloop
  endfacet
  facet normal 0 -1 -0
    outer loop
      vertex 43.7155 -78.2 5.60605
      vertex 37.5 -78.2 3
      vertex 43.9049 -78.2 5.53827
    endloop
  endfacet
  facet normal 0 -1 -0
    outer loop
      vertex 43.5336 -78.2 5.69206
      vertex 37.5 -78.2 3
      vertex 43.7155 -78.2 5.60605
    endloop
  endfacet
  facet normal 0 -1 -0
    outer loop
      vertex 43.3611 -78.2 5.79549
      vertex 37.5 -78.2 3
      vertex 43.5336 -78.2 5.69206
    endloop
  endfacet
  facet normal 0 -1 -0
    outer loop
      vertex 43.1995 -78.2 5.91533
      vertex 37.5 -78.2 3
      vertex 43.3611 -78.2 5.79549
    endloop
  endfacet
  facet normal 0 -1 0
    outer loop
      vertex 44.7009 -78.2 9.54013
      vertex 51.5 -78.2 10
      vertex 44.5 -78.2 9.55
    endloop
  endfacet
  facet normal 0 -1 0
    outer loop
      vertex 44.8999 -78.2 9.51061
      vertex 51.5 -78.2 10
      vertex 44.7009 -78.2 9.54013
    endloop
  endfacet
  facet normal 0 -1 0
    outer loop
      vertex 45.0951 -78.2 9.46173
      vertex 51.5 -78.2 10
      vertex 44.8999 -78.2 9.51061
    endloop
  endfacet
  facet normal 0 -1 0
    outer loop
      vertex 45.2845 -78.2 9.39395
      vertex 51.5 -78.2 10
      vertex 45.0951 -78.2 9.46173
    endloop
  endfacet
  facet normal 0 -1 0
    outer loop
      vertex 45.4664 -78.2 9.30794
      vertex 51.5 -78.2 10
      vertex 45.2845 -78.2 9.39395
    endloop
  endfacet
  facet normal 0 -1 0
    outer loop
      vertex 45.6389 -78.2 9.20451
      vertex 51.5 -78.2 10
      vertex 45.4664 -78.2 9.30794
    endloop
  endfacet
  facet normal 0 -1 0
    outer loop
      vertex 45.8005 -78.2 9.08467
      vertex 51.5 -78.2 10
      vertex 45.6389 -78.2 9.20451
    endloop
  endfacet
  facet normal 0 -1 0
    outer loop
      vertex 45.9496 -78.2 8.94957
      vertex 51.5 -78.2 10
      vertex 45.8005 -78.2 9.08467
    endloop
  endfacet
  facet normal 0 -1 0
    outer loop
      vertex 46.0847 -78.2 8.80051
      vertex 51.5 -78.2 10
      vertex 45.9496 -78.2 8.94957
    endloop
  endfacet
  facet normal 0 -1 0
    outer loop
      vertex 46.2045 -78.2 8.63892
      vertex 51.5 -78.2 10
      vertex 46.0847 -78.2 8.80051
    endloop
  endfacet
  facet normal 0 -1 0
    outer loop
      vertex 46.3079 -78.2 8.46636
      vertex 51.5 -78.2 10
      vertex 46.2045 -78.2 8.63892
    endloop
  endfacet
  facet normal 0 -1 0
    outer loop
      vertex 46.394 -78.2 8.2845
      vertex 51.5 -78.2 10
      vertex 46.3079 -78.2 8.46636
    endloop
  endfacet
  facet normal 0 -1 0
    outer loop
      vertex 46.4617 -78.2 8.09508
      vertex 51.5 -78.2 10
      vertex 46.394 -78.2 8.2845
    endloop
  endfacet
  facet normal 0 -1 0
    outer loop
      vertex 46.5106 -78.2 7.89993
      vertex 51.5 -78.2 10
      vertex 46.4617 -78.2 8.09508
    endloop
  endfacet
  facet normal 0 -1 0
    outer loop
      vertex 46.5401 -78.2 7.70093
      vertex 51.5 -78.2 10
      vertex 46.5106 -78.2 7.89993
    endloop
  endfacet
  facet normal 0 -1 0
    outer loop
      vertex 46.55 -78.2 7.5
      vertex 51.5 -78.2 10
      vertex 46.5401 -78.2 7.70093
    endloop
  endfacet
  facet normal 0 -1 0
    outer loop
      vertex 46.5401 -78.2 7.29906
      vertex 51.5 -78.2 10
      vertex 46.55 -78.2 7.5
    endloop
  endfacet
  facet normal 0 -1 0
    outer loop
      vertex 46.5106 -78.2 7.10006
      vertex 51.5 -78.2 10
      vertex 46.5401 -78.2 7.29906
    endloop
  endfacet
  facet normal 0 -1 0
    outer loop
      vertex 51.5 -78.2 3
      vertex 46.5106 -78.2 7.10006
      vertex 46.4617 -78.2 6.90492
    endloop
  endfacet
  facet normal 0 -1 0
    outer loop
      vertex 51.5 -78.2 3
      vertex 46.4617 -78.2 6.90492
      vertex 46.394 -78.2 6.7155
    endloop
  endfacet
  facet normal 0 -1 0
    outer loop
      vertex 51.5 -78.2 3
      vertex 46.394 -78.2 6.7155
      vertex 46.3079 -78.2 6.53364
    endloop
  endfacet
  facet normal 0 -1 0
    outer loop
      vertex 51.5 -78.2 3
      vertex 46.3079 -78.2 6.53364
      vertex 46.2045 -78.2 6.36108
    endloop
  endfacet
  facet normal 0 -1 0
    outer loop
      vertex 51.5 -78.2 3
      vertex 46.2045 -78.2 6.36108
      vertex 46.0847 -78.2 6.19949
    endloop
  endfacet
  facet normal 0 -1 0
    outer loop
      vertex 51.5 -78.2 3
      vertex 46.0847 -78.2 6.19949
      vertex 45.9496 -78.2 6.05043
    endloop
  endfacet
  facet normal 0 -1 0
    outer loop
      vertex 51.5 -78.2 3
      vertex 45.9496 -78.2 6.05043
      vertex 45.8005 -78.2 5.91533
    endloop
  endfacet
  facet normal 0 -1 0
    outer loop
      vertex 51.5 -78.2 3
      vertex 45.8005 -78.2 5.91533
      vertex 45.6389 -78.2 5.79549
    endloop
  endfacet
  facet normal 0 -1 0
    outer loop
      vertex 51.5 -78.2 3
      vertex 44.5 -78.2 5.45
      vertex 37.5 -78.2 3
    endloop
  endfacet
  facet normal 0 -1 0
    outer loop
      vertex 44.5 -78.2 5.45
      vertex 51.5 -78.2 3
      vertex 44.7009 -78.2 5.45987
    endloop
  endfacet
  facet normal 0 -1 0
    outer loop
      vertex 44.7009 -78.2 5.45987
      vertex 51.5 -78.2 3
      vertex 44.8999 -78.2 5.48939
    endloop
  endfacet
  facet normal 0 -1 0
    outer loop
      vertex 46.5106 -78.2 7.10006
      vertex 51.5 -78.2 3
      vertex 51.5 -78.2 10
    endloop
  endfacet
  facet normal 0 -1 0
    outer loop
      vertex 45.4664 -78.2 5.69206
      vertex 51.5 -78.2 3
      vertex 45.6389 -78.2 5.79549
    endloop
  endfacet
  facet normal 0 -1 0
    outer loop
      vertex 45.2845 -78.2 5.60605
      vertex 51.5 -78.2 3
      vertex 45.4664 -78.2 5.69206
    endloop
  endfacet
  facet normal 0 -1 0
    outer loop
      vertex 45.0951 -78.2 5.53827
      vertex 51.5 -78.2 3
      vertex 45.2845 -78.2 5.60605
    endloop
  endfacet
  facet normal 0 -1 0
    outer loop
      vertex 44.8999 -78.2 5.48939
      vertex 51.5 -78.2 3
      vertex 45.0951 -78.2 5.53827
    endloop
  endfacet
  facet normal -0 0 1
    outer loop
      vertex -71 -56.2 8
      vertex -57 -70.2 8
      vertex -57 -56.2 8
    endloop
  endfacet
  facet normal 0 0 1
    outer loop
      vertex -57 -70.2 8
      vertex -71 -56.2 8
      vertex -71 -70.2 8
    endloop
  endfacet
  facet normal -1 0 0
    outer loop
      vertex -71 -65.2451 3
      vertex -71 -70.2 3
      vertex -71 -65.25 3.05
    endloop
  endfacet
  facet normal -1 0 0
    outer loop
      vertex -71 -61.1894 3.44993
      vertex -71 -56.2 3
      vertex -71 -61.15 3.05
    endloop
  endfacet
  facet normal -1 0 -0
    outer loop
      vertex -71 -61.15 3.05
      vertex -71 -56.2 3
      vertex -71 -61.1549 3
    endloop
  endfacet
  facet normal -1 0 0
    outer loop
      vertex -71 -61.306 3.8345
      vertex -71 -56.2 3
      vertex -71 -61.1894 3.44993
    endloop
  endfacet
  facet normal -1 0 0
    outer loop
      vertex -71 -56.2 3
      vertex -71 -61.306 3.8345
      vertex -71 -56.2 8
    endloop
  endfacet
  facet normal -1 0 0
    outer loop
      vertex -71 -61.4955 4.18892
      vertex -71 -56.2 8
      vertex -71 -61.306 3.8345
    endloop
  endfacet
  facet normal -1 0 0
    outer loop
      vertex -71 -61.7504 4.49957
      vertex -71 -56.2 8
      vertex -71 -61.4955 4.18892
    endloop
  endfacet
  facet normal -1 0 0
    outer loop
      vertex -71 -62.0611 4.75451
      vertex -71 -56.2 8
      vertex -71 -61.7504 4.49957
    endloop
  endfacet
  facet normal -1 0 0
    outer loop
      vertex -71 -62.4155 4.94395
      vertex -71 -56.2 8
      vertex -71 -62.0611 4.75451
    endloop
  endfacet
  facet normal -1 0 0
    outer loop
      vertex -71 -62.8001 5.06061
      vertex -71 -56.2 8
      vertex -71 -62.4155 4.94395
    endloop
  endfacet
  facet normal -1 0 0
    outer loop
      vertex -71 -63.2 5.1
      vertex -71 -56.2 8
      vertex -71 -62.8001 5.06061
    endloop
  endfacet
  facet normal -1 0 0
    outer loop
      vertex -71 -70.2 8
      vertex -71 -63.2 5.1
      vertex -71 -63.5999 5.06061
    endloop
  endfacet
  facet normal -1 0 0
    outer loop
      vertex -71 -70.2 8
      vertex -71 -63.5999 5.06061
      vertex -71 -63.9845 4.94395
    endloop
  endfacet
  facet normal -1 0 0
    outer loop
      vertex -71 -70.2 3
      vertex -71 -65.2106 3.44993
      vertex -71 -65.25 3.05
    endloop
  endfacet
  facet normal -1 0 0
    outer loop
      vertex -71 -70.2 3
      vertex -71 -65.094 3.8345
      vertex -71 -65.2106 3.44993
    endloop
  endfacet
  facet normal -1 0 0
    outer loop
      vertex -71 -70.2 8
      vertex -71 -65.094 3.8345
      vertex -71 -70.2 3
    endloop
  endfacet
  facet normal -1 0 0
    outer loop
      vertex -71 -65.094 3.8345
      vertex -71 -70.2 8
      vertex -71 -64.9045 4.18892
    endloop
  endfacet
  facet normal -1 0 0
    outer loop
      vertex -71 -64.9045 4.18892
      vertex -71 -70.2 8
      vertex -71 -64.6496 4.49957
    endloop
  endfacet
  facet normal -1 0 0
    outer loop
      vertex -71 -64.6496 4.49957
      vertex -71 -70.2 8
      vertex -71 -64.3389 4.75451
    endloop
  endfacet
  facet normal -1 0 0
    outer loop
      vertex -71 -64.3389 4.75451
      vertex -71 -70.2 8
      vertex -71 -63.9845 4.94395
    endloop
  endfacet
  facet normal -1 0 0
    outer loop
      vertex -71 -63.2 5.1
      vertex -71 -70.2 8
      vertex -71 -56.2 8
    endloop
  endfacet
  facet normal 1 -0 0
    outer loop
      vertex -57 -70.2 8
      vertex -57 -56.2 3
      vertex -57 -56.2 8
    endloop
  endfacet
  facet normal 1 0 0
    outer loop
      vertex -57 -56.2 3
      vertex -57 -70.2 8
      vertex -57 -70.2 3
    endloop
  endfacet
  facet normal 0 1 -0
    outer loop
      vertex -57 -56.2 3
      vertex -71 -56.2 8
      vertex -57 -56.2 8
    endloop
  endfacet
  facet normal 0 1 0
    outer loop
      vertex -71 -56.2 8
      vertex -57 -56.2 3
      vertex -71 -56.2 3
    endloop
  endfacet
  facet normal 0 -1 0
    outer loop
      vertex -71 -70.2 3
      vertex -57 -70.2 8
      vertex -71 -70.2 8
    endloop
  endfacet
  facet normal 0 -1 -0
    outer loop
      vertex -57 -70.2 8
      vertex -71 -70.2 3
      vertex -57 -70.2 3
    endloop
  endfacet
  facet normal 0 0 1
    outer loop
      vertex -63 70.2 8
      vertex -71 70.2 8
      vertex -63 64.2 8
    endloop
  endfacet
  facet normal -0 0 1
    outer loop
      vertex -63 64.2 8
      vertex -57 56.2 8
      vertex -57 64.2 8
    endloop
  endfacet
  facet normal 0 0 1
    outer loop
      vertex -71 56.2 8
      vertex -63 64.2 8
      vertex -71 70.2 8
    endloop
  endfacet
  facet normal 0 0 1
    outer loop
      vertex -63 64.2 8
      vertex -71 56.2 8
      vertex -57 56.2 8
    endloop
  endfacet
  facet normal -1 0 0
    outer loop
      vertex -71 61.1549 3
      vertex -71 56.2 3
      vertex -71 61.15 3.05
    endloop
  endfacet
  facet normal -1 0 0
    outer loop
      vertex -71 65.2106 3.44993
      vertex -71 70.2 3
      vertex -71 65.25 3.05
    endloop
  endfacet
  facet normal -1 0 -0
    outer loop
      vertex -71 65.25 3.05
      vertex -71 70.2 3
      vertex -71 65.2451 3
    endloop
  endfacet
  facet normal -1 0 0
    outer loop
      vertex -71 65.094 3.8345
      vertex -71 70.2 3
      vertex -71 65.2106 3.44993
    endloop
  endfacet
  facet normal -1 0 0
    outer loop
      vertex -71 70.2 3
      vertex -71 65.094 3.8345
      vertex -71 70.2 8
    endloop
  endfacet
  facet normal -1 0 0
    outer loop
      vertex -71 64.9045 4.18892
      vertex -71 70.2 8
      vertex -71 65.094 3.8345
    endloop
  endfacet
  facet normal -1 0 0
    outer loop
      vertex -71 64.6496 4.49957
      vertex -71 70.2 8
      vertex -71 64.9045 4.18892
    endloop
  endfacet
  facet normal -1 0 0
    outer loop
      vertex -71 64.3389 4.75451
      vertex -71 70.2 8
      vertex -71 64.6496 4.49957
    endloop
  endfacet
  facet normal -1 0 0
    outer loop
      vertex -71 63.9845 4.94395
      vertex -71 70.2 8
      vertex -71 64.3389 4.75451
    endloop
  endfacet
  facet normal -1 0 0
    outer loop
      vertex -71 63.5999 5.06061
      vertex -71 70.2 8
      vertex -71 63.9845 4.94395
    endloop
  endfacet
  facet normal -1 0 0
    outer loop
      vertex -71 63.2 5.1
      vertex -71 70.2 8
      vertex -71 63.5999 5.06061
    endloop
  endfacet
  facet normal -1 0 0
    outer loop
      vertex -71 56.2 8
      vertex -71 63.2 5.1
      vertex -71 62.8001 5.06061
    endloop
  endfacet
  facet normal -1 0 0
    outer loop
      vertex -71 56.2 8
      vertex -71 62.8001 5.06061
      vertex -71 62.4155 4.94395
    endloop
  endfacet
  facet normal -1 0 0
    outer loop
      vertex -71 56.2 3
      vertex -71 61.1894 3.44993
      vertex -71 61.15 3.05
    endloop
  endfacet
  facet normal -1 0 0
    outer loop
      vertex -71 56.2 3
      vertex -71 61.306 3.8345
      vertex -71 61.1894 3.44993
    endloop
  endfacet
  facet normal -1 0 0
    outer loop
      vertex -71 56.2 8
      vertex -71 61.306 3.8345
      vertex -71 56.2 3
    endloop
  endfacet
  facet normal -1 0 0
    outer loop
      vertex -71 61.306 3.8345
      vertex -71 56.2 8
      vertex -71 61.4955 4.18892
    endloop
  endfacet
  facet normal -1 0 0
    outer loop
      vertex -71 61.4955 4.18892
      vertex -71 56.2 8
      vertex -71 61.7504 4.49957
    endloop
  endfacet
  facet normal -1 0 0
    outer loop
      vertex -71 61.7504 4.49957
      vertex -71 56.2 8
      vertex -71 62.0611 4.75451
    endloop
  endfacet
  facet normal -1 0 0
    outer loop
      vertex -71 62.0611 4.75451
      vertex -71 56.2 8
      vertex -71 62.4155 4.94395
    endloop
  endfacet
  facet normal -1 0 0
    outer loop
      vertex -71 63.2 5.1
      vertex -71 56.2 8
      vertex -71 70.2 8
    endloop
  endfacet
  facet normal 1 -0 0
    outer loop
      vertex -57 56.2 8
      vertex -57 64.2 3
      vertex -57 64.2 8
    endloop
  endfacet
  facet normal 1 0 0
    outer loop
      vertex -57 64.2 3
      vertex -57 56.2 8
      vertex -57 56.2 3
    endloop
  endfacet
  facet normal 0 1 -0
    outer loop
      vertex -63 70.2 3
      vertex -71 70.2 8
      vertex -63 70.2 8
    endloop
  endfacet
  facet normal 0 1 0
    outer loop
      vertex -71 70.2 8
      vertex -63 70.2 3
      vertex -71 70.2 3
    endloop
  endfacet
  facet normal 0 -1 0
    outer loop
      vertex -71 56.2 3
      vertex -57 56.2 8
      vertex -71 56.2 8
    endloop
  endfacet
  facet normal 0 -1 -0
    outer loop
      vertex -57 56.2 8
      vertex -71 56.2 3
      vertex -57 56.2 3
    endloop
  endfacet
  facet normal -0 0 1
    outer loop
      vertex 40 78.2 10
      vertex 54 64.2 10
      vertex 54 78.2 10
    endloop
  endfacet
  facet normal 0 0 1
    outer loop
      vertex 54 64.2 10
      vertex 40 78.2 10
      vertex 40 64.2 10
    endloop
  endfacet
  facet normal -1 0 0
    outer loop
      vertex 40 64.2 3
      vertex 40 78.2 10
      vertex 40 78.2 3
    endloop
  endfacet
  facet normal -1 -0 0
    outer loop
      vertex 40 78.2 10
      vertex 40 64.2 3
      vertex 40 64.2 10
    endloop
  endfacet
  facet normal 1 -0 0
    outer loop
      vertex 54 64.2 10
      vertex 54 78.2 3
      vertex 54 78.2 10
    endloop
  endfacet
  facet normal 1 0 0
    outer loop
      vertex 54 78.2 3
      vertex 54 64.2 10
      vertex 54 64.2 3
    endloop
  endfacet
  facet normal 0 1 0
    outer loop
      vertex 54 78.2 10
      vertex 47 78.2 9.55
      vertex 40 78.2 10
    endloop
  endfacet
  facet normal 0 1 0
    outer loop
      vertex 54 78.2 10
      vertex 47.2009 78.2 9.54013
      vertex 47 78.2 9.55
    endloop
  endfacet
  facet normal 0 1 0
    outer loop
      vertex 54 78.2 10
      vertex 47.3999 78.2 9.51061
      vertex 47.2009 78.2 9.54013
    endloop
  endfacet
  facet normal 0 1 0
    outer loop
      vertex 54 78.2 10
      vertex 47.5951 78.2 9.46173
      vertex 47.3999 78.2 9.51061
    endloop
  endfacet
  facet normal 0 1 0
    outer loop
      vertex 54 78.2 10
      vertex 47.7845 78.2 9.39395
      vertex 47.5951 78.2 9.46173
    endloop
  endfacet
  facet normal 0 1 0
    outer loop
      vertex 54 78.2 10
      vertex 47.9664 78.2 9.30794
      vertex 47.7845 78.2 9.39395
    endloop
  endfacet
  facet normal 0 1 0
    outer loop
      vertex 54 78.2 10
      vertex 48.1389 78.2 9.20451
      vertex 47.9664 78.2 9.30794
    endloop
  endfacet
  facet normal 0 1 0
    outer loop
      vertex 54 78.2 10
      vertex 48.3005 78.2 9.08467
      vertex 48.1389 78.2 9.20451
    endloop
  endfacet
  facet normal 0 1 0
    outer loop
      vertex 54 78.2 10
      vertex 48.4496 78.2 8.94957
      vertex 48.3005 78.2 9.08467
    endloop
  endfacet
  facet normal 0 1 0
    outer loop
      vertex 54 78.2 10
      vertex 48.5847 78.2 8.80051
      vertex 48.4496 78.2 8.94957
    endloop
  endfacet
  facet normal 0 1 0
    outer loop
      vertex 54 78.2 10
      vertex 48.7045 78.2 8.63892
      vertex 48.5847 78.2 8.80051
    endloop
  endfacet
  facet normal 0 1 0
    outer loop
      vertex 54 78.2 10
      vertex 48.8079 78.2 8.46636
      vertex 48.7045 78.2 8.63892
    endloop
  endfacet
  facet normal 0 1 0
    outer loop
      vertex 54 78.2 10
      vertex 48.894 78.2 8.2845
      vertex 48.8079 78.2 8.46636
    endloop
  endfacet
  facet normal 0 1 0
    outer loop
      vertex 54 78.2 10
      vertex 48.9617 78.2 8.09508
      vertex 48.894 78.2 8.2845
    endloop
  endfacet
  facet normal 0 1 0
    outer loop
      vertex 54 78.2 10
      vertex 49.0106 78.2 7.89993
      vertex 48.9617 78.2 8.09508
    endloop
  endfacet
  facet normal 0 1 0
    outer loop
      vertex 54 78.2 10
      vertex 49.0401 78.2 7.70093
      vertex 49.0106 78.2 7.89993
    endloop
  endfacet
  facet normal 0 1 0
    outer loop
      vertex 54 78.2 10
      vertex 49.05 78.2 7.5
      vertex 49.0401 78.2 7.70093
    endloop
  endfacet
  facet normal 0 1 0
    outer loop
      vertex 54 78.2 10
      vertex 49.0401 78.2 7.29906
      vertex 49.05 78.2 7.5
    endloop
  endfacet
  facet normal 0 1 0
    outer loop
      vertex 54 78.2 10
      vertex 49.0106 78.2 7.10006
      vertex 49.0401 78.2 7.29906
    endloop
  endfacet
  facet normal 0 1 -0
    outer loop
      vertex 54 78.2 3
      vertex 49.0106 78.2 7.10006
      vertex 54 78.2 10
    endloop
  endfacet
  facet normal 0 1 0
    outer loop
      vertex 49.0106 78.2 7.10006
      vertex 54 78.2 3
      vertex 48.9617 78.2 6.90492
    endloop
  endfacet
  facet normal 0 1 0
    outer loop
      vertex 48.9617 78.2 6.90492
      vertex 54 78.2 3
      vertex 48.894 78.2 6.7155
    endloop
  endfacet
  facet normal 0 1 0
    outer loop
      vertex 48.894 78.2 6.7155
      vertex 54 78.2 3
      vertex 48.8079 78.2 6.53364
    endloop
  endfacet
  facet normal 0 1 0
    outer loop
      vertex 48.8079 78.2 6.53364
      vertex 54 78.2 3
      vertex 48.7045 78.2 6.36108
    endloop
  endfacet
  facet normal 0 1 0
    outer loop
      vertex 48.7045 78.2 6.36108
      vertex 54 78.2 3
      vertex 48.5847 78.2 6.19949
    endloop
  endfacet
  facet normal 0 1 0
    outer loop
      vertex 48.5847 78.2 6.19949
      vertex 54 78.2 3
      vertex 48.4496 78.2 6.05043
    endloop
  endfacet
  facet normal 0 1 0
    outer loop
      vertex 48.4496 78.2 6.05043
      vertex 54 78.2 3
      vertex 48.3005 78.2 5.91533
    endloop
  endfacet
  facet normal 0 1 0
    outer loop
      vertex 47.2009 78.2 5.45987
      vertex 54 78.2 3
      vertex 47 78.2 5.45
    endloop
  endfacet
  facet normal 0 1 0
    outer loop
      vertex 47.3999 78.2 5.48939
      vertex 54 78.2 3
      vertex 47.2009 78.2 5.45987
    endloop
  endfacet
  facet normal 0 1 0
    outer loop
      vertex 47.5951 78.2 5.53827
      vertex 54 78.2 3
      vertex 47.3999 78.2 5.48939
    endloop
  endfacet
  facet normal 0 1 0
    outer loop
      vertex 47.7845 78.2 5.60605
      vertex 54 78.2 3
      vertex 47.5951 78.2 5.53827
    endloop
  endfacet
  facet normal 0 1 0
    outer loop
      vertex 47.9664 78.2 5.69206
      vertex 54 78.2 3
      vertex 47.7845 78.2 5.60605
    endloop
  endfacet
  facet normal 0 1 0
    outer loop
      vertex 48.1389 78.2 5.79549
      vertex 54 78.2 3
      vertex 47.9664 78.2 5.69206
    endloop
  endfacet
  facet normal 0 1 0
    outer loop
      vertex 48.3005 78.2 5.91533
      vertex 54 78.2 3
      vertex 48.1389 78.2 5.79549
    endloop
  endfacet
  facet normal 0 1 -0
    outer loop
      vertex 46.7991 78.2 9.54013
      vertex 40 78.2 10
      vertex 47 78.2 9.55
    endloop
  endfacet
  facet normal 0 1 -0
    outer loop
      vertex 46.6001 78.2 9.51061
      vertex 40 78.2 10
      vertex 46.7991 78.2 9.54013
    endloop
  endfacet
  facet normal 0 1 -0
    outer loop
      vertex 46.4049 78.2 9.46173
      vertex 40 78.2 10
      vertex 46.6001 78.2 9.51061
    endloop
  endfacet
  facet normal 0 1 -0
    outer loop
      vertex 46.2155 78.2 9.39395
      vertex 40 78.2 10
      vertex 46.4049 78.2 9.46173
    endloop
  endfacet
  facet normal 0 1 -0
    outer loop
      vertex 46.0336 78.2 9.30794
      vertex 40 78.2 10
      vertex 46.2155 78.2 9.39395
    endloop
  endfacet
  facet normal 0 1 -0
    outer loop
      vertex 45.8611 78.2 9.20451
      vertex 40 78.2 10
      vertex 46.0336 78.2 9.30794
    endloop
  endfacet
  facet normal 0 1 -0
    outer loop
      vertex 45.6995 78.2 9.08467
      vertex 40 78.2 10
      vertex 45.8611 78.2 9.20451
    endloop
  endfacet
  facet normal 0 1 -0
    outer loop
      vertex 45.5504 78.2 8.94957
      vertex 40 78.2 10
      vertex 45.6995 78.2 9.08467
    endloop
  endfacet
  facet normal 0 1 -0
    outer loop
      vertex 45.4153 78.2 8.80051
      vertex 40 78.2 10
      vertex 45.5504 78.2 8.94957
    endloop
  endfacet
  facet normal 0 1 -0
    outer loop
      vertex 45.2955 78.2 8.63892
      vertex 40 78.2 10
      vertex 45.4153 78.2 8.80051
    endloop
  endfacet
  facet normal 0 1 -0
    outer loop
      vertex 45.1921 78.2 8.46636
      vertex 40 78.2 10
      vertex 45.2955 78.2 8.63892
    endloop
  endfacet
  facet normal 0 1 -0
    outer loop
      vertex 45.106 78.2 8.2845
      vertex 40 78.2 10
      vertex 45.1921 78.2 8.46636
    endloop
  endfacet
  facet normal 0 1 -0
    outer loop
      vertex 45.0383 78.2 8.09508
      vertex 40 78.2 10
      vertex 45.106 78.2 8.2845
    endloop
  endfacet
  facet normal 0 1 -0
    outer loop
      vertex 44.9894 78.2 7.89993
      vertex 40 78.2 10
      vertex 45.0383 78.2 8.09508
    endloop
  endfacet
  facet normal 0 1 -0
    outer loop
      vertex 44.9599 78.2 7.70093
      vertex 40 78.2 10
      vertex 44.9894 78.2 7.89993
    endloop
  endfacet
  facet normal 0 1 -0
    outer loop
      vertex 44.95 78.2 7.5
      vertex 40 78.2 10
      vertex 44.9599 78.2 7.70093
    endloop
  endfacet
  facet normal 0 1 0
    outer loop
      vertex 44.9599 78.2 7.29906
      vertex 40 78.2 10
      vertex 44.95 78.2 7.5
    endloop
  endfacet
  facet normal 0 1 0
    outer loop
      vertex 44.9894 78.2 7.10006
      vertex 40 78.2 10
      vertex 44.9599 78.2 7.29906
    endloop
  endfacet
  facet normal 0 1 0
    outer loop
      vertex 40 78.2 3
      vertex 44.9894 78.2 7.10006
      vertex 45.0383 78.2 6.90492
    endloop
  endfacet
  facet normal 0 1 0
    outer loop
      vertex 40 78.2 3
      vertex 45.0383 78.2 6.90492
      vertex 45.106 78.2 6.7155
    endloop
  endfacet
  facet normal 0 1 0
    outer loop
      vertex 40 78.2 3
      vertex 45.106 78.2 6.7155
      vertex 45.1921 78.2 6.53364
    endloop
  endfacet
  facet normal 0 1 0
    outer loop
      vertex 40 78.2 3
      vertex 45.1921 78.2 6.53364
      vertex 45.2955 78.2 6.36108
    endloop
  endfacet
  facet normal 0 1 0
    outer loop
      vertex 40 78.2 3
      vertex 45.2955 78.2 6.36108
      vertex 45.4153 78.2 6.19949
    endloop
  endfacet
  facet normal 0 1 0
    outer loop
      vertex 40 78.2 3
      vertex 45.4153 78.2 6.19949
      vertex 45.5504 78.2 6.05043
    endloop
  endfacet
  facet normal 0 1 0
    outer loop
      vertex 40 78.2 3
      vertex 45.5504 78.2 6.05043
      vertex 45.6995 78.2 5.91533
    endloop
  endfacet
  facet normal 0 1 0
    outer loop
      vertex 40 78.2 3
      vertex 45.6995 78.2 5.91533
      vertex 45.8611 78.2 5.79549
    endloop
  endfacet
  facet normal 0 1 0
    outer loop
      vertex 40 78.2 3
      vertex 47 78.2 5.45
      vertex 54 78.2 3
    endloop
  endfacet
  facet normal 0 1 0
    outer loop
      vertex 47 78.2 5.45
      vertex 40 78.2 3
      vertex 46.7991 78.2 5.45987
    endloop
  endfacet
  facet normal 0 1 0
    outer loop
      vertex 46.7991 78.2 5.45987
      vertex 40 78.2 3
      vertex 46.6001 78.2 5.48939
    endloop
  endfacet
  facet normal 0 1 0
    outer loop
      vertex 44.9894 78.2 7.10006
      vertex 40 78.2 3
      vertex 40 78.2 10
    endloop
  endfacet
  facet normal 0 1 0
    outer loop
      vertex 46.0336 78.2 5.69206
      vertex 40 78.2 3
      vertex 45.8611 78.2 5.79549
    endloop
  endfacet
  facet normal 0 1 0
    outer loop
      vertex 46.2155 78.2 5.60605
      vertex 40 78.2 3
      vertex 46.0336 78.2 5.69206
    endloop
  endfacet
  facet normal 0 1 0
    outer loop
      vertex 46.4049 78.2 5.53827
      vertex 40 78.2 3
      vertex 46.2155 78.2 5.60605
    endloop
  endfacet
  facet normal 0 1 0
    outer loop
      vertex 46.6001 78.2 5.48939
      vertex 40 78.2 3
      vertex 46.4049 78.2 5.53827
    endloop
  endfacet
  facet normal 0 -1 0
    outer loop
      vertex 40 64.2 3
      vertex 54 64.2 10
      vertex 40 64.2 10
    endloop
  endfacet
  facet normal 0 -1 -0
    outer loop
      vertex 54 64.2 10
      vertex 40 64.2 3
      vertex 54 64.2 3
    endloop
  endfacet
  facet normal -0 0 1
    outer loop
      vertex -63 78.2 10
      vertex -49 64.2 10
      vertex -49 78.2 10
    endloop
  endfacet
  facet normal 0 0 1
    outer loop
      vertex -49 64.2 10
      vertex -63 78.2 10
      vertex -63 64.2 10
    endloop
  endfacet
  facet normal -1 0 0
    outer loop
      vertex -63 70.2 8
      vertex -63 78.2 3
      vertex -63 70.2 3
    endloop
  endfacet
  facet normal -1 0 0
    outer loop
      vertex -63 78.2 3
      vertex -63 70.2 8
      vertex -63 78.2 10
    endloop
  endfacet
  facet normal -1 0 0
    outer loop
      vertex -63 64.2 10
      vertex -63 70.2 8
      vertex -63 64.2 8
    endloop
  endfacet
  facet normal -1 0 0
    outer loop
      vertex -63 70.2 8
      vertex -63 64.2 10
      vertex -63 78.2 10
    endloop
  endfacet
  facet normal 1 -0 0
    outer loop
      vertex -49 64.2 10
      vertex -49 78.2 3
      vertex -49 78.2 10
    endloop
  endfacet
  facet normal 1 0 0
    outer loop
      vertex -49 78.2 3
      vertex -49 64.2 10
      vertex -49 64.2 3
    endloop
  endfacet
  facet normal 0 1 0
    outer loop
      vertex -49 78.2 10
      vertex -56 78.2 9.55
      vertex -63 78.2 10
    endloop
  endfacet
  facet normal 0 1 0
    outer loop
      vertex -49 78.2 10
      vertex -55.7991 78.2 9.54013
      vertex -56 78.2 9.55
    endloop
  endfacet
  facet normal 0 1 0
    outer loop
      vertex -49 78.2 10
      vertex -55.6001 78.2 9.51061
      vertex -55.7991 78.2 9.54013
    endloop
  endfacet
  facet normal 0 1 0
    outer loop
      vertex -49 78.2 10
      vertex -55.4049 78.2 9.46173
      vertex -55.6001 78.2 9.51061
    endloop
  endfacet
  facet normal 0 1 0
    outer loop
      vertex -49 78.2 10
      vertex -55.2155 78.2 9.39395
      vertex -55.4049 78.2 9.46173
    endloop
  endfacet
  facet normal 0 1 0
    outer loop
      vertex -49 78.2 10
      vertex -55.0336 78.2 9.30794
      vertex -55.2155 78.2 9.39395
    endloop
  endfacet
  facet normal 0 1 0
    outer loop
      vertex -49 78.2 10
      vertex -54.8611 78.2 9.20451
      vertex -55.0336 78.2 9.30794
    endloop
  endfacet
  facet normal 0 1 0
    outer loop
      vertex -49 78.2 10
      vertex -54.6995 78.2 9.08467
      vertex -54.8611 78.2 9.20451
    endloop
  endfacet
  facet normal 0 1 0
    outer loop
      vertex -49 78.2 10
      vertex -54.5504 78.2 8.94957
      vertex -54.6995 78.2 9.08467
    endloop
  endfacet
  facet normal 0 1 0
    outer loop
      vertex -49 78.2 10
      vertex -54.4153 78.2 8.80051
      vertex -54.5504 78.2 8.94957
    endloop
  endfacet
  facet normal 0 1 0
    outer loop
      vertex -49 78.2 10
      vertex -54.2955 78.2 8.63892
      vertex -54.4153 78.2 8.80051
    endloop
  endfacet
  facet normal 0 1 0
    outer loop
      vertex -49 78.2 10
      vertex -54.1921 78.2 8.46636
      vertex -54.2955 78.2 8.63892
    endloop
  endfacet
  facet normal 0 1 0
    outer loop
      vertex -49 78.2 10
      vertex -54.106 78.2 8.2845
      vertex -54.1921 78.2 8.46636
    endloop
  endfacet
  facet normal 0 1 0
    outer loop
      vertex -49 78.2 10
      vertex -54.0383 78.2 8.09508
      vertex -54.106 78.2 8.2845
    endloop
  endfacet
  facet normal 0 1 0
    outer loop
      vertex -49 78.2 10
      vertex -53.9894 78.2 7.89993
      vertex -54.0383 78.2 8.09508
    endloop
  endfacet
  facet normal 0 1 0
    outer loop
      vertex -49 78.2 10
      vertex -53.9599 78.2 7.70093
      vertex -53.9894 78.2 7.89993
    endloop
  endfacet
  facet normal 0 1 0
    outer loop
      vertex -49 78.2 10
      vertex -53.95 78.2 7.5
      vertex -53.9599 78.2 7.70093
    endloop
  endfacet
  facet normal 0 1 0
    outer loop
      vertex -49 78.2 10
      vertex -53.9599 78.2 7.29906
      vertex -53.95 78.2 7.5
    endloop
  endfacet
  facet normal 0 1 0
    outer loop
      vertex -49 78.2 10
      vertex -53.9894 78.2 7.10006
      vertex -53.9599 78.2 7.29906
    endloop
  endfacet
  facet normal 0 1 -0
    outer loop
      vertex -49 78.2 3
      vertex -53.9894 78.2 7.10006
      vertex -49 78.2 10
    endloop
  endfacet
  facet normal 0 1 0
    outer loop
      vertex -53.9894 78.2 7.10006
      vertex -49 78.2 3
      vertex -54.0383 78.2 6.90492
    endloop
  endfacet
  facet normal 0 1 0
    outer loop
      vertex -54.0383 78.2 6.90492
      vertex -49 78.2 3
      vertex -54.106 78.2 6.7155
    endloop
  endfacet
  facet normal 0 1 0
    outer loop
      vertex -54.106 78.2 6.7155
      vertex -49 78.2 3
      vertex -54.1921 78.2 6.53364
    endloop
  endfacet
  facet normal 0 1 0
    outer loop
      vertex -54.1921 78.2 6.53364
      vertex -49 78.2 3
      vertex -54.2955 78.2 6.36108
    endloop
  endfacet
  facet normal 0 1 0
    outer loop
      vertex -54.2955 78.2 6.36108
      vertex -49 78.2 3
      vertex -54.4153 78.2 6.19949
    endloop
  endfacet
  facet normal 0 1 0
    outer loop
      vertex -54.4153 78.2 6.19949
      vertex -49 78.2 3
      vertex -54.5504 78.2 6.05043
    endloop
  endfacet
  facet normal 0 1 0
    outer loop
      vertex -54.5504 78.2 6.05043
      vertex -49 78.2 3
      vertex -54.6995 78.2 5.91533
    endloop
  endfacet
  facet normal 0 1 0
    outer loop
      vertex -55.7991 78.2 5.45987
      vertex -49 78.2 3
      vertex -56 78.2 5.45
    endloop
  endfacet
  facet normal 0 1 0
    outer loop
      vertex -55.6001 78.2 5.48939
      vertex -49 78.2 3
      vertex -55.7991 78.2 5.45987
    endloop
  endfacet
  facet normal 0 1 0
    outer loop
      vertex -55.4049 78.2 5.53827
      vertex -49 78.2 3
      vertex -55.6001 78.2 5.48939
    endloop
  endfacet
  facet normal 0 1 0
    outer loop
      vertex -55.2155 78.2 5.60605
      vertex -49 78.2 3
      vertex -55.4049 78.2 5.53827
    endloop
  endfacet
  facet normal 0 1 0
    outer loop
      vertex -55.0336 78.2 5.69206
      vertex -49 78.2 3
      vertex -55.2155 78.2 5.60605
    endloop
  endfacet
  facet normal 0 1 0
    outer loop
      vertex -54.8611 78.2 5.79549
      vertex -49 78.2 3
      vertex -55.0336 78.2 5.69206
    endloop
  endfacet
  facet normal 0 1 0
    outer loop
      vertex -54.6995 78.2 5.91533
      vertex -49 78.2 3
      vertex -54.8611 78.2 5.79549
    endloop
  endfacet
  facet normal 0 1 -0
    outer loop
      vertex -56.2009 78.2 9.54013
      vertex -63 78.2 10
      vertex -56 78.2 9.55
    endloop
  endfacet
  facet normal 0 1 -0
    outer loop
      vertex -56.3999 78.2 9.51061
      vertex -63 78.2 10
      vertex -56.2009 78.2 9.54013
    endloop
  endfacet
  facet normal 0 1 -0
    outer loop
      vertex -56.5951 78.2 9.46173
      vertex -63 78.2 10
      vertex -56.3999 78.2 9.51061
    endloop
  endfacet
  facet normal 0 1 -0
    outer loop
      vertex -56.7845 78.2 9.39395
      vertex -63 78.2 10
      vertex -56.5951 78.2 9.46173
    endloop
  endfacet
  facet normal 0 1 -0
    outer loop
      vertex -56.9664 78.2 9.30794
      vertex -63 78.2 10
      vertex -56.7845 78.2 9.39395
    endloop
  endfacet
  facet normal 0 1 -0
    outer loop
      vertex -57.1389 78.2 9.20451
      vertex -63 78.2 10
      vertex -56.9664 78.2 9.30794
    endloop
  endfacet
  facet normal 0 1 -0
    outer loop
      vertex -57.3005 78.2 9.08467
      vertex -63 78.2 10
      vertex -57.1389 78.2 9.20451
    endloop
  endfacet
  facet normal 0 1 -0
    outer loop
      vertex -57.4496 78.2 8.94957
      vertex -63 78.2 10
      vertex -57.3005 78.2 9.08467
    endloop
  endfacet
  facet normal 0 1 -0
    outer loop
      vertex -57.5847 78.2 8.80051
      vertex -63 78.2 10
      vertex -57.4496 78.2 8.94957
    endloop
  endfacet
  facet normal 0 1 -0
    outer loop
      vertex -57.7045 78.2 8.63892
      vertex -63 78.2 10
      vertex -57.5847 78.2 8.80051
    endloop
  endfacet
  facet normal 0 1 -0
    outer loop
      vertex -57.8079 78.2 8.46636
      vertex -63 78.2 10
      vertex -57.7045 78.2 8.63892
    endloop
  endfacet
  facet normal 0 1 -0
    outer loop
      vertex -57.894 78.2 8.2845
      vertex -63 78.2 10
      vertex -57.8079 78.2 8.46636
    endloop
  endfacet
  facet normal 0 1 -0
    outer loop
      vertex -57.9617 78.2 8.09508
      vertex -63 78.2 10
      vertex -57.894 78.2 8.2845
    endloop
  endfacet
  facet normal 0 1 -0
    outer loop
      vertex -58.0106 78.2 7.89993
      vertex -63 78.2 10
      vertex -57.9617 78.2 8.09508
    endloop
  endfacet
  facet normal 0 1 -0
    outer loop
      vertex -58.0401 78.2 7.70093
      vertex -63 78.2 10
      vertex -58.0106 78.2 7.89993
    endloop
  endfacet
  facet normal 0 1 -0
    outer loop
      vertex -58.05 78.2 7.5
      vertex -63 78.2 10
      vertex -58.0401 78.2 7.70093
    endloop
  endfacet
  facet normal 0 1 0
    outer loop
      vertex -58.0401 78.2 7.29906
      vertex -63 78.2 10
      vertex -58.05 78.2 7.5
    endloop
  endfacet
  facet normal 0 1 0
    outer loop
      vertex -58.0106 78.2 7.10006
      vertex -63 78.2 10
      vertex -58.0401 78.2 7.29906
    endloop
  endfacet
  facet normal 0 1 0
    outer loop
      vertex -63 78.2 3
      vertex -58.0106 78.2 7.10006
      vertex -57.9617 78.2 6.90492
    endloop
  endfacet
  facet normal 0 1 0
    outer loop
      vertex -63 78.2 3
      vertex -57.9617 78.2 6.90492
      vertex -57.894 78.2 6.7155
    endloop
  endfacet
  facet normal 0 1 0
    outer loop
      vertex -63 78.2 3
      vertex -57.894 78.2 6.7155
      vertex -57.8079 78.2 6.53364
    endloop
  endfacet
  facet normal 0 1 0
    outer loop
      vertex -63 78.2 3
      vertex -57.8079 78.2 6.53364
      vertex -57.7045 78.2 6.36108
    endloop
  endfacet
  facet normal 0 1 0
    outer loop
      vertex -63 78.2 3
      vertex -57.7045 78.2 6.36108
      vertex -57.5847 78.2 6.19949
    endloop
  endfacet
  facet normal 0 1 0
    outer loop
      vertex -63 78.2 3
      vertex -57.5847 78.2 6.19949
      vertex -57.4496 78.2 6.05043
    endloop
  endfacet
  facet normal 0 1 0
    outer loop
      vertex -63 78.2 3
      vertex -57.4496 78.2 6.05043
      vertex -57.3005 78.2 5.91533
    endloop
  endfacet
  facet normal 0 1 0
    outer loop
      vertex -63 78.2 3
      vertex -57.3005 78.2 5.91533
      vertex -57.1389 78.2 5.79549
    endloop
  endfacet
  facet normal 0 1 0
    outer loop
      vertex -63 78.2 3
      vertex -56 78.2 5.45
      vertex -49 78.2 3
    endloop
  endfacet
  facet normal 0 1 0
    outer loop
      vertex -56 78.2 5.45
      vertex -63 78.2 3
      vertex -56.2009 78.2 5.45987
    endloop
  endfacet
  facet normal 0 1 0
    outer loop
      vertex -56.2009 78.2 5.45987
      vertex -63 78.2 3
      vertex -56.3999 78.2 5.48939
    endloop
  endfacet
  facet normal 0 1 0
    outer loop
      vertex -58.0106 78.2 7.10006
      vertex -63 78.2 3
      vertex -63 78.2 10
    endloop
  endfacet
  facet normal 0 1 0
    outer loop
      vertex -56.9664 78.2 5.69206
      vertex -63 78.2 3
      vertex -57.1389 78.2 5.79549
    endloop
  endfacet
  facet normal 0 1 0
    outer loop
      vertex -56.7845 78.2 5.60605
      vertex -63 78.2 3
      vertex -56.9664 78.2 5.69206
    endloop
  endfacet
  facet normal 0 1 0
    outer loop
      vertex -56.5951 78.2 5.53827
      vertex -63 78.2 3
      vertex -56.7845 78.2 5.60605
    endloop
  endfacet
  facet normal 0 1 0
    outer loop
      vertex -56.3999 78.2 5.48939
      vertex -63 78.2 3
      vertex -56.5951 78.2 5.53827
    endloop
  endfacet
  facet normal 0 -1 0
    outer loop
      vertex -57 64.2 8
      vertex -63 64.2 10
      vertex -63 64.2 8
    endloop
  endfacet
  facet normal 0 -1 0
    outer loop
      vertex -63 64.2 10
      vertex -57 64.2 8
      vertex -49 64.2 10
    endloop
  endfacet
  facet normal 0 -1 0
    outer loop
      vertex -49 64.2 3
      vertex -57 64.2 8
      vertex -57 64.2 3
    endloop
  endfacet
  facet normal 0 -1 0
    outer loop
      vertex -57 64.2 8
      vertex -49 64.2 3
      vertex -49 64.2 10
    endloop
  endfacet
  facet normal -0.146737 0 0.989176
    outer loop
      vertex 7.89942 -74.44 1.01962
      vertex 8.29499 -78.21 1.0783
      vertex 8.29499 -74.44 1.0783
    endloop
  endfacet
  facet normal -0.146737 0 0.989176
    outer loop
      vertex 8.29499 -78.21 1.0783
      vertex 7.89942 -74.44 1.01962
      vertex 7.89942 -78.21 1.01962
    endloop
  endfacet
  facet normal -0.33688 0 -0.941548
    outer loop
      vertex 8.68291 -78.2 8.97453
      vertex 9.05944 -74.44 8.83981
      vertex 9.05944 -78.2 8.83981
    endloop
  endfacet
  facet normal -0.33688 0 -0.941548
    outer loop
      vertex 9.05944 -74.44 8.83981
      vertex 8.68291 -78.2 8.97453
      vertex 8.68291 -74.44 8.97453
    endloop
  endfacet
  facet normal -0.903971 0 -0.427593
    outer loop
      vertex 11.2648 -78.2 6.63443
      vertex 11.0938 -74.44 6.99594
      vertex 11.2648 -74.44 6.63443
    endloop
  endfacet
  facet normal -0.903971 -0 -0.427593
    outer loop
      vertex 11.0938 -74.44 6.99594
      vertex 11.2648 -78.2 6.63443
      vertex 11.0938 -78.2 6.99594
    endloop
  endfacet
  facet normal -0.146737 0 -0.989176
    outer loop
      vertex 7.89942 -78.2 9.13038
      vertex 8.29499 -74.44 9.0717
      vertex 8.29499 -78.2 9.0717
    endloop
  endfacet
  facet normal -0.146737 0 -0.989176
    outer loop
      vertex 8.29499 -74.44 9.0717
      vertex 7.89942 -78.2 9.13038
      vertex 7.89942 -74.44 9.13038
    endloop
  endfacet
  facet normal 0.857731 0 -0.514099
    outer loop
      vertex 4.11176 -78.2 7.33895
      vertex 3.90617 -74.44 6.99594
      vertex 4.11176 -74.44 7.33895
    endloop
  endfacet
  facet normal 0.857731 0 -0.514099
    outer loop
      vertex 3.90617 -74.44 6.99594
      vertex 4.11176 -78.2 7.33895
      vertex 3.90617 -78.2 6.99594
    endloop
  endfacet
  facet normal 0.941548 -0 0.33688
    outer loop
      vertex 3.60047 -78.2 3.89209
      vertex 3.73519 -74.44 3.51556
      vertex 3.60047 -74.44 3.89209
    endloop
  endfacet
  facet normal 0.941548 0 0.33688
    outer loop
      vertex 3.73519 -74.44 3.51556
      vertex 3.60047 -78.2 3.89209
      vertex 3.73519 -78.2 3.51556
    endloop
  endfacet
  facet normal 0 -1 0
    outer loop
      vertex 7.10058 -74.44 9.13038
      vertex 7.89942 -74.44 9.13038
      vertex 7.5 -74.44 9.15
    endloop
  endfacet
  facet normal 0 -1 0
    outer loop
      vertex 6.70501 -74.44 9.0717
      vertex 7.89942 -74.44 9.13038
      vertex 7.10058 -74.44 9.13038
    endloop
  endfacet
  facet normal 0 -1 0
    outer loop
      vertex 6.70501 -74.44 9.0717
      vertex 8.29499 -74.44 9.0717
      vertex 7.89942 -74.44 9.13038
    endloop
  endfacet
  facet normal 0 -1 0
    outer loop
      vertex 6.31709 -74.44 8.97453
      vertex 8.29499 -74.44 9.0717
      vertex 6.70501 -74.44 9.0717
    endloop
  endfacet
  facet normal 0 -1 0
    outer loop
      vertex 6.31709 -74.44 8.97453
      vertex 8.68291 -74.44 8.97453
      vertex 8.29499 -74.44 9.0717
    endloop
  endfacet
  facet normal 0 -1 0
    outer loop
      vertex 5.94057 -74.44 8.83981
      vertex 8.68291 -74.44 8.97453
      vertex 6.31709 -74.44 8.97453
    endloop
  endfacet
  facet normal 0 -1 0
    outer loop
      vertex 5.94057 -74.44 8.83981
      vertex 9.05944 -74.44 8.83981
      vertex 8.68291 -74.44 8.97453
    endloop
  endfacet
  facet normal 0 -1 0
    outer loop
      vertex 5.57906 -74.44 8.66883
      vertex 9.05944 -74.44 8.83981
      vertex 5.94057 -74.44 8.83981
    endloop
  endfacet
  facet normal 0 -1 0
    outer loop
      vertex 5.57906 -74.44 8.66883
      vertex 9.42094 -74.44 8.66883
      vertex 9.05944 -74.44 8.83981
    endloop
  endfacet
  facet normal 0 -1 0
    outer loop
      vertex 5.23605 -74.44 8.46324
      vertex 9.42094 -74.44 8.66883
      vertex 5.57906 -74.44 8.66883
    endloop
  endfacet
  facet normal 0 -1 0
    outer loop
      vertex 5.23605 -74.44 8.46324
      vertex 9.76395 -74.44 8.46324
      vertex 9.42094 -74.44 8.66883
    endloop
  endfacet
  facet normal 0 -1 0
    outer loop
      vertex 4.91485 -74.44 8.22502
      vertex 9.76395 -74.44 8.46324
      vertex 5.23605 -74.44 8.46324
    endloop
  endfacet
  facet normal 0 -1 0
    outer loop
      vertex 4.91485 -74.44 8.22502
      vertex 10.0852 -74.44 8.22502
      vertex 9.76395 -74.44 8.46324
    endloop
  endfacet
  facet normal 0 -1 0
    outer loop
      vertex 4.61854 -74.44 7.95646
      vertex 10.0852 -74.44 8.22502
      vertex 4.91485 -74.44 8.22502
    endloop
  endfacet
  facet normal 0 -1 0
    outer loop
      vertex 4.61854 -74.44 7.95646
      vertex 10.3815 -74.44 7.95646
      vertex 10.0852 -74.44 8.22502
    endloop
  endfacet
  facet normal 0 -1 0
    outer loop
      vertex 4.34998 -74.44 7.66015
      vertex 10.3815 -74.44 7.95646
      vertex 4.61854 -74.44 7.95646
    endloop
  endfacet
  facet normal 0 -1 0
    outer loop
      vertex 4.34998 -74.44 7.66015
      vertex 10.65 -74.44 7.66015
      vertex 10.3815 -74.44 7.95646
    endloop
  endfacet
  facet normal 0 -1 0
    outer loop
      vertex 4.11176 -74.44 7.33895
      vertex 10.65 -74.44 7.66015
      vertex 4.34998 -74.44 7.66015
    endloop
  endfacet
  facet normal 0 -1 0
    outer loop
      vertex 4.11176 -74.44 7.33895
      vertex 10.8882 -74.44 7.33895
      vertex 10.65 -74.44 7.66015
    endloop
  endfacet
  facet normal 0 -1 0
    outer loop
      vertex 3.90617 -74.44 6.99594
      vertex 10.8882 -74.44 7.33895
      vertex 4.11176 -74.44 7.33895
    endloop
  endfacet
  facet normal 0 -1 0
    outer loop
      vertex 3.90617 -74.44 6.99594
      vertex 11.0938 -74.44 6.99594
      vertex 10.8882 -74.44 7.33895
    endloop
  endfacet
  facet normal 0 -1 0
    outer loop
      vertex 3.73519 -74.44 6.63443
      vertex 11.0938 -74.44 6.99594
      vertex 3.90617 -74.44 6.99594
    endloop
  endfacet
  facet normal 0 -1 0
    outer loop
      vertex 3.73519 -74.44 6.63443
      vertex 11.2648 -74.44 6.63443
      vertex 11.0938 -74.44 6.99594
    endloop
  endfacet
  facet normal 0 -1 0
    outer loop
      vertex 3.60047 -74.44 6.25791
      vertex 11.2648 -74.44 6.63443
      vertex 3.73519 -74.44 6.63443
    endloop
  endfacet
  facet normal 0 -1 0
    outer loop
      vertex 3.60047 -74.44 6.25791
      vertex 11.3995 -74.44 6.25791
      vertex 11.2648 -74.44 6.63443
    endloop
  endfacet
  facet normal 0 -1 0
    outer loop
      vertex 3.5033 -74.44 5.86999
      vertex 11.3995 -74.44 6.25791
      vertex 3.60047 -74.44 6.25791
    endloop
  endfacet
  facet normal 0 -1 0
    outer loop
      vertex 3.5033 -74.44 5.86999
      vertex 11.4967 -74.44 5.86999
      vertex 11.3995 -74.44 6.25791
    endloop
  endfacet
  facet normal 0 -1 0
    outer loop
      vertex 3.44462 -74.44 5.47442
      vertex 11.4967 -74.44 5.86999
      vertex 3.5033 -74.44 5.86999
    endloop
  endfacet
  facet normal 0 -1 0
    outer loop
      vertex 3.44462 -74.44 5.47442
      vertex 11.5554 -74.44 5.47442
      vertex 11.4967 -74.44 5.86999
    endloop
  endfacet
  facet normal 0 -1 0
    outer loop
      vertex 3.425 -74.44 5.075
      vertex 11.5554 -74.44 5.47442
      vertex 3.44462 -74.44 5.47442
    endloop
  endfacet
  facet normal 0 -1 0
    outer loop
      vertex 3.425 -74.44 5.075
      vertex 11.575 -74.44 5.075
      vertex 11.5554 -74.44 5.47442
    endloop
  endfacet
  facet normal 0 -1 0
    outer loop
      vertex 3.44462 -74.44 4.67558
      vertex 11.575 -74.44 5.075
      vertex 3.425 -74.44 5.075
    endloop
  endfacet
  facet normal 0 -1 0
    outer loop
      vertex 3.44462 -74.44 4.67558
      vertex 11.5554 -74.44 4.67558
      vertex 11.575 -74.44 5.075
    endloop
  endfacet
  facet normal 0 -1 0
    outer loop
      vertex 3.5033 -74.44 4.28001
      vertex 11.5554 -74.44 4.67558
      vertex 3.44462 -74.44 4.67558
    endloop
  endfacet
  facet normal 0 -1 0
    outer loop
      vertex 3.5033 -74.44 4.28001
      vertex 11.4967 -74.44 4.28001
      vertex 11.5554 -74.44 4.67558
    endloop
  endfacet
  facet normal 0 -1 0
    outer loop
      vertex 3.60047 -74.44 3.89209
      vertex 11.4967 -74.44 4.28001
      vertex 3.5033 -74.44 4.28001
    endloop
  endfacet
  facet normal 0 -1 0
    outer loop
      vertex 3.60047 -74.44 3.89209
      vertex 11.3995 -74.44 3.89209
      vertex 11.4967 -74.44 4.28001
    endloop
  endfacet
  facet normal 0 -1 0
    outer loop
      vertex 3.73519 -74.44 3.51556
      vertex 11.3995 -74.44 3.89209
      vertex 3.60047 -74.44 3.89209
    endloop
  endfacet
  facet normal 0 -1 0
    outer loop
      vertex 3.73519 -74.44 3.51556
      vertex 11.2648 -74.44 3.51556
      vertex 11.3995 -74.44 3.89209
    endloop
  endfacet
  facet normal 0 -1 0
    outer loop
      vertex 3.90617 -74.44 3.15406
      vertex 11.2648 -74.44 3.51556
      vertex 3.73519 -74.44 3.51556
    endloop
  endfacet
  facet normal 0 -1 0
    outer loop
      vertex 3.90617 -74.44 3.15406
      vertex 11.0938 -74.44 3.15406
      vertex 11.2648 -74.44 3.51556
    endloop
  endfacet
  facet normal 0 -1 0
    outer loop
      vertex 4.11176 -74.44 2.81105
      vertex 11.0938 -74.44 3.15406
      vertex 3.90617 -74.44 3.15406
    endloop
  endfacet
  facet normal 0 -1 0
    outer loop
      vertex 4.11176 -74.44 2.81105
      vertex 10.8882 -74.44 2.81105
      vertex 11.0938 -74.44 3.15406
    endloop
  endfacet
  facet normal 0 -1 0
    outer loop
      vertex 4.34998 -74.44 2.48985
      vertex 10.8882 -74.44 2.81105
      vertex 4.11176 -74.44 2.81105
    endloop
  endfacet
  facet normal 0 -1 0
    outer loop
      vertex 4.34998 -74.44 2.48985
      vertex 10.65 -74.44 2.48985
      vertex 10.8882 -74.44 2.81105
    endloop
  endfacet
  facet normal 0 -1 0
    outer loop
      vertex 4.61854 -74.44 2.19354
      vertex 10.65 -74.44 2.48985
      vertex 4.34998 -74.44 2.48985
    endloop
  endfacet
  facet normal 0 -1 0
    outer loop
      vertex 4.61854 -74.44 2.19354
      vertex 10.3815 -74.44 2.19354
      vertex 10.65 -74.44 2.48985
    endloop
  endfacet
  facet normal 0 -1 0
    outer loop
      vertex 4.91485 -74.44 1.92498
      vertex 10.3815 -74.44 2.19354
      vertex 4.61854 -74.44 2.19354
    endloop
  endfacet
  facet normal 0 -1 0
    outer loop
      vertex 4.91485 -74.44 1.92498
      vertex 10.0852 -74.44 1.92498
      vertex 10.3815 -74.44 2.19354
    endloop
  endfacet
  facet normal 0 -1 0
    outer loop
      vertex 5.23605 -74.44 1.68676
      vertex 10.0852 -74.44 1.92498
      vertex 4.91485 -74.44 1.92498
    endloop
  endfacet
  facet normal 0 -1 0
    outer loop
      vertex 5.23605 -74.44 1.68676
      vertex 9.76395 -74.44 1.68676
      vertex 10.0852 -74.44 1.92498
    endloop
  endfacet
  facet normal 0 -1 0
    outer loop
      vertex 5.57906 -74.44 1.48117
      vertex 9.76395 -74.44 1.68676
      vertex 5.23605 -74.44 1.68676
    endloop
  endfacet
  facet normal 0 -1 0
    outer loop
      vertex 5.57906 -74.44 1.48117
      vertex 9.42094 -74.44 1.48117
      vertex 9.76395 -74.44 1.68676
    endloop
  endfacet
  facet normal 0 -1 0
    outer loop
      vertex 5.94057 -74.44 1.31019
      vertex 9.42094 -74.44 1.48117
      vertex 5.57906 -74.44 1.48117
    endloop
  endfacet
  facet normal 0 -1 0
    outer loop
      vertex 5.94057 -74.44 1.31019
      vertex 9.05944 -74.44 1.31019
      vertex 9.42094 -74.44 1.48117
    endloop
  endfacet
  facet normal 0 -1 0
    outer loop
      vertex 6.31709 -74.44 1.17547
      vertex 9.05944 -74.44 1.31019
      vertex 5.94057 -74.44 1.31019
    endloop
  endfacet
  facet normal 0 -1 0
    outer loop
      vertex 6.31709 -74.44 1.17547
      vertex 8.68291 -74.44 1.17547
      vertex 9.05944 -74.44 1.31019
    endloop
  endfacet
  facet normal 0 -1 0
    outer loop
      vertex 6.70501 -74.44 1.0783
      vertex 8.68291 -74.44 1.17547
      vertex 6.31709 -74.44 1.17547
    endloop
  endfacet
  facet normal 0 -1 0
    outer loop
      vertex 6.70501 -74.44 1.0783
      vertex 8.29499 -74.44 1.0783
      vertex 8.68291 -74.44 1.17547
    endloop
  endfacet
  facet normal 0 -1 0
    outer loop
      vertex 7.10058 -74.44 1.01962
      vertex 8.29499 -74.44 1.0783
      vertex 6.70501 -74.44 1.0783
    endloop
  endfacet
  facet normal 0 -1 0
    outer loop
      vertex 7.10058 -74.44 1.01962
      vertex 7.89942 -74.44 1.01962
      vertex 8.29499 -74.44 1.0783
    endloop
  endfacet
  facet normal -0 -1 0
    outer loop
      vertex 7.89942 -74.44 1.01962
      vertex 7.10058 -74.44 1.01962
      vertex 7.5 -74.44 1
    endloop
  endfacet
  facet normal -0.242983 0 0.970031
    outer loop
      vertex 8.29499 -74.44 1.0783
      vertex 8.68291 -78.21 1.17547
      vertex 8.68291 -74.44 1.17547
    endloop
  endfacet
  facet normal -0.242983 0 0.970031
    outer loop
      vertex 8.68291 -78.21 1.17547
      vertex 8.29499 -74.44 1.0783
      vertex 8.29499 -78.21 1.0783
    endloop
  endfacet
  facet normal -0.427562 0 -0.903986
    outer loop
      vertex 9.05944 -78.2 8.83981
      vertex 9.42094 -74.44 8.66883
      vertex 9.42094 -78.2 8.66883
    endloop
  endfacet
  facet normal -0.427562 0 -0.903986
    outer loop
      vertex 9.42094 -74.44 8.66883
      vertex 9.05944 -78.2 8.83981
      vertex 9.05944 -74.44 8.83981
    endloop
  endfacet
  facet normal -0.941564 0 0.336835
    outer loop
      vertex 11.2648 -78.2 3.51556
      vertex 11.3995 -74.44 3.89209
      vertex 11.2648 -74.44 3.51556
    endloop
  endfacet
  facet normal -0.941564 0 0.336835
    outer loop
      vertex 11.3995 -74.44 3.89209
      vertex 11.2648 -78.2 3.51556
      vertex 11.3995 -78.2 3.89209
    endloop
  endfacet
  facet normal -0.514099 0 -0.857731
    outer loop
      vertex 9.42094 -78.2 8.66883
      vertex 9.76395 -74.44 8.46324
      vertex 9.76395 -78.2 8.46324
    endloop
  endfacet
  facet normal -0.514099 0 -0.857731
    outer loop
      vertex 9.76395 -74.44 8.46324
      vertex 9.42094 -78.2 8.66883
      vertex 9.42094 -74.44 8.66883
    endloop
  endfacet
  facet normal 0.242983 0 0.970031
    outer loop
      vertex 6.31709 -74.44 1.17547
      vertex 6.70501 -78.21 1.0783
      vertex 6.70501 -74.44 1.0783
    endloop
  endfacet
  facet normal 0.242983 0 0.970031
    outer loop
      vertex 6.70501 -78.21 1.0783
      vertex 6.31709 -74.44 1.17547
      vertex 6.31709 -78.21 1.17547
    endloop
  endfacet
  facet normal -0.0490621 0 0.998796
    outer loop
      vertex 7.5 -74.44 1
      vertex 7.89942 -78.21 1.01962
      vertex 7.89942 -74.44 1.01962
    endloop
  endfacet
  facet normal -0.0490621 0 0.998796
    outer loop
      vertex 7.89942 -78.21 1.01962
      vertex 7.5 -74.44 1
      vertex 7.5 -78.21 1
    endloop
  endfacet
  facet normal -0.0490621 0 -0.998796
    outer loop
      vertex 7.5 -78.2 9.15
      vertex 7.89942 -74.44 9.13038
      vertex 7.89942 -78.2 9.13038
    endloop
  endfacet
  facet normal -0.0490621 0 -0.998796
    outer loop
      vertex 7.89942 -74.44 9.13038
      vertex 7.5 -78.2 9.15
      vertex 7.5 -74.44 9.15
    endloop
  endfacet
  facet normal 0.146737 0 -0.989176
    outer loop
      vertex 6.70501 -78.2 9.0717
      vertex 7.10058 -74.44 9.13038
      vertex 7.10058 -78.2 9.13038
    endloop
  endfacet
  facet normal 0.146737 0 -0.989176
    outer loop
      vertex 7.10058 -74.44 9.13038
      vertex 6.70501 -78.2 9.0717
      vertex 6.70501 -74.44 9.0717
    endloop
  endfacet
  facet normal -0.989168 0 0.146786
    outer loop
      vertex 11.4967 -78.2 4.28001
      vertex 11.5554 -74.44 4.67558
      vertex 11.4967 -74.44 4.28001
    endloop
  endfacet
  facet normal -0.989168 0 0.146786
    outer loop
      vertex 11.5554 -74.44 4.67558
      vertex 11.4967 -78.2 4.28001
      vertex 11.5554 -78.2 4.67558
    endloop
  endfacet
  facet normal 0.998796 0 -0.0490621
    outer loop
      vertex 3.44462 -78.2 5.47442
      vertex 3.425 -74.44 5.075
      vertex 3.44462 -74.44 5.47442
    endloop
  endfacet
  facet normal 0.998796 0 -0.0490621
    outer loop
      vertex 3.425 -74.44 5.075
      vertex 3.44462 -78.2 5.47442
      vertex 3.425 -78.2 5.075
    endloop
  endfacet
  facet normal 0.0490621 0 -0.998796
    outer loop
      vertex 7.10058 -78.2 9.13038
      vertex 7.5 -74.44 9.15
      vertex 7.5 -78.2 9.15
    endloop
  endfacet
  facet normal 0.0490621 0 -0.998796
    outer loop
      vertex 7.5 -74.44 9.15
      vertex 7.10058 -78.2 9.13038
      vertex 7.10058 -74.44 9.13038
    endloop
  endfacet
  facet normal -0.242983 0 -0.970031
    outer loop
      vertex 8.29499 -78.2 9.0717
      vertex 8.68291 -74.44 8.97453
      vertex 8.68291 -78.2 8.97453
    endloop
  endfacet
  facet normal -0.242983 0 -0.970031
    outer loop
      vertex 8.68291 -74.44 8.97453
      vertex 8.29499 -78.2 9.0717
      vertex 8.29499 -74.44 9.0717
    endloop
  endfacet
  facet normal 0.970031 -0 0.242983
    outer loop
      vertex 3.5033 -78.2 4.28001
      vertex 3.60047 -74.44 3.89209
      vertex 3.5033 -74.44 4.28001
    endloop
  endfacet
  facet normal 0.970031 0 0.242983
    outer loop
      vertex 3.60047 -74.44 3.89209
      vertex 3.5033 -78.2 4.28001
      vertex 3.60047 -78.2 3.89209
    endloop
  endfacet
  facet normal 0.740951 0 -0.671559
    outer loop
      vertex 4.61854 -78.2 7.95646
      vertex 4.34998 -74.44 7.66015
      vertex 4.61854 -74.44 7.95646
    endloop
  endfacet
  facet normal 0.740951 0 -0.671559
    outer loop
      vertex 4.34998 -74.44 7.66015
      vertex 4.61854 -78.2 7.95646
      vertex 4.34998 -78.2 7.66015
    endloop
  endfacet
  facet normal -0.741025 0 -0.671477
    outer loop
      vertex 10.65 -78.2 7.66015
      vertex 10.3815 -74.44 7.95646
      vertex 10.65 -74.44 7.66015
    endloop
  endfacet
  facet normal -0.741025 -0 -0.671477
    outer loop
      vertex 10.3815 -74.44 7.95646
      vertex 10.65 -78.2 7.66015
      vertex 10.3815 -78.2 7.95646
    endloop
  endfacet
  facet normal -0.741025 0 0.671477
    outer loop
      vertex 10.3815 -78.21 2.19354
      vertex 10.65 -74.44 2.48985
      vertex 10.3815 -74.44 2.19354
    endloop
  endfacet
  facet normal -0.741025 0 0.671477
    outer loop
      vertex 10.65 -74.44 2.48985
      vertex 10.3815 -78.21 2.19354
      vertex 10.65 -78.21 2.48985
    endloop
  endfacet
  facet normal -0.671572 0 0.74094
    outer loop
      vertex 10.0852 -74.44 1.92498
      vertex 10.3815 -78.21 2.19354
      vertex 10.3815 -74.44 2.19354
    endloop
  endfacet
  facet normal -0.671572 0 0.74094
    outer loop
      vertex 10.3815 -78.21 2.19354
      vertex 10.0852 -74.44 1.92498
      vertex 10.0852 -78.21 1.92498
    endloop
  endfacet
  facet normal -0.989168 0 -0.146786
    outer loop
      vertex 11.5554 -78.2 5.47442
      vertex 11.4967 -74.44 5.86999
      vertex 11.5554 -74.44 5.47442
    endloop
  endfacet
  facet normal -0.989168 -0 -0.146786
    outer loop
      vertex 11.4967 -74.44 5.86999
      vertex 11.5554 -78.2 5.47442
      vertex 11.4967 -78.2 5.86999
    endloop
  endfacet
  facet normal -0.970013 0 -0.243053
    outer loop
      vertex 11.4967 -78.2 5.86999
      vertex 11.3995 -74.44 6.25791
      vertex 11.4967 -74.44 5.86999
    endloop
  endfacet
  facet normal -0.970013 -0 -0.243053
    outer loop
      vertex 11.3995 -74.44 6.25791
      vertex 11.4967 -78.2 5.86999
      vertex 11.3995 -78.2 6.25791
    endloop
  endfacet
  facet normal 0.903991 0 -0.427552
    outer loop
      vertex 3.90617 -78.2 6.99594
      vertex 3.73519 -74.44 6.63443
      vertex 3.90617 -74.44 6.99594
    endloop
  endfacet
  facet normal 0.903991 0 -0.427552
    outer loop
      vertex 3.73519 -74.44 6.63443
      vertex 3.90617 -78.2 6.99594
      vertex 3.73519 -78.2 6.63443
    endloop
  endfacet
  facet normal 0.740951 -0 0.671559
    outer loop
      vertex 4.34998 -78.21 2.48985
      vertex 4.61854 -74.44 2.19354
      vertex 4.34998 -74.44 2.48985
    endloop
  endfacet
  facet normal 0.740951 0 0.671559
    outer loop
      vertex 4.61854 -74.44 2.19354
      vertex 4.34998 -78.21 2.48985
      vertex 4.61854 -78.21 2.19354
    endloop
  endfacet
  facet normal 0.595702 0 0.803205
    outer loop
      vertex 4.91485 -74.44 1.92498
      vertex 5.23605 -78.21 1.68676
      vertex 5.23605 -74.44 1.68676
    endloop
  endfacet
  facet normal 0.595702 0 0.803205
    outer loop
      vertex 5.23605 -78.21 1.68676
      vertex 4.91485 -74.44 1.92498
      vertex 4.91485 -78.21 1.92498
    endloop
  endfacet
  facet normal 0.671559 0 -0.740951
    outer loop
      vertex 4.61854 -78.2 7.95646
      vertex 4.91485 -74.44 8.22502
      vertex 4.91485 -78.2 8.22502
    endloop
  endfacet
  facet normal 0.671559 0 -0.740951
    outer loop
      vertex 4.91485 -74.44 8.22502
      vertex 4.61854 -78.2 7.95646
      vertex 4.61854 -74.44 7.95646
    endloop
  endfacet
  facet normal 0.903986 -0 0.427562
    outer loop
      vertex 3.73519 -78.2 3.51556
      vertex 3.90617 -74.44 3.15406
      vertex 3.73519 -74.44 3.51556
    endloop
  endfacet
  facet normal 0.903986 0 0.427562
    outer loop
      vertex 3.90617 -74.44 3.15406
      vertex 3.73519 -78.2 3.51556
      vertex 3.90617 -78.2 3.15406
    endloop
  endfacet
  facet normal 0.970031 0 -0.242983
    outer loop
      vertex 3.60047 -78.2 6.25791
      vertex 3.5033 -74.44 5.86999
      vertex 3.60047 -74.44 6.25791
    endloop
  endfacet
  facet normal 0.970031 0 -0.242983
    outer loop
      vertex 3.5033 -74.44 5.86999
      vertex 3.60047 -78.2 6.25791
      vertex 3.5033 -78.2 5.86999
    endloop
  endfacet
  facet normal 0.998796 -0 0.0490621
    outer loop
      vertex 3.425 -78.2 5.075
      vertex 3.44462 -74.44 4.67558
      vertex 3.425 -74.44 5.075
    endloop
  endfacet
  facet normal 0.998796 0 0.0490621
    outer loop
      vertex 3.44462 -74.44 4.67558
      vertex 3.425 -78.2 5.075
      vertex 3.44462 -78.2 4.67558
    endloop
  endfacet
  facet normal -0.803229 0 0.59567
    outer loop
      vertex 10.65 -78.21 2.48985
      vertex 10.8882 -74.44 2.81105
      vertex 10.65 -74.44 2.48985
    endloop
  endfacet
  facet normal -0.803229 0 0.59567
    outer loop
      vertex 10.8882 -74.44 2.81105
      vertex 10.65 -78.21 2.48985
      vertex 10.8882 -78.21 2.81105
    endloop
  endfacet
  facet normal -0.970013 0 0.243053
    outer loop
      vertex 11.3995 -78.2 3.89209
      vertex 11.4967 -74.44 4.28001
      vertex 11.3995 -74.44 3.89209
    endloop
  endfacet
  facet normal -0.970013 0 0.243053
    outer loop
      vertex 11.4967 -74.44 4.28001
      vertex 11.3995 -78.2 3.89209
      vertex 11.4967 -78.2 4.28001
    endloop
  endfacet
  facet normal -0.998798 0 -0.0490122
    outer loop
      vertex 11.575 -78.2 5.075
      vertex 11.5554 -74.44 5.47442
      vertex 11.575 -74.44 5.075
    endloop
  endfacet
  facet normal -0.998798 -0 -0.0490122
    outer loop
      vertex 11.5554 -74.44 5.47442
      vertex 11.575 -78.2 5.075
      vertex 11.5554 -78.2 5.47442
    endloop
  endfacet
  facet normal 0.427552 0 -0.903991
    outer loop
      vertex 5.57906 -78.2 8.66883
      vertex 5.94057 -74.44 8.83981
      vertex 5.94057 -78.2 8.83981
    endloop
  endfacet
  facet normal 0.427552 0 -0.903991
    outer loop
      vertex 5.94057 -74.44 8.83981
      vertex 5.57906 -78.2 8.66883
      vertex 5.57906 -74.44 8.66883
    endloop
  endfacet
  facet normal 0.336888 0 -0.941545
    outer loop
      vertex 5.94057 -78.2 8.83981
      vertex 6.31709 -74.44 8.97453
      vertex 6.31709 -78.2 8.97453
    endloop
  endfacet
  facet normal 0.336888 0 -0.941545
    outer loop
      vertex 6.31709 -74.44 8.97453
      vertex 5.94057 -78.2 8.83981
      vertex 5.94057 -74.44 8.83981
    endloop
  endfacet
  facet normal -0.33688 0 0.941548
    outer loop
      vertex 8.68291 -74.44 1.17547
      vertex 9.05944 -78.21 1.31019
      vertex 9.05944 -74.44 1.31019
    endloop
  endfacet
  facet normal -0.33688 0 0.941548
    outer loop
      vertex 9.05944 -78.21 1.31019
      vertex 8.68291 -74.44 1.17547
      vertex 8.68291 -78.21 1.17547
    endloop
  endfacet
  facet normal -0.595642 0 0.80325
    outer loop
      vertex 9.76395 -74.44 1.68676
      vertex 10.0852 -78.21 1.92498
      vertex 10.0852 -74.44 1.92498
    endloop
  endfacet
  facet normal -0.595642 0 0.80325
    outer loop
      vertex 10.0852 -78.21 1.92498
      vertex 9.76395 -74.44 1.68676
      vertex 9.76395 -78.21 1.68676
    endloop
  endfacet
  facet normal -0.803229 0 -0.59567
    outer loop
      vertex 10.8882 -78.2 7.33895
      vertex 10.65 -74.44 7.66015
      vertex 10.8882 -74.44 7.33895
    endloop
  endfacet
  facet normal -0.803229 -0 -0.59567
    outer loop
      vertex 10.65 -74.44 7.66015
      vertex 10.8882 -78.2 7.33895
      vertex 10.65 -78.2 7.66015
    endloop
  endfacet
  facet normal 0.989176 0 -0.146737
    outer loop
      vertex 3.5033 -78.2 5.86999
      vertex 3.44462 -74.44 5.47442
      vertex 3.5033 -74.44 5.86999
    endloop
  endfacet
  facet normal 0.989176 0 -0.146737
    outer loop
      vertex 3.44462 -74.44 5.47442
      vertex 3.5033 -78.2 5.86999
      vertex 3.44462 -78.2 5.47442
    endloop
  endfacet
  facet normal -0.941561 0 -0.336843
    outer loop
      vertex 11.3995 -78.2 6.25791
      vertex 11.2648 -74.44 6.63443
      vertex 11.3995 -74.44 6.25791
    endloop
  endfacet
  facet normal -0.941561 -0 -0.336843
    outer loop
      vertex 11.2648 -74.44 6.63443
      vertex 11.3995 -78.2 6.25791
      vertex 11.2648 -78.2 6.63443
    endloop
  endfacet
  facet normal -0.595642 0 -0.80325
    outer loop
      vertex 9.76395 -78.2 8.46324
      vertex 10.0852 -74.44 8.22502
      vertex 10.0852 -78.2 8.22502
    endloop
  endfacet
  facet normal -0.595642 0 -0.80325
    outer loop
      vertex 10.0852 -74.44 8.22502
      vertex 9.76395 -78.2 8.46324
      vertex 9.76395 -74.44 8.46324
    endloop
  endfacet
  facet normal 0.803205 0 -0.595702
    outer loop
      vertex 4.34998 -78.2 7.66015
      vertex 4.11176 -74.44 7.33895
      vertex 4.34998 -74.44 7.66015
    endloop
  endfacet
  facet normal 0.803205 0 -0.595702
    outer loop
      vertex 4.11176 -74.44 7.33895
      vertex 4.34998 -78.2 7.66015
      vertex 4.11176 -78.2 7.33895
    endloop
  endfacet
  facet normal -0.671572 0 -0.74094
    outer loop
      vertex 10.0852 -78.2 8.22502
      vertex 10.3815 -74.44 7.95646
      vertex 10.3815 -78.2 7.95646
    endloop
  endfacet
  facet normal -0.671572 0 -0.74094
    outer loop
      vertex 10.3815 -74.44 7.95646
      vertex 10.0852 -78.2 8.22502
      vertex 10.0852 -74.44 8.22502
    endloop
  endfacet
  facet normal -0.85772 0 -0.514117
    outer loop
      vertex 11.0938 -78.2 6.99594
      vertex 10.8882 -74.44 7.33895
      vertex 11.0938 -74.44 6.99594
    endloop
  endfacet
  facet normal -0.85772 -0 -0.514117
    outer loop
      vertex 10.8882 -74.44 7.33895
      vertex 11.0938 -78.2 6.99594
      vertex 10.8882 -78.2 7.33895
    endloop
  endfacet
  facet normal 0.857729 0 0.514103
    outer loop
      vertex 3.99851 -78.2 3
      vertex 3.90617 -74.44 3.15406
      vertex 3.90617 -78.2 3.15406
    endloop
  endfacet
  facet normal 0.857731 2.31439e-07 0.514099
    outer loop
      vertex 3.90617 -74.44 3.15406
      vertex 3.99851 -78.2 3
      vertex 4.11176 -74.44 2.81105
    endloop
  endfacet
  facet normal 0.857733 0 0.514095
    outer loop
      vertex 4.11176 -78.21 2.81105
      vertex 3.99851 -78.2 3
      vertex 3.99851 -78.21 3
    endloop
  endfacet
  facet normal 0.857733 0 0.514095
    outer loop
      vertex 3.99851 -78.2 3
      vertex 4.11176 -78.21 2.81105
      vertex 4.11176 -74.44 2.81105
    endloop
  endfacet
  facet normal 0.671559 0 0.740951
    outer loop
      vertex 4.61854 -74.44 2.19354
      vertex 4.91485 -78.21 1.92498
      vertex 4.91485 -74.44 1.92498
    endloop
  endfacet
  facet normal 0.671559 0 0.740951
    outer loop
      vertex 4.91485 -78.21 1.92498
      vertex 4.61854 -74.44 2.19354
      vertex 4.61854 -78.21 2.19354
    endloop
  endfacet
  facet normal 0.336888 0 0.941545
    outer loop
      vertex 5.94057 -74.44 1.31019
      vertex 6.31709 -78.21 1.17547
      vertex 6.31709 -74.44 1.17547
    endloop
  endfacet
  facet normal 0.336888 0 0.941545
    outer loop
      vertex 6.31709 -78.21 1.17547
      vertex 5.94057 -74.44 1.31019
      vertex 5.94057 -78.21 1.31019
    endloop
  endfacet
  facet normal 0.0490621 0 0.998796
    outer loop
      vertex 7.10058 -74.44 1.01962
      vertex 7.5 -78.21 1
      vertex 7.5 -74.44 1
    endloop
  endfacet
  facet normal 0.0490621 0 0.998796
    outer loop
      vertex 7.5 -78.21 1
      vertex 7.10058 -74.44 1.01962
      vertex 7.10058 -78.21 1.01962
    endloop
  endfacet
  facet normal -0.903967 0 0.427603
    outer loop
      vertex 11.0938 -78.2 3.15406
      vertex 11.2648 -74.44 3.51556
      vertex 11.0938 -74.44 3.15406
    endloop
  endfacet
  facet normal -0.903967 0 0.427603
    outer loop
      vertex 11.2648 -74.44 3.51556
      vertex 11.0938 -78.2 3.15406
      vertex 11.2648 -78.2 3.51556
    endloop
  endfacet
  facet normal 0.427552 0 0.903991
    outer loop
      vertex 5.57906 -74.44 1.48117
      vertex 5.94057 -78.21 1.31019
      vertex 5.94057 -74.44 1.31019
    endloop
  endfacet
  facet normal 0.427552 0 0.903991
    outer loop
      vertex 5.94057 -78.21 1.31019
      vertex 5.57906 -74.44 1.48117
      vertex 5.57906 -78.21 1.48117
    endloop
  endfacet
  facet normal 0.242983 0 -0.970031
    outer loop
      vertex 6.31709 -78.2 8.97453
      vertex 6.70501 -74.44 9.0717
      vertex 6.70501 -78.2 9.0717
    endloop
  endfacet
  facet normal 0.242983 0 -0.970031
    outer loop
      vertex 6.70501 -74.44 9.0717
      vertex 6.31709 -78.2 8.97453
      vertex 6.31709 -74.44 8.97453
    endloop
  endfacet
  facet normal 0.595702 0 -0.803205
    outer loop
      vertex 4.91485 -78.2 8.22502
      vertex 5.23605 -74.44 8.46324
      vertex 5.23605 -78.2 8.46324
    endloop
  endfacet
  facet normal 0.595702 0 -0.803205
    outer loop
      vertex 5.23605 -74.44 8.46324
      vertex 4.91485 -78.2 8.22502
      vertex 4.91485 -74.44 8.22502
    endloop
  endfacet
  facet normal -0.998798 0 0.0490122
    outer loop
      vertex 11.5554 -78.2 4.67558
      vertex 11.575 -74.44 5.075
      vertex 11.5554 -74.44 4.67558
    endloop
  endfacet
  facet normal -0.998798 0 0.0490122
    outer loop
      vertex 11.575 -74.44 5.075
      vertex 11.5554 -78.2 4.67558
      vertex 11.575 -78.2 5.075
    endloop
  endfacet
  facet normal 0.941545 0 -0.336888
    outer loop
      vertex 3.73519 -78.2 6.63443
      vertex 3.60047 -74.44 6.25791
      vertex 3.73519 -74.44 6.63443
    endloop
  endfacet
  facet normal 0.941545 0 -0.336888
    outer loop
      vertex 3.60047 -74.44 6.25791
      vertex 3.73519 -78.2 6.63443
      vertex 3.60047 -78.2 6.25791
    endloop
  endfacet
  facet normal 0.146737 0 0.989176
    outer loop
      vertex 6.70501 -74.44 1.0783
      vertex 7.10058 -78.21 1.01962
      vertex 7.10058 -74.44 1.01962
    endloop
  endfacet
  facet normal 0.146737 0 0.989176
    outer loop
      vertex 7.10058 -78.21 1.01962
      vertex 6.70501 -74.44 1.0783
      vertex 6.70501 -78.21 1.0783
    endloop
  endfacet
  facet normal -0.427562 0 0.903986
    outer loop
      vertex 9.05944 -74.44 1.31019
      vertex 9.42094 -78.21 1.48117
      vertex 9.42094 -74.44 1.48117
    endloop
  endfacet
  facet normal -0.427562 0 0.903986
    outer loop
      vertex 9.42094 -78.21 1.48117
      vertex 9.05944 -74.44 1.31019
      vertex 9.05944 -78.21 1.31019
    endloop
  endfacet
  facet normal 0.514099 0 -0.857731
    outer loop
      vertex 5.23605 -78.2 8.46324
      vertex 5.57906 -74.44 8.66883
      vertex 5.57906 -78.2 8.66883
    endloop
  endfacet
  facet normal 0.514099 0 -0.857731
    outer loop
      vertex 5.57906 -74.44 8.66883
      vertex 5.23605 -78.2 8.46324
      vertex 5.23605 -74.44 8.46324
    endloop
  endfacet
  facet normal -0.85772 -9.91781e-06 0.514117
    outer loop
      vertex 10.8882 -74.44 2.81105
      vertex 11.0015 -78.2 3
      vertex 11.0938 -74.44 3.15406
    endloop
  endfacet
  facet normal -0.857633 0 0.514262
    outer loop
      vertex 10.8882 -78.21 2.81105
      vertex 11.0015 -78.2 3
      vertex 10.8882 -74.44 2.81105
    endloop
  endfacet
  facet normal -0.857633 0 0.514262
    outer loop
      vertex 11.0015 -78.2 3
      vertex 10.8882 -78.21 2.81105
      vertex 11.0015 -78.21 3
    endloop
  endfacet
  facet normal -0.857827 0 0.513939
    outer loop
      vertex 11.0938 -74.44 3.15406
      vertex 11.0015 -78.2 3
      vertex 11.0938 -78.2 3.15406
    endloop
  endfacet
  facet normal 0.989176 -0 0.146737
    outer loop
      vertex 3.44462 -78.2 4.67558
      vertex 3.5033 -74.44 4.28001
      vertex 3.44462 -74.44 4.67558
    endloop
  endfacet
  facet normal 0.989176 0 0.146737
    outer loop
      vertex 3.5033 -74.44 4.28001
      vertex 3.44462 -78.2 4.67558
      vertex 3.5033 -78.2 4.28001
    endloop
  endfacet
  facet normal 0.514099 0 0.857731
    outer loop
      vertex 5.23605 -74.44 1.68676
      vertex 5.57906 -78.21 1.48117
      vertex 5.57906 -74.44 1.48117
    endloop
  endfacet
  facet normal 0.514099 0 0.857731
    outer loop
      vertex 5.57906 -78.21 1.48117
      vertex 5.23605 -74.44 1.68676
      vertex 5.23605 -78.21 1.68676
    endloop
  endfacet
  facet normal 0.803205 -0 0.595702
    outer loop
      vertex 4.11176 -78.21 2.81105
      vertex 4.34998 -74.44 2.48985
      vertex 4.11176 -74.44 2.81105
    endloop
  endfacet
  facet normal 0.803205 0 0.595702
    outer loop
      vertex 4.34998 -74.44 2.48985
      vertex 4.11176 -78.21 2.81105
      vertex 4.34998 -78.21 2.48985
    endloop
  endfacet
  facet normal -0.514099 0 0.857731
    outer loop
      vertex 9.42094 -74.44 1.48117
      vertex 9.76395 -78.21 1.68676
      vertex 9.76395 -74.44 1.68676
    endloop
  endfacet
  facet normal -0.514099 0 0.857731
    outer loop
      vertex 9.76395 -78.21 1.68676
      vertex 9.42094 -74.44 1.48117
      vertex 9.42094 -78.21 1.48117
    endloop
  endfacet
  facet normal 0 1 0
    outer loop
      vertex 10.65 -78.21 2.48985
      vertex 11.0015 -78.21 3
      vertex 10.8882 -78.21 2.81105
    endloop
  endfacet
  facet normal 0 1 0
    outer loop
      vertex 11.0015 -78.21 3
      vertex 10.65 -78.21 2.48985
      vertex 3.99851 -78.21 3
    endloop
  endfacet
  facet normal 0 1 -0
    outer loop
      vertex 4.34998 -78.21 2.48985
      vertex 3.99851 -78.21 3
      vertex 10.65 -78.21 2.48985
    endloop
  endfacet
  facet normal 0 1 0
    outer loop
      vertex 3.99851 -78.21 3
      vertex 4.34998 -78.21 2.48985
      vertex 4.11176 -78.21 2.81105
    endloop
  endfacet
  facet normal 0 1 -0
    outer loop
      vertex 10.3815 -78.21 2.19354
      vertex 4.34998 -78.21 2.48985
      vertex 10.65 -78.21 2.48985
    endloop
  endfacet
  facet normal 0 1 0
    outer loop
      vertex 10.3815 -78.21 2.19354
      vertex 4.61854 -78.21 2.19354
      vertex 4.34998 -78.21 2.48985
    endloop
  endfacet
  facet normal 0 1 -0
    outer loop
      vertex 10.0852 -78.21 1.92498
      vertex 4.61854 -78.21 2.19354
      vertex 10.3815 -78.21 2.19354
    endloop
  endfacet
  facet normal 0 1 0
    outer loop
      vertex 10.0852 -78.21 1.92498
      vertex 4.91485 -78.21 1.92498
      vertex 4.61854 -78.21 2.19354
    endloop
  endfacet
  facet normal 0 1 -0
    outer loop
      vertex 9.76395 -78.21 1.68676
      vertex 4.91485 -78.21 1.92498
      vertex 10.0852 -78.21 1.92498
    endloop
  endfacet
  facet normal 0 1 0
    outer loop
      vertex 9.76395 -78.21 1.68676
      vertex 5.23605 -78.21 1.68676
      vertex 4.91485 -78.21 1.92498
    endloop
  endfacet
  facet normal 0 1 -0
    outer loop
      vertex 9.42094 -78.21 1.48117
      vertex 5.23605 -78.21 1.68676
      vertex 9.76395 -78.21 1.68676
    endloop
  endfacet
  facet normal 0 1 0
    outer loop
      vertex 9.42094 -78.21 1.48117
      vertex 5.57906 -78.21 1.48117
      vertex 5.23605 -78.21 1.68676
    endloop
  endfacet
  facet normal 0 1 -0
    outer loop
      vertex 9.05944 -78.21 1.31019
      vertex 5.57906 -78.21 1.48117
      vertex 9.42094 -78.21 1.48117
    endloop
  endfacet
  facet normal 0 1 0
    outer loop
      vertex 9.05944 -78.21 1.31019
      vertex 5.94057 -78.21 1.31019
      vertex 5.57906 -78.21 1.48117
    endloop
  endfacet
  facet normal 0 1 -0
    outer loop
      vertex 8.68291 -78.21 1.17547
      vertex 5.94057 -78.21 1.31019
      vertex 9.05944 -78.21 1.31019
    endloop
  endfacet
  facet normal 0 1 0
    outer loop
      vertex 8.68291 -78.21 1.17547
      vertex 6.31709 -78.21 1.17547
      vertex 5.94057 -78.21 1.31019
    endloop
  endfacet
  facet normal 0 1 -0
    outer loop
      vertex 8.29499 -78.21 1.0783
      vertex 6.31709 -78.21 1.17547
      vertex 8.68291 -78.21 1.17547
    endloop
  endfacet
  facet normal 0 1 0
    outer loop
      vertex 8.29499 -78.21 1.0783
      vertex 6.70501 -78.21 1.0783
      vertex 6.31709 -78.21 1.17547
    endloop
  endfacet
  facet normal 0 1 -0
    outer loop
      vertex 7.89942 -78.21 1.01962
      vertex 6.70501 -78.21 1.0783
      vertex 8.29499 -78.21 1.0783
    endloop
  endfacet
  facet normal 0 1 0
    outer loop
      vertex 7.89942 -78.21 1.01962
      vertex 7.10058 -78.21 1.01962
      vertex 6.70501 -78.21 1.0783
    endloop
  endfacet
  facet normal -0 1 0
    outer loop
      vertex 7.10058 -78.21 1.01962
      vertex 7.89942 -78.21 1.01962
      vertex 7.5 -78.21 1
    endloop
  endfacet
  facet normal -0.146726 0 -0.989177
    outer loop
      vertex -46.6006 -78.2 9.13038
      vertex -46.205 -74.44 9.0717
      vertex -46.205 -78.2 9.0717
    endloop
  endfacet
  facet normal -0.146726 0 -0.989177
    outer loop
      vertex -46.205 -74.44 9.0717
      vertex -46.6006 -78.2 9.13038
      vertex -46.6006 -74.44 9.13038
    endloop
  endfacet
  facet normal -0.0490645 0 -0.998796
    outer loop
      vertex -47 -78.2 9.15
      vertex -46.6006 -74.44 9.13038
      vertex -46.6006 -78.2 9.13038
    endloop
  endfacet
  facet normal -0.0490645 0 -0.998796
    outer loop
      vertex -46.6006 -74.44 9.13038
      vertex -47 -78.2 9.15
      vertex -47 -74.44 9.15
    endloop
  endfacet
  facet normal -0.242995 0 -0.970028
    outer loop
      vertex -46.205 -78.2 9.0717
      vertex -45.8171 -74.44 8.97453
      vertex -45.8171 -78.2 8.97453
    endloop
  endfacet
  facet normal -0.242995 0 -0.970028
    outer loop
      vertex -45.8171 -74.44 8.97453
      vertex -46.205 -78.2 9.0717
      vertex -46.205 -74.44 9.0717
    endloop
  endfacet
  facet normal -0.989168 0 0.146786
    outer loop
      vertex -43.0033 -78.2 4.28001
      vertex -42.9446 -74.44 4.67558
      vertex -43.0033 -74.44 4.28001
    endloop
  endfacet
  facet normal -0.989168 0 0.146786
    outer loop
      vertex -42.9446 -74.44 4.67558
      vertex -43.0033 -78.2 4.28001
      vertex -42.9446 -78.2 4.67558
    endloop
  endfacet
  facet normal -0.595702 0 -0.803205
    outer loop
      vertex -44.736 -78.2 8.46324
      vertex -44.4148 -74.44 8.22502
      vertex -44.4148 -78.2 8.22502
    endloop
  endfacet
  facet normal -0.595702 0 -0.803205
    outer loop
      vertex -44.4148 -74.44 8.22502
      vertex -44.736 -78.2 8.46324
      vertex -44.736 -74.44 8.46324
    endloop
  endfacet
  facet normal 0.85772 0 -0.514117
    outer loop
      vertex -50.3882 -78.2 7.33895
      vertex -50.5938 -74.44 6.99594
      vertex -50.3882 -74.44 7.33895
    endloop
  endfacet
  facet normal 0.85772 0 -0.514117
    outer loop
      vertex -50.5938 -74.44 6.99594
      vertex -50.3882 -78.2 7.33895
      vertex -50.5938 -78.2 6.99594
    endloop
  endfacet
  facet normal -0.803229 0 -0.59567
    outer loop
      vertex -43.6118 -78.2 7.33895
      vertex -43.85 -74.44 7.66015
      vertex -43.6118 -74.44 7.33895
    endloop
  endfacet
  facet normal -0.803229 -0 -0.59567
    outer loop
      vertex -43.85 -74.44 7.66015
      vertex -43.6118 -78.2 7.33895
      vertex -43.85 -78.2 7.66015
    endloop
  endfacet
  facet normal 0.0490645 0 -0.998796
    outer loop
      vertex -47.3994 -78.2 9.13038
      vertex -47 -74.44 9.15
      vertex -47 -78.2 9.15
    endloop
  endfacet
  facet normal 0.0490645 0 -0.998796
    outer loop
      vertex -47 -74.44 9.15
      vertex -47.3994 -78.2 9.13038
      vertex -47.3994 -74.44 9.13038
    endloop
  endfacet
  facet normal 0 1 0
    outer loop
      vertex -43.85 -78.21 2.48985
      vertex -43.4985 -78.21 3
      vertex -43.6118 -78.21 2.81105
    endloop
  endfacet
  facet normal 0 1 0
    outer loop
      vertex -43.4985 -78.21 3
      vertex -43.85 -78.21 2.48985
      vertex -50.5015 -78.21 3
    endloop
  endfacet
  facet normal 0 1 -0
    outer loop
      vertex -50.15 -78.21 2.48985
      vertex -50.5015 -78.21 3
      vertex -43.85 -78.21 2.48985
    endloop
  endfacet
  facet normal 0 1 0
    outer loop
      vertex -50.5015 -78.21 3
      vertex -50.15 -78.21 2.48985
      vertex -50.3882 -78.21 2.81105
    endloop
  endfacet
  facet normal 0 1 -0
    outer loop
      vertex -44.1185 -78.21 2.19354
      vertex -50.15 -78.21 2.48985
      vertex -43.85 -78.21 2.48985
    endloop
  endfacet
  facet normal 0 1 0
    outer loop
      vertex -44.1185 -78.21 2.19354
      vertex -49.8815 -78.21 2.19354
      vertex -50.15 -78.21 2.48985
    endloop
  endfacet
  facet normal 0 1 -0
    outer loop
      vertex -44.4148 -78.21 1.92498
      vertex -49.8815 -78.21 2.19354
      vertex -44.1185 -78.21 2.19354
    endloop
  endfacet
  facet normal 0 1 0
    outer loop
      vertex -44.4148 -78.21 1.92498
      vertex -49.5852 -78.21 1.92498
      vertex -49.8815 -78.21 2.19354
    endloop
  endfacet
  facet normal 0 1 -0
    outer loop
      vertex -44.736 -78.21 1.68676
      vertex -49.5852 -78.21 1.92498
      vertex -44.4148 -78.21 1.92498
    endloop
  endfacet
  facet normal 0 1 0
    outer loop
      vertex -44.736 -78.21 1.68676
      vertex -49.2639 -78.21 1.68676
      vertex -49.5852 -78.21 1.92498
    endloop
  endfacet
  facet normal 0 1 -0
    outer loop
      vertex -45.0791 -78.21 1.48117
      vertex -49.2639 -78.21 1.68676
      vertex -44.736 -78.21 1.68676
    endloop
  endfacet
  facet normal 0 1 0
    outer loop
      vertex -45.0791 -78.21 1.48117
      vertex -48.9209 -78.21 1.48117
      vertex -49.2639 -78.21 1.68676
    endloop
  endfacet
  facet normal 0 1 -0
    outer loop
      vertex -45.4406 -78.21 1.31019
      vertex -48.9209 -78.21 1.48117
      vertex -45.0791 -78.21 1.48117
    endloop
  endfacet
  facet normal 0 1 0
    outer loop
      vertex -45.4406 -78.21 1.31019
      vertex -48.5594 -78.21 1.31019
      vertex -48.9209 -78.21 1.48117
    endloop
  endfacet
  facet normal 0 1 -0
    outer loop
      vertex -45.8171 -78.21 1.17547
      vertex -48.5594 -78.21 1.31019
      vertex -45.4406 -78.21 1.31019
    endloop
  endfacet
  facet normal 0 1 0
    outer loop
      vertex -45.8171 -78.21 1.17547
      vertex -48.1829 -78.21 1.17547
      vertex -48.5594 -78.21 1.31019
    endloop
  endfacet
  facet normal 0 1 -0
    outer loop
      vertex -46.205 -78.21 1.0783
      vertex -48.1829 -78.21 1.17547
      vertex -45.8171 -78.21 1.17547
    endloop
  endfacet
  facet normal 0 1 0
    outer loop
      vertex -46.205 -78.21 1.0783
      vertex -47.795 -78.21 1.0783
      vertex -48.1829 -78.21 1.17547
    endloop
  endfacet
  facet normal 0 1 -0
    outer loop
      vertex -46.6006 -78.21 1.01962
      vertex -47.795 -78.21 1.0783
      vertex -46.205 -78.21 1.0783
    endloop
  endfacet
  facet normal 0 1 0
    outer loop
      vertex -46.6006 -78.21 1.01962
      vertex -47.3994 -78.21 1.01962
      vertex -47.795 -78.21 1.0783
    endloop
  endfacet
  facet normal -0 1 0
    outer loop
      vertex -47.3994 -78.21 1.01962
      vertex -46.6006 -78.21 1.01962
      vertex -47 -78.21 1
    endloop
  endfacet
  facet normal -0.970013 0 0.243053
    outer loop
      vertex -43.1005 -78.2 3.89209
      vertex -43.0033 -74.44 4.28001
      vertex -43.1005 -74.44 3.89209
    endloop
  endfacet
  facet normal -0.970013 0 0.243053
    outer loop
      vertex -43.0033 -74.44 4.28001
      vertex -43.1005 -78.2 3.89209
      vertex -43.0033 -78.2 4.28001
    endloop
  endfacet
  facet normal -0.903971 0 -0.427593
    outer loop
      vertex -43.2352 -78.2 6.63443
      vertex -43.4062 -74.44 6.99594
      vertex -43.2352 -74.44 6.63443
    endloop
  endfacet
  facet normal -0.903971 -0 -0.427593
    outer loop
      vertex -43.4062 -74.44 6.99594
      vertex -43.2352 -78.2 6.63443
      vertex -43.4062 -78.2 6.99594
    endloop
  endfacet
  facet normal 0.741025 0 -0.671477
    outer loop
      vertex -49.8815 -78.2 7.95646
      vertex -50.15 -74.44 7.66015
      vertex -49.8815 -74.44 7.95646
    endloop
  endfacet
  facet normal 0.741025 0 -0.671477
    outer loop
      vertex -50.15 -74.44 7.66015
      vertex -49.8815 -78.2 7.95646
      vertex -50.15 -78.2 7.66015
    endloop
  endfacet
  facet normal 0.146726 0 0.989177
    outer loop
      vertex -47.795 -74.44 1.0783
      vertex -47.3994 -78.21 1.01962
      vertex -47.3994 -74.44 1.01962
    endloop
  endfacet
  facet normal 0.146726 0 0.989177
    outer loop
      vertex -47.3994 -78.21 1.01962
      vertex -47.795 -74.44 1.0783
      vertex -47.795 -78.21 1.0783
    endloop
  endfacet
  facet normal -0.903967 0 0.427603
    outer loop
      vertex -43.4062 -78.2 3.15406
      vertex -43.2352 -74.44 3.51556
      vertex -43.4062 -74.44 3.15406
    endloop
  endfacet
  facet normal -0.903967 0 0.427603
    outer loop
      vertex -43.2352 -74.44 3.51556
      vertex -43.4062 -78.2 3.15406
      vertex -43.2352 -78.2 3.51556
    endloop
  endfacet
  facet normal 0.803229 -0 0.59567
    outer loop
      vertex -50.3882 -78.21 2.81105
      vertex -50.15 -74.44 2.48985
      vertex -50.3882 -74.44 2.81105
    endloop
  endfacet
  facet normal 0.803229 0 0.59567
    outer loop
      vertex -50.15 -74.44 2.48985
      vertex -50.3882 -78.21 2.81105
      vertex -50.15 -78.21 2.48985
    endloop
  endfacet
  facet normal 0.941561 0 -0.336843
    outer loop
      vertex -50.7648 -78.2 6.63443
      vertex -50.8995 -74.44 6.25791
      vertex -50.7648 -74.44 6.63443
    endloop
  endfacet
  facet normal 0.941561 0 -0.336843
    outer loop
      vertex -50.8995 -74.44 6.25791
      vertex -50.7648 -78.2 6.63443
      vertex -50.8995 -78.2 6.25791
    endloop
  endfacet
  facet normal 0.903971 0 -0.427593
    outer loop
      vertex -50.5938 -78.2 6.99594
      vertex -50.7648 -74.44 6.63443
      vertex -50.5938 -74.44 6.99594
    endloop
  endfacet
  facet normal 0.903971 0 -0.427593
    outer loop
      vertex -50.7648 -74.44 6.63443
      vertex -50.5938 -78.2 6.99594
      vertex -50.7648 -78.2 6.63443
    endloop
  endfacet
  facet normal -0.998798 0 -0.0490122
    outer loop
      vertex -42.925 -78.2 5.075
      vertex -42.9446 -74.44 5.47442
      vertex -42.925 -74.44 5.075
    endloop
  endfacet
  facet normal -0.998798 -0 -0.0490122
    outer loop
      vertex -42.9446 -74.44 5.47442
      vertex -42.925 -78.2 5.075
      vertex -42.9446 -78.2 5.47442
    endloop
  endfacet
  facet normal -0.741025 0 -0.671477
    outer loop
      vertex -43.85 -78.2 7.66015
      vertex -44.1185 -74.44 7.95646
      vertex -43.85 -74.44 7.66015
    endloop
  endfacet
  facet normal -0.741025 -0 -0.671477
    outer loop
      vertex -44.1185 -74.44 7.95646
      vertex -43.85 -78.2 7.66015
      vertex -44.1185 -78.2 7.95646
    endloop
  endfacet
  facet normal -0.803229 0 0.59567
    outer loop
      vertex -43.85 -78.21 2.48985
      vertex -43.6118 -74.44 2.81105
      vertex -43.85 -74.44 2.48985
    endloop
  endfacet
  facet normal -0.803229 0 0.59567
    outer loop
      vertex -43.6118 -74.44 2.81105
      vertex -43.85 -78.21 2.48985
      vertex -43.6118 -78.21 2.81105
    endloop
  endfacet
  facet normal 0.941564 -0 0.336835
    outer loop
      vertex -50.8995 -78.2 3.89209
      vertex -50.7648 -74.44 3.51556
      vertex -50.8995 -74.44 3.89209
    endloop
  endfacet
  facet normal 0.941564 0 0.336835
    outer loop
      vertex -50.7648 -74.44 3.51556
      vertex -50.8995 -78.2 3.89209
      vertex -50.7648 -78.2 3.51556
    endloop
  endfacet
  facet normal -0.85772 -9.91781e-06 0.514117
    outer loop
      vertex -43.6118 -74.44 2.81105
      vertex -43.4985 -78.2 3
      vertex -43.4062 -74.44 3.15406
    endloop
  endfacet
  facet normal -0.857633 0 0.514262
    outer loop
      vertex -43.6118 -78.21 2.81105
      vertex -43.4985 -78.2 3
      vertex -43.6118 -74.44 2.81105
    endloop
  endfacet
  facet normal -0.857633 0 0.514262
    outer loop
      vertex -43.4985 -78.2 3
      vertex -43.6118 -78.21 2.81105
      vertex -43.4985 -78.21 3
    endloop
  endfacet
  facet normal -0.857827 0 0.513939
    outer loop
      vertex -43.4062 -74.44 3.15406
      vertex -43.4985 -78.2 3
      vertex -43.4062 -78.2 3.15406
    endloop
  endfacet
  facet normal -0.941561 0 -0.336843
    outer loop
      vertex -43.1005 -78.2 6.25791
      vertex -43.2352 -74.44 6.63443
      vertex -43.1005 -74.44 6.25791
    endloop
  endfacet
  facet normal -0.941561 -0 -0.336843
    outer loop
      vertex -43.2352 -74.44 6.63443
      vertex -43.1005 -78.2 6.25791
      vertex -43.2352 -78.2 6.63443
    endloop
  endfacet
  facet normal 0.671572 0 0.74094
    outer loop
      vertex -49.8815 -74.44 2.19354
      vertex -49.5852 -78.21 1.92498
      vertex -49.5852 -74.44 1.92498
    endloop
  endfacet
  facet normal 0.671572 0 0.74094
    outer loop
      vertex -49.5852 -78.21 1.92498
      vertex -49.8815 -74.44 2.19354
      vertex -49.8815 -78.21 2.19354
    endloop
  endfacet
  facet normal -0.941564 0 0.336835
    outer loop
      vertex -43.2352 -78.2 3.51556
      vertex -43.1005 -74.44 3.89209
      vertex -43.2352 -74.44 3.51556
    endloop
  endfacet
  facet normal -0.941564 0 0.336835
    outer loop
      vertex -43.1005 -74.44 3.89209
      vertex -43.2352 -78.2 3.51556
      vertex -43.1005 -78.2 3.89209
    endloop
  endfacet
  facet normal 0.427562 0 0.903986
    outer loop
      vertex -48.9209 -74.44 1.48117
      vertex -48.5594 -78.21 1.31019
      vertex -48.5594 -74.44 1.31019
    endloop
  endfacet
  facet normal 0.427562 0 0.903986
    outer loop
      vertex -48.5594 -78.21 1.31019
      vertex -48.9209 -74.44 1.48117
      vertex -48.9209 -78.21 1.48117
    endloop
  endfacet
  facet normal 0.336903 0 0.941539
    outer loop
      vertex -48.5594 -74.44 1.31019
      vertex -48.1829 -78.21 1.17547
      vertex -48.1829 -74.44 1.17547
    endloop
  endfacet
  facet normal 0.336903 0 0.941539
    outer loop
      vertex -48.1829 -78.21 1.17547
      vertex -48.5594 -74.44 1.31019
      vertex -48.5594 -78.21 1.31019
    endloop
  endfacet
  facet normal -0.427562 0 -0.903986
    outer loop
      vertex -45.4406 -78.2 8.83981
      vertex -45.0791 -74.44 8.66883
      vertex -45.0791 -78.2 8.66883
    endloop
  endfacet
  facet normal -0.427562 0 -0.903986
    outer loop
      vertex -45.0791 -74.44 8.66883
      vertex -45.4406 -78.2 8.83981
      vertex -45.4406 -74.44 8.83981
    endloop
  endfacet
  facet normal 0.242995 0 0.970028
    outer loop
      vertex -48.1829 -74.44 1.17547
      vertex -47.795 -78.21 1.0783
      vertex -47.795 -74.44 1.0783
    endloop
  endfacet
  facet normal 0.242995 0 0.970028
    outer loop
      vertex -47.795 -78.21 1.0783
      vertex -48.1829 -74.44 1.17547
      vertex -48.1829 -78.21 1.17547
    endloop
  endfacet
  facet normal 0.741025 -0 0.671477
    outer loop
      vertex -50.15 -78.21 2.48985
      vertex -49.8815 -74.44 2.19354
      vertex -50.15 -74.44 2.48985
    endloop
  endfacet
  facet normal 0.741025 0 0.671477
    outer loop
      vertex -49.8815 -74.44 2.19354
      vertex -50.15 -78.21 2.48985
      vertex -49.8815 -78.21 2.19354
    endloop
  endfacet
  facet normal 0.242995 0 -0.970028
    outer loop
      vertex -48.1829 -78.2 8.97453
      vertex -47.795 -74.44 9.0717
      vertex -47.795 -78.2 9.0717
    endloop
  endfacet
  facet normal 0.242995 0 -0.970028
    outer loop
      vertex -47.795 -74.44 9.0717
      vertex -48.1829 -78.2 8.97453
      vertex -48.1829 -74.44 8.97453
    endloop
  endfacet
  facet normal -0.671572 0 -0.74094
    outer loop
      vertex -44.4148 -78.2 8.22502
      vertex -44.1185 -74.44 7.95646
      vertex -44.1185 -78.2 7.95646
    endloop
  endfacet
  facet normal -0.671572 0 -0.74094
    outer loop
      vertex -44.1185 -74.44 7.95646
      vertex -44.4148 -78.2 8.22502
      vertex -44.4148 -74.44 8.22502
    endloop
  endfacet
  facet normal 0.671572 0 -0.74094
    outer loop
      vertex -49.8815 -78.2 7.95646
      vertex -49.5852 -74.44 8.22502
      vertex -49.5852 -78.2 8.22502
    endloop
  endfacet
  facet normal 0.671572 0 -0.74094
    outer loop
      vertex -49.5852 -74.44 8.22502
      vertex -49.8815 -78.2 7.95646
      vertex -49.8815 -74.44 7.95646
    endloop
  endfacet
  facet normal 0.989168 0 -0.146786
    outer loop
      vertex -50.9967 -78.2 5.86999
      vertex -51.0554 -74.44 5.47442
      vertex -50.9967 -74.44 5.86999
    endloop
  endfacet
  facet normal 0.989168 0 -0.146786
    outer loop
      vertex -51.0554 -74.44 5.47442
      vertex -50.9967 -78.2 5.86999
      vertex -51.0554 -78.2 5.47442
    endloop
  endfacet
  facet normal -0.242995 0 0.970028
    outer loop
      vertex -46.205 -74.44 1.0783
      vertex -45.8171 -78.21 1.17547
      vertex -45.8171 -74.44 1.17547
    endloop
  endfacet
  facet normal -0.242995 0 0.970028
    outer loop
      vertex -45.8171 -78.21 1.17547
      vertex -46.205 -74.44 1.0783
      vertex -46.205 -78.21 1.0783
    endloop
  endfacet
  facet normal -0.85772 0 -0.514117
    outer loop
      vertex -43.4062 -78.2 6.99594
      vertex -43.6118 -74.44 7.33895
      vertex -43.4062 -74.44 6.99594
    endloop
  endfacet
  facet normal -0.85772 -0 -0.514117
    outer loop
      vertex -43.6118 -74.44 7.33895
      vertex -43.4062 -78.2 6.99594
      vertex -43.6118 -78.2 7.33895
    endloop
  endfacet
  facet normal -0.146726 0 0.989177
    outer loop
      vertex -46.6006 -74.44 1.01962
      vertex -46.205 -78.21 1.0783
      vertex -46.205 -74.44 1.0783
    endloop
  endfacet
  facet normal -0.146726 0 0.989177
    outer loop
      vertex -46.205 -78.21 1.0783
      vertex -46.6006 -74.44 1.01962
      vertex -46.6006 -78.21 1.01962
    endloop
  endfacet
  facet normal -0.970013 0 -0.243053
    outer loop
      vertex -43.0033 -78.2 5.86999
      vertex -43.1005 -74.44 6.25791
      vertex -43.0033 -74.44 5.86999
    endloop
  endfacet
  facet normal -0.970013 -0 -0.243053
    outer loop
      vertex -43.1005 -74.44 6.25791
      vertex -43.0033 -78.2 5.86999
      vertex -43.1005 -78.2 6.25791
    endloop
  endfacet
  facet normal -0.336903 0 -0.941539
    outer loop
      vertex -45.8171 -78.2 8.97453
      vertex -45.4406 -74.44 8.83981
      vertex -45.4406 -78.2 8.83981
    endloop
  endfacet
  facet normal -0.336903 0 -0.941539
    outer loop
      vertex -45.4406 -74.44 8.83981
      vertex -45.8171 -78.2 8.97453
      vertex -45.8171 -74.44 8.97453
    endloop
  endfacet
  facet normal -0.336903 0 0.941539
    outer loop
      vertex -45.8171 -74.44 1.17547
      vertex -45.4406 -78.21 1.31019
      vertex -45.4406 -74.44 1.31019
    endloop
  endfacet
  facet normal -0.336903 0 0.941539
    outer loop
      vertex -45.4406 -78.21 1.31019
      vertex -45.8171 -74.44 1.17547
      vertex -45.8171 -78.21 1.17547
    endloop
  endfacet
  facet normal -0.998798 0 0.0490122
    outer loop
      vertex -42.9446 -78.2 4.67558
      vertex -42.925 -74.44 5.075
      vertex -42.9446 -74.44 4.67558
    endloop
  endfacet
  facet normal -0.998798 0 0.0490122
    outer loop
      vertex -42.925 -74.44 5.075
      vertex -42.9446 -78.2 4.67558
      vertex -42.925 -78.2 5.075
    endloop
  endfacet
  facet normal 0.146726 0 -0.989177
    outer loop
      vertex -47.795 -78.2 9.0717
      vertex -47.3994 -74.44 9.13038
      vertex -47.3994 -78.2 9.13038
    endloop
  endfacet
  facet normal 0.146726 0 -0.989177
    outer loop
      vertex -47.3994 -74.44 9.13038
      vertex -47.795 -78.2 9.0717
      vertex -47.795 -74.44 9.0717
    endloop
  endfacet
  facet normal -0.513999 0 -0.857791
    outer loop
      vertex -45.0791 -78.2 8.66883
      vertex -44.736 -74.44 8.46324
      vertex -44.736 -78.2 8.46324
    endloop
  endfacet
  facet normal -0.513999 0 -0.857791
    outer loop
      vertex -44.736 -74.44 8.46324
      vertex -45.0791 -78.2 8.66883
      vertex -45.0791 -74.44 8.66883
    endloop
  endfacet
  facet normal 0.970013 -0 0.243053
    outer loop
      vertex -50.9967 -78.2 4.28001
      vertex -50.8995 -74.44 3.89209
      vertex -50.9967 -74.44 4.28001
    endloop
  endfacet
  facet normal 0.970013 0 0.243053
    outer loop
      vertex -50.8995 -74.44 3.89209
      vertex -50.9967 -78.2 4.28001
      vertex -50.8995 -78.2 3.89209
    endloop
  endfacet
  facet normal 0.595583 0 -0.803294
    outer loop
      vertex -49.5852 -78.2 8.22502
      vertex -49.2639 -74.44 8.46324
      vertex -49.2639 -78.2 8.46324
    endloop
  endfacet
  facet normal 0.595583 0 -0.803294
    outer loop
      vertex -49.2639 -74.44 8.46324
      vertex -49.5852 -78.2 8.22502
      vertex -49.5852 -74.44 8.22502
    endloop
  endfacet
  facet normal -0.741025 0 0.671477
    outer loop
      vertex -44.1185 -78.21 2.19354
      vertex -43.85 -74.44 2.48985
      vertex -44.1185 -74.44 2.19354
    endloop
  endfacet
  facet normal -0.741025 0 0.671477
    outer loop
      vertex -43.85 -74.44 2.48985
      vertex -44.1185 -78.21 2.19354
      vertex -43.85 -78.21 2.48985
    endloop
  endfacet
  facet normal 0.998798 -0 0.0490122
    outer loop
      vertex -51.075 -78.2 5.075
      vertex -51.0554 -74.44 4.67558
      vertex -51.075 -74.44 5.075
    endloop
  endfacet
  facet normal 0.998798 0 0.0490122
    outer loop
      vertex -51.0554 -74.44 4.67558
      vertex -51.075 -78.2 5.075
      vertex -51.0554 -78.2 4.67558
    endloop
  endfacet
  facet normal -0.513999 0 0.857791
    outer loop
      vertex -45.0791 -74.44 1.48117
      vertex -44.736 -78.21 1.68676
      vertex -44.736 -74.44 1.68676
    endloop
  endfacet
  facet normal -0.513999 0 0.857791
    outer loop
      vertex -44.736 -78.21 1.68676
      vertex -45.0791 -74.44 1.48117
      vertex -45.0791 -78.21 1.48117
    endloop
  endfacet
  facet normal 0.970013 0 -0.243053
    outer loop
      vertex -50.8995 -78.2 6.25791
      vertex -50.9967 -74.44 5.86999
      vertex -50.8995 -74.44 6.25791
    endloop
  endfacet
  facet normal 0.970013 0 -0.243053
    outer loop
      vertex -50.9967 -74.44 5.86999
      vertex -50.8995 -78.2 6.25791
      vertex -50.9967 -78.2 5.86999
    endloop
  endfacet
  facet normal 0.595583 0 0.803294
    outer loop
      vertex -49.5852 -74.44 1.92498
      vertex -49.2639 -78.21 1.68676
      vertex -49.2639 -74.44 1.68676
    endloop
  endfacet
  facet normal 0.595583 0 0.803294
    outer loop
      vertex -49.2639 -78.21 1.68676
      vertex -49.5852 -74.44 1.92498
      vertex -49.5852 -78.21 1.92498
    endloop
  endfacet
  facet normal -0.671572 0 0.74094
    outer loop
      vertex -44.4148 -74.44 1.92498
      vertex -44.1185 -78.21 2.19354
      vertex -44.1185 -74.44 2.19354
    endloop
  endfacet
  facet normal -0.671572 0 0.74094
    outer loop
      vertex -44.1185 -78.21 2.19354
      vertex -44.4148 -74.44 1.92498
      vertex -44.4148 -78.21 1.92498
    endloop
  endfacet
  facet normal 0.427562 0 -0.903986
    outer loop
      vertex -48.9209 -78.2 8.66883
      vertex -48.5594 -74.44 8.83981
      vertex -48.5594 -78.2 8.83981
    endloop
  endfacet
  facet normal 0.427562 0 -0.903986
    outer loop
      vertex -48.5594 -74.44 8.83981
      vertex -48.9209 -78.2 8.66883
      vertex -48.9209 -74.44 8.66883
    endloop
  endfacet
  facet normal 0.998798 0 -0.0490122
    outer loop
      vertex -51.0554 -78.2 5.47442
      vertex -51.075 -74.44 5.075
      vertex -51.0554 -74.44 5.47442
    endloop
  endfacet
  facet normal 0.998798 0 -0.0490122
    outer loop
      vertex -51.075 -74.44 5.075
      vertex -51.0554 -78.2 5.47442
      vertex -51.075 -78.2 5.075
    endloop
  endfacet
  facet normal -0.595702 0 0.803205
    outer loop
      vertex -44.736 -74.44 1.68676
      vertex -44.4148 -78.21 1.92498
      vertex -44.4148 -74.44 1.92498
    endloop
  endfacet
  facet normal -0.595702 0 0.803205
    outer loop
      vertex -44.4148 -78.21 1.92498
      vertex -44.736 -74.44 1.68676
      vertex -44.736 -78.21 1.68676
    endloop
  endfacet
  facet normal 0.336903 0 -0.941539
    outer loop
      vertex -48.5594 -78.2 8.83981
      vertex -48.1829 -74.44 8.97453
      vertex -48.1829 -78.2 8.97453
    endloop
  endfacet
  facet normal 0.336903 0 -0.941539
    outer loop
      vertex -48.1829 -74.44 8.97453
      vertex -48.5594 -78.2 8.83981
      vertex -48.5594 -74.44 8.83981
    endloop
  endfacet
  facet normal 0.803229 0 -0.59567
    outer loop
      vertex -50.15 -78.2 7.66015
      vertex -50.3882 -74.44 7.33895
      vertex -50.15 -74.44 7.66015
    endloop
  endfacet
  facet normal 0.803229 0 -0.59567
    outer loop
      vertex -50.3882 -74.44 7.33895
      vertex -50.15 -78.2 7.66015
      vertex -50.3882 -78.2 7.33895
    endloop
  endfacet
  facet normal 0.51411 0 -0.857725
    outer loop
      vertex -49.2639 -78.2 8.46324
      vertex -48.9209 -74.44 8.66883
      vertex -48.9209 -78.2 8.66883
    endloop
  endfacet
  facet normal 0.51411 0 -0.857725
    outer loop
      vertex -48.9209 -74.44 8.66883
      vertex -49.2639 -78.2 8.46324
      vertex -49.2639 -74.44 8.46324
    endloop
  endfacet
  facet normal -0.427562 0 0.903986
    outer loop
      vertex -45.4406 -74.44 1.31019
      vertex -45.0791 -78.21 1.48117
      vertex -45.0791 -74.44 1.48117
    endloop
  endfacet
  facet normal -0.427562 0 0.903986
    outer loop
      vertex -45.0791 -78.21 1.48117
      vertex -45.4406 -74.44 1.31019
      vertex -45.4406 -78.21 1.31019
    endloop
  endfacet
  facet normal 0.989168 -0 0.146786
    outer loop
      vertex -51.0554 -78.2 4.67558
      vertex -50.9967 -74.44 4.28001
      vertex -51.0554 -74.44 4.67558
    endloop
  endfacet
  facet normal 0.989168 0 0.146786
    outer loop
      vertex -50.9967 -74.44 4.28001
      vertex -51.0554 -78.2 4.67558
      vertex -50.9967 -78.2 4.28001
    endloop
  endfacet
  facet normal 0 -1 0
    outer loop
      vertex -47.3994 -74.44 9.13038
      vertex -46.6006 -74.44 9.13038
      vertex -47 -74.44 9.15
    endloop
  endfacet
  facet normal 0 -1 0
    outer loop
      vertex -47.795 -74.44 9.0717
      vertex -46.6006 -74.44 9.13038
      vertex -47.3994 -74.44 9.13038
    endloop
  endfacet
  facet normal 0 -1 0
    outer loop
      vertex -47.795 -74.44 9.0717
      vertex -46.205 -74.44 9.0717
      vertex -46.6006 -74.44 9.13038
    endloop
  endfacet
  facet normal 0 -1 0
    outer loop
      vertex -48.1829 -74.44 8.97453
      vertex -46.205 -74.44 9.0717
      vertex -47.795 -74.44 9.0717
    endloop
  endfacet
  facet normal 0 -1 0
    outer loop
      vertex -48.1829 -74.44 8.97453
      vertex -45.8171 -74.44 8.97453
      vertex -46.205 -74.44 9.0717
    endloop
  endfacet
  facet normal 0 -1 0
    outer loop
      vertex -48.5594 -74.44 8.83981
      vertex -45.8171 -74.44 8.97453
      vertex -48.1829 -74.44 8.97453
    endloop
  endfacet
  facet normal 0 -1 0
    outer loop
      vertex -48.5594 -74.44 8.83981
      vertex -45.4406 -74.44 8.83981
      vertex -45.8171 -74.44 8.97453
    endloop
  endfacet
  facet normal 0 -1 0
    outer loop
      vertex -48.9209 -74.44 8.66883
      vertex -45.4406 -74.44 8.83981
      vertex -48.5594 -74.44 8.83981
    endloop
  endfacet
  facet normal 0 -1 0
    outer loop
      vertex -48.9209 -74.44 8.66883
      vertex -45.0791 -74.44 8.66883
      vertex -45.4406 -74.44 8.83981
    endloop
  endfacet
  facet normal 0 -1 0
    outer loop
      vertex -49.2639 -74.44 8.46324
      vertex -45.0791 -74.44 8.66883
      vertex -48.9209 -74.44 8.66883
    endloop
  endfacet
  facet normal 0 -1 0
    outer loop
      vertex -49.2639 -74.44 8.46324
      vertex -44.736 -74.44 8.46324
      vertex -45.0791 -74.44 8.66883
    endloop
  endfacet
  facet normal 0 -1 0
    outer loop
      vertex -49.5852 -74.44 8.22502
      vertex -44.736 -74.44 8.46324
      vertex -49.2639 -74.44 8.46324
    endloop
  endfacet
  facet normal 0 -1 0
    outer loop
      vertex -49.5852 -74.44 8.22502
      vertex -44.4148 -74.44 8.22502
      vertex -44.736 -74.44 8.46324
    endloop
  endfacet
  facet normal 0 -1 0
    outer loop
      vertex -49.8815 -74.44 7.95646
      vertex -44.4148 -74.44 8.22502
      vertex -49.5852 -74.44 8.22502
    endloop
  endfacet
  facet normal 0 -1 0
    outer loop
      vertex -49.8815 -74.44 7.95646
      vertex -44.1185 -74.44 7.95646
      vertex -44.4148 -74.44 8.22502
    endloop
  endfacet
  facet normal 0 -1 0
    outer loop
      vertex -50.15 -74.44 7.66015
      vertex -44.1185 -74.44 7.95646
      vertex -49.8815 -74.44 7.95646
    endloop
  endfacet
  facet normal 0 -1 0
    outer loop
      vertex -50.15 -74.44 7.66015
      vertex -43.85 -74.44 7.66015
      vertex -44.1185 -74.44 7.95646
    endloop
  endfacet
  facet normal 0 -1 0
    outer loop
      vertex -50.3882 -74.44 7.33895
      vertex -43.85 -74.44 7.66015
      vertex -50.15 -74.44 7.66015
    endloop
  endfacet
  facet normal 0 -1 0
    outer loop
      vertex -50.3882 -74.44 7.33895
      vertex -43.6118 -74.44 7.33895
      vertex -43.85 -74.44 7.66015
    endloop
  endfacet
  facet normal 0 -1 0
    outer loop
      vertex -50.5938 -74.44 6.99594
      vertex -43.6118 -74.44 7.33895
      vertex -50.3882 -74.44 7.33895
    endloop
  endfacet
  facet normal 0 -1 0
    outer loop
      vertex -50.5938 -74.44 6.99594
      vertex -43.4062 -74.44 6.99594
      vertex -43.6118 -74.44 7.33895
    endloop
  endfacet
  facet normal 0 -1 0
    outer loop
      vertex -50.7648 -74.44 6.63443
      vertex -43.4062 -74.44 6.99594
      vertex -50.5938 -74.44 6.99594
    endloop
  endfacet
  facet normal 0 -1 0
    outer loop
      vertex -50.7648 -74.44 6.63443
      vertex -43.2352 -74.44 6.63443
      vertex -43.4062 -74.44 6.99594
    endloop
  endfacet
  facet normal 0 -1 0
    outer loop
      vertex -50.8995 -74.44 6.25791
      vertex -43.2352 -74.44 6.63443
      vertex -50.7648 -74.44 6.63443
    endloop
  endfacet
  facet normal 0 -1 0
    outer loop
      vertex -50.8995 -74.44 6.25791
      vertex -43.1005 -74.44 6.25791
      vertex -43.2352 -74.44 6.63443
    endloop
  endfacet
  facet normal 0 -1 0
    outer loop
      vertex -50.9967 -74.44 5.86999
      vertex -43.1005 -74.44 6.25791
      vertex -50.8995 -74.44 6.25791
    endloop
  endfacet
  facet normal 0 -1 0
    outer loop
      vertex -50.9967 -74.44 5.86999
      vertex -43.0033 -74.44 5.86999
      vertex -43.1005 -74.44 6.25791
    endloop
  endfacet
  facet normal 0 -1 0
    outer loop
      vertex -51.0554 -74.44 5.47442
      vertex -43.0033 -74.44 5.86999
      vertex -50.9967 -74.44 5.86999
    endloop
  endfacet
  facet normal 0 -1 0
    outer loop
      vertex -51.0554 -74.44 5.47442
      vertex -42.9446 -74.44 5.47442
      vertex -43.0033 -74.44 5.86999
    endloop
  endfacet
  facet normal 0 -1 0
    outer loop
      vertex -51.075 -74.44 5.075
      vertex -42.9446 -74.44 5.47442
      vertex -51.0554 -74.44 5.47442
    endloop
  endfacet
  facet normal 0 -1 0
    outer loop
      vertex -51.075 -74.44 5.075
      vertex -42.925 -74.44 5.075
      vertex -42.9446 -74.44 5.47442
    endloop
  endfacet
  facet normal 0 -1 0
    outer loop
      vertex -51.0554 -74.44 4.67558
      vertex -42.925 -74.44 5.075
      vertex -51.075 -74.44 5.075
    endloop
  endfacet
  facet normal 0 -1 0
    outer loop
      vertex -51.0554 -74.44 4.67558
      vertex -42.9446 -74.44 4.67558
      vertex -42.925 -74.44 5.075
    endloop
  endfacet
  facet normal 0 -1 0
    outer loop
      vertex -50.9967 -74.44 4.28001
      vertex -42.9446 -74.44 4.67558
      vertex -51.0554 -74.44 4.67558
    endloop
  endfacet
  facet normal 0 -1 0
    outer loop
      vertex -50.9967 -74.44 4.28001
      vertex -43.0033 -74.44 4.28001
      vertex -42.9446 -74.44 4.67558
    endloop
  endfacet
  facet normal 0 -1 0
    outer loop
      vertex -50.8995 -74.44 3.89209
      vertex -43.0033 -74.44 4.28001
      vertex -50.9967 -74.44 4.28001
    endloop
  endfacet
  facet normal 0 -1 0
    outer loop
      vertex -50.8995 -74.44 3.89209
      vertex -43.1005 -74.44 3.89209
      vertex -43.0033 -74.44 4.28001
    endloop
  endfacet
  facet normal 0 -1 0
    outer loop
      vertex -50.7648 -74.44 3.51556
      vertex -43.1005 -74.44 3.89209
      vertex -50.8995 -74.44 3.89209
    endloop
  endfacet
  facet normal 0 -1 0
    outer loop
      vertex -50.7648 -74.44 3.51556
      vertex -43.2352 -74.44 3.51556
      vertex -43.1005 -74.44 3.89209
    endloop
  endfacet
  facet normal 0 -1 0
    outer loop
      vertex -50.5938 -74.44 3.15406
      vertex -43.2352 -74.44 3.51556
      vertex -50.7648 -74.44 3.51556
    endloop
  endfacet
  facet normal 0 -1 0
    outer loop
      vertex -50.5938 -74.44 3.15406
      vertex -43.4062 -74.44 3.15406
      vertex -43.2352 -74.44 3.51556
    endloop
  endfacet
  facet normal 0 -1 0
    outer loop
      vertex -50.3882 -74.44 2.81105
      vertex -43.4062 -74.44 3.15406
      vertex -50.5938 -74.44 3.15406
    endloop
  endfacet
  facet normal 0 -1 0
    outer loop
      vertex -50.3882 -74.44 2.81105
      vertex -43.6118 -74.44 2.81105
      vertex -43.4062 -74.44 3.15406
    endloop
  endfacet
  facet normal 0 -1 0
    outer loop
      vertex -50.15 -74.44 2.48985
      vertex -43.6118 -74.44 2.81105
      vertex -50.3882 -74.44 2.81105
    endloop
  endfacet
  facet normal 0 -1 0
    outer loop
      vertex -50.15 -74.44 2.48985
      vertex -43.85 -74.44 2.48985
      vertex -43.6118 -74.44 2.81105
    endloop
  endfacet
  facet normal 0 -1 0
    outer loop
      vertex -49.8815 -74.44 2.19354
      vertex -43.85 -74.44 2.48985
      vertex -50.15 -74.44 2.48985
    endloop
  endfacet
  facet normal 0 -1 0
    outer loop
      vertex -49.8815 -74.44 2.19354
      vertex -44.1185 -74.44 2.19354
      vertex -43.85 -74.44 2.48985
    endloop
  endfacet
  facet normal 0 -1 0
    outer loop
      vertex -49.5852 -74.44 1.92498
      vertex -44.1185 -74.44 2.19354
      vertex -49.8815 -74.44 2.19354
    endloop
  endfacet
  facet normal 0 -1 0
    outer loop
      vertex -49.5852 -74.44 1.92498
      vertex -44.4148 -74.44 1.92498
      vertex -44.1185 -74.44 2.19354
    endloop
  endfacet
  facet normal 0 -1 0
    outer loop
      vertex -49.2639 -74.44 1.68676
      vertex -44.4148 -74.44 1.92498
      vertex -49.5852 -74.44 1.92498
    endloop
  endfacet
  facet normal 0 -1 0
    outer loop
      vertex -49.2639 -74.44 1.68676
      vertex -44.736 -74.44 1.68676
      vertex -44.4148 -74.44 1.92498
    endloop
  endfacet
  facet normal 0 -1 0
    outer loop
      vertex -48.9209 -74.44 1.48117
      vertex -44.736 -74.44 1.68676
      vertex -49.2639 -74.44 1.68676
    endloop
  endfacet
  facet normal 0 -1 0
    outer loop
      vertex -48.9209 -74.44 1.48117
      vertex -45.0791 -74.44 1.48117
      vertex -44.736 -74.44 1.68676
    endloop
  endfacet
  facet normal 0 -1 0
    outer loop
      vertex -48.5594 -74.44 1.31019
      vertex -45.0791 -74.44 1.48117
      vertex -48.9209 -74.44 1.48117
    endloop
  endfacet
  facet normal 0 -1 0
    outer loop
      vertex -48.5594 -74.44 1.31019
      vertex -45.4406 -74.44 1.31019
      vertex -45.0791 -74.44 1.48117
    endloop
  endfacet
  facet normal 0 -1 0
    outer loop
      vertex -48.1829 -74.44 1.17547
      vertex -45.4406 -74.44 1.31019
      vertex -48.5594 -74.44 1.31019
    endloop
  endfacet
  facet normal 0 -1 0
    outer loop
      vertex -48.1829 -74.44 1.17547
      vertex -45.8171 -74.44 1.17547
      vertex -45.4406 -74.44 1.31019
    endloop
  endfacet
  facet normal 0 -1 0
    outer loop
      vertex -47.795 -74.44 1.0783
      vertex -45.8171 -74.44 1.17547
      vertex -48.1829 -74.44 1.17547
    endloop
  endfacet
  facet normal 0 -1 0
    outer loop
      vertex -47.795 -74.44 1.0783
      vertex -46.205 -74.44 1.0783
      vertex -45.8171 -74.44 1.17547
    endloop
  endfacet
  facet normal 0 -1 0
    outer loop
      vertex -47.3994 -74.44 1.01962
      vertex -46.205 -74.44 1.0783
      vertex -47.795 -74.44 1.0783
    endloop
  endfacet
  facet normal 0 -1 0
    outer loop
      vertex -47.3994 -74.44 1.01962
      vertex -46.6006 -74.44 1.01962
      vertex -46.205 -74.44 1.0783
    endloop
  endfacet
  facet normal -0 -1 0
    outer loop
      vertex -46.6006 -74.44 1.01962
      vertex -47.3994 -74.44 1.01962
      vertex -47 -74.44 1
    endloop
  endfacet
  facet normal -0.989168 0 -0.146786
    outer loop
      vertex -42.9446 -78.2 5.47442
      vertex -43.0033 -74.44 5.86999
      vertex -42.9446 -74.44 5.47442
    endloop
  endfacet
  facet normal -0.989168 -0 -0.146786
    outer loop
      vertex -43.0033 -74.44 5.86999
      vertex -42.9446 -78.2 5.47442
      vertex -43.0033 -78.2 5.86999
    endloop
  endfacet
  facet normal -0.0490645 0 0.998796
    outer loop
      vertex -47 -74.44 1
      vertex -46.6006 -78.21 1.01962
      vertex -46.6006 -74.44 1.01962
    endloop
  endfacet
  facet normal -0.0490645 0 0.998796
    outer loop
      vertex -46.6006 -78.21 1.01962
      vertex -47 -74.44 1
      vertex -47 -78.21 1
    endloop
  endfacet
  facet normal 0.0490645 0 0.998796
    outer loop
      vertex -47.3994 -74.44 1.01962
      vertex -47 -78.21 1
      vertex -47 -74.44 1
    endloop
  endfacet
  facet normal 0.0490645 0 0.998796
    outer loop
      vertex -47 -78.21 1
      vertex -47.3994 -74.44 1.01962
      vertex -47.3994 -78.21 1.01962
    endloop
  endfacet
  facet normal 0.51411 0 0.857725
    outer loop
      vertex -49.2639 -74.44 1.68676
      vertex -48.9209 -78.21 1.48117
      vertex -48.9209 -74.44 1.48117
    endloop
  endfacet
  facet normal 0.51411 0 0.857725
    outer loop
      vertex -48.9209 -78.21 1.48117
      vertex -49.2639 -74.44 1.68676
      vertex -49.2639 -78.21 1.68676
    endloop
  endfacet
  facet normal 0.903967 -0 0.427603
    outer loop
      vertex -50.7648 -78.2 3.51556
      vertex -50.5938 -74.44 3.15406
      vertex -50.7648 -74.44 3.51556
    endloop
  endfacet
  facet normal 0.903967 0 0.427603
    outer loop
      vertex -50.5938 -74.44 3.15406
      vertex -50.7648 -78.2 3.51556
      vertex -50.5938 -78.2 3.15406
    endloop
  endfacet
  facet normal 0.857827 0 0.513939
    outer loop
      vertex -50.5015 -78.2 3
      vertex -50.5938 -74.44 3.15406
      vertex -50.5938 -78.2 3.15406
    endloop
  endfacet
  facet normal 0.85772 -9.91781e-06 0.514117
    outer loop
      vertex -50.5938 -74.44 3.15406
      vertex -50.5015 -78.2 3
      vertex -50.3882 -74.44 2.81105
    endloop
  endfacet
  facet normal 0.857633 0 0.514262
    outer loop
      vertex -50.3882 -78.21 2.81105
      vertex -50.5015 -78.2 3
      vertex -50.5015 -78.21 3
    endloop
  endfacet
  facet normal 0.857633 0 0.514262
    outer loop
      vertex -50.5015 -78.2 3
      vertex -50.3882 -78.21 2.81105
      vertex -50.3882 -74.44 2.81105
    endloop
  endfacet
  facet normal 0.970008 -0 0.243074
    outer loop
      vertex 61.9894 -78.2 7.10006
      vertex 62.0383 -73.19 6.90492
      vertex 61.9894 -73.19 7.10006
    endloop
  endfacet
  facet normal 0.970008 0 0.243074
    outer loop
      vertex 62.0383 -73.19 6.90492
      vertex 61.9894 -78.2 7.10006
      vertex 62.0383 -78.2 6.90492
    endloop
  endfacet
  facet normal -0.146736 0 -0.989176
    outer loop
      vertex 64.2009 -78.2 9.54013
      vertex 64.3999 -73.19 9.51061
      vertex 64.3999 -78.2 9.51061
    endloop
  endfacet
  facet normal -0.146736 0 -0.989176
    outer loop
      vertex 64.3999 -73.19 9.51061
      vertex 64.2009 -78.2 9.54013
      vertex 64.2009 -73.19 9.54013
    endloop
  endfacet
  facet normal -0.0490697 0 -0.998795
    outer loop
      vertex 64 -78.2 9.55
      vertex 64.2009 -73.19 9.54013
      vertex 64.2009 -78.2 9.54013
    endloop
  endfacet
  facet normal -0.0490697 0 -0.998795
    outer loop
      vertex 64.2009 -73.19 9.54013
      vertex 64 -78.2 9.55
      vertex 64 -73.19 9.55
    endloop
  endfacet
  facet normal -0.24291 0 -0.970049
    outer loop
      vertex 64.3999 -78.2 9.51061
      vertex 64.5951 -73.19 9.46173
      vertex 64.5951 -78.2 9.46173
    endloop
  endfacet
  facet normal -0.24291 0 -0.970049
    outer loop
      vertex 64.5951 -73.19 9.46173
      vertex 64.3999 -78.2 9.51061
      vertex 64.3999 -73.19 9.51061
    endloop
  endfacet
  facet normal -0.51424 0 -0.857646
    outer loop
      vertex 64.9664 -78.2 9.30794
      vertex 65.1389 -73.19 9.20451
      vertex 65.1389 -78.2 9.20451
    endloop
  endfacet
  facet normal -0.51424 0 -0.857646
    outer loop
      vertex 65.1389 -73.19 9.20451
      vertex 64.9664 -78.2 9.30794
      vertex 64.9664 -73.19 9.30794
    endloop
  endfacet
  facet normal 0.24291 0 0.970049
    outer loop
      vertex 63.4049 -73.19 5.53827
      vertex 63.6001 -78.2 5.48939
      vertex 63.6001 -73.19 5.48939
    endloop
  endfacet
  facet normal 0.24291 0 0.970049
    outer loop
      vertex 63.6001 -78.2 5.48939
      vertex 63.4049 -73.19 5.53827
      vertex 63.4049 -78.2 5.53827
    endloop
  endfacet
  facet normal 0.146736 0 -0.989176
    outer loop
      vertex 63.6001 -78.2 9.51061
      vertex 63.7991 -73.19 9.54013
      vertex 63.7991 -78.2 9.54013
    endloop
  endfacet
  facet normal 0.146736 0 -0.989176
    outer loop
      vertex 63.7991 -73.19 9.54013
      vertex 63.6001 -78.2 9.51061
      vertex 63.6001 -73.19 9.51061
    endloop
  endfacet
  facet normal -0.740951 0 -0.671559
    outer loop
      vertex 65.5847 -78.2 8.80051
      vertex 65.4496 -73.19 8.94957
      vertex 65.5847 -73.19 8.80051
    endloop
  endfacet
  facet normal -0.740951 -0 -0.671559
    outer loop
      vertex 65.4496 -73.19 8.94957
      vertex 65.5847 -78.2 8.80051
      vertex 65.4496 -78.2 8.94957
    endloop
  endfacet
  facet normal 0.0490697 0 -0.998795
    outer loop
      vertex 63.7991 -78.2 9.54013
      vertex 64 -73.19 9.55
      vertex 64 -78.2 9.55
    endloop
  endfacet
  facet normal 0.0490697 0 -0.998795
    outer loop
      vertex 64 -73.19 9.55
      vertex 63.7991 -78.2 9.54013
      vertex 63.7991 -73.19 9.54013
    endloop
  endfacet
  facet normal -0.67146 0 -0.741041
    outer loop
      vertex 65.3005 -78.2 9.08467
      vertex 65.4496 -73.19 8.94957
      vertex 65.4496 -78.2 8.94957
    endloop
  endfacet
  facet normal -0.67146 0 -0.741041
    outer loop
      vertex 65.4496 -73.19 8.94957
      vertex 65.3005 -78.2 9.08467
      vertex 65.3005 -73.19 9.08467
    endloop
  endfacet
  facet normal -0.740951 0 0.671559
    outer loop
      vertex 65.4496 -78.2 6.05043
      vertex 65.5847 -73.19 6.19949
      vertex 65.4496 -73.19 6.05043
    endloop
  endfacet
  facet normal -0.740951 0 0.671559
    outer loop
      vertex 65.5847 -73.19 6.19949
      vertex 65.4496 -78.2 6.05043
      vertex 65.5847 -78.2 6.19949
    endloop
  endfacet
  facet normal -0.857791 0 -0.513999
    outer loop
      vertex 65.8079 -78.2 8.46636
      vertex 65.7045 -73.19 8.63892
      vertex 65.8079 -73.19 8.46636
    endloop
  endfacet
  facet normal -0.857791 -0 -0.513999
    outer loop
      vertex 65.7045 -73.19 8.63892
      vertex 65.8079 -78.2 8.46636
      vertex 65.7045 -78.2 8.63892
    endloop
  endfacet
  facet normal -0.998789 0 0.0492088
    outer loop
      vertex 66.0401 -78.2 7.29906
      vertex 66.05 -73.19 7.5
      vertex 66.0401 -73.19 7.29906
    endloop
  endfacet
  facet normal -0.998789 0 0.0492088
    outer loop
      vertex 66.05 -73.19 7.5
      vertex 66.0401 -78.2 7.29906
      vertex 66.05 -78.2 7.5
    endloop
  endfacet
  facet normal -0.336941 0 0.941526
    outer loop
      vertex 64.5951 -73.19 5.53827
      vertex 64.7845 -78.2 5.60605
      vertex 64.7845 -73.19 5.60605
    endloop
  endfacet
  facet normal -0.336941 0 0.941526
    outer loop
      vertex 64.7845 -78.2 5.60605
      vertex 64.5951 -73.19 5.53827
      vertex 64.5951 -78.2 5.53827
    endloop
  endfacet
  facet normal -0.24291 0 0.970049
    outer loop
      vertex 64.3999 -73.19 5.48939
      vertex 64.5951 -78.2 5.53827
      vertex 64.5951 -73.19 5.53827
    endloop
  endfacet
  facet normal -0.24291 0 0.970049
    outer loop
      vertex 64.5951 -78.2 5.53827
      vertex 64.3999 -73.19 5.48939
      vertex 64.3999 -78.2 5.48939
    endloop
  endfacet
  facet normal 0.998789 -0 0.0492088
    outer loop
      vertex 61.95 -78.2 7.5
      vertex 61.9599 -73.19 7.29906
      vertex 61.95 -73.19 7.5
    endloop
  endfacet
  facet normal 0.998789 0 0.0492088
    outer loop
      vertex 61.9599 -73.19 7.29906
      vertex 61.95 -78.2 7.5
      vertex 61.9599 -78.2 7.29906
    endloop
  endfacet
  facet normal -0.803311 0 -0.59556
    outer loop
      vertex 65.7045 -78.2 8.63892
      vertex 65.5847 -73.19 8.80051
      vertex 65.7045 -73.19 8.63892
    endloop
  endfacet
  facet normal -0.803311 -0 -0.59556
    outer loop
      vertex 65.5847 -73.19 8.80051
      vertex 65.7045 -78.2 8.63892
      vertex 65.5847 -78.2 8.80051
    endloop
  endfacet
  facet normal 0.0490697 0 0.998795
    outer loop
      vertex 63.7991 -73.19 5.45987
      vertex 64 -78.2 5.45
      vertex 64 -73.19 5.45
    endloop
  endfacet
  facet normal 0.0490697 0 0.998795
    outer loop
      vertex 64 -78.2 5.45
      vertex 63.7991 -73.19 5.45987
      vertex 63.7991 -78.2 5.45987
    endloop
  endfacet
  facet normal 0.857791 0 -0.513999
    outer loop
      vertex 62.2955 -78.2 8.63892
      vertex 62.1921 -73.19 8.46636
      vertex 62.2955 -73.19 8.63892
    endloop
  endfacet
  facet normal 0.857791 0 -0.513999
    outer loop
      vertex 62.1921 -73.19 8.46636
      vertex 62.2955 -78.2 8.63892
      vertex 62.1921 -78.2 8.46636
    endloop
  endfacet
  facet normal -0.427465 0 -0.904032
    outer loop
      vertex 64.7845 -78.2 9.39395
      vertex 64.9664 -73.19 9.30794
      vertex 64.9664 -78.2 9.30794
    endloop
  endfacet
  facet normal -0.427465 0 -0.904032
    outer loop
      vertex 64.9664 -73.19 9.30794
      vertex 64.7845 -78.2 9.39395
      vertex 64.7845 -73.19 9.39395
    endloop
  endfacet
  facet normal -0.998788 0 -0.0492112
    outer loop
      vertex 66.05 -78.2 7.5
      vertex 66.0401 -73.19 7.70093
      vertex 66.05 -73.19 7.5
    endloop
  endfacet
  facet normal -0.998788 -0 -0.0492112
    outer loop
      vertex 66.0401 -73.19 7.70093
      vertex 66.05 -78.2 7.5
      vertex 66.0401 -78.2 7.70093
    endloop
  endfacet
  facet normal -0.970008 0 0.243074
    outer loop
      vertex 65.9617 -78.2 6.90492
      vertex 66.0106 -73.19 7.10006
      vertex 65.9617 -73.19 6.90492
    endloop
  endfacet
  facet normal -0.970008 0 0.243074
    outer loop
      vertex 66.0106 -73.19 7.10006
      vertex 65.9617 -78.2 6.90492
      vertex 66.0106 -78.2 7.10006
    endloop
  endfacet
  facet normal -0.803311 0 0.59556
    outer loop
      vertex 65.5847 -78.2 6.19949
      vertex 65.7045 -73.19 6.36108
      vertex 65.5847 -73.19 6.19949
    endloop
  endfacet
  facet normal -0.803311 0 0.59556
    outer loop
      vertex 65.7045 -73.19 6.36108
      vertex 65.5847 -78.2 6.19949
      vertex 65.7045 -78.2 6.36108
    endloop
  endfacet
  facet normal 0.51424 0 -0.857646
    outer loop
      vertex 62.8611 -78.2 9.20451
      vertex 63.0336 -73.19 9.30794
      vertex 63.0336 -78.2 9.30794
    endloop
  endfacet
  facet normal 0.51424 0 -0.857646
    outer loop
      vertex 63.0336 -73.19 9.30794
      vertex 62.8611 -78.2 9.20451
      vertex 62.8611 -73.19 9.20451
    endloop
  endfacet
  facet normal -0.427465 0 0.904032
    outer loop
      vertex 64.7845 -73.19 5.60605
      vertex 64.9664 -78.2 5.69206
      vertex 64.9664 -73.19 5.69206
    endloop
  endfacet
  facet normal -0.427465 0 0.904032
    outer loop
      vertex 64.9664 -78.2 5.69206
      vertex 64.7845 -73.19 5.60605
      vertex 64.7845 -78.2 5.60605
    endloop
  endfacet
  facet normal 0.336941 0 0.941526
    outer loop
      vertex 63.2155 -73.19 5.60605
      vertex 63.4049 -78.2 5.53827
      vertex 63.4049 -73.19 5.53827
    endloop
  endfacet
  facet normal 0.336941 0 0.941526
    outer loop
      vertex 63.4049 -78.2 5.53827
      vertex 63.2155 -73.19 5.60605
      vertex 63.2155 -78.2 5.60605
    endloop
  endfacet
  facet normal -0.970011 0 -0.243062
    outer loop
      vertex 66.0106 -78.2 7.89993
      vertex 65.9617 -73.19 8.09508
      vertex 66.0106 -73.19 7.89993
    endloop
  endfacet
  facet normal -0.970011 -0 -0.243062
    outer loop
      vertex 65.9617 -73.19 8.09508
      vertex 66.0106 -78.2 7.89993
      vertex 65.9617 -78.2 8.09508
    endloop
  endfacet
  facet normal 0.98919 -0 0.146639
    outer loop
      vertex 61.9599 -78.2 7.29906
      vertex 61.9894 -73.19 7.10006
      vertex 61.9599 -73.19 7.29906
    endloop
  endfacet
  facet normal 0.98919 0 0.146639
    outer loop
      vertex 61.9894 -73.19 7.10006
      vertex 61.9599 -78.2 7.29906
      vertex 61.9894 -78.2 7.10006
    endloop
  endfacet
  facet normal -0.67146 0 0.741041
    outer loop
      vertex 65.3005 -73.19 5.91533
      vertex 65.4496 -78.2 6.05043
      vertex 65.4496 -73.19 6.05043
    endloop
  endfacet
  facet normal -0.67146 0 0.741041
    outer loop
      vertex 65.4496 -78.2 6.05043
      vertex 65.3005 -73.19 5.91533
      vertex 65.3005 -78.2 5.91533
    endloop
  endfacet
  facet normal 0.903823 0 -0.427907
    outer loop
      vertex 62.1921 -78.2 8.46636
      vertex 62.106 -73.19 8.2845
      vertex 62.1921 -73.19 8.46636
    endloop
  endfacet
  facet normal 0.903823 0 -0.427907
    outer loop
      vertex 62.106 -73.19 8.2845
      vertex 62.1921 -78.2 8.46636
      vertex 62.106 -78.2 8.2845
    endloop
  endfacet
  facet normal 0.595665 0 -0.803233
    outer loop
      vertex 62.6995 -78.2 9.08467
      vertex 62.8611 -73.19 9.20451
      vertex 62.8611 -78.2 9.20451
    endloop
  endfacet
  facet normal 0.595665 0 -0.803233
    outer loop
      vertex 62.8611 -73.19 9.20451
      vertex 62.6995 -78.2 9.08467
      vertex 62.6995 -73.19 9.08467
    endloop
  endfacet
  facet normal 0.67146 0 -0.741041
    outer loop
      vertex 62.5504 -78.2 8.94957
      vertex 62.6995 -73.19 9.08467
      vertex 62.6995 -78.2 9.08467
    endloop
  endfacet
  facet normal 0.67146 0 -0.741041
    outer loop
      vertex 62.6995 -73.19 9.08467
      vertex 62.5504 -78.2 8.94957
      vertex 62.5504 -73.19 8.94957
    endloop
  endfacet
  facet normal -0.98919 0 -0.146639
    outer loop
      vertex 66.0401 -78.2 7.70093
      vertex 66.0106 -73.19 7.89993
      vertex 66.0401 -73.19 7.70093
    endloop
  endfacet
  facet normal -0.98919 -0 -0.146639
    outer loop
      vertex 66.0106 -73.19 7.89993
      vertex 66.0401 -78.2 7.70093
      vertex 66.0106 -78.2 7.89993
    endloop
  endfacet
  facet normal 0.857791 -0 0.513999
    outer loop
      vertex 62.1921 -78.2 6.53364
      vertex 62.2955 -73.19 6.36108
      vertex 62.1921 -73.19 6.53364
    endloop
  endfacet
  facet normal 0.857791 0 0.513999
    outer loop
      vertex 62.2955 -73.19 6.36108
      vertex 62.1921 -78.2 6.53364
      vertex 62.2955 -78.2 6.36108
    endloop
  endfacet
  facet normal 0.998788 0 -0.0492112
    outer loop
      vertex 61.9599 -78.2 7.70093
      vertex 61.95 -73.19 7.5
      vertex 61.9599 -73.19 7.70093
    endloop
  endfacet
  facet normal 0.998788 0 -0.0492112
    outer loop
      vertex 61.95 -73.19 7.5
      vertex 61.9599 -78.2 7.70093
      vertex 61.95 -78.2 7.5
    endloop
  endfacet
  facet normal 0.98919 0 -0.146639
    outer loop
      vertex 61.9894 -78.2 7.89993
      vertex 61.9599 -73.19 7.70093
      vertex 61.9894 -73.19 7.89993
    endloop
  endfacet
  facet normal 0.98919 0 -0.146639
    outer loop
      vertex 61.9599 -73.19 7.70093
      vertex 61.9894 -78.2 7.89993
      vertex 61.9599 -78.2 7.70093
    endloop
  endfacet
  facet normal -0.903823 0 0.427907
    outer loop
      vertex 65.8079 -78.2 6.53364
      vertex 65.894 -73.19 6.7155
      vertex 65.8079 -73.19 6.53364
    endloop
  endfacet
  facet normal -0.903823 0 0.427907
    outer loop
      vertex 65.894 -73.19 6.7155
      vertex 65.8079 -78.2 6.53364
      vertex 65.894 -78.2 6.7155
    endloop
  endfacet
  facet normal 0.427465 0 0.904032
    outer loop
      vertex 63.0336 -73.19 5.69206
      vertex 63.2155 -78.2 5.60605
      vertex 63.2155 -73.19 5.60605
    endloop
  endfacet
  facet normal 0.427465 0 0.904032
    outer loop
      vertex 63.2155 -78.2 5.60605
      vertex 63.0336 -73.19 5.69206
      vertex 63.0336 -78.2 5.69206
    endloop
  endfacet
  facet normal 0.803311 -0 0.59556
    outer loop
      vertex 62.2955 -78.2 6.36108
      vertex 62.4153 -73.19 6.19949
      vertex 62.2955 -73.19 6.36108
    endloop
  endfacet
  facet normal 0.803311 0 0.59556
    outer loop
      vertex 62.4153 -73.19 6.19949
      vertex 62.2955 -78.2 6.36108
      vertex 62.4153 -78.2 6.19949
    endloop
  endfacet
  facet normal -0.941663 0 0.336557
    outer loop
      vertex 65.894 -78.2 6.7155
      vertex 65.9617 -73.19 6.90492
      vertex 65.894 -73.19 6.7155
    endloop
  endfacet
  facet normal -0.941663 0 0.336557
    outer loop
      vertex 65.9617 -73.19 6.90492
      vertex 65.894 -78.2 6.7155
      vertex 65.9617 -78.2 6.90492
    endloop
  endfacet
  facet normal -0.903823 0 -0.427907
    outer loop
      vertex 65.894 -78.2 8.2845
      vertex 65.8079 -73.19 8.46636
      vertex 65.894 -73.19 8.2845
    endloop
  endfacet
  facet normal -0.903823 -0 -0.427907
    outer loop
      vertex 65.8079 -73.19 8.46636
      vertex 65.894 -78.2 8.2845
      vertex 65.8079 -78.2 8.46636
    endloop
  endfacet
  facet normal -0.595665 0 0.803233
    outer loop
      vertex 65.1389 -73.19 5.79549
      vertex 65.3005 -78.2 5.91533
      vertex 65.3005 -73.19 5.91533
    endloop
  endfacet
  facet normal -0.595665 0 0.803233
    outer loop
      vertex 65.3005 -78.2 5.91533
      vertex 65.1389 -73.19 5.79549
      vertex 65.1389 -78.2 5.79549
    endloop
  endfacet
  facet normal -0.0490697 0 0.998795
    outer loop
      vertex 64 -73.19 5.45
      vertex 64.2009 -78.2 5.45987
      vertex 64.2009 -73.19 5.45987
    endloop
  endfacet
  facet normal -0.0490697 0 0.998795
    outer loop
      vertex 64.2009 -78.2 5.45987
      vertex 64 -73.19 5.45
      vertex 64 -78.2 5.45
    endloop
  endfacet
  facet normal -0.336941 0 -0.941526
    outer loop
      vertex 64.5951 -78.2 9.46173
      vertex 64.7845 -73.19 9.39395
      vertex 64.7845 -78.2 9.39395
    endloop
  endfacet
  facet normal -0.336941 0 -0.941526
    outer loop
      vertex 64.7845 -73.19 9.39395
      vertex 64.5951 -78.2 9.46173
      vertex 64.5951 -73.19 9.46173
    endloop
  endfacet
  facet normal 0.595665 0 0.803233
    outer loop
      vertex 62.6995 -73.19 5.91533
      vertex 62.8611 -78.2 5.79549
      vertex 62.8611 -73.19 5.79549
    endloop
  endfacet
  facet normal 0.595665 0 0.803233
    outer loop
      vertex 62.8611 -78.2 5.79549
      vertex 62.6995 -73.19 5.91533
      vertex 62.6995 -78.2 5.91533
    endloop
  endfacet
  facet normal -0.857791 0 0.513999
    outer loop
      vertex 65.7045 -78.2 6.36108
      vertex 65.8079 -73.19 6.53364
      vertex 65.7045 -73.19 6.36108
    endloop
  endfacet
  facet normal -0.857791 0 0.513999
    outer loop
      vertex 65.8079 -73.19 6.53364
      vertex 65.7045 -78.2 6.36108
      vertex 65.8079 -78.2 6.53364
    endloop
  endfacet
  facet normal 0.803311 0 -0.59556
    outer loop
      vertex 62.4153 -78.2 8.80051
      vertex 62.2955 -73.19 8.63892
      vertex 62.4153 -73.19 8.80051
    endloop
  endfacet
  facet normal 0.803311 0 -0.59556
    outer loop
      vertex 62.2955 -73.19 8.63892
      vertex 62.4153 -78.2 8.80051
      vertex 62.2955 -78.2 8.63892
    endloop
  endfacet
  facet normal -0.941663 0 -0.336557
    outer loop
      vertex 65.9617 -78.2 8.09508
      vertex 65.894 -73.19 8.2845
      vertex 65.9617 -73.19 8.09508
    endloop
  endfacet
  facet normal -0.941663 -0 -0.336557
    outer loop
      vertex 65.894 -73.19 8.2845
      vertex 65.9617 -78.2 8.09508
      vertex 65.894 -78.2 8.2845
    endloop
  endfacet
  facet normal 0.903823 -0 0.427907
    outer loop
      vertex 62.106 -78.2 6.7155
      vertex 62.1921 -73.19 6.53364
      vertex 62.106 -73.19 6.7155
    endloop
  endfacet
  facet normal 0.903823 0 0.427907
    outer loop
      vertex 62.1921 -73.19 6.53364
      vertex 62.106 -78.2 6.7155
      vertex 62.1921 -78.2 6.53364
    endloop
  endfacet
  facet normal 0.24291 0 -0.970049
    outer loop
      vertex 63.4049 -78.2 9.46173
      vertex 63.6001 -73.19 9.51061
      vertex 63.6001 -78.2 9.51061
    endloop
  endfacet
  facet normal 0.24291 0 -0.970049
    outer loop
      vertex 63.6001 -73.19 9.51061
      vertex 63.4049 -78.2 9.46173
      vertex 63.4049 -73.19 9.46173
    endloop
  endfacet
  facet normal -0.98919 0 0.146639
    outer loop
      vertex 66.0106 -78.2 7.10006
      vertex 66.0401 -73.19 7.29906
      vertex 66.0106 -73.19 7.10006
    endloop
  endfacet
  facet normal -0.98919 0 0.146639
    outer loop
      vertex 66.0401 -73.19 7.29906
      vertex 66.0106 -78.2 7.10006
      vertex 66.0401 -78.2 7.29906
    endloop
  endfacet
  facet normal 0.146736 0 0.989176
    outer loop
      vertex 63.6001 -73.19 5.48939
      vertex 63.7991 -78.2 5.45987
      vertex 63.7991 -73.19 5.45987
    endloop
  endfacet
  facet normal 0.146736 0 0.989176
    outer loop
      vertex 63.7991 -78.2 5.45987
      vertex 63.6001 -73.19 5.48939
      vertex 63.6001 -78.2 5.48939
    endloop
  endfacet
  facet normal 0.941663 0 -0.336557
    outer loop
      vertex 62.106 -78.2 8.2845
      vertex 62.0383 -73.19 8.09508
      vertex 62.106 -73.19 8.2845
    endloop
  endfacet
  facet normal 0.941663 0 -0.336557
    outer loop
      vertex 62.0383 -73.19 8.09508
      vertex 62.106 -78.2 8.2845
      vertex 62.0383 -78.2 8.09508
    endloop
  endfacet
  facet normal 0.970011 0 -0.243062
    outer loop
      vertex 62.0383 -78.2 8.09508
      vertex 61.9894 -73.19 7.89993
      vertex 62.0383 -73.19 8.09508
    endloop
  endfacet
  facet normal 0.970011 0 -0.243062
    outer loop
      vertex 61.9894 -73.19 7.89993
      vertex 62.0383 -78.2 8.09508
      vertex 61.9894 -78.2 7.89993
    endloop
  endfacet
  facet normal -0.595665 0 -0.803233
    outer loop
      vertex 65.1389 -78.2 9.20451
      vertex 65.3005 -73.19 9.08467
      vertex 65.3005 -78.2 9.08467
    endloop
  endfacet
  facet normal -0.595665 0 -0.803233
    outer loop
      vertex 65.3005 -73.19 9.08467
      vertex 65.1389 -78.2 9.20451
      vertex 65.1389 -73.19 9.20451
    endloop
  endfacet
  facet normal 0.67146 0 0.741041
    outer loop
      vertex 62.5504 -73.19 6.05043
      vertex 62.6995 -78.2 5.91533
      vertex 62.6995 -73.19 5.91533
    endloop
  endfacet
  facet normal 0.67146 0 0.741041
    outer loop
      vertex 62.6995 -78.2 5.91533
      vertex 62.5504 -73.19 6.05043
      vertex 62.5504 -78.2 6.05043
    endloop
  endfacet
  facet normal 0.51424 0 0.857646
    outer loop
      vertex 62.8611 -73.19 5.79549
      vertex 63.0336 -78.2 5.69206
      vertex 63.0336 -73.19 5.69206
    endloop
  endfacet
  facet normal 0.51424 0 0.857646
    outer loop
      vertex 63.0336 -78.2 5.69206
      vertex 62.8611 -73.19 5.79549
      vertex 62.8611 -78.2 5.79549
    endloop
  endfacet
  facet normal 0.740951 -0 0.671559
    outer loop
      vertex 62.4153 -78.2 6.19949
      vertex 62.5504 -73.19 6.05043
      vertex 62.4153 -73.19 6.19949
    endloop
  endfacet
  facet normal 0.740951 0 0.671559
    outer loop
      vertex 62.5504 -73.19 6.05043
      vertex 62.4153 -78.2 6.19949
      vertex 62.5504 -78.2 6.05043
    endloop
  endfacet
  facet normal 0.427465 0 -0.904032
    outer loop
      vertex 63.0336 -78.2 9.30794
      vertex 63.2155 -73.19 9.39395
      vertex 63.2155 -78.2 9.39395
    endloop
  endfacet
  facet normal 0.427465 0 -0.904032
    outer loop
      vertex 63.2155 -73.19 9.39395
      vertex 63.0336 -78.2 9.30794
      vertex 63.0336 -73.19 9.30794
    endloop
  endfacet
  facet normal 0.941663 -0 0.336557
    outer loop
      vertex 62.0383 -78.2 6.90492
      vertex 62.106 -73.19 6.7155
      vertex 62.0383 -73.19 6.90492
    endloop
  endfacet
  facet normal 0.941663 0 0.336557
    outer loop
      vertex 62.106 -73.19 6.7155
      vertex 62.0383 -78.2 6.90492
      vertex 62.106 -78.2 6.7155
    endloop
  endfacet
  facet normal -0.51424 0 0.857646
    outer loop
      vertex 64.9664 -73.19 5.69206
      vertex 65.1389 -78.2 5.79549
      vertex 65.1389 -73.19 5.79549
    endloop
  endfacet
  facet normal -0.51424 0 0.857646
    outer loop
      vertex 65.1389 -78.2 5.79549
      vertex 64.9664 -73.19 5.69206
      vertex 64.9664 -78.2 5.69206
    endloop
  endfacet
  facet normal -0.146736 0 0.989176
    outer loop
      vertex 64.2009 -73.19 5.45987
      vertex 64.3999 -78.2 5.48939
      vertex 64.3999 -73.19 5.48939
    endloop
  endfacet
  facet normal -0.146736 0 0.989176
    outer loop
      vertex 64.3999 -78.2 5.48939
      vertex 64.2009 -73.19 5.45987
      vertex 64.2009 -78.2 5.45987
    endloop
  endfacet
  facet normal 0.336941 0 -0.941526
    outer loop
      vertex 63.2155 -78.2 9.39395
      vertex 63.4049 -73.19 9.46173
      vertex 63.4049 -78.2 9.46173
    endloop
  endfacet
  facet normal 0.336941 0 -0.941526
    outer loop
      vertex 63.4049 -73.19 9.46173
      vertex 63.2155 -78.2 9.39395
      vertex 63.2155 -73.19 9.39395
    endloop
  endfacet
  facet normal 0 -1 0
    outer loop
      vertex 63.7991 -73.19 9.54013
      vertex 64.2009 -73.19 9.54013
      vertex 64 -73.19 9.55
    endloop
  endfacet
  facet normal 0 -1 0
    outer loop
      vertex 63.6001 -73.19 9.51061
      vertex 64.2009 -73.19 9.54013
      vertex 63.7991 -73.19 9.54013
    endloop
  endfacet
  facet normal 0 -1 0
    outer loop
      vertex 63.6001 -73.19 9.51061
      vertex 64.3999 -73.19 9.51061
      vertex 64.2009 -73.19 9.54013
    endloop
  endfacet
  facet normal 0 -1 0
    outer loop
      vertex 63.4049 -73.19 9.46173
      vertex 64.3999 -73.19 9.51061
      vertex 63.6001 -73.19 9.51061
    endloop
  endfacet
  facet normal 0 -1 0
    outer loop
      vertex 63.4049 -73.19 9.46173
      vertex 64.5951 -73.19 9.46173
      vertex 64.3999 -73.19 9.51061
    endloop
  endfacet
  facet normal 0 -1 0
    outer loop
      vertex 63.2155 -73.19 9.39395
      vertex 64.5951 -73.19 9.46173
      vertex 63.4049 -73.19 9.46173
    endloop
  endfacet
  facet normal 0 -1 0
    outer loop
      vertex 63.2155 -73.19 9.39395
      vertex 64.7845 -73.19 9.39395
      vertex 64.5951 -73.19 9.46173
    endloop
  endfacet
  facet normal 0 -1 0
    outer loop
      vertex 63.0336 -73.19 9.30794
      vertex 64.7845 -73.19 9.39395
      vertex 63.2155 -73.19 9.39395
    endloop
  endfacet
  facet normal 0 -1 0
    outer loop
      vertex 63.0336 -73.19 9.30794
      vertex 64.9664 -73.19 9.30794
      vertex 64.7845 -73.19 9.39395
    endloop
  endfacet
  facet normal 0 -1 0
    outer loop
      vertex 62.8611 -73.19 9.20451
      vertex 64.9664 -73.19 9.30794
      vertex 63.0336 -73.19 9.30794
    endloop
  endfacet
  facet normal 0 -1 0
    outer loop
      vertex 62.8611 -73.19 9.20451
      vertex 65.1389 -73.19 9.20451
      vertex 64.9664 -73.19 9.30794
    endloop
  endfacet
  facet normal 0 -1 0
    outer loop
      vertex 62.6995 -73.19 9.08467
      vertex 65.1389 -73.19 9.20451
      vertex 62.8611 -73.19 9.20451
    endloop
  endfacet
  facet normal 0 -1 0
    outer loop
      vertex 62.6995 -73.19 9.08467
      vertex 65.3005 -73.19 9.08467
      vertex 65.1389 -73.19 9.20451
    endloop
  endfacet
  facet normal 0 -1 0
    outer loop
      vertex 62.5504 -73.19 8.94957
      vertex 65.3005 -73.19 9.08467
      vertex 62.6995 -73.19 9.08467
    endloop
  endfacet
  facet normal 0 -1 0
    outer loop
      vertex 62.5504 -73.19 8.94957
      vertex 65.4496 -73.19 8.94957
      vertex 65.3005 -73.19 9.08467
    endloop
  endfacet
  facet normal 0 -1 0
    outer loop
      vertex 62.4153 -73.19 8.80051
      vertex 65.4496 -73.19 8.94957
      vertex 62.5504 -73.19 8.94957
    endloop
  endfacet
  facet normal 0 -1 0
    outer loop
      vertex 62.4153 -73.19 8.80051
      vertex 65.5847 -73.19 8.80051
      vertex 65.4496 -73.19 8.94957
    endloop
  endfacet
  facet normal 0 -1 0
    outer loop
      vertex 62.2955 -73.19 8.63892
      vertex 65.5847 -73.19 8.80051
      vertex 62.4153 -73.19 8.80051
    endloop
  endfacet
  facet normal 0 -1 0
    outer loop
      vertex 62.2955 -73.19 8.63892
      vertex 65.7045 -73.19 8.63892
      vertex 65.5847 -73.19 8.80051
    endloop
  endfacet
  facet normal 0 -1 0
    outer loop
      vertex 62.1921 -73.19 8.46636
      vertex 65.7045 -73.19 8.63892
      vertex 62.2955 -73.19 8.63892
    endloop
  endfacet
  facet normal 0 -1 0
    outer loop
      vertex 62.1921 -73.19 8.46636
      vertex 65.8079 -73.19 8.46636
      vertex 65.7045 -73.19 8.63892
    endloop
  endfacet
  facet normal 0 -1 0
    outer loop
      vertex 62.106 -73.19 8.2845
      vertex 65.8079 -73.19 8.46636
      vertex 62.1921 -73.19 8.46636
    endloop
  endfacet
  facet normal 0 -1 0
    outer loop
      vertex 62.106 -73.19 8.2845
      vertex 65.894 -73.19 8.2845
      vertex 65.8079 -73.19 8.46636
    endloop
  endfacet
  facet normal 0 -1 0
    outer loop
      vertex 62.0383 -73.19 8.09508
      vertex 65.894 -73.19 8.2845
      vertex 62.106 -73.19 8.2845
    endloop
  endfacet
  facet normal 0 -1 0
    outer loop
      vertex 62.0383 -73.19 8.09508
      vertex 65.9617 -73.19 8.09508
      vertex 65.894 -73.19 8.2845
    endloop
  endfacet
  facet normal 0 -1 0
    outer loop
      vertex 61.9894 -73.19 7.89993
      vertex 65.9617 -73.19 8.09508
      vertex 62.0383 -73.19 8.09508
    endloop
  endfacet
  facet normal 0 -1 0
    outer loop
      vertex 61.9894 -73.19 7.89993
      vertex 66.0106 -73.19 7.89993
      vertex 65.9617 -73.19 8.09508
    endloop
  endfacet
  facet normal 0 -1 0
    outer loop
      vertex 61.9599 -73.19 7.70093
      vertex 66.0106 -73.19 7.89993
      vertex 61.9894 -73.19 7.89993
    endloop
  endfacet
  facet normal 0 -1 0
    outer loop
      vertex 61.9599 -73.19 7.70093
      vertex 66.0401 -73.19 7.70093
      vertex 66.0106 -73.19 7.89993
    endloop
  endfacet
  facet normal 0 -1 0
    outer loop
      vertex 61.95 -73.19 7.5
      vertex 66.0401 -73.19 7.70093
      vertex 61.9599 -73.19 7.70093
    endloop
  endfacet
  facet normal 0 -1 0
    outer loop
      vertex 61.95 -73.19 7.5
      vertex 66.05 -73.19 7.5
      vertex 66.0401 -73.19 7.70093
    endloop
  endfacet
  facet normal 0 -1 0
    outer loop
      vertex 61.9599 -73.19 7.29906
      vertex 66.05 -73.19 7.5
      vertex 61.95 -73.19 7.5
    endloop
  endfacet
  facet normal 0 -1 0
    outer loop
      vertex 61.9599 -73.19 7.29906
      vertex 66.0401 -73.19 7.29906
      vertex 66.05 -73.19 7.5
    endloop
  endfacet
  facet normal 0 -1 0
    outer loop
      vertex 61.9894 -73.19 7.10006
      vertex 66.0401 -73.19 7.29906
      vertex 61.9599 -73.19 7.29906
    endloop
  endfacet
  facet normal 0 -1 0
    outer loop
      vertex 61.9894 -73.19 7.10006
      vertex 66.0106 -73.19 7.10006
      vertex 66.0401 -73.19 7.29906
    endloop
  endfacet
  facet normal 0 -1 0
    outer loop
      vertex 62.0383 -73.19 6.90492
      vertex 66.0106 -73.19 7.10006
      vertex 61.9894 -73.19 7.10006
    endloop
  endfacet
  facet normal 0 -1 0
    outer loop
      vertex 62.0383 -73.19 6.90492
      vertex 65.9617 -73.19 6.90492
      vertex 66.0106 -73.19 7.10006
    endloop
  endfacet
  facet normal 0 -1 0
    outer loop
      vertex 62.106 -73.19 6.7155
      vertex 65.9617 -73.19 6.90492
      vertex 62.0383 -73.19 6.90492
    endloop
  endfacet
  facet normal 0 -1 0
    outer loop
      vertex 62.106 -73.19 6.7155
      vertex 65.894 -73.19 6.7155
      vertex 65.9617 -73.19 6.90492
    endloop
  endfacet
  facet normal 0 -1 0
    outer loop
      vertex 62.1921 -73.19 6.53364
      vertex 65.894 -73.19 6.7155
      vertex 62.106 -73.19 6.7155
    endloop
  endfacet
  facet normal 0 -1 0
    outer loop
      vertex 62.1921 -73.19 6.53364
      vertex 65.8079 -73.19 6.53364
      vertex 65.894 -73.19 6.7155
    endloop
  endfacet
  facet normal 0 -1 0
    outer loop
      vertex 62.2955 -73.19 6.36108
      vertex 65.8079 -73.19 6.53364
      vertex 62.1921 -73.19 6.53364
    endloop
  endfacet
  facet normal 0 -1 0
    outer loop
      vertex 62.2955 -73.19 6.36108
      vertex 65.7045 -73.19 6.36108
      vertex 65.8079 -73.19 6.53364
    endloop
  endfacet
  facet normal 0 -1 0
    outer loop
      vertex 62.4153 -73.19 6.19949
      vertex 65.7045 -73.19 6.36108
      vertex 62.2955 -73.19 6.36108
    endloop
  endfacet
  facet normal 0 -1 0
    outer loop
      vertex 62.4153 -73.19 6.19949
      vertex 65.5847 -73.19 6.19949
      vertex 65.7045 -73.19 6.36108
    endloop
  endfacet
  facet normal 0 -1 0
    outer loop
      vertex 62.5504 -73.19 6.05043
      vertex 65.5847 -73.19 6.19949
      vertex 62.4153 -73.19 6.19949
    endloop
  endfacet
  facet normal 0 -1 0
    outer loop
      vertex 62.5504 -73.19 6.05043
      vertex 65.4496 -73.19 6.05043
      vertex 65.5847 -73.19 6.19949
    endloop
  endfacet
  facet normal 0 -1 0
    outer loop
      vertex 62.6995 -73.19 5.91533
      vertex 65.4496 -73.19 6.05043
      vertex 62.5504 -73.19 6.05043
    endloop
  endfacet
  facet normal 0 -1 0
    outer loop
      vertex 62.6995 -73.19 5.91533
      vertex 65.3005 -73.19 5.91533
      vertex 65.4496 -73.19 6.05043
    endloop
  endfacet
  facet normal 0 -1 0
    outer loop
      vertex 62.8611 -73.19 5.79549
      vertex 65.3005 -73.19 5.91533
      vertex 62.6995 -73.19 5.91533
    endloop
  endfacet
  facet normal 0 -1 0
    outer loop
      vertex 62.8611 -73.19 5.79549
      vertex 65.1389 -73.19 5.79549
      vertex 65.3005 -73.19 5.91533
    endloop
  endfacet
  facet normal 0 -1 0
    outer loop
      vertex 63.0336 -73.19 5.69206
      vertex 65.1389 -73.19 5.79549
      vertex 62.8611 -73.19 5.79549
    endloop
  endfacet
  facet normal 0 -1 0
    outer loop
      vertex 63.0336 -73.19 5.69206
      vertex 64.9664 -73.19 5.69206
      vertex 65.1389 -73.19 5.79549
    endloop
  endfacet
  facet normal 0 -1 0
    outer loop
      vertex 63.2155 -73.19 5.60605
      vertex 64.9664 -73.19 5.69206
      vertex 63.0336 -73.19 5.69206
    endloop
  endfacet
  facet normal 0 -1 0
    outer loop
      vertex 63.2155 -73.19 5.60605
      vertex 64.7845 -73.19 5.60605
      vertex 64.9664 -73.19 5.69206
    endloop
  endfacet
  facet normal 0 -1 0
    outer loop
      vertex 63.4049 -73.19 5.53827
      vertex 64.7845 -73.19 5.60605
      vertex 63.2155 -73.19 5.60605
    endloop
  endfacet
  facet normal 0 -1 0
    outer loop
      vertex 63.4049 -73.19 5.53827
      vertex 64.5951 -73.19 5.53827
      vertex 64.7845 -73.19 5.60605
    endloop
  endfacet
  facet normal 0 -1 0
    outer loop
      vertex 63.6001 -73.19 5.48939
      vertex 64.5951 -73.19 5.53827
      vertex 63.4049 -73.19 5.53827
    endloop
  endfacet
  facet normal 0 -1 0
    outer loop
      vertex 63.6001 -73.19 5.48939
      vertex 64.3999 -73.19 5.48939
      vertex 64.5951 -73.19 5.53827
    endloop
  endfacet
  facet normal 0 -1 0
    outer loop
      vertex 63.7991 -73.19 5.45987
      vertex 64.3999 -73.19 5.48939
      vertex 63.6001 -73.19 5.48939
    endloop
  endfacet
  facet normal 0 -1 0
    outer loop
      vertex 63.7991 -73.19 5.45987
      vertex 64.2009 -73.19 5.45987
      vertex 64.3999 -73.19 5.48939
    endloop
  endfacet
  facet normal -0 -1 0
    outer loop
      vertex 64.2009 -73.19 5.45987
      vertex 63.7991 -73.19 5.45987
      vertex 64 -73.19 5.45
    endloop
  endfacet
  facet normal 0.740951 0 -0.671559
    outer loop
      vertex 62.5504 -78.2 8.94957
      vertex 62.4153 -73.19 8.80051
      vertex 62.5504 -73.19 8.94957
    endloop
  endfacet
  facet normal 0.740951 0 -0.671559
    outer loop
      vertex 62.4153 -73.19 8.80051
      vertex 62.5504 -78.2 8.94957
      vertex 62.4153 -78.2 8.80051
    endloop
  endfacet
  facet normal 0.970008 -0 0.243074
    outer loop
      vertex 42.4894 -78.2 7.10006
      vertex 42.5383 -73.19 6.90492
      vertex 42.4894 -73.19 7.10006
    endloop
  endfacet
  facet normal 0.970008 0 0.243074
    outer loop
      vertex 42.5383 -73.19 6.90492
      vertex 42.4894 -78.2 7.10006
      vertex 42.5383 -78.2 6.90492
    endloop
  endfacet
  facet normal -0.146736 0 -0.989176
    outer loop
      vertex 44.7009 -78.2 9.54013
      vertex 44.8999 -73.19 9.51061
      vertex 44.8999 -78.2 9.51061
    endloop
  endfacet
  facet normal -0.146736 0 -0.989176
    outer loop
      vertex 44.8999 -73.19 9.51061
      vertex 44.7009 -78.2 9.54013
      vertex 44.7009 -73.19 9.54013
    endloop
  endfacet
  facet normal -0.0490697 0 -0.998795
    outer loop
      vertex 44.5 -78.2 9.55
      vertex 44.7009 -73.19 9.54013
      vertex 44.7009 -78.2 9.54013
    endloop
  endfacet
  facet normal -0.0490697 0 -0.998795
    outer loop
      vertex 44.7009 -73.19 9.54013
      vertex 44.5 -78.2 9.55
      vertex 44.5 -73.19 9.55
    endloop
  endfacet
  facet normal -0.24291 0 -0.970049
    outer loop
      vertex 44.8999 -78.2 9.51061
      vertex 45.0951 -73.19 9.46173
      vertex 45.0951 -78.2 9.46173
    endloop
  endfacet
  facet normal -0.24291 0 -0.970049
    outer loop
      vertex 45.0951 -73.19 9.46173
      vertex 44.8999 -78.2 9.51061
      vertex 44.8999 -73.19 9.51061
    endloop
  endfacet
  facet normal -0.51424 0 -0.857646
    outer loop
      vertex 45.4664 -78.2 9.30794
      vertex 45.6389 -73.19 9.20451
      vertex 45.6389 -78.2 9.20451
    endloop
  endfacet
  facet normal -0.51424 0 -0.857646
    outer loop
      vertex 45.6389 -73.19 9.20451
      vertex 45.4664 -78.2 9.30794
      vertex 45.4664 -73.19 9.30794
    endloop
  endfacet
  facet normal 0.24291 0 0.970049
    outer loop
      vertex 43.9049 -73.19 5.53827
      vertex 44.1001 -78.2 5.48939
      vertex 44.1001 -73.19 5.48939
    endloop
  endfacet
  facet normal 0.24291 0 0.970049
    outer loop
      vertex 44.1001 -78.2 5.48939
      vertex 43.9049 -73.19 5.53827
      vertex 43.9049 -78.2 5.53827
    endloop
  endfacet
  facet normal 0.146736 0 -0.989176
    outer loop
      vertex 44.1001 -78.2 9.51061
      vertex 44.2991 -73.19 9.54013
      vertex 44.2991 -78.2 9.54013
    endloop
  endfacet
  facet normal 0.146736 0 -0.989176
    outer loop
      vertex 44.2991 -73.19 9.54013
      vertex 44.1001 -78.2 9.51061
      vertex 44.1001 -73.19 9.51061
    endloop
  endfacet
  facet normal -0.740951 0 -0.671559
    outer loop
      vertex 46.0847 -78.2 8.80051
      vertex 45.9496 -73.19 8.94957
      vertex 46.0847 -73.19 8.80051
    endloop
  endfacet
  facet normal -0.740951 -0 -0.671559
    outer loop
      vertex 45.9496 -73.19 8.94957
      vertex 46.0847 -78.2 8.80051
      vertex 45.9496 -78.2 8.94957
    endloop
  endfacet
  facet normal 0.0490697 0 -0.998795
    outer loop
      vertex 44.2991 -78.2 9.54013
      vertex 44.5 -73.19 9.55
      vertex 44.5 -78.2 9.55
    endloop
  endfacet
  facet normal 0.0490697 0 -0.998795
    outer loop
      vertex 44.5 -73.19 9.55
      vertex 44.2991 -78.2 9.54013
      vertex 44.2991 -73.19 9.54013
    endloop
  endfacet
  facet normal -0.67146 0 -0.741041
    outer loop
      vertex 45.8005 -78.2 9.08467
      vertex 45.9496 -73.19 8.94957
      vertex 45.9496 -78.2 8.94957
    endloop
  endfacet
  facet normal -0.67146 0 -0.741041
    outer loop
      vertex 45.9496 -73.19 8.94957
      vertex 45.8005 -78.2 9.08467
      vertex 45.8005 -73.19 9.08467
    endloop
  endfacet
  facet normal -0.740951 0 0.671559
    outer loop
      vertex 45.9496 -78.2 6.05043
      vertex 46.0847 -73.19 6.19949
      vertex 45.9496 -73.19 6.05043
    endloop
  endfacet
  facet normal -0.740951 0 0.671559
    outer loop
      vertex 46.0847 -73.19 6.19949
      vertex 45.9496 -78.2 6.05043
      vertex 46.0847 -78.2 6.19949
    endloop
  endfacet
  facet normal -0.857791 0 -0.513999
    outer loop
      vertex 46.3079 -78.2 8.46636
      vertex 46.2045 -73.19 8.63892
      vertex 46.3079 -73.19 8.46636
    endloop
  endfacet
  facet normal -0.857791 -0 -0.513999
    outer loop
      vertex 46.2045 -73.19 8.63892
      vertex 46.3079 -78.2 8.46636
      vertex 46.2045 -78.2 8.63892
    endloop
  endfacet
  facet normal -0.998789 0 0.0492088
    outer loop
      vertex 46.5401 -78.2 7.29906
      vertex 46.55 -73.19 7.5
      vertex 46.5401 -73.19 7.29906
    endloop
  endfacet
  facet normal -0.998789 0 0.0492088
    outer loop
      vertex 46.55 -73.19 7.5
      vertex 46.5401 -78.2 7.29906
      vertex 46.55 -78.2 7.5
    endloop
  endfacet
  facet normal -0.336941 0 0.941526
    outer loop
      vertex 45.0951 -73.19 5.53827
      vertex 45.2845 -78.2 5.60605
      vertex 45.2845 -73.19 5.60605
    endloop
  endfacet
  facet normal -0.336941 0 0.941526
    outer loop
      vertex 45.2845 -78.2 5.60605
      vertex 45.0951 -73.19 5.53827
      vertex 45.0951 -78.2 5.53827
    endloop
  endfacet
  facet normal -0.24291 0 0.970049
    outer loop
      vertex 44.8999 -73.19 5.48939
      vertex 45.0951 -78.2 5.53827
      vertex 45.0951 -73.19 5.53827
    endloop
  endfacet
  facet normal -0.24291 0 0.970049
    outer loop
      vertex 45.0951 -78.2 5.53827
      vertex 44.8999 -73.19 5.48939
      vertex 44.8999 -78.2 5.48939
    endloop
  endfacet
  facet normal 0.998789 -0 0.0492088
    outer loop
      vertex 42.45 -78.2 7.5
      vertex 42.4599 -73.19 7.29906
      vertex 42.45 -73.19 7.5
    endloop
  endfacet
  facet normal 0.998789 0 0.0492088
    outer loop
      vertex 42.4599 -73.19 7.29906
      vertex 42.45 -78.2 7.5
      vertex 42.4599 -78.2 7.29906
    endloop
  endfacet
  facet normal -0.803311 0 -0.59556
    outer loop
      vertex 46.2045 -78.2 8.63892
      vertex 46.0847 -73.19 8.80051
      vertex 46.2045 -73.19 8.63892
    endloop
  endfacet
  facet normal -0.803311 -0 -0.59556
    outer loop
      vertex 46.0847 -73.19 8.80051
      vertex 46.2045 -78.2 8.63892
      vertex 46.0847 -78.2 8.80051
    endloop
  endfacet
  facet normal 0.0490697 0 0.998795
    outer loop
      vertex 44.2991 -73.19 5.45987
      vertex 44.5 -78.2 5.45
      vertex 44.5 -73.19 5.45
    endloop
  endfacet
  facet normal 0.0490697 0 0.998795
    outer loop
      vertex 44.5 -78.2 5.45
      vertex 44.2991 -73.19 5.45987
      vertex 44.2991 -78.2 5.45987
    endloop
  endfacet
  facet normal 0.857791 0 -0.513999
    outer loop
      vertex 42.7955 -78.2 8.63892
      vertex 42.6921 -73.19 8.46636
      vertex 42.7955 -73.19 8.63892
    endloop
  endfacet
  facet normal 0.857791 0 -0.513999
    outer loop
      vertex 42.6921 -73.19 8.46636
      vertex 42.7955 -78.2 8.63892
      vertex 42.6921 -78.2 8.46636
    endloop
  endfacet
  facet normal 0.336941 0 -0.941526
    outer loop
      vertex 43.7155 -78.2 9.39395
      vertex 43.9049 -73.19 9.46173
      vertex 43.9049 -78.2 9.46173
    endloop
  endfacet
  facet normal 0.336941 0 -0.941526
    outer loop
      vertex 43.9049 -73.19 9.46173
      vertex 43.7155 -78.2 9.39395
      vertex 43.7155 -73.19 9.39395
    endloop
  endfacet
  facet normal -0.427465 0 -0.904032
    outer loop
      vertex 45.2845 -78.2 9.39395
      vertex 45.4664 -73.19 9.30794
      vertex 45.4664 -78.2 9.30794
    endloop
  endfacet
  facet normal -0.427465 0 -0.904032
    outer loop
      vertex 45.4664 -73.19 9.30794
      vertex 45.2845 -78.2 9.39395
      vertex 45.2845 -73.19 9.39395
    endloop
  endfacet
  facet normal -0.998788 0 -0.0492112
    outer loop
      vertex 46.55 -78.2 7.5
      vertex 46.5401 -73.19 7.70093
      vertex 46.55 -73.19 7.5
    endloop
  endfacet
  facet normal -0.998788 -0 -0.0492112
    outer loop
      vertex 46.5401 -73.19 7.70093
      vertex 46.55 -78.2 7.5
      vertex 46.5401 -78.2 7.70093
    endloop
  endfacet
  facet normal -0.970008 0 0.243074
    outer loop
      vertex 46.4617 -78.2 6.90492
      vertex 46.5106 -73.19 7.10006
      vertex 46.4617 -73.19 6.90492
    endloop
  endfacet
  facet normal -0.970008 0 0.243074
    outer loop
      vertex 46.5106 -73.19 7.10006
      vertex 46.4617 -78.2 6.90492
      vertex 46.5106 -78.2 7.10006
    endloop
  endfacet
  facet normal -0.803311 0 0.59556
    outer loop
      vertex 46.0847 -78.2 6.19949
      vertex 46.2045 -73.19 6.36108
      vertex 46.0847 -73.19 6.19949
    endloop
  endfacet
  facet normal -0.803311 0 0.59556
    outer loop
      vertex 46.2045 -73.19 6.36108
      vertex 46.0847 -78.2 6.19949
      vertex 46.2045 -78.2 6.36108
    endloop
  endfacet
  facet normal 0.51424 0 -0.857646
    outer loop
      vertex 43.3611 -78.2 9.20451
      vertex 43.5336 -73.19 9.30794
      vertex 43.5336 -78.2 9.30794
    endloop
  endfacet
  facet normal 0.51424 0 -0.857646
    outer loop
      vertex 43.5336 -73.19 9.30794
      vertex 43.3611 -78.2 9.20451
      vertex 43.3611 -73.19 9.20451
    endloop
  endfacet
  facet normal -0.427465 0 0.904032
    outer loop
      vertex 45.2845 -73.19 5.60605
      vertex 45.4664 -78.2 5.69206
      vertex 45.4664 -73.19 5.69206
    endloop
  endfacet
  facet normal -0.427465 0 0.904032
    outer loop
      vertex 45.4664 -78.2 5.69206
      vertex 45.2845 -73.19 5.60605
      vertex 45.2845 -78.2 5.60605
    endloop
  endfacet
  facet normal 0.336941 0 0.941526
    outer loop
      vertex 43.7155 -73.19 5.60605
      vertex 43.9049 -78.2 5.53827
      vertex 43.9049 -73.19 5.53827
    endloop
  endfacet
  facet normal 0.336941 0 0.941526
    outer loop
      vertex 43.9049 -78.2 5.53827
      vertex 43.7155 -73.19 5.60605
      vertex 43.7155 -78.2 5.60605
    endloop
  endfacet
  facet normal -0.970011 0 -0.243062
    outer loop
      vertex 46.5106 -78.2 7.89993
      vertex 46.4617 -73.19 8.09508
      vertex 46.5106 -73.19 7.89993
    endloop
  endfacet
  facet normal -0.970011 -0 -0.243062
    outer loop
      vertex 46.4617 -73.19 8.09508
      vertex 46.5106 -78.2 7.89993
      vertex 46.4617 -78.2 8.09508
    endloop
  endfacet
  facet normal 0.98919 -0 0.146639
    outer loop
      vertex 42.4599 -78.2 7.29906
      vertex 42.4894 -73.19 7.10006
      vertex 42.4599 -73.19 7.29906
    endloop
  endfacet
  facet normal 0.98919 0 0.146639
    outer loop
      vertex 42.4894 -73.19 7.10006
      vertex 42.4599 -78.2 7.29906
      vertex 42.4894 -78.2 7.10006
    endloop
  endfacet
  facet normal -0.67146 0 0.741041
    outer loop
      vertex 45.8005 -73.19 5.91533
      vertex 45.9496 -78.2 6.05043
      vertex 45.9496 -73.19 6.05043
    endloop
  endfacet
  facet normal -0.67146 0 0.741041
    outer loop
      vertex 45.9496 -78.2 6.05043
      vertex 45.8005 -73.19 5.91533
      vertex 45.8005 -78.2 5.91533
    endloop
  endfacet
  facet normal 0.903823 0 -0.427907
    outer loop
      vertex 42.6921 -78.2 8.46636
      vertex 42.606 -73.19 8.2845
      vertex 42.6921 -73.19 8.46636
    endloop
  endfacet
  facet normal 0.903823 0 -0.427907
    outer loop
      vertex 42.606 -73.19 8.2845
      vertex 42.6921 -78.2 8.46636
      vertex 42.606 -78.2 8.2845
    endloop
  endfacet
  facet normal 0.595665 0 -0.803233
    outer loop
      vertex 43.1995 -78.2 9.08467
      vertex 43.3611 -73.19 9.20451
      vertex 43.3611 -78.2 9.20451
    endloop
  endfacet
  facet normal 0.595665 0 -0.803233
    outer loop
      vertex 43.3611 -73.19 9.20451
      vertex 43.1995 -78.2 9.08467
      vertex 43.1995 -73.19 9.08467
    endloop
  endfacet
  facet normal 0.67146 0 -0.741041
    outer loop
      vertex 43.0504 -78.2 8.94957
      vertex 43.1995 -73.19 9.08467
      vertex 43.1995 -78.2 9.08467
    endloop
  endfacet
  facet normal 0.67146 0 -0.741041
    outer loop
      vertex 43.1995 -73.19 9.08467
      vertex 43.0504 -78.2 8.94957
      vertex 43.0504 -73.19 8.94957
    endloop
  endfacet
  facet normal -0.98919 0 -0.146639
    outer loop
      vertex 46.5401 -78.2 7.70093
      vertex 46.5106 -73.19 7.89993
      vertex 46.5401 -73.19 7.70093
    endloop
  endfacet
  facet normal -0.98919 -0 -0.146639
    outer loop
      vertex 46.5106 -73.19 7.89993
      vertex 46.5401 -78.2 7.70093
      vertex 46.5106 -78.2 7.89993
    endloop
  endfacet
  facet normal 0.803311 -0 0.59556
    outer loop
      vertex 42.7955 -78.2 6.36108
      vertex 42.9153 -73.19 6.19949
      vertex 42.7955 -73.19 6.36108
    endloop
  endfacet
  facet normal 0.803311 0 0.59556
    outer loop
      vertex 42.9153 -73.19 6.19949
      vertex 42.7955 -78.2 6.36108
      vertex 42.9153 -78.2 6.19949
    endloop
  endfacet
  facet normal 0.857791 -0 0.513999
    outer loop
      vertex 42.6921 -78.2 6.53364
      vertex 42.7955 -73.19 6.36108
      vertex 42.6921 -73.19 6.53364
    endloop
  endfacet
  facet normal 0.857791 0 0.513999
    outer loop
      vertex 42.7955 -73.19 6.36108
      vertex 42.6921 -78.2 6.53364
      vertex 42.7955 -78.2 6.36108
    endloop
  endfacet
  facet normal 0.998788 0 -0.0492112
    outer loop
      vertex 42.4599 -78.2 7.70093
      vertex 42.45 -73.19 7.5
      vertex 42.4599 -73.19 7.70093
    endloop
  endfacet
  facet normal 0.998788 0 -0.0492112
    outer loop
      vertex 42.45 -73.19 7.5
      vertex 42.4599 -78.2 7.70093
      vertex 42.45 -78.2 7.5
    endloop
  endfacet
  facet normal 0.98919 0 -0.146639
    outer loop
      vertex 42.4894 -78.2 7.89993
      vertex 42.4599 -73.19 7.70093
      vertex 42.4894 -73.19 7.89993
    endloop
  endfacet
  facet normal 0.98919 0 -0.146639
    outer loop
      vertex 42.4599 -73.19 7.70093
      vertex 42.4894 -78.2 7.89993
      vertex 42.4599 -78.2 7.70093
    endloop
  endfacet
  facet normal -0.903823 0 0.427907
    outer loop
      vertex 46.3079 -78.2 6.53364
      vertex 46.394 -73.19 6.7155
      vertex 46.3079 -73.19 6.53364
    endloop
  endfacet
  facet normal -0.903823 0 0.427907
    outer loop
      vertex 46.394 -73.19 6.7155
      vertex 46.3079 -78.2 6.53364
      vertex 46.394 -78.2 6.7155
    endloop
  endfacet
  facet normal 0.427465 0 0.904032
    outer loop
      vertex 43.5336 -73.19 5.69206
      vertex 43.7155 -78.2 5.60605
      vertex 43.7155 -73.19 5.60605
    endloop
  endfacet
  facet normal 0.427465 0 0.904032
    outer loop
      vertex 43.7155 -78.2 5.60605
      vertex 43.5336 -73.19 5.69206
      vertex 43.5336 -78.2 5.69206
    endloop
  endfacet
  facet normal -0.941663 0 0.336557
    outer loop
      vertex 46.394 -78.2 6.7155
      vertex 46.4617 -73.19 6.90492
      vertex 46.394 -73.19 6.7155
    endloop
  endfacet
  facet normal -0.941663 0 0.336557
    outer loop
      vertex 46.4617 -73.19 6.90492
      vertex 46.394 -78.2 6.7155
      vertex 46.4617 -78.2 6.90492
    endloop
  endfacet
  facet normal -0.903823 0 -0.427907
    outer loop
      vertex 46.394 -78.2 8.2845
      vertex 46.3079 -73.19 8.46636
      vertex 46.394 -73.19 8.2845
    endloop
  endfacet
  facet normal -0.903823 -0 -0.427907
    outer loop
      vertex 46.3079 -73.19 8.46636
      vertex 46.394 -78.2 8.2845
      vertex 46.3079 -78.2 8.46636
    endloop
  endfacet
  facet normal -0.595665 0 0.803233
    outer loop
      vertex 45.6389 -73.19 5.79549
      vertex 45.8005 -78.2 5.91533
      vertex 45.8005 -73.19 5.91533
    endloop
  endfacet
  facet normal -0.595665 0 0.803233
    outer loop
      vertex 45.8005 -78.2 5.91533
      vertex 45.6389 -73.19 5.79549
      vertex 45.6389 -78.2 5.79549
    endloop
  endfacet
  facet normal -0.0490697 0 0.998795
    outer loop
      vertex 44.5 -73.19 5.45
      vertex 44.7009 -78.2 5.45987
      vertex 44.7009 -73.19 5.45987
    endloop
  endfacet
  facet normal -0.0490697 0 0.998795
    outer loop
      vertex 44.7009 -78.2 5.45987
      vertex 44.5 -73.19 5.45
      vertex 44.5 -78.2 5.45
    endloop
  endfacet
  facet normal -0.336941 0 -0.941526
    outer loop
      vertex 45.0951 -78.2 9.46173
      vertex 45.2845 -73.19 9.39395
      vertex 45.2845 -78.2 9.39395
    endloop
  endfacet
  facet normal -0.336941 0 -0.941526
    outer loop
      vertex 45.2845 -73.19 9.39395
      vertex 45.0951 -78.2 9.46173
      vertex 45.0951 -73.19 9.46173
    endloop
  endfacet
  facet normal 0.595665 0 0.803233
    outer loop
      vertex 43.1995 -73.19 5.91533
      vertex 43.3611 -78.2 5.79549
      vertex 43.3611 -73.19 5.79549
    endloop
  endfacet
  facet normal 0.595665 0 0.803233
    outer loop
      vertex 43.3611 -78.2 5.79549
      vertex 43.1995 -73.19 5.91533
      vertex 43.1995 -78.2 5.91533
    endloop
  endfacet
  facet normal -0.857791 0 0.513999
    outer loop
      vertex 46.2045 -78.2 6.36108
      vertex 46.3079 -73.19 6.53364
      vertex 46.2045 -73.19 6.36108
    endloop
  endfacet
  facet normal -0.857791 0 0.513999
    outer loop
      vertex 46.3079 -73.19 6.53364
      vertex 46.2045 -78.2 6.36108
      vertex 46.3079 -78.2 6.53364
    endloop
  endfacet
  facet normal 0.803311 0 -0.59556
    outer loop
      vertex 42.9153 -78.2 8.80051
      vertex 42.7955 -73.19 8.63892
      vertex 42.9153 -73.19 8.80051
    endloop
  endfacet
  facet normal 0.803311 0 -0.59556
    outer loop
      vertex 42.7955 -73.19 8.63892
      vertex 42.9153 -78.2 8.80051
      vertex 42.7955 -78.2 8.63892
    endloop
  endfacet
  facet normal -0.941663 0 -0.336557
    outer loop
      vertex 46.4617 -78.2 8.09508
      vertex 46.394 -73.19 8.2845
      vertex 46.4617 -73.19 8.09508
    endloop
  endfacet
  facet normal -0.941663 -0 -0.336557
    outer loop
      vertex 46.394 -73.19 8.2845
      vertex 46.4617 -78.2 8.09508
      vertex 46.394 -78.2 8.2845
    endloop
  endfacet
  facet normal 0.903823 -0 0.427907
    outer loop
      vertex 42.606 -78.2 6.7155
      vertex 42.6921 -73.19 6.53364
      vertex 42.606 -73.19 6.7155
    endloop
  endfacet
  facet normal 0.903823 0 0.427907
    outer loop
      vertex 42.6921 -73.19 6.53364
      vertex 42.606 -78.2 6.7155
      vertex 42.6921 -78.2 6.53364
    endloop
  endfacet
  facet normal 0.24291 0 -0.970049
    outer loop
      vertex 43.9049 -78.2 9.46173
      vertex 44.1001 -73.19 9.51061
      vertex 44.1001 -78.2 9.51061
    endloop
  endfacet
  facet normal 0.24291 0 -0.970049
    outer loop
      vertex 44.1001 -73.19 9.51061
      vertex 43.9049 -78.2 9.46173
      vertex 43.9049 -73.19 9.46173
    endloop
  endfacet
  facet normal -0.98919 0 0.146639
    outer loop
      vertex 46.5106 -78.2 7.10006
      vertex 46.5401 -73.19 7.29906
      vertex 46.5106 -73.19 7.10006
    endloop
  endfacet
  facet normal -0.98919 0 0.146639
    outer loop
      vertex 46.5401 -73.19 7.29906
      vertex 46.5106 -78.2 7.10006
      vertex 46.5401 -78.2 7.29906
    endloop
  endfacet
  facet normal 0.941663 -0 0.336557
    outer loop
      vertex 42.5383 -78.2 6.90492
      vertex 42.606 -73.19 6.7155
      vertex 42.5383 -73.19 6.90492
    endloop
  endfacet
  facet normal 0.941663 0 0.336557
    outer loop
      vertex 42.606 -73.19 6.7155
      vertex 42.5383 -78.2 6.90492
      vertex 42.606 -78.2 6.7155
    endloop
  endfacet
  facet normal 0.146736 0 0.989176
    outer loop
      vertex 44.1001 -73.19 5.48939
      vertex 44.2991 -78.2 5.45987
      vertex 44.2991 -73.19 5.45987
    endloop
  endfacet
  facet normal 0.146736 0 0.989176
    outer loop
      vertex 44.2991 -78.2 5.45987
      vertex 44.1001 -73.19 5.48939
      vertex 44.1001 -78.2 5.48939
    endloop
  endfacet
  facet normal 0.941663 0 -0.336557
    outer loop
      vertex 42.606 -78.2 8.2845
      vertex 42.5383 -73.19 8.09508
      vertex 42.606 -73.19 8.2845
    endloop
  endfacet
  facet normal 0.941663 0 -0.336557
    outer loop
      vertex 42.5383 -73.19 8.09508
      vertex 42.606 -78.2 8.2845
      vertex 42.5383 -78.2 8.09508
    endloop
  endfacet
  facet normal 0.970011 0 -0.243062
    outer loop
      vertex 42.5383 -78.2 8.09508
      vertex 42.4894 -73.19 7.89993
      vertex 42.5383 -73.19 8.09508
    endloop
  endfacet
  facet normal 0.970011 0 -0.243062
    outer loop
      vertex 42.4894 -73.19 7.89993
      vertex 42.5383 -78.2 8.09508
      vertex 42.4894 -78.2 7.89993
    endloop
  endfacet
  facet normal -0.595665 0 -0.803233
    outer loop
      vertex 45.6389 -78.2 9.20451
      vertex 45.8005 -73.19 9.08467
      vertex 45.8005 -78.2 9.08467
    endloop
  endfacet
  facet normal -0.595665 0 -0.803233
    outer loop
      vertex 45.8005 -73.19 9.08467
      vertex 45.6389 -78.2 9.20451
      vertex 45.6389 -73.19 9.20451
    endloop
  endfacet
  facet normal 0.67146 0 0.741041
    outer loop
      vertex 43.0504 -73.19 6.05043
      vertex 43.1995 -78.2 5.91533
      vertex 43.1995 -73.19 5.91533
    endloop
  endfacet
  facet normal 0.67146 0 0.741041
    outer loop
      vertex 43.1995 -78.2 5.91533
      vertex 43.0504 -73.19 6.05043
      vertex 43.0504 -78.2 6.05043
    endloop
  endfacet
  facet normal 0.51424 0 0.857646
    outer loop
      vertex 43.3611 -73.19 5.79549
      vertex 43.5336 -78.2 5.69206
      vertex 43.5336 -73.19 5.69206
    endloop
  endfacet
  facet normal 0.51424 0 0.857646
    outer loop
      vertex 43.5336 -78.2 5.69206
      vertex 43.3611 -73.19 5.79549
      vertex 43.3611 -78.2 5.79549
    endloop
  endfacet
  facet normal 0.740951 -0 0.671559
    outer loop
      vertex 42.9153 -78.2 6.19949
      vertex 43.0504 -73.19 6.05043
      vertex 42.9153 -73.19 6.19949
    endloop
  endfacet
  facet normal 0.740951 0 0.671559
    outer loop
      vertex 43.0504 -73.19 6.05043
      vertex 42.9153 -78.2 6.19949
      vertex 43.0504 -78.2 6.05043
    endloop
  endfacet
  facet normal 0.427465 0 -0.904032
    outer loop
      vertex 43.5336 -78.2 9.30794
      vertex 43.7155 -73.19 9.39395
      vertex 43.7155 -78.2 9.39395
    endloop
  endfacet
  facet normal 0.427465 0 -0.904032
    outer loop
      vertex 43.7155 -73.19 9.39395
      vertex 43.5336 -78.2 9.30794
      vertex 43.5336 -73.19 9.30794
    endloop
  endfacet
  facet normal -0.51424 0 0.857646
    outer loop
      vertex 45.4664 -73.19 5.69206
      vertex 45.6389 -78.2 5.79549
      vertex 45.6389 -73.19 5.79549
    endloop
  endfacet
  facet normal -0.51424 0 0.857646
    outer loop
      vertex 45.6389 -78.2 5.79549
      vertex 45.4664 -73.19 5.69206
      vertex 45.4664 -78.2 5.69206
    endloop
  endfacet
  facet normal -0.146736 0 0.989176
    outer loop
      vertex 44.7009 -73.19 5.45987
      vertex 44.8999 -78.2 5.48939
      vertex 44.8999 -73.19 5.48939
    endloop
  endfacet
  facet normal -0.146736 0 0.989176
    outer loop
      vertex 44.8999 -78.2 5.48939
      vertex 44.7009 -73.19 5.45987
      vertex 44.7009 -78.2 5.45987
    endloop
  endfacet
  facet normal 0 -1 0
    outer loop
      vertex 44.2991 -73.19 9.54013
      vertex 44.7009 -73.19 9.54013
      vertex 44.5 -73.19 9.55
    endloop
  endfacet
  facet normal 0 -1 0
    outer loop
      vertex 44.1001 -73.19 9.51061
      vertex 44.7009 -73.19 9.54013
      vertex 44.2991 -73.19 9.54013
    endloop
  endfacet
  facet normal 0 -1 0
    outer loop
      vertex 44.1001 -73.19 9.51061
      vertex 44.8999 -73.19 9.51061
      vertex 44.7009 -73.19 9.54013
    endloop
  endfacet
  facet normal 0 -1 0
    outer loop
      vertex 43.9049 -73.19 9.46173
      vertex 44.8999 -73.19 9.51061
      vertex 44.1001 -73.19 9.51061
    endloop
  endfacet
  facet normal 0 -1 0
    outer loop
      vertex 43.9049 -73.19 9.46173
      vertex 45.0951 -73.19 9.46173
      vertex 44.8999 -73.19 9.51061
    endloop
  endfacet
  facet normal 0 -1 0
    outer loop
      vertex 43.7155 -73.19 9.39395
      vertex 45.0951 -73.19 9.46173
      vertex 43.9049 -73.19 9.46173
    endloop
  endfacet
  facet normal 0 -1 0
    outer loop
      vertex 43.7155 -73.19 9.39395
      vertex 45.2845 -73.19 9.39395
      vertex 45.0951 -73.19 9.46173
    endloop
  endfacet
  facet normal 0 -1 0
    outer loop
      vertex 43.5336 -73.19 9.30794
      vertex 45.2845 -73.19 9.39395
      vertex 43.7155 -73.19 9.39395
    endloop
  endfacet
  facet normal 0 -1 0
    outer loop
      vertex 43.5336 -73.19 9.30794
      vertex 45.4664 -73.19 9.30794
      vertex 45.2845 -73.19 9.39395
    endloop
  endfacet
  facet normal 0 -1 0
    outer loop
      vertex 43.3611 -73.19 9.20451
      vertex 45.4664 -73.19 9.30794
      vertex 43.5336 -73.19 9.30794
    endloop
  endfacet
  facet normal 0 -1 0
    outer loop
      vertex 43.3611 -73.19 9.20451
      vertex 45.6389 -73.19 9.20451
      vertex 45.4664 -73.19 9.30794
    endloop
  endfacet
  facet normal 0 -1 0
    outer loop
      vertex 43.1995 -73.19 9.08467
      vertex 45.6389 -73.19 9.20451
      vertex 43.3611 -73.19 9.20451
    endloop
  endfacet
  facet normal 0 -1 0
    outer loop
      vertex 43.1995 -73.19 9.08467
      vertex 45.8005 -73.19 9.08467
      vertex 45.6389 -73.19 9.20451
    endloop
  endfacet
  facet normal 0 -1 0
    outer loop
      vertex 43.0504 -73.19 8.94957
      vertex 45.8005 -73.19 9.08467
      vertex 43.1995 -73.19 9.08467
    endloop
  endfacet
  facet normal 0 -1 0
    outer loop
      vertex 43.0504 -73.19 8.94957
      vertex 45.9496 -73.19 8.94957
      vertex 45.8005 -73.19 9.08467
    endloop
  endfacet
  facet normal 0 -1 0
    outer loop
      vertex 42.9153 -73.19 8.80051
      vertex 45.9496 -73.19 8.94957
      vertex 43.0504 -73.19 8.94957
    endloop
  endfacet
  facet normal 0 -1 0
    outer loop
      vertex 42.9153 -73.19 8.80051
      vertex 46.0847 -73.19 8.80051
      vertex 45.9496 -73.19 8.94957
    endloop
  endfacet
  facet normal 0 -1 0
    outer loop
      vertex 42.7955 -73.19 8.63892
      vertex 46.0847 -73.19 8.80051
      vertex 42.9153 -73.19 8.80051
    endloop
  endfacet
  facet normal 0 -1 0
    outer loop
      vertex 42.7955 -73.19 8.63892
      vertex 46.2045 -73.19 8.63892
      vertex 46.0847 -73.19 8.80051
    endloop
  endfacet
  facet normal 0 -1 0
    outer loop
      vertex 42.6921 -73.19 8.46636
      vertex 46.2045 -73.19 8.63892
      vertex 42.7955 -73.19 8.63892
    endloop
  endfacet
  facet normal 0 -1 0
    outer loop
      vertex 42.6921 -73.19 8.46636
      vertex 46.3079 -73.19 8.46636
      vertex 46.2045 -73.19 8.63892
    endloop
  endfacet
  facet normal 0 -1 0
    outer loop
      vertex 42.606 -73.19 8.2845
      vertex 46.3079 -73.19 8.46636
      vertex 42.6921 -73.19 8.46636
    endloop
  endfacet
  facet normal 0 -1 0
    outer loop
      vertex 42.606 -73.19 8.2845
      vertex 46.394 -73.19 8.2845
      vertex 46.3079 -73.19 8.46636
    endloop
  endfacet
  facet normal 0 -1 0
    outer loop
      vertex 42.5383 -73.19 8.09508
      vertex 46.394 -73.19 8.2845
      vertex 42.606 -73.19 8.2845
    endloop
  endfacet
  facet normal 0 -1 0
    outer loop
      vertex 42.5383 -73.19 8.09508
      vertex 46.4617 -73.19 8.09508
      vertex 46.394 -73.19 8.2845
    endloop
  endfacet
  facet normal 0 -1 0
    outer loop
      vertex 42.4894 -73.19 7.89993
      vertex 46.4617 -73.19 8.09508
      vertex 42.5383 -73.19 8.09508
    endloop
  endfacet
  facet normal 0 -1 0
    outer loop
      vertex 42.4894 -73.19 7.89993
      vertex 46.5106 -73.19 7.89993
      vertex 46.4617 -73.19 8.09508
    endloop
  endfacet
  facet normal 0 -1 0
    outer loop
      vertex 42.4599 -73.19 7.70093
      vertex 46.5106 -73.19 7.89993
      vertex 42.4894 -73.19 7.89993
    endloop
  endfacet
  facet normal 0 -1 0
    outer loop
      vertex 42.4599 -73.19 7.70093
      vertex 46.5401 -73.19 7.70093
      vertex 46.5106 -73.19 7.89993
    endloop
  endfacet
  facet normal 0 -1 0
    outer loop
      vertex 42.45 -73.19 7.5
      vertex 46.5401 -73.19 7.70093
      vertex 42.4599 -73.19 7.70093
    endloop
  endfacet
  facet normal 0 -1 0
    outer loop
      vertex 42.45 -73.19 7.5
      vertex 46.55 -73.19 7.5
      vertex 46.5401 -73.19 7.70093
    endloop
  endfacet
  facet normal 0 -1 0
    outer loop
      vertex 42.4599 -73.19 7.29906
      vertex 46.55 -73.19 7.5
      vertex 42.45 -73.19 7.5
    endloop
  endfacet
  facet normal 0 -1 0
    outer loop
      vertex 42.4599 -73.19 7.29906
      vertex 46.5401 -73.19 7.29906
      vertex 46.55 -73.19 7.5
    endloop
  endfacet
  facet normal 0 -1 0
    outer loop
      vertex 42.4894 -73.19 7.10006
      vertex 46.5401 -73.19 7.29906
      vertex 42.4599 -73.19 7.29906
    endloop
  endfacet
  facet normal 0 -1 0
    outer loop
      vertex 42.4894 -73.19 7.10006
      vertex 46.5106 -73.19 7.10006
      vertex 46.5401 -73.19 7.29906
    endloop
  endfacet
  facet normal 0 -1 0
    outer loop
      vertex 42.5383 -73.19 6.90492
      vertex 46.5106 -73.19 7.10006
      vertex 42.4894 -73.19 7.10006
    endloop
  endfacet
  facet normal 0 -1 0
    outer loop
      vertex 42.5383 -73.19 6.90492
      vertex 46.4617 -73.19 6.90492
      vertex 46.5106 -73.19 7.10006
    endloop
  endfacet
  facet normal 0 -1 0
    outer loop
      vertex 42.606 -73.19 6.7155
      vertex 46.4617 -73.19 6.90492
      vertex 42.5383 -73.19 6.90492
    endloop
  endfacet
  facet normal 0 -1 0
    outer loop
      vertex 42.606 -73.19 6.7155
      vertex 46.394 -73.19 6.7155
      vertex 46.4617 -73.19 6.90492
    endloop
  endfacet
  facet normal 0 -1 0
    outer loop
      vertex 42.6921 -73.19 6.53364
      vertex 46.394 -73.19 6.7155
      vertex 42.606 -73.19 6.7155
    endloop
  endfacet
  facet normal 0 -1 0
    outer loop
      vertex 42.6921 -73.19 6.53364
      vertex 46.3079 -73.19 6.53364
      vertex 46.394 -73.19 6.7155
    endloop
  endfacet
  facet normal 0 -1 0
    outer loop
      vertex 42.7955 -73.19 6.36108
      vertex 46.3079 -73.19 6.53364
      vertex 42.6921 -73.19 6.53364
    endloop
  endfacet
  facet normal 0 -1 0
    outer loop
      vertex 42.7955 -73.19 6.36108
      vertex 46.2045 -73.19 6.36108
      vertex 46.3079 -73.19 6.53364
    endloop
  endfacet
  facet normal 0 -1 0
    outer loop
      vertex 42.9153 -73.19 6.19949
      vertex 46.2045 -73.19 6.36108
      vertex 42.7955 -73.19 6.36108
    endloop
  endfacet
  facet normal 0 -1 0
    outer loop
      vertex 42.9153 -73.19 6.19949
      vertex 46.0847 -73.19 6.19949
      vertex 46.2045 -73.19 6.36108
    endloop
  endfacet
  facet normal 0 -1 0
    outer loop
      vertex 43.0504 -73.19 6.05043
      vertex 46.0847 -73.19 6.19949
      vertex 42.9153 -73.19 6.19949
    endloop
  endfacet
  facet normal 0 -1 0
    outer loop
      vertex 43.0504 -73.19 6.05043
      vertex 45.9496 -73.19 6.05043
      vertex 46.0847 -73.19 6.19949
    endloop
  endfacet
  facet normal 0 -1 0
    outer loop
      vertex 43.1995 -73.19 5.91533
      vertex 45.9496 -73.19 6.05043
      vertex 43.0504 -73.19 6.05043
    endloop
  endfacet
  facet normal 0 -1 0
    outer loop
      vertex 43.1995 -73.19 5.91533
      vertex 45.8005 -73.19 5.91533
      vertex 45.9496 -73.19 6.05043
    endloop
  endfacet
  facet normal 0 -1 0
    outer loop
      vertex 43.3611 -73.19 5.79549
      vertex 45.8005 -73.19 5.91533
      vertex 43.1995 -73.19 5.91533
    endloop
  endfacet
  facet normal 0 -1 0
    outer loop
      vertex 43.3611 -73.19 5.79549
      vertex 45.6389 -73.19 5.79549
      vertex 45.8005 -73.19 5.91533
    endloop
  endfacet
  facet normal 0 -1 0
    outer loop
      vertex 43.5336 -73.19 5.69206
      vertex 45.6389 -73.19 5.79549
      vertex 43.3611 -73.19 5.79549
    endloop
  endfacet
  facet normal 0 -1 0
    outer loop
      vertex 43.5336 -73.19 5.69206
      vertex 45.4664 -73.19 5.69206
      vertex 45.6389 -73.19 5.79549
    endloop
  endfacet
  facet normal 0 -1 0
    outer loop
      vertex 43.7155 -73.19 5.60605
      vertex 45.4664 -73.19 5.69206
      vertex 43.5336 -73.19 5.69206
    endloop
  endfacet
  facet normal 0 -1 0
    outer loop
      vertex 43.7155 -73.19 5.60605
      vertex 45.2845 -73.19 5.60605
      vertex 45.4664 -73.19 5.69206
    endloop
  endfacet
  facet normal 0 -1 0
    outer loop
      vertex 43.9049 -73.19 5.53827
      vertex 45.2845 -73.19 5.60605
      vertex 43.7155 -73.19 5.60605
    endloop
  endfacet
  facet normal 0 -1 0
    outer loop
      vertex 43.9049 -73.19 5.53827
      vertex 45.0951 -73.19 5.53827
      vertex 45.2845 -73.19 5.60605
    endloop
  endfacet
  facet normal 0 -1 0
    outer loop
      vertex 44.1001 -73.19 5.48939
      vertex 45.0951 -73.19 5.53827
      vertex 43.9049 -73.19 5.53827
    endloop
  endfacet
  facet normal 0 -1 0
    outer loop
      vertex 44.1001 -73.19 5.48939
      vertex 44.8999 -73.19 5.48939
      vertex 45.0951 -73.19 5.53827
    endloop
  endfacet
  facet normal 0 -1 0
    outer loop
      vertex 44.2991 -73.19 5.45987
      vertex 44.8999 -73.19 5.48939
      vertex 44.1001 -73.19 5.48939
    endloop
  endfacet
  facet normal 0 -1 0
    outer loop
      vertex 44.2991 -73.19 5.45987
      vertex 44.7009 -73.19 5.45987
      vertex 44.8999 -73.19 5.48939
    endloop
  endfacet
  facet normal -0 -1 0
    outer loop
      vertex 44.7009 -73.19 5.45987
      vertex 44.2991 -73.19 5.45987
      vertex 44.5 -73.19 5.45
    endloop
  endfacet
  facet normal 0.740951 0 -0.671559
    outer loop
      vertex 43.0504 -78.2 8.94957
      vertex 42.9153 -73.19 8.80051
      vertex 43.0504 -73.19 8.94957
    endloop
  endfacet
  facet normal 0.740951 0 -0.671559
    outer loop
      vertex 42.9153 -73.19 8.80051
      vertex 43.0504 -78.2 8.94957
      vertex 42.9153 -78.2 8.80051
    endloop
  endfacet
  facet normal 0 0.95698 -0.290152
    outer loop
      vertex -66 -65.2106 3.44993
      vertex -71 -65.094 3.8345
      vertex -66 -65.094 3.8345
    endloop
  endfacet
  facet normal 0 0.95698 -0.290152
    outer loop
      vertex -71 -65.094 3.8345
      vertex -66 -65.2106 3.44993
      vertex -71 -65.2106 3.44993
    endloop
  endfacet
  facet normal 0 -0.290268 -0.956945
    outer loop
      vertex -71 -62.8001 5.06061
      vertex -66 -62.4155 4.94395
      vertex -66 -62.8001 5.06061
    endloop
  endfacet
  facet normal -0 -0.290268 -0.956945
    outer loop
      vertex -66 -62.4155 4.94395
      vertex -71 -62.8001 5.06061
      vertex -71 -62.4155 4.94395
    endloop
  endfacet
  facet normal 0 -0.0980252 -0.995184
    outer loop
      vertex -71 -63.2 5.1
      vertex -66 -62.8001 5.06061
      vertex -66 -63.2 5.1
    endloop
  endfacet
  facet normal -0 -0.0980252 -0.995184
    outer loop
      vertex -66 -62.8001 5.06061
      vertex -71 -63.2 5.1
      vertex -71 -62.8001 5.06061
    endloop
  endfacet
  facet normal 0 -0.471415 -0.881912
    outer loop
      vertex -71 -62.4155 4.94395
      vertex -66 -62.0611 4.75451
      vertex -66 -62.4155 4.94395
    endloop
  endfacet
  facet normal -0 -0.471415 -0.881912
    outer loop
      vertex -66 -62.0611 4.75451
      vertex -71 -62.4155 4.94395
      vertex -71 -62.0611 4.75451
    endloop
  endfacet
  facet normal 0 0.0980252 -0.995184
    outer loop
      vertex -71 -63.5999 5.06061
      vertex -66 -63.2 5.1
      vertex -66 -63.5999 5.06061
    endloop
  endfacet
  facet normal 0 0.0980252 -0.995184
    outer loop
      vertex -66 -63.2 5.1
      vertex -71 -63.5999 5.06061
      vertex -71 -63.2 5.1
    endloop
  endfacet
  facet normal 0 0.881861 0.47151
    outer loop
      vertex -66 -64.9045 1.91108
      vertex -71.1 -65.094 2.2655
      vertex -66 -65.094 2.2655
    endloop
  endfacet
  facet normal 0 0.881861 0.47151
    outer loop
      vertex -71.1 -65.094 2.2655
      vertex -66 -64.9045 1.91108
      vertex -71.1 -64.9045 1.91108
    endloop
  endfacet
  facet normal 0 -0.773064 -0.634328
    outer loop
      vertex -71 -61.4955 4.18892
      vertex -66 -61.7504 4.49957
      vertex -71 -61.7504 4.49957
    endloop
  endfacet
  facet normal 0 -0.773064 -0.634328
    outer loop
      vertex -66 -61.7504 4.49957
      vertex -71 -61.4955 4.18892
      vertex -66 -61.4955 4.18892
    endloop
  endfacet
  facet normal 0 -0.995175 0.0981127
    outer loop
      vertex -71.1 -61.1549 3
      vertex -71.1 -61.1894 2.65006
      vertex -71 -61.1549 3
    endloop
  endfacet
  facet normal 0 -0.995232 0.0975328
    outer loop
      vertex -71 -61.1549 3
      vertex -66 -61.15 3.05
      vertex -71 -61.15 3.05
    endloop
  endfacet
  facet normal 0 -0.995175 0.0981127
    outer loop
      vertex -66 -61.1894 2.65006
      vertex -71 -61.1549 3
      vertex -71.1 -61.1894 2.65006
    endloop
  endfacet
  facet normal -5.12297e-06 -0.995182 0.0980402
    outer loop
      vertex -71 -61.1549 3
      vertex -66 -61.1894 2.65006
      vertex -66 -61.15 3.05
    endloop
  endfacet
  facet normal -0 0.471415 0.881912
    outer loop
      vertex -71.1 -63.9845 1.15605
      vertex -66 -64.3389 1.34549
      vertex -66 -63.9845 1.15605
    endloop
  endfacet
  facet normal 0 0.471415 0.881912
    outer loop
      vertex -66 -64.3389 1.34549
      vertex -71.1 -63.9845 1.15605
      vertex -71.1 -64.3389 1.34549
    endloop
  endfacet
  facet normal -1 0 0
    outer loop
      vertex -66 -61.1894 2.65006
      vertex -66 -61.1894 3.44993
      vertex -66 -61.15 3.05
    endloop
  endfacet
  facet normal -1 0 0
    outer loop
      vertex -66 -61.306 2.2655
      vertex -66 -61.1894 3.44993
      vertex -66 -61.1894 2.65006
    endloop
  endfacet
  facet normal -1 0 0
    outer loop
      vertex -66 -61.306 2.2655
      vertex -66 -61.306 3.8345
      vertex -66 -61.1894 3.44993
    endloop
  endfacet
  facet normal -1 0 0
    outer loop
      vertex -66 -61.4955 1.91108
      vertex -66 -61.306 3.8345
      vertex -66 -61.306 2.2655
    endloop
  endfacet
  facet normal -1 0 0
    outer loop
      vertex -66 -61.4955 1.91108
      vertex -66 -61.4955 4.18892
      vertex -66 -61.306 3.8345
    endloop
  endfacet
  facet normal -1 0 0
    outer loop
      vertex -66 -61.7504 1.60043
      vertex -66 -61.4955 4.18892
      vertex -66 -61.4955 1.91108
    endloop
  endfacet
  facet normal -1 0 0
    outer loop
      vertex -66 -61.7504 1.60043
      vertex -66 -61.7504 4.49957
      vertex -66 -61.4955 4.18892
    endloop
  endfacet
  facet normal -1 0 0
    outer loop
      vertex -66 -62.0611 1.34549
      vertex -66 -61.7504 4.49957
      vertex -66 -61.7504 1.60043
    endloop
  endfacet
  facet normal -1 0 0
    outer loop
      vertex -66 -62.0611 1.34549
      vertex -66 -62.0611 4.75451
      vertex -66 -61.7504 4.49957
    endloop
  endfacet
  facet normal -1 0 0
    outer loop
      vertex -66 -62.4155 1.15605
      vertex -66 -62.0611 4.75451
      vertex -66 -62.0611 1.34549
    endloop
  endfacet
  facet normal -1 0 0
    outer loop
      vertex -66 -62.4155 1.15605
      vertex -66 -62.4155 4.94395
      vertex -66 -62.0611 4.75451
    endloop
  endfacet
  facet normal -1 0 0
    outer loop
      vertex -66 -62.8001 1.03939
      vertex -66 -62.4155 4.94395
      vertex -66 -62.4155 1.15605
    endloop
  endfacet
  facet normal -1 0 0
    outer loop
      vertex -66 -62.8001 1.03939
      vertex -66 -62.8001 5.06061
      vertex -66 -62.4155 4.94395
    endloop
  endfacet
  facet normal -1 0 0
    outer loop
      vertex -66 -63.2 1
      vertex -66 -62.8001 5.06061
      vertex -66 -62.8001 1.03939
    endloop
  endfacet
  facet normal -1 0 0
    outer loop
      vertex -66 -63.2 1
      vertex -66 -63.2 5.1
      vertex -66 -62.8001 5.06061
    endloop
  endfacet
  facet normal -1 0 0
    outer loop
      vertex -66 -63.5999 1.03939
      vertex -66 -63.2 5.1
      vertex -66 -63.2 1
    endloop
  endfacet
  facet normal -1 0 0
    outer loop
      vertex -66 -63.5999 1.03939
      vertex -66 -63.5999 5.06061
      vertex -66 -63.2 5.1
    endloop
  endfacet
  facet normal -1 0 0
    outer loop
      vertex -66 -63.9845 1.15605
      vertex -66 -63.5999 5.06061
      vertex -66 -63.5999 1.03939
    endloop
  endfacet
  facet normal -1 0 0
    outer loop
      vertex -66 -63.9845 1.15605
      vertex -66 -63.9845 4.94395
      vertex -66 -63.5999 5.06061
    endloop
  endfacet
  facet normal -1 0 0
    outer loop
      vertex -66 -64.3389 1.34549
      vertex -66 -63.9845 4.94395
      vertex -66 -63.9845 1.15605
    endloop
  endfacet
  facet normal -1 0 0
    outer loop
      vertex -66 -64.3389 1.34549
      vertex -66 -64.3389 4.75451
      vertex -66 -63.9845 4.94395
    endloop
  endfacet
  facet normal -1 0 0
    outer loop
      vertex -66 -64.6496 1.60043
      vertex -66 -64.3389 4.75451
      vertex -66 -64.3389 1.34549
    endloop
  endfacet
  facet normal -1 0 0
    outer loop
      vertex -66 -64.6496 1.60043
      vertex -66 -64.6496 4.49957
      vertex -66 -64.3389 4.75451
    endloop
  endfacet
  facet normal -1 0 0
    outer loop
      vertex -66 -64.9045 1.91108
      vertex -66 -64.6496 4.49957
      vertex -66 -64.6496 1.60043
    endloop
  endfacet
  facet normal -1 0 0
    outer loop
      vertex -66 -64.9045 1.91108
      vertex -66 -64.9045 4.18892
      vertex -66 -64.6496 4.49957
    endloop
  endfacet
  facet normal -1 0 0
    outer loop
      vertex -66 -65.094 2.2655
      vertex -66 -64.9045 4.18892
      vertex -66 -64.9045 1.91108
    endloop
  endfacet
  facet normal -1 0 0
    outer loop
      vertex -66 -65.094 2.2655
      vertex -66 -65.094 3.8345
      vertex -66 -64.9045 4.18892
    endloop
  endfacet
  facet normal -1 0 0
    outer loop
      vertex -66 -65.2106 2.65006
      vertex -66 -65.094 3.8345
      vertex -66 -65.094 2.2655
    endloop
  endfacet
  facet normal -1 0 0
    outer loop
      vertex -66 -65.2106 2.65006
      vertex -66 -65.2106 3.44993
      vertex -66 -65.094 3.8345
    endloop
  endfacet
  facet normal -1 0 -0
    outer loop
      vertex -66 -65.2106 3.44993
      vertex -66 -65.2106 2.65006
      vertex -66 -65.25 3.05
    endloop
  endfacet
  facet normal 0 0.995182 -0.0980426
    outer loop
      vertex -66 -65.25 3.05
      vertex -71 -65.2106 3.44993
      vertex -66 -65.2106 3.44993
    endloop
  endfacet
  facet normal 0 0.995182 -0.0980426
    outer loop
      vertex -71 -65.2106 3.44993
      vertex -66 -65.25 3.05
      vertex -71 -65.25 3.05
    endloop
  endfacet
  facet normal 0 0.290268 -0.956945
    outer loop
      vertex -71 -63.9845 4.94395
      vertex -66 -63.5999 5.06061
      vertex -66 -63.9845 4.94395
    endloop
  endfacet
  facet normal 0 0.290268 -0.956945
    outer loop
      vertex -66 -63.5999 5.06061
      vertex -71 -63.9845 4.94395
      vertex -71 -63.5999 5.06061
    endloop
  endfacet
  facet normal 0 0.634327 -0.773065
    outer loop
      vertex -71 -64.6496 4.49957
      vertex -66 -64.3389 4.75451
      vertex -66 -64.6496 4.49957
    endloop
  endfacet
  facet normal 0 0.634327 -0.773065
    outer loop
      vertex -66 -64.3389 4.75451
      vertex -71 -64.6496 4.49957
      vertex -71 -64.3389 4.75451
    endloop
  endfacet
  facet normal 0 -0.773064 0.634328
    outer loop
      vertex -71.1 -61.7504 1.60043
      vertex -66 -61.4955 1.91108
      vertex -71.1 -61.4955 1.91108
    endloop
  endfacet
  facet normal 0 -0.773064 0.634328
    outer loop
      vertex -66 -61.4955 1.91108
      vertex -71.1 -61.7504 1.60043
      vertex -66 -61.7504 1.60043
    endloop
  endfacet
  facet normal 0 0.471415 -0.881912
    outer loop
      vertex -71 -64.3389 4.75451
      vertex -66 -63.9845 4.94395
      vertex -66 -64.3389 4.75451
    endloop
  endfacet
  facet normal 0 0.471415 -0.881912
    outer loop
      vertex -66 -63.9845 4.94395
      vertex -71 -64.3389 4.75451
      vertex -71 -63.9845 4.94395
    endloop
  endfacet
  facet normal 0 0.881861 -0.47151
    outer loop
      vertex -66 -65.094 3.8345
      vertex -71 -64.9045 4.18892
      vertex -66 -64.9045 4.18892
    endloop
  endfacet
  facet normal 0 0.881861 -0.47151
    outer loop
      vertex -71 -64.9045 4.18892
      vertex -66 -65.094 3.8345
      vertex -71 -65.094 3.8345
    endloop
  endfacet
  facet normal -0 0.290268 0.956945
    outer loop
      vertex -71.1 -63.5999 1.03939
      vertex -66 -63.9845 1.15605
      vertex -66 -63.5999 1.03939
    endloop
  endfacet
  facet normal 0 0.290268 0.956945
    outer loop
      vertex -66 -63.9845 1.15605
      vertex -71.1 -63.5999 1.03939
      vertex -71.1 -63.9845 1.15605
    endloop
  endfacet
  facet normal 0 -0.634327 0.773065
    outer loop
      vertex -71.1 -61.7504 1.60043
      vertex -66 -62.0611 1.34549
      vertex -66 -61.7504 1.60043
    endloop
  endfacet
  facet normal 0 -0.634327 0.773065
    outer loop
      vertex -66 -62.0611 1.34549
      vertex -71.1 -61.7504 1.60043
      vertex -71.1 -62.0611 1.34549
    endloop
  endfacet
  facet normal 0 -0.634327 -0.773065
    outer loop
      vertex -71 -62.0611 4.75451
      vertex -66 -61.7504 4.49957
      vertex -66 -62.0611 4.75451
    endloop
  endfacet
  facet normal -0 -0.634327 -0.773065
    outer loop
      vertex -66 -61.7504 4.49957
      vertex -71 -62.0611 4.75451
      vertex -71 -61.7504 4.49957
    endloop
  endfacet
  facet normal 0 -0.881861 0.47151
    outer loop
      vertex -71.1 -61.4955 1.91108
      vertex -66 -61.306 2.2655
      vertex -71.1 -61.306 2.2655
    endloop
  endfacet
  facet normal 0 -0.881861 0.47151
    outer loop
      vertex -66 -61.306 2.2655
      vertex -71.1 -61.4955 1.91108
      vertex -66 -61.4955 1.91108
    endloop
  endfacet
  facet normal 0 -0.956978 0.290159
    outer loop
      vertex -71.1 -61.306 2.2655
      vertex -66 -61.1894 2.65006
      vertex -71.1 -61.1894 2.65006
    endloop
  endfacet
  facet normal 0 -0.956978 0.290159
    outer loop
      vertex -66 -61.1894 2.65006
      vertex -71.1 -61.306 2.2655
      vertex -66 -61.306 2.2655
    endloop
  endfacet
  facet normal 0 0.956978 0.290159
    outer loop
      vertex -66 -65.094 2.2655
      vertex -71.1 -65.2106 2.65006
      vertex -66 -65.2106 2.65006
    endloop
  endfacet
  facet normal 0 0.956978 0.290159
    outer loop
      vertex -71.1 -65.2106 2.65006
      vertex -66 -65.094 2.2655
      vertex -71.1 -65.094 2.2655
    endloop
  endfacet
  facet normal 1 0 0
    outer loop
      vertex -71.1 -61.1549 3
      vertex -71.1 -61.306 2.2655
      vertex -71.1 -61.1894 2.65006
    endloop
  endfacet
  facet normal 1 0 0
    outer loop
      vertex -71.1 -61.1549 3
      vertex -71.1 -61.4955 1.91108
      vertex -71.1 -61.306 2.2655
    endloop
  endfacet
  facet normal 1 0 0
    outer loop
      vertex -71.1 -61.1549 3
      vertex -71.1 -61.7504 1.60043
      vertex -71.1 -61.4955 1.91108
    endloop
  endfacet
  facet normal 1 0 0
    outer loop
      vertex -71.1 -61.1549 3
      vertex -71.1 -62.0611 1.34549
      vertex -71.1 -61.7504 1.60043
    endloop
  endfacet
  facet normal 1 0 0
    outer loop
      vertex -71.1 -61.1549 3
      vertex -71.1 -62.4155 1.15605
      vertex -71.1 -62.0611 1.34549
    endloop
  endfacet
  facet normal 1 0 0
    outer loop
      vertex -71.1 -61.1549 3
      vertex -71.1 -62.8001 1.03939
      vertex -71.1 -62.4155 1.15605
    endloop
  endfacet
  facet normal 1 0 0
    outer loop
      vertex -71.1 -61.1549 3
      vertex -71.1 -63.2 1
      vertex -71.1 -62.8001 1.03939
    endloop
  endfacet
  facet normal 1 0 0
    outer loop
      vertex -71.1 -61.1549 3
      vertex -71.1 -63.5999 1.03939
      vertex -71.1 -63.2 1
    endloop
  endfacet
  facet normal 1 0 0
    outer loop
      vertex -71.1 -61.1549 3
      vertex -71.1 -63.9845 1.15605
      vertex -71.1 -63.5999 1.03939
    endloop
  endfacet
  facet normal 1 0 0
    outer loop
      vertex -71.1 -61.1549 3
      vertex -71.1 -64.3389 1.34549
      vertex -71.1 -63.9845 1.15605
    endloop
  endfacet
  facet normal 1 0 0
    outer loop
      vertex -71.1 -61.1549 3
      vertex -71.1 -64.6496 1.60043
      vertex -71.1 -64.3389 1.34549
    endloop
  endfacet
  facet normal 1 0 0
    outer loop
      vertex -71.1 -61.1549 3
      vertex -71.1 -64.9045 1.91108
      vertex -71.1 -64.6496 1.60043
    endloop
  endfacet
  facet normal 1 0 0
    outer loop
      vertex -71.1 -61.1549 3
      vertex -71.1 -65.094 2.2655
      vertex -71.1 -64.9045 1.91108
    endloop
  endfacet
  facet normal 1 -0 0
    outer loop
      vertex -71.1 -65.2451 3
      vertex -71.1 -65.094 2.2655
      vertex -71.1 -61.1549 3
    endloop
  endfacet
  facet normal 1 0 0
    outer loop
      vertex -71.1 -65.094 2.2655
      vertex -71.1 -65.2451 3
      vertex -71.1 -65.2106 2.65006
    endloop
  endfacet
  facet normal 0 -0.95698 -0.290152
    outer loop
      vertex -71 -61.1894 3.44993
      vertex -66 -61.306 3.8345
      vertex -71 -61.306 3.8345
    endloop
  endfacet
  facet normal 0 -0.95698 -0.290152
    outer loop
      vertex -66 -61.306 3.8345
      vertex -71 -61.1894 3.44993
      vertex -66 -61.1894 3.44993
    endloop
  endfacet
  facet normal 0 0.773064 -0.634328
    outer loop
      vertex -66 -64.9045 4.18892
      vertex -71 -64.6496 4.49957
      vertex -66 -64.6496 4.49957
    endloop
  endfacet
  facet normal 0 0.773064 -0.634328
    outer loop
      vertex -71 -64.6496 4.49957
      vertex -66 -64.9045 4.18892
      vertex -71 -64.9045 4.18892
    endloop
  endfacet
  facet normal 0 -0.0980252 0.995184
    outer loop
      vertex -71.1 -62.8001 1.03939
      vertex -66 -63.2 1
      vertex -66 -62.8001 1.03939
    endloop
  endfacet
  facet normal 0 -0.0980252 0.995184
    outer loop
      vertex -66 -63.2 1
      vertex -71.1 -62.8001 1.03939
      vertex -71.1 -63.2 1
    endloop
  endfacet
  facet normal 0 -0.995182 -0.0980426
    outer loop
      vertex -71 -61.15 3.05
      vertex -66 -61.1894 3.44993
      vertex -71 -61.1894 3.44993
    endloop
  endfacet
  facet normal 0 -0.995182 -0.0980426
    outer loop
      vertex -66 -61.1894 3.44993
      vertex -71 -61.15 3.05
      vertex -66 -61.15 3.05
    endloop
  endfacet
  facet normal 0 -0.881861 -0.47151
    outer loop
      vertex -71 -61.306 3.8345
      vertex -66 -61.4955 4.18892
      vertex -71 -61.4955 4.18892
    endloop
  endfacet
  facet normal 0 -0.881861 -0.47151
    outer loop
      vertex -66 -61.4955 4.18892
      vertex -71 -61.306 3.8345
      vertex -66 -61.306 3.8345
    endloop
  endfacet
  facet normal -0 0.634327 0.773065
    outer loop
      vertex -71.1 -64.3389 1.34549
      vertex -66 -64.6496 1.60043
      vertex -66 -64.3389 1.34549
    endloop
  endfacet
  facet normal 0 0.634327 0.773065
    outer loop
      vertex -66 -64.6496 1.60043
      vertex -71.1 -64.3389 1.34549
      vertex -71.1 -64.6496 1.60043
    endloop
  endfacet
  facet normal 0 0.995232 0.0975328
    outer loop
      vertex -66 -65.25 3.05
      vertex -71 -65.2451 3
      vertex -71 -65.25 3.05
    endloop
  endfacet
  facet normal -5.12297e-06 0.995182 0.0980402
    outer loop
      vertex -66 -65.2106 2.65006
      vertex -71 -65.2451 3
      vertex -66 -65.25 3.05
    endloop
  endfacet
  facet normal -0 0.995175 0.0981127
    outer loop
      vertex -71.1 -65.2106 2.65006
      vertex -71 -65.2451 3
      vertex -66 -65.2106 2.65006
    endloop
  endfacet
  facet normal 0 0.995175 0.0981127
    outer loop
      vertex -71 -65.2451 3
      vertex -71.1 -65.2106 2.65006
      vertex -71.1 -65.2451 3
    endloop
  endfacet
  facet normal 0 0.773064 0.634328
    outer loop
      vertex -66 -64.6496 1.60043
      vertex -71.1 -64.9045 1.91108
      vertex -66 -64.9045 1.91108
    endloop
  endfacet
  facet normal 0 0.773064 0.634328
    outer loop
      vertex -71.1 -64.9045 1.91108
      vertex -66 -64.6496 1.60043
      vertex -71.1 -64.6496 1.60043
    endloop
  endfacet
  facet normal 0 -0.290268 0.956945
    outer loop
      vertex -71.1 -62.4155 1.15605
      vertex -66 -62.8001 1.03939
      vertex -66 -62.4155 1.15605
    endloop
  endfacet
  facet normal 0 -0.290268 0.956945
    outer loop
      vertex -66 -62.8001 1.03939
      vertex -71.1 -62.4155 1.15605
      vertex -71.1 -62.8001 1.03939
    endloop
  endfacet
  facet normal 0 -0.471415 0.881912
    outer loop
      vertex -71.1 -62.0611 1.34549
      vertex -66 -62.4155 1.15605
      vertex -66 -62.0611 1.34549
    endloop
  endfacet
  facet normal 0 -0.471415 0.881912
    outer loop
      vertex -66 -62.4155 1.15605
      vertex -71.1 -62.0611 1.34549
      vertex -71.1 -62.4155 1.15605
    endloop
  endfacet
  facet normal -0 0.0980252 0.995184
    outer loop
      vertex -71.1 -63.2 1
      vertex -66 -63.5999 1.03939
      vertex -66 -63.2 1
    endloop
  endfacet
  facet normal 0 0.0980252 0.995184
    outer loop
      vertex -66 -63.5999 1.03939
      vertex -71.1 -63.2 1
      vertex -71.1 -63.5999 1.03939
    endloop
  endfacet
  facet normal 0 -0.956978 0.290159
    outer loop
      vertex -71.1 65.094 2.2655
      vertex -66 65.2106 2.65006
      vertex -71.1 65.2106 2.65006
    endloop
  endfacet
  facet normal 0 -0.956978 0.290159
    outer loop
      vertex -66 65.2106 2.65006
      vertex -71.1 65.094 2.2655
      vertex -66 65.094 2.2655
    endloop
  endfacet
  facet normal 0 -0.290268 -0.956945
    outer loop
      vertex -71 63.5999 5.06061
      vertex -66 63.9845 4.94395
      vertex -66 63.5999 5.06061
    endloop
  endfacet
  facet normal -0 -0.290268 -0.956945
    outer loop
      vertex -66 63.9845 4.94395
      vertex -71 63.5999 5.06061
      vertex -71 63.9845 4.94395
    endloop
  endfacet
  facet normal 0 -0.0980252 -0.995184
    outer loop
      vertex -71 63.2 5.1
      vertex -66 63.5999 5.06061
      vertex -66 63.2 5.1
    endloop
  endfacet
  facet normal -0 -0.0980252 -0.995184
    outer loop
      vertex -66 63.5999 5.06061
      vertex -71 63.2 5.1
      vertex -71 63.5999 5.06061
    endloop
  endfacet
  facet normal 0 -0.471415 -0.881912
    outer loop
      vertex -71 63.9845 4.94395
      vertex -66 64.3389 4.75451
      vertex -66 63.9845 4.94395
    endloop
  endfacet
  facet normal -0 -0.471415 -0.881912
    outer loop
      vertex -66 64.3389 4.75451
      vertex -71 63.9845 4.94395
      vertex -71 64.3389 4.75451
    endloop
  endfacet
  facet normal 1 0 0
    outer loop
      vertex -71.1 65.2451 3
      vertex -71.1 65.094 2.2655
      vertex -71.1 65.2106 2.65006
    endloop
  endfacet
  facet normal 1 0 0
    outer loop
      vertex -71.1 65.2451 3
      vertex -71.1 64.9045 1.91108
      vertex -71.1 65.094 2.2655
    endloop
  endfacet
  facet normal 1 0 0
    outer loop
      vertex -71.1 65.2451 3
      vertex -71.1 64.6496 1.60043
      vertex -71.1 64.9045 1.91108
    endloop
  endfacet
  facet normal 1 0 0
    outer loop
      vertex -71.1 65.2451 3
      vertex -71.1 64.3389 1.34549
      vertex -71.1 64.6496 1.60043
    endloop
  endfacet
  facet normal 1 0 0
    outer loop
      vertex -71.1 65.2451 3
      vertex -71.1 63.9845 1.15605
      vertex -71.1 64.3389 1.34549
    endloop
  endfacet
  facet normal 1 0 0
    outer loop
      vertex -71.1 65.2451 3
      vertex -71.1 63.5999 1.03939
      vertex -71.1 63.9845 1.15605
    endloop
  endfacet
  facet normal 1 0 0
    outer loop
      vertex -71.1 65.2451 3
      vertex -71.1 63.2 1
      vertex -71.1 63.5999 1.03939
    endloop
  endfacet
  facet normal 1 0 0
    outer loop
      vertex -71.1 65.2451 3
      vertex -71.1 62.8001 1.03939
      vertex -71.1 63.2 1
    endloop
  endfacet
  facet normal 1 0 0
    outer loop
      vertex -71.1 65.2451 3
      vertex -71.1 62.4155 1.15605
      vertex -71.1 62.8001 1.03939
    endloop
  endfacet
  facet normal 1 0 0
    outer loop
      vertex -71.1 65.2451 3
      vertex -71.1 62.0611 1.34549
      vertex -71.1 62.4155 1.15605
    endloop
  endfacet
  facet normal 1 0 0
    outer loop
      vertex -71.1 65.2451 3
      vertex -71.1 61.7504 1.60043
      vertex -71.1 62.0611 1.34549
    endloop
  endfacet
  facet normal 1 0 0
    outer loop
      vertex -71.1 65.2451 3
      vertex -71.1 61.4955 1.91108
      vertex -71.1 61.7504 1.60043
    endloop
  endfacet
  facet normal 1 0 0
    outer loop
      vertex -71.1 65.2451 3
      vertex -71.1 61.306 2.2655
      vertex -71.1 61.4955 1.91108
    endloop
  endfacet
  facet normal 1 -0 0
    outer loop
      vertex -71.1 61.1549 3
      vertex -71.1 61.306 2.2655
      vertex -71.1 65.2451 3
    endloop
  endfacet
  facet normal 1 0 0
    outer loop
      vertex -71.1 61.306 2.2655
      vertex -71.1 61.1549 3
      vertex -71.1 61.1894 2.65006
    endloop
  endfacet
  facet normal -1 0 0
    outer loop
      vertex -66 65.2106 2.65006
      vertex -66 65.2106 3.44993
      vertex -66 65.25 3.05
    endloop
  endfacet
  facet normal -1 0 0
    outer loop
      vertex -66 65.094 2.2655
      vertex -66 65.2106 3.44993
      vertex -66 65.2106 2.65006
    endloop
  endfacet
  facet normal -1 0 0
    outer loop
      vertex -66 65.094 2.2655
      vertex -66 65.094 3.8345
      vertex -66 65.2106 3.44993
    endloop
  endfacet
  facet normal -1 0 0
    outer loop
      vertex -66 64.9045 1.91108
      vertex -66 65.094 3.8345
      vertex -66 65.094 2.2655
    endloop
  endfacet
  facet normal -1 0 0
    outer loop
      vertex -66 64.9045 1.91108
      vertex -66 64.9045 4.18892
      vertex -66 65.094 3.8345
    endloop
  endfacet
  facet normal -1 0 0
    outer loop
      vertex -66 64.6496 1.60043
      vertex -66 64.9045 4.18892
      vertex -66 64.9045 1.91108
    endloop
  endfacet
  facet normal -1 0 0
    outer loop
      vertex -66 64.6496 1.60043
      vertex -66 64.6496 4.49957
      vertex -66 64.9045 4.18892
    endloop
  endfacet
  facet normal -1 0 0
    outer loop
      vertex -66 64.3389 1.34549
      vertex -66 64.6496 4.49957
      vertex -66 64.6496 1.60043
    endloop
  endfacet
  facet normal -1 0 0
    outer loop
      vertex -66 64.3389 1.34549
      vertex -66 64.3389 4.75451
      vertex -66 64.6496 4.49957
    endloop
  endfacet
  facet normal -1 0 0
    outer loop
      vertex -66 63.9845 1.15605
      vertex -66 64.3389 4.75451
      vertex -66 64.3389 1.34549
    endloop
  endfacet
  facet normal -1 0 0
    outer loop
      vertex -66 63.9845 1.15605
      vertex -66 63.9845 4.94395
      vertex -66 64.3389 4.75451
    endloop
  endfacet
  facet normal -1 0 0
    outer loop
      vertex -66 63.5999 1.03939
      vertex -66 63.9845 4.94395
      vertex -66 63.9845 1.15605
    endloop
  endfacet
  facet normal -1 0 0
    outer loop
      vertex -66 63.5999 1.03939
      vertex -66 63.5999 5.06061
      vertex -66 63.9845 4.94395
    endloop
  endfacet
  facet normal -1 0 0
    outer loop
      vertex -66 63.2 1
      vertex -66 63.5999 5.06061
      vertex -66 63.5999 1.03939
    endloop
  endfacet
  facet normal -1 0 0
    outer loop
      vertex -66 63.2 1
      vertex -66 63.2 5.1
      vertex -66 63.5999 5.06061
    endloop
  endfacet
  facet normal -1 0 0
    outer loop
      vertex -66 62.8001 1.03939
      vertex -66 63.2 5.1
      vertex -66 63.2 1
    endloop
  endfacet
  facet normal -1 0 0
    outer loop
      vertex -66 62.8001 1.03939
      vertex -66 62.8001 5.06061
      vertex -66 63.2 5.1
    endloop
  endfacet
  facet normal -1 0 0
    outer loop
      vertex -66 62.4155 1.15605
      vertex -66 62.8001 5.06061
      vertex -66 62.8001 1.03939
    endloop
  endfacet
  facet normal -1 0 0
    outer loop
      vertex -66 62.4155 1.15605
      vertex -66 62.4155 4.94395
      vertex -66 62.8001 5.06061
    endloop
  endfacet
  facet normal -1 0 0
    outer loop
      vertex -66 62.0611 1.34549
      vertex -66 62.4155 4.94395
      vertex -66 62.4155 1.15605
    endloop
  endfacet
  facet normal -1 0 0
    outer loop
      vertex -66 62.0611 1.34549
      vertex -66 62.0611 4.75451
      vertex -66 62.4155 4.94395
    endloop
  endfacet
  facet normal -1 0 0
    outer loop
      vertex -66 61.7504 1.60043
      vertex -66 62.0611 4.75451
      vertex -66 62.0611 1.34549
    endloop
  endfacet
  facet normal -1 0 0
    outer loop
      vertex -66 61.7504 1.60043
      vertex -66 61.7504 4.49957
      vertex -66 62.0611 4.75451
    endloop
  endfacet
  facet normal -1 0 0
    outer loop
      vertex -66 61.4955 1.91108
      vertex -66 61.7504 4.49957
      vertex -66 61.7504 1.60043
    endloop
  endfacet
  facet normal -1 0 0
    outer loop
      vertex -66 61.4955 1.91108
      vertex -66 61.4955 4.18892
      vertex -66 61.7504 4.49957
    endloop
  endfacet
  facet normal -1 0 0
    outer loop
      vertex -66 61.306 2.2655
      vertex -66 61.4955 4.18892
      vertex -66 61.4955 1.91108
    endloop
  endfacet
  facet normal -1 0 0
    outer loop
      vertex -66 61.306 2.2655
      vertex -66 61.306 3.8345
      vertex -66 61.4955 4.18892
    endloop
  endfacet
  facet normal -1 0 0
    outer loop
      vertex -66 61.1894 2.65006
      vertex -66 61.306 3.8345
      vertex -66 61.306 2.2655
    endloop
  endfacet
  facet normal -1 0 0
    outer loop
      vertex -66 61.1894 2.65006
      vertex -66 61.1894 3.44993
      vertex -66 61.306 3.8345
    endloop
  endfacet
  facet normal -1 0 -0
    outer loop
      vertex -66 61.1894 3.44993
      vertex -66 61.1894 2.65006
      vertex -66 61.15 3.05
    endloop
  endfacet
  facet normal 0 0.95698 -0.290152
    outer loop
      vertex -66 61.1894 3.44993
      vertex -71 61.306 3.8345
      vertex -66 61.306 3.8345
    endloop
  endfacet
  facet normal 0 0.95698 -0.290152
    outer loop
      vertex -71 61.306 3.8345
      vertex -66 61.1894 3.44993
      vertex -71 61.1894 3.44993
    endloop
  endfacet
  facet normal 0 0.0980252 -0.995184
    outer loop
      vertex -71 62.8001 5.06061
      vertex -66 63.2 5.1
      vertex -66 62.8001 5.06061
    endloop
  endfacet
  facet normal 0 0.0980252 -0.995184
    outer loop
      vertex -66 63.2 5.1
      vertex -71 62.8001 5.06061
      vertex -71 63.2 5.1
    endloop
  endfacet
  facet normal 0 -0.634327 -0.773065
    outer loop
      vertex -71 64.3389 4.75451
      vertex -66 64.6496 4.49957
      vertex -66 64.3389 4.75451
    endloop
  endfacet
  facet normal -0 -0.634327 -0.773065
    outer loop
      vertex -66 64.6496 4.49957
      vertex -71 64.3389 4.75451
      vertex -71 64.6496 4.49957
    endloop
  endfacet
  facet normal 0 -0.634327 0.773065
    outer loop
      vertex -71.1 64.6496 1.60043
      vertex -66 64.3389 1.34549
      vertex -66 64.6496 1.60043
    endloop
  endfacet
  facet normal 0 -0.634327 0.773065
    outer loop
      vertex -66 64.3389 1.34549
      vertex -71.1 64.6496 1.60043
      vertex -71.1 64.3389 1.34549
    endloop
  endfacet
  facet normal -0 0.0980252 0.995184
    outer loop
      vertex -71.1 63.2 1
      vertex -66 62.8001 1.03939
      vertex -66 63.2 1
    endloop
  endfacet
  facet normal 0 0.0980252 0.995184
    outer loop
      vertex -66 62.8001 1.03939
      vertex -71.1 63.2 1
      vertex -71.1 62.8001 1.03939
    endloop
  endfacet
  facet normal 0 0.995232 0.0975328
    outer loop
      vertex -66 61.15 3.05
      vertex -71 61.1549 3
      vertex -71 61.15 3.05
    endloop
  endfacet
  facet normal -5.12297e-06 0.995182 0.0980402
    outer loop
      vertex -66 61.1894 2.65006
      vertex -71 61.1549 3
      vertex -66 61.15 3.05
    endloop
  endfacet
  facet normal -0 0.995175 0.0981127
    outer loop
      vertex -71.1 61.1894 2.65006
      vertex -71 61.1549 3
      vertex -66 61.1894 2.65006
    endloop
  endfacet
  facet normal 0 0.995175 0.0981127
    outer loop
      vertex -71 61.1549 3
      vertex -71.1 61.1894 2.65006
      vertex -71.1 61.1549 3
    endloop
  endfacet
  facet normal 0 0.290268 -0.956945
    outer loop
      vertex -71 62.4155 4.94395
      vertex -66 62.8001 5.06061
      vertex -66 62.4155 4.94395
    endloop
  endfacet
  facet normal 0 0.290268 -0.956945
    outer loop
      vertex -66 62.8001 5.06061
      vertex -71 62.4155 4.94395
      vertex -71 62.8001 5.06061
    endloop
  endfacet
  facet normal 0 -0.773064 0.634328
    outer loop
      vertex -71.1 64.6496 1.60043
      vertex -66 64.9045 1.91108
      vertex -71.1 64.9045 1.91108
    endloop
  endfacet
  facet normal 0 -0.773064 0.634328
    outer loop
      vertex -66 64.9045 1.91108
      vertex -71.1 64.6496 1.60043
      vertex -66 64.6496 1.60043
    endloop
  endfacet
  facet normal 0 -0.0980252 0.995184
    outer loop
      vertex -71.1 63.5999 1.03939
      vertex -66 63.2 1
      vertex -66 63.5999 1.03939
    endloop
  endfacet
  facet normal 0 -0.0980252 0.995184
    outer loop
      vertex -66 63.2 1
      vertex -71.1 63.5999 1.03939
      vertex -71.1 63.2 1
    endloop
  endfacet
  facet normal -0 0.471415 0.881912
    outer loop
      vertex -71.1 62.4155 1.15605
      vertex -66 62.0611 1.34549
      vertex -66 62.4155 1.15605
    endloop
  endfacet
  facet normal 0 0.471415 0.881912
    outer loop
      vertex -66 62.0611 1.34549
      vertex -71.1 62.4155 1.15605
      vertex -71.1 62.0611 1.34549
    endloop
  endfacet
  facet normal 0 0.773064 -0.634328
    outer loop
      vertex -66 61.4955 4.18892
      vertex -71 61.7504 4.49957
      vertex -66 61.7504 4.49957
    endloop
  endfacet
  facet normal 0 0.773064 -0.634328
    outer loop
      vertex -71 61.7504 4.49957
      vertex -66 61.4955 4.18892
      vertex -71 61.4955 4.18892
    endloop
  endfacet
  facet normal 0 -0.881861 0.47151
    outer loop
      vertex -71.1 64.9045 1.91108
      vertex -66 65.094 2.2655
      vertex -71.1 65.094 2.2655
    endloop
  endfacet
  facet normal 0 -0.881861 0.47151
    outer loop
      vertex -66 65.094 2.2655
      vertex -71.1 64.9045 1.91108
      vertex -66 64.9045 1.91108
    endloop
  endfacet
  facet normal 0 0.634327 -0.773065
    outer loop
      vertex -71 61.7504 4.49957
      vertex -66 62.0611 4.75451
      vertex -66 61.7504 4.49957
    endloop
  endfacet
  facet normal 0 0.634327 -0.773065
    outer loop
      vertex -66 62.0611 4.75451
      vertex -71 61.7504 4.49957
      vertex -71 62.0611 4.75451
    endloop
  endfacet
  facet normal 0 -0.95698 -0.290152
    outer loop
      vertex -71 65.2106 3.44993
      vertex -66 65.094 3.8345
      vertex -71 65.094 3.8345
    endloop
  endfacet
  facet normal 0 -0.95698 -0.290152
    outer loop
      vertex -66 65.094 3.8345
      vertex -71 65.2106 3.44993
      vertex -66 65.2106 3.44993
    endloop
  endfacet
  facet normal 0 0.881861 0.47151
    outer loop
      vertex -66 61.4955 1.91108
      vertex -71.1 61.306 2.2655
      vertex -66 61.306 2.2655
    endloop
  endfacet
  facet normal 0 0.881861 0.47151
    outer loop
      vertex -71.1 61.306 2.2655
      vertex -66 61.4955 1.91108
      vertex -71.1 61.4955 1.91108
    endloop
  endfacet
  facet normal 0 -0.995175 0.0981127
    outer loop
      vertex -71.1 65.2451 3
      vertex -71.1 65.2106 2.65006
      vertex -71 65.2451 3
    endloop
  endfacet
  facet normal 0 -0.995232 0.0975328
    outer loop
      vertex -71 65.2451 3
      vertex -66 65.25 3.05
      vertex -71 65.25 3.05
    endloop
  endfacet
  facet normal 0 -0.995175 0.0981127
    outer loop
      vertex -66 65.2106 2.65006
      vertex -71 65.2451 3
      vertex -71.1 65.2106 2.65006
    endloop
  endfacet
  facet normal -5.12297e-06 -0.995182 0.0980402
    outer loop
      vertex -71 65.2451 3
      vertex -66 65.2106 2.65006
      vertex -66 65.25 3.05
    endloop
  endfacet
  facet normal 0 0.471415 -0.881912
    outer loop
      vertex -71 62.0611 4.75451
      vertex -66 62.4155 4.94395
      vertex -66 62.0611 4.75451
    endloop
  endfacet
  facet normal 0 0.471415 -0.881912
    outer loop
      vertex -66 62.4155 4.94395
      vertex -71 62.0611 4.75451
      vertex -71 62.4155 4.94395
    endloop
  endfacet
  facet normal 0 -0.995182 -0.0980426
    outer loop
      vertex -71 65.25 3.05
      vertex -66 65.2106 3.44993
      vertex -71 65.2106 3.44993
    endloop
  endfacet
  facet normal 0 -0.995182 -0.0980426
    outer loop
      vertex -66 65.2106 3.44993
      vertex -71 65.25 3.05
      vertex -66 65.25 3.05
    endloop
  endfacet
  facet normal 0 0.881861 -0.47151
    outer loop
      vertex -66 61.306 3.8345
      vertex -71 61.4955 4.18892
      vertex -66 61.4955 4.18892
    endloop
  endfacet
  facet normal 0 0.881861 -0.47151
    outer loop
      vertex -71 61.4955 4.18892
      vertex -66 61.306 3.8345
      vertex -71 61.306 3.8345
    endloop
  endfacet
  facet normal 0 -0.773064 -0.634328
    outer loop
      vertex -71 64.9045 4.18892
      vertex -66 64.6496 4.49957
      vertex -71 64.6496 4.49957
    endloop
  endfacet
  facet normal 0 -0.773064 -0.634328
    outer loop
      vertex -66 64.6496 4.49957
      vertex -71 64.9045 4.18892
      vertex -66 64.9045 4.18892
    endloop
  endfacet
  facet normal 0 -0.881861 -0.47151
    outer loop
      vertex -71 65.094 3.8345
      vertex -66 64.9045 4.18892
      vertex -71 64.9045 4.18892
    endloop
  endfacet
  facet normal 0 -0.881861 -0.47151
    outer loop
      vertex -66 64.9045 4.18892
      vertex -71 65.094 3.8345
      vertex -66 65.094 3.8345
    endloop
  endfacet
  facet normal 0 0.956978 0.290159
    outer loop
      vertex -66 61.306 2.2655
      vertex -71.1 61.1894 2.65006
      vertex -66 61.1894 2.65006
    endloop
  endfacet
  facet normal 0 0.956978 0.290159
    outer loop
      vertex -71.1 61.1894 2.65006
      vertex -66 61.306 2.2655
      vertex -71.1 61.306 2.2655
    endloop
  endfacet
  facet normal 0 0.773064 0.634328
    outer loop
      vertex -66 61.7504 1.60043
      vertex -71.1 61.4955 1.91108
      vertex -66 61.4955 1.91108
    endloop
  endfacet
  facet normal 0 0.773064 0.634328
    outer loop
      vertex -71.1 61.4955 1.91108
      vertex -66 61.7504 1.60043
      vertex -71.1 61.7504 1.60043
    endloop
  endfacet
  facet normal 0 0.995182 -0.0980426
    outer loop
      vertex -66 61.15 3.05
      vertex -71 61.1894 3.44993
      vertex -66 61.1894 3.44993
    endloop
  endfacet
  facet normal 0 0.995182 -0.0980426
    outer loop
      vertex -71 61.1894 3.44993
      vertex -66 61.15 3.05
      vertex -71 61.15 3.05
    endloop
  endfacet
  facet normal -0 0.290268 0.956945
    outer loop
      vertex -71.1 62.8001 1.03939
      vertex -66 62.4155 1.15605
      vertex -66 62.8001 1.03939
    endloop
  endfacet
  facet normal 0 0.290268 0.956945
    outer loop
      vertex -66 62.4155 1.15605
      vertex -71.1 62.8001 1.03939
      vertex -71.1 62.4155 1.15605
    endloop
  endfacet
  facet normal -0 0.634327 0.773065
    outer loop
      vertex -71.1 62.0611 1.34549
      vertex -66 61.7504 1.60043
      vertex -66 62.0611 1.34549
    endloop
  endfacet
  facet normal 0 0.634327 0.773065
    outer loop
      vertex -66 61.7504 1.60043
      vertex -71.1 62.0611 1.34549
      vertex -71.1 61.7504 1.60043
    endloop
  endfacet
  facet normal 0 -0.290268 0.956945
    outer loop
      vertex -71.1 63.9845 1.15605
      vertex -66 63.5999 1.03939
      vertex -66 63.9845 1.15605
    endloop
  endfacet
  facet normal 0 -0.290268 0.956945
    outer loop
      vertex -66 63.5999 1.03939
      vertex -71.1 63.9845 1.15605
      vertex -71.1 63.5999 1.03939
    endloop
  endfacet
  facet normal 0 -0.471415 0.881912
    outer loop
      vertex -71.1 64.3389 1.34549
      vertex -66 63.9845 1.15605
      vertex -66 64.3389 1.34549
    endloop
  endfacet
  facet normal 0 -0.471415 0.881912
    outer loop
      vertex -66 63.9845 1.15605
      vertex -71.1 64.3389 1.34549
      vertex -71.1 63.9845 1.15605
    endloop
  endfacet
  facet normal -0.903823 0 0.427907
    outer loop
      vertex 48.8079 73.19 6.53364
      vertex 48.894 78.2 6.7155
      vertex 48.8079 78.2 6.53364
    endloop
  endfacet
  facet normal -0.903823 0 0.427907
    outer loop
      vertex 48.894 78.2 6.7155
      vertex 48.8079 73.19 6.53364
      vertex 48.894 73.19 6.7155
    endloop
  endfacet
  facet normal 0.146736 0 -0.989176
    outer loop
      vertex 46.6001 73.19 9.51061
      vertex 46.7991 78.2 9.54013
      vertex 46.7991 73.19 9.54013
    endloop
  endfacet
  facet normal 0.146736 0 -0.989176
    outer loop
      vertex 46.7991 78.2 9.54013
      vertex 46.6001 73.19 9.51061
      vertex 46.6001 78.2 9.51061
    endloop
  endfacet
  facet normal 0.0490697 0 -0.998795
    outer loop
      vertex 46.7991 73.19 9.54013
      vertex 47 78.2 9.55
      vertex 47 73.19 9.55
    endloop
  endfacet
  facet normal 0.0490697 0 -0.998795
    outer loop
      vertex 47 78.2 9.55
      vertex 46.7991 73.19 9.54013
      vertex 46.7991 78.2 9.54013
    endloop
  endfacet
  facet normal 0.24291 0 -0.970049
    outer loop
      vertex 46.4049 73.19 9.46173
      vertex 46.6001 78.2 9.51061
      vertex 46.6001 73.19 9.51061
    endloop
  endfacet
  facet normal 0.24291 0 -0.970049
    outer loop
      vertex 46.6001 78.2 9.51061
      vertex 46.4049 73.19 9.46173
      vertex 46.4049 78.2 9.46173
    endloop
  endfacet
  facet normal 0.970008 -0 0.243074
    outer loop
      vertex 44.9894 73.19 7.10006
      vertex 45.0383 78.2 6.90492
      vertex 44.9894 78.2 7.10006
    endloop
  endfacet
  facet normal 0.970008 0 0.243074
    outer loop
      vertex 45.0383 78.2 6.90492
      vertex 44.9894 73.19 7.10006
      vertex 45.0383 73.19 6.90492
    endloop
  endfacet
  facet normal -0.941663 0 -0.336557
    outer loop
      vertex 48.9617 73.19 8.09508
      vertex 48.894 78.2 8.2845
      vertex 48.9617 78.2 8.09508
    endloop
  endfacet
  facet normal -0.941663 -0 -0.336557
    outer loop
      vertex 48.894 78.2 8.2845
      vertex 48.9617 73.19 8.09508
      vertex 48.894 73.19 8.2845
    endloop
  endfacet
  facet normal 0.336941 0 -0.941526
    outer loop
      vertex 46.2155 73.19 9.39395
      vertex 46.4049 78.2 9.46173
      vertex 46.4049 73.19 9.46173
    endloop
  endfacet
  facet normal 0.336941 0 -0.941526
    outer loop
      vertex 46.4049 78.2 9.46173
      vertex 46.2155 73.19 9.39395
      vertex 46.2155 78.2 9.39395
    endloop
  endfacet
  facet normal -0.998788 0 -0.0492112
    outer loop
      vertex 49.05 73.19 7.5
      vertex 49.0401 78.2 7.70093
      vertex 49.05 78.2 7.5
    endloop
  endfacet
  facet normal -0.998788 -0 -0.0492112
    outer loop
      vertex 49.0401 78.2 7.70093
      vertex 49.05 73.19 7.5
      vertex 49.0401 73.19 7.70093
    endloop
  endfacet
  facet normal 0.998789 -0 0.0492088
    outer loop
      vertex 44.95 73.19 7.5
      vertex 44.9599 78.2 7.29906
      vertex 44.95 78.2 7.5
    endloop
  endfacet
  facet normal 0.998789 0 0.0492088
    outer loop
      vertex 44.9599 78.2 7.29906
      vertex 44.95 73.19 7.5
      vertex 44.9599 73.19 7.29906
    endloop
  endfacet
  facet normal -0.427465 0 0.904032
    outer loop
      vertex 47.7845 78.2 5.60605
      vertex 47.9664 73.19 5.69206
      vertex 47.9664 78.2 5.69206
    endloop
  endfacet
  facet normal -0.427465 0 0.904032
    outer loop
      vertex 47.9664 73.19 5.69206
      vertex 47.7845 78.2 5.60605
      vertex 47.7845 73.19 5.60605
    endloop
  endfacet
  facet normal -0.24291 0 -0.970049
    outer loop
      vertex 47.3999 73.19 9.51061
      vertex 47.5951 78.2 9.46173
      vertex 47.5951 73.19 9.46173
    endloop
  endfacet
  facet normal -0.24291 0 -0.970049
    outer loop
      vertex 47.5951 78.2 9.46173
      vertex 47.3999 73.19 9.51061
      vertex 47.3999 78.2 9.51061
    endloop
  endfacet
  facet normal -0.427465 0 -0.904032
    outer loop
      vertex 47.7845 73.19 9.39395
      vertex 47.9664 78.2 9.30794
      vertex 47.9664 73.19 9.30794
    endloop
  endfacet
  facet normal -0.427465 0 -0.904032
    outer loop
      vertex 47.9664 78.2 9.30794
      vertex 47.7845 73.19 9.39395
      vertex 47.7845 78.2 9.39395
    endloop
  endfacet
  facet normal -0.970011 0 -0.243062
    outer loop
      vertex 49.0106 73.19 7.89993
      vertex 48.9617 78.2 8.09508
      vertex 49.0106 78.2 7.89993
    endloop
  endfacet
  facet normal -0.970011 -0 -0.243062
    outer loop
      vertex 48.9617 78.2 8.09508
      vertex 49.0106 73.19 7.89993
      vertex 48.9617 73.19 8.09508
    endloop
  endfacet
  facet normal -0.51424 0 0.857646
    outer loop
      vertex 47.9664 78.2 5.69206
      vertex 48.1389 73.19 5.79549
      vertex 48.1389 78.2 5.79549
    endloop
  endfacet
  facet normal -0.51424 0 0.857646
    outer loop
      vertex 48.1389 73.19 5.79549
      vertex 47.9664 78.2 5.69206
      vertex 47.9664 73.19 5.69206
    endloop
  endfacet
  facet normal 0.595665 0 -0.803233
    outer loop
      vertex 45.6995 73.19 9.08467
      vertex 45.8611 78.2 9.20451
      vertex 45.8611 73.19 9.20451
    endloop
  endfacet
  facet normal 0.595665 0 -0.803233
    outer loop
      vertex 45.8611 78.2 9.20451
      vertex 45.6995 73.19 9.08467
      vertex 45.6995 78.2 9.08467
    endloop
  endfacet
  facet normal -0.24291 0 0.970049
    outer loop
      vertex 47.3999 78.2 5.48939
      vertex 47.5951 73.19 5.53827
      vertex 47.5951 78.2 5.53827
    endloop
  endfacet
  facet normal -0.24291 0 0.970049
    outer loop
      vertex 47.5951 73.19 5.53827
      vertex 47.3999 78.2 5.48939
      vertex 47.3999 73.19 5.48939
    endloop
  endfacet
  facet normal -0.903823 0 -0.427907
    outer loop
      vertex 48.894 73.19 8.2845
      vertex 48.8079 78.2 8.46636
      vertex 48.894 78.2 8.2845
    endloop
  endfacet
  facet normal -0.903823 -0 -0.427907
    outer loop
      vertex 48.8079 78.2 8.46636
      vertex 48.894 73.19 8.2845
      vertex 48.8079 73.19 8.46636
    endloop
  endfacet
  facet normal -0.146736 0 -0.989176
    outer loop
      vertex 47.2009 73.19 9.54013
      vertex 47.3999 78.2 9.51061
      vertex 47.3999 73.19 9.51061
    endloop
  endfacet
  facet normal -0.146736 0 -0.989176
    outer loop
      vertex 47.3999 78.2 9.51061
      vertex 47.2009 73.19 9.54013
      vertex 47.2009 78.2 9.54013
    endloop
  endfacet
  facet normal -0.67146 0 0.741041
    outer loop
      vertex 48.3005 78.2 5.91533
      vertex 48.4496 73.19 6.05043
      vertex 48.4496 78.2 6.05043
    endloop
  endfacet
  facet normal -0.67146 0 0.741041
    outer loop
      vertex 48.4496 73.19 6.05043
      vertex 48.3005 78.2 5.91533
      vertex 48.3005 73.19 5.91533
    endloop
  endfacet
  facet normal -0.336941 0 0.941526
    outer loop
      vertex 47.5951 78.2 5.53827
      vertex 47.7845 73.19 5.60605
      vertex 47.7845 78.2 5.60605
    endloop
  endfacet
  facet normal -0.336941 0 0.941526
    outer loop
      vertex 47.7845 73.19 5.60605
      vertex 47.5951 78.2 5.53827
      vertex 47.5951 73.19 5.53827
    endloop
  endfacet
  facet normal 0.941663 0 -0.336557
    outer loop
      vertex 45.106 73.19 8.2845
      vertex 45.0383 78.2 8.09508
      vertex 45.106 78.2 8.2845
    endloop
  endfacet
  facet normal 0.941663 0 -0.336557
    outer loop
      vertex 45.0383 78.2 8.09508
      vertex 45.106 73.19 8.2845
      vertex 45.0383 73.19 8.09508
    endloop
  endfacet
  facet normal 0.857791 0 -0.513999
    outer loop
      vertex 45.2955 73.19 8.63892
      vertex 45.1921 78.2 8.46636
      vertex 45.2955 78.2 8.63892
    endloop
  endfacet
  facet normal 0.857791 0 -0.513999
    outer loop
      vertex 45.1921 78.2 8.46636
      vertex 45.2955 73.19 8.63892
      vertex 45.1921 73.19 8.46636
    endloop
  endfacet
  facet normal -0.857791 0 0.513999
    outer loop
      vertex 48.7045 73.19 6.36108
      vertex 48.8079 78.2 6.53364
      vertex 48.7045 78.2 6.36108
    endloop
  endfacet
  facet normal -0.857791 0 0.513999
    outer loop
      vertex 48.8079 78.2 6.53364
      vertex 48.7045 73.19 6.36108
      vertex 48.8079 73.19 6.53364
    endloop
  endfacet
  facet normal 0.146736 0 0.989176
    outer loop
      vertex 46.6001 78.2 5.48939
      vertex 46.7991 73.19 5.45987
      vertex 46.7991 78.2 5.45987
    endloop
  endfacet
  facet normal 0.146736 0 0.989176
    outer loop
      vertex 46.7991 73.19 5.45987
      vertex 46.6001 78.2 5.48939
      vertex 46.6001 73.19 5.48939
    endloop
  endfacet
  facet normal 0.740951 -0 0.671559
    outer loop
      vertex 45.4153 73.19 6.19949
      vertex 45.5504 78.2 6.05043
      vertex 45.4153 78.2 6.19949
    endloop
  endfacet
  facet normal 0.740951 0 0.671559
    outer loop
      vertex 45.5504 78.2 6.05043
      vertex 45.4153 73.19 6.19949
      vertex 45.5504 73.19 6.05043
    endloop
  endfacet
  facet normal -0.595665 0 -0.803233
    outer loop
      vertex 48.1389 73.19 9.20451
      vertex 48.3005 78.2 9.08467
      vertex 48.3005 73.19 9.08467
    endloop
  endfacet
  facet normal -0.595665 0 -0.803233
    outer loop
      vertex 48.3005 78.2 9.08467
      vertex 48.1389 73.19 9.20451
      vertex 48.1389 78.2 9.20451
    endloop
  endfacet
  facet normal -0.941663 0 0.336557
    outer loop
      vertex 48.894 73.19 6.7155
      vertex 48.9617 78.2 6.90492
      vertex 48.894 78.2 6.7155
    endloop
  endfacet
  facet normal -0.941663 0 0.336557
    outer loop
      vertex 48.9617 78.2 6.90492
      vertex 48.894 73.19 6.7155
      vertex 48.9617 73.19 6.90492
    endloop
  endfacet
  facet normal 0.740951 0 -0.671559
    outer loop
      vertex 45.5504 73.19 8.94957
      vertex 45.4153 78.2 8.80051
      vertex 45.5504 78.2 8.94957
    endloop
  endfacet
  facet normal 0.740951 0 -0.671559
    outer loop
      vertex 45.4153 78.2 8.80051
      vertex 45.5504 73.19 8.94957
      vertex 45.4153 73.19 8.80051
    endloop
  endfacet
  facet normal 0.595665 0 0.803233
    outer loop
      vertex 45.6995 78.2 5.91533
      vertex 45.8611 73.19 5.79549
      vertex 45.8611 78.2 5.79549
    endloop
  endfacet
  facet normal 0.595665 0 0.803233
    outer loop
      vertex 45.8611 73.19 5.79549
      vertex 45.6995 78.2 5.91533
      vertex 45.6995 73.19 5.91533
    endloop
  endfacet
  facet normal -0.67146 0 -0.741041
    outer loop
      vertex 48.3005 73.19 9.08467
      vertex 48.4496 78.2 8.94957
      vertex 48.4496 73.19 8.94957
    endloop
  endfacet
  facet normal -0.67146 0 -0.741041
    outer loop
      vertex 48.4496 78.2 8.94957
      vertex 48.3005 73.19 9.08467
      vertex 48.3005 78.2 9.08467
    endloop
  endfacet
  facet normal 0.803311 0 -0.59556
    outer loop
      vertex 45.4153 73.19 8.80051
      vertex 45.2955 78.2 8.63892
      vertex 45.4153 78.2 8.80051
    endloop
  endfacet
  facet normal 0.803311 0 -0.59556
    outer loop
      vertex 45.2955 78.2 8.63892
      vertex 45.4153 73.19 8.80051
      vertex 45.2955 73.19 8.63892
    endloop
  endfacet
  facet normal -0.595665 0 0.803233
    outer loop
      vertex 48.1389 78.2 5.79549
      vertex 48.3005 73.19 5.91533
      vertex 48.3005 78.2 5.91533
    endloop
  endfacet
  facet normal -0.595665 0 0.803233
    outer loop
      vertex 48.3005 73.19 5.91533
      vertex 48.1389 78.2 5.79549
      vertex 48.1389 73.19 5.79549
    endloop
  endfacet
  facet normal 0.98919 0 -0.146639
    outer loop
      vertex 44.9894 73.19 7.89993
      vertex 44.9599 78.2 7.70093
      vertex 44.9894 78.2 7.89993
    endloop
  endfacet
  facet normal 0.98919 0 -0.146639
    outer loop
      vertex 44.9599 78.2 7.70093
      vertex 44.9894 73.19 7.89993
      vertex 44.9599 73.19 7.70093
    endloop
  endfacet
  facet normal -0.970008 0 0.243074
    outer loop
      vertex 48.9617 73.19 6.90492
      vertex 49.0106 78.2 7.10006
      vertex 48.9617 78.2 6.90492
    endloop
  endfacet
  facet normal -0.970008 0 0.243074
    outer loop
      vertex 49.0106 78.2 7.10006
      vertex 48.9617 73.19 6.90492
      vertex 49.0106 73.19 7.10006
    endloop
  endfacet
  facet normal -0.51424 0 -0.857646
    outer loop
      vertex 47.9664 73.19 9.30794
      vertex 48.1389 78.2 9.20451
      vertex 48.1389 73.19 9.20451
    endloop
  endfacet
  facet normal -0.51424 0 -0.857646
    outer loop
      vertex 48.1389 78.2 9.20451
      vertex 47.9664 73.19 9.30794
      vertex 47.9664 78.2 9.30794
    endloop
  endfacet
  facet normal 0.427465 0 -0.904032
    outer loop
      vertex 46.0336 73.19 9.30794
      vertex 46.2155 78.2 9.39395
      vertex 46.2155 73.19 9.39395
    endloop
  endfacet
  facet normal 0.427465 0 -0.904032
    outer loop
      vertex 46.2155 78.2 9.39395
      vertex 46.0336 73.19 9.30794
      vertex 46.0336 78.2 9.30794
    endloop
  endfacet
  facet normal -0.0490697 0 -0.998795
    outer loop
      vertex 47 73.19 9.55
      vertex 47.2009 78.2 9.54013
      vertex 47.2009 73.19 9.54013
    endloop
  endfacet
  facet normal -0.0490697 0 -0.998795
    outer loop
      vertex 47.2009 78.2 9.54013
      vertex 47 73.19 9.55
      vertex 47 78.2 9.55
    endloop
  endfacet
  facet normal 0.803311 -0 0.59556
    outer loop
      vertex 45.2955 73.19 6.36108
      vertex 45.4153 78.2 6.19949
      vertex 45.2955 78.2 6.36108
    endloop
  endfacet
  facet normal 0.803311 0 0.59556
    outer loop
      vertex 45.4153 78.2 6.19949
      vertex 45.2955 73.19 6.36108
      vertex 45.4153 73.19 6.19949
    endloop
  endfacet
  facet normal -0.98919 0 -0.146639
    outer loop
      vertex 49.0401 73.19 7.70093
      vertex 49.0106 78.2 7.89993
      vertex 49.0401 78.2 7.70093
    endloop
  endfacet
  facet normal -0.98919 -0 -0.146639
    outer loop
      vertex 49.0106 78.2 7.89993
      vertex 49.0401 73.19 7.70093
      vertex 49.0106 73.19 7.89993
    endloop
  endfacet
  facet normal 0.0490697 0 0.998795
    outer loop
      vertex 46.7991 78.2 5.45987
      vertex 47 73.19 5.45
      vertex 47 78.2 5.45
    endloop
  endfacet
  facet normal 0.0490697 0 0.998795
    outer loop
      vertex 47 73.19 5.45
      vertex 46.7991 78.2 5.45987
      vertex 46.7991 73.19 5.45987
    endloop
  endfacet
  facet normal 0.51424 0 -0.857646
    outer loop
      vertex 45.8611 73.19 9.20451
      vertex 46.0336 78.2 9.30794
      vertex 46.0336 73.19 9.30794
    endloop
  endfacet
  facet normal 0.51424 0 -0.857646
    outer loop
      vertex 46.0336 78.2 9.30794
      vertex 45.8611 73.19 9.20451
      vertex 45.8611 78.2 9.20451
    endloop
  endfacet
  facet normal 0.857791 -0 0.513999
    outer loop
      vertex 45.1921 73.19 6.53364
      vertex 45.2955 78.2 6.36108
      vertex 45.1921 78.2 6.53364
    endloop
  endfacet
  facet normal 0.857791 0 0.513999
    outer loop
      vertex 45.2955 78.2 6.36108
      vertex 45.1921 73.19 6.53364
      vertex 45.2955 73.19 6.36108
    endloop
  endfacet
  facet normal 0.903823 0 -0.427907
    outer loop
      vertex 45.1921 73.19 8.46636
      vertex 45.106 78.2 8.2845
      vertex 45.1921 78.2 8.46636
    endloop
  endfacet
  facet normal 0.903823 0 -0.427907
    outer loop
      vertex 45.106 78.2 8.2845
      vertex 45.1921 73.19 8.46636
      vertex 45.106 73.19 8.2845
    endloop
  endfacet
  facet normal -0.857791 0 -0.513999
    outer loop
      vertex 48.8079 73.19 8.46636
      vertex 48.7045 78.2 8.63892
      vertex 48.8079 78.2 8.46636
    endloop
  endfacet
  facet normal -0.857791 -0 -0.513999
    outer loop
      vertex 48.7045 78.2 8.63892
      vertex 48.8079 73.19 8.46636
      vertex 48.7045 73.19 8.63892
    endloop
  endfacet
  facet normal 0.336941 0 0.941526
    outer loop
      vertex 46.2155 78.2 5.60605
      vertex 46.4049 73.19 5.53827
      vertex 46.4049 78.2 5.53827
    endloop
  endfacet
  facet normal 0.336941 0 0.941526
    outer loop
      vertex 46.4049 73.19 5.53827
      vertex 46.2155 78.2 5.60605
      vertex 46.2155 73.19 5.60605
    endloop
  endfacet
  facet normal 0.67146 0 0.741041
    outer loop
      vertex 45.5504 78.2 6.05043
      vertex 45.6995 73.19 5.91533
      vertex 45.6995 78.2 5.91533
    endloop
  endfacet
  facet normal 0.67146 0 0.741041
    outer loop
      vertex 45.6995 73.19 5.91533
      vertex 45.5504 78.2 6.05043
      vertex 45.5504 73.19 6.05043
    endloop
  endfacet
  facet normal -0.146736 0 0.989176
    outer loop
      vertex 47.2009 78.2 5.45987
      vertex 47.3999 73.19 5.48939
      vertex 47.3999 78.2 5.48939
    endloop
  endfacet
  facet normal -0.146736 0 0.989176
    outer loop
      vertex 47.3999 73.19 5.48939
      vertex 47.2009 78.2 5.45987
      vertex 47.2009 73.19 5.45987
    endloop
  endfacet
  facet normal 0.98919 -0 0.146639
    outer loop
      vertex 44.9599 73.19 7.29906
      vertex 44.9894 78.2 7.10006
      vertex 44.9599 78.2 7.29906
    endloop
  endfacet
  facet normal 0.98919 0 0.146639
    outer loop
      vertex 44.9894 78.2 7.10006
      vertex 44.9599 73.19 7.29906
      vertex 44.9894 73.19 7.10006
    endloop
  endfacet
  facet normal 0.941663 -0 0.336557
    outer loop
      vertex 45.0383 73.19 6.90492
      vertex 45.106 78.2 6.7155
      vertex 45.0383 78.2 6.90492
    endloop
  endfacet
  facet normal 0.941663 0 0.336557
    outer loop
      vertex 45.106 78.2 6.7155
      vertex 45.0383 73.19 6.90492
      vertex 45.106 73.19 6.7155
    endloop
  endfacet
  facet normal 0.903823 -0 0.427907
    outer loop
      vertex 45.106 73.19 6.7155
      vertex 45.1921 78.2 6.53364
      vertex 45.106 78.2 6.7155
    endloop
  endfacet
  facet normal 0.903823 0 0.427907
    outer loop
      vertex 45.1921 78.2 6.53364
      vertex 45.106 73.19 6.7155
      vertex 45.1921 73.19 6.53364
    endloop
  endfacet
  facet normal 0.24291 0 0.970049
    outer loop
      vertex 46.4049 78.2 5.53827
      vertex 46.6001 73.19 5.48939
      vertex 46.6001 78.2 5.48939
    endloop
  endfacet
  facet normal 0.24291 0 0.970049
    outer loop
      vertex 46.6001 73.19 5.48939
      vertex 46.4049 78.2 5.53827
      vertex 46.4049 73.19 5.53827
    endloop
  endfacet
  facet normal 0.427465 0 0.904032
    outer loop
      vertex 46.0336 78.2 5.69206
      vertex 46.2155 73.19 5.60605
      vertex 46.2155 78.2 5.60605
    endloop
  endfacet
  facet normal 0.427465 0 0.904032
    outer loop
      vertex 46.2155 73.19 5.60605
      vertex 46.0336 78.2 5.69206
      vertex 46.0336 73.19 5.69206
    endloop
  endfacet
  facet normal -0.803311 0 -0.59556
    outer loop
      vertex 48.7045 73.19 8.63892
      vertex 48.5847 78.2 8.80051
      vertex 48.7045 78.2 8.63892
    endloop
  endfacet
  facet normal -0.803311 -0 -0.59556
    outer loop
      vertex 48.5847 78.2 8.80051
      vertex 48.7045 73.19 8.63892
      vertex 48.5847 73.19 8.80051
    endloop
  endfacet
  facet normal 0.970011 0 -0.243062
    outer loop
      vertex 45.0383 73.19 8.09508
      vertex 44.9894 78.2 7.89993
      vertex 45.0383 78.2 8.09508
    endloop
  endfacet
  facet normal 0.970011 0 -0.243062
    outer loop
      vertex 44.9894 78.2 7.89993
      vertex 45.0383 73.19 8.09508
      vertex 44.9894 73.19 7.89993
    endloop
  endfacet
  facet normal 0.67146 0 -0.741041
    outer loop
      vertex 45.5504 73.19 8.94957
      vertex 45.6995 78.2 9.08467
      vertex 45.6995 73.19 9.08467
    endloop
  endfacet
  facet normal 0.67146 0 -0.741041
    outer loop
      vertex 45.6995 78.2 9.08467
      vertex 45.5504 73.19 8.94957
      vertex 45.5504 78.2 8.94957
    endloop
  endfacet
  facet normal 0.998788 0 -0.0492112
    outer loop
      vertex 44.9599 73.19 7.70093
      vertex 44.95 78.2 7.5
      vertex 44.9599 78.2 7.70093
    endloop
  endfacet
  facet normal 0.998788 0 -0.0492112
    outer loop
      vertex 44.95 78.2 7.5
      vertex 44.9599 73.19 7.70093
      vertex 44.95 73.19 7.5
    endloop
  endfacet
  facet normal -0.336941 0 -0.941526
    outer loop
      vertex 47.5951 73.19 9.46173
      vertex 47.7845 78.2 9.39395
      vertex 47.7845 73.19 9.39395
    endloop
  endfacet
  facet normal -0.336941 0 -0.941526
    outer loop
      vertex 47.7845 78.2 9.39395
      vertex 47.5951 73.19 9.46173
      vertex 47.5951 78.2 9.46173
    endloop
  endfacet
  facet normal -0.740951 0 0.671559
    outer loop
      vertex 48.4496 73.19 6.05043
      vertex 48.5847 78.2 6.19949
      vertex 48.4496 78.2 6.05043
    endloop
  endfacet
  facet normal -0.740951 0 0.671559
    outer loop
      vertex 48.5847 78.2 6.19949
      vertex 48.4496 73.19 6.05043
      vertex 48.5847 73.19 6.19949
    endloop
  endfacet
  facet normal -0.740951 0 -0.671559
    outer loop
      vertex 48.5847 73.19 8.80051
      vertex 48.4496 78.2 8.94957
      vertex 48.5847 78.2 8.80051
    endloop
  endfacet
  facet normal -0.740951 -0 -0.671559
    outer loop
      vertex 48.4496 78.2 8.94957
      vertex 48.5847 73.19 8.80051
      vertex 48.4496 73.19 8.94957
    endloop
  endfacet
  facet normal -0.0490697 0 0.998795
    outer loop
      vertex 47 78.2 5.45
      vertex 47.2009 73.19 5.45987
      vertex 47.2009 78.2 5.45987
    endloop
  endfacet
  facet normal -0.0490697 0 0.998795
    outer loop
      vertex 47.2009 73.19 5.45987
      vertex 47 78.2 5.45
      vertex 47 73.19 5.45
    endloop
  endfacet
  facet normal -0.98919 0 0.146639
    outer loop
      vertex 49.0106 73.19 7.10006
      vertex 49.0401 78.2 7.29906
      vertex 49.0106 78.2 7.10006
    endloop
  endfacet
  facet normal -0.98919 0 0.146639
    outer loop
      vertex 49.0401 78.2 7.29906
      vertex 49.0106 73.19 7.10006
      vertex 49.0401 73.19 7.29906
    endloop
  endfacet
  facet normal -0.998789 0 0.0492088
    outer loop
      vertex 49.0401 73.19 7.29906
      vertex 49.05 78.2 7.5
      vertex 49.0401 78.2 7.29906
    endloop
  endfacet
  facet normal -0.998789 0 0.0492088
    outer loop
      vertex 49.05 78.2 7.5
      vertex 49.0401 73.19 7.29906
      vertex 49.05 73.19 7.5
    endloop
  endfacet
  facet normal 0 1 0
    outer loop
      vertex 47.2009 73.19 9.54013
      vertex 46.7991 73.19 9.54013
      vertex 47 73.19 9.55
    endloop
  endfacet
  facet normal 0 1 0
    outer loop
      vertex 47.3999 73.19 9.51061
      vertex 46.7991 73.19 9.54013
      vertex 47.2009 73.19 9.54013
    endloop
  endfacet
  facet normal 0 1 0
    outer loop
      vertex 47.3999 73.19 9.51061
      vertex 46.6001 73.19 9.51061
      vertex 46.7991 73.19 9.54013
    endloop
  endfacet
  facet normal 0 1 0
    outer loop
      vertex 47.5951 73.19 9.46173
      vertex 46.6001 73.19 9.51061
      vertex 47.3999 73.19 9.51061
    endloop
  endfacet
  facet normal 0 1 0
    outer loop
      vertex 47.5951 73.19 9.46173
      vertex 46.4049 73.19 9.46173
      vertex 46.6001 73.19 9.51061
    endloop
  endfacet
  facet normal 0 1 0
    outer loop
      vertex 47.7845 73.19 9.39395
      vertex 46.4049 73.19 9.46173
      vertex 47.5951 73.19 9.46173
    endloop
  endfacet
  facet normal 0 1 0
    outer loop
      vertex 47.7845 73.19 9.39395
      vertex 46.2155 73.19 9.39395
      vertex 46.4049 73.19 9.46173
    endloop
  endfacet
  facet normal 0 1 0
    outer loop
      vertex 47.9664 73.19 9.30794
      vertex 46.2155 73.19 9.39395
      vertex 47.7845 73.19 9.39395
    endloop
  endfacet
  facet normal 0 1 0
    outer loop
      vertex 47.9664 73.19 9.30794
      vertex 46.0336 73.19 9.30794
      vertex 46.2155 73.19 9.39395
    endloop
  endfacet
  facet normal 0 1 0
    outer loop
      vertex 48.1389 73.19 9.20451
      vertex 46.0336 73.19 9.30794
      vertex 47.9664 73.19 9.30794
    endloop
  endfacet
  facet normal 0 1 0
    outer loop
      vertex 48.1389 73.19 9.20451
      vertex 45.8611 73.19 9.20451
      vertex 46.0336 73.19 9.30794
    endloop
  endfacet
  facet normal 0 1 0
    outer loop
      vertex 48.3005 73.19 9.08467
      vertex 45.8611 73.19 9.20451
      vertex 48.1389 73.19 9.20451
    endloop
  endfacet
  facet normal 0 1 0
    outer loop
      vertex 48.3005 73.19 9.08467
      vertex 45.6995 73.19 9.08467
      vertex 45.8611 73.19 9.20451
    endloop
  endfacet
  facet normal 0 1 0
    outer loop
      vertex 48.4496 73.19 8.94957
      vertex 45.6995 73.19 9.08467
      vertex 48.3005 73.19 9.08467
    endloop
  endfacet
  facet normal 0 1 0
    outer loop
      vertex 48.4496 73.19 8.94957
      vertex 45.5504 73.19 8.94957
      vertex 45.6995 73.19 9.08467
    endloop
  endfacet
  facet normal 0 1 0
    outer loop
      vertex 48.5847 73.19 8.80051
      vertex 45.5504 73.19 8.94957
      vertex 48.4496 73.19 8.94957
    endloop
  endfacet
  facet normal 0 1 0
    outer loop
      vertex 48.5847 73.19 8.80051
      vertex 45.4153 73.19 8.80051
      vertex 45.5504 73.19 8.94957
    endloop
  endfacet
  facet normal 0 1 0
    outer loop
      vertex 48.7045 73.19 8.63892
      vertex 45.4153 73.19 8.80051
      vertex 48.5847 73.19 8.80051
    endloop
  endfacet
  facet normal 0 1 0
    outer loop
      vertex 48.7045 73.19 8.63892
      vertex 45.2955 73.19 8.63892
      vertex 45.4153 73.19 8.80051
    endloop
  endfacet
  facet normal 0 1 0
    outer loop
      vertex 48.8079 73.19 8.46636
      vertex 45.2955 73.19 8.63892
      vertex 48.7045 73.19 8.63892
    endloop
  endfacet
  facet normal 0 1 0
    outer loop
      vertex 48.8079 73.19 8.46636
      vertex 45.1921 73.19 8.46636
      vertex 45.2955 73.19 8.63892
    endloop
  endfacet
  facet normal 0 1 0
    outer loop
      vertex 48.894 73.19 8.2845
      vertex 45.1921 73.19 8.46636
      vertex 48.8079 73.19 8.46636
    endloop
  endfacet
  facet normal 0 1 0
    outer loop
      vertex 48.894 73.19 8.2845
      vertex 45.106 73.19 8.2845
      vertex 45.1921 73.19 8.46636
    endloop
  endfacet
  facet normal 0 1 0
    outer loop
      vertex 48.9617 73.19 8.09508
      vertex 45.106 73.19 8.2845
      vertex 48.894 73.19 8.2845
    endloop
  endfacet
  facet normal 0 1 0
    outer loop
      vertex 48.9617 73.19 8.09508
      vertex 45.0383 73.19 8.09508
      vertex 45.106 73.19 8.2845
    endloop
  endfacet
  facet normal 0 1 0
    outer loop
      vertex 49.0106 73.19 7.89993
      vertex 45.0383 73.19 8.09508
      vertex 48.9617 73.19 8.09508
    endloop
  endfacet
  facet normal 0 1 0
    outer loop
      vertex 49.0106 73.19 7.89993
      vertex 44.9894 73.19 7.89993
      vertex 45.0383 73.19 8.09508
    endloop
  endfacet
  facet normal 0 1 0
    outer loop
      vertex 49.0401 73.19 7.70093
      vertex 44.9894 73.19 7.89993
      vertex 49.0106 73.19 7.89993
    endloop
  endfacet
  facet normal 0 1 0
    outer loop
      vertex 49.0401 73.19 7.70093
      vertex 44.9599 73.19 7.70093
      vertex 44.9894 73.19 7.89993
    endloop
  endfacet
  facet normal 0 1 0
    outer loop
      vertex 49.05 73.19 7.5
      vertex 44.9599 73.19 7.70093
      vertex 49.0401 73.19 7.70093
    endloop
  endfacet
  facet normal 0 1 0
    outer loop
      vertex 49.05 73.19 7.5
      vertex 44.95 73.19 7.5
      vertex 44.9599 73.19 7.70093
    endloop
  endfacet
  facet normal 0 1 -0
    outer loop
      vertex 49.0401 73.19 7.29906
      vertex 44.95 73.19 7.5
      vertex 49.05 73.19 7.5
    endloop
  endfacet
  facet normal 0 1 0
    outer loop
      vertex 49.0401 73.19 7.29906
      vertex 44.9599 73.19 7.29906
      vertex 44.95 73.19 7.5
    endloop
  endfacet
  facet normal 0 1 -0
    outer loop
      vertex 49.0106 73.19 7.10006
      vertex 44.9599 73.19 7.29906
      vertex 49.0401 73.19 7.29906
    endloop
  endfacet
  facet normal 0 1 0
    outer loop
      vertex 49.0106 73.19 7.10006
      vertex 44.9894 73.19 7.10006
      vertex 44.9599 73.19 7.29906
    endloop
  endfacet
  facet normal 0 1 -0
    outer loop
      vertex 48.9617 73.19 6.90492
      vertex 44.9894 73.19 7.10006
      vertex 49.0106 73.19 7.10006
    endloop
  endfacet
  facet normal 0 1 0
    outer loop
      vertex 48.9617 73.19 6.90492
      vertex 45.0383 73.19 6.90492
      vertex 44.9894 73.19 7.10006
    endloop
  endfacet
  facet normal 0 1 -0
    outer loop
      vertex 48.894 73.19 6.7155
      vertex 45.0383 73.19 6.90492
      vertex 48.9617 73.19 6.90492
    endloop
  endfacet
  facet normal 0 1 0
    outer loop
      vertex 48.894 73.19 6.7155
      vertex 45.106 73.19 6.7155
      vertex 45.0383 73.19 6.90492
    endloop
  endfacet
  facet normal 0 1 -0
    outer loop
      vertex 48.8079 73.19 6.53364
      vertex 45.106 73.19 6.7155
      vertex 48.894 73.19 6.7155
    endloop
  endfacet
  facet normal 0 1 0
    outer loop
      vertex 48.8079 73.19 6.53364
      vertex 45.1921 73.19 6.53364
      vertex 45.106 73.19 6.7155
    endloop
  endfacet
  facet normal 0 1 -0
    outer loop
      vertex 48.7045 73.19 6.36108
      vertex 45.1921 73.19 6.53364
      vertex 48.8079 73.19 6.53364
    endloop
  endfacet
  facet normal 0 1 0
    outer loop
      vertex 48.7045 73.19 6.36108
      vertex 45.2955 73.19 6.36108
      vertex 45.1921 73.19 6.53364
    endloop
  endfacet
  facet normal 0 1 -0
    outer loop
      vertex 48.5847 73.19 6.19949
      vertex 45.2955 73.19 6.36108
      vertex 48.7045 73.19 6.36108
    endloop
  endfacet
  facet normal 0 1 0
    outer loop
      vertex 48.5847 73.19 6.19949
      vertex 45.4153 73.19 6.19949
      vertex 45.2955 73.19 6.36108
    endloop
  endfacet
  facet normal 0 1 -0
    outer loop
      vertex 48.4496 73.19 6.05043
      vertex 45.4153 73.19 6.19949
      vertex 48.5847 73.19 6.19949
    endloop
  endfacet
  facet normal 0 1 0
    outer loop
      vertex 48.4496 73.19 6.05043
      vertex 45.5504 73.19 6.05043
      vertex 45.4153 73.19 6.19949
    endloop
  endfacet
  facet normal 0 1 -0
    outer loop
      vertex 48.3005 73.19 5.91533
      vertex 45.5504 73.19 6.05043
      vertex 48.4496 73.19 6.05043
    endloop
  endfacet
  facet normal 0 1 0
    outer loop
      vertex 48.3005 73.19 5.91533
      vertex 45.6995 73.19 5.91533
      vertex 45.5504 73.19 6.05043
    endloop
  endfacet
  facet normal 0 1 -0
    outer loop
      vertex 48.1389 73.19 5.79549
      vertex 45.6995 73.19 5.91533
      vertex 48.3005 73.19 5.91533
    endloop
  endfacet
  facet normal 0 1 0
    outer loop
      vertex 48.1389 73.19 5.79549
      vertex 45.8611 73.19 5.79549
      vertex 45.6995 73.19 5.91533
    endloop
  endfacet
  facet normal 0 1 -0
    outer loop
      vertex 47.9664 73.19 5.69206
      vertex 45.8611 73.19 5.79549
      vertex 48.1389 73.19 5.79549
    endloop
  endfacet
  facet normal 0 1 0
    outer loop
      vertex 47.9664 73.19 5.69206
      vertex 46.0336 73.19 5.69206
      vertex 45.8611 73.19 5.79549
    endloop
  endfacet
  facet normal 0 1 -0
    outer loop
      vertex 47.7845 73.19 5.60605
      vertex 46.0336 73.19 5.69206
      vertex 47.9664 73.19 5.69206
    endloop
  endfacet
  facet normal 0 1 0
    outer loop
      vertex 47.7845 73.19 5.60605
      vertex 46.2155 73.19 5.60605
      vertex 46.0336 73.19 5.69206
    endloop
  endfacet
  facet normal 0 1 -0
    outer loop
      vertex 47.5951 73.19 5.53827
      vertex 46.2155 73.19 5.60605
      vertex 47.7845 73.19 5.60605
    endloop
  endfacet
  facet normal 0 1 0
    outer loop
      vertex 47.5951 73.19 5.53827
      vertex 46.4049 73.19 5.53827
      vertex 46.2155 73.19 5.60605
    endloop
  endfacet
  facet normal 0 1 -0
    outer loop
      vertex 47.3999 73.19 5.48939
      vertex 46.4049 73.19 5.53827
      vertex 47.5951 73.19 5.53827
    endloop
  endfacet
  facet normal 0 1 0
    outer loop
      vertex 47.3999 73.19 5.48939
      vertex 46.6001 73.19 5.48939
      vertex 46.4049 73.19 5.53827
    endloop
  endfacet
  facet normal 0 1 -0
    outer loop
      vertex 47.2009 73.19 5.45987
      vertex 46.6001 73.19 5.48939
      vertex 47.3999 73.19 5.48939
    endloop
  endfacet
  facet normal 0 1 0
    outer loop
      vertex 47.2009 73.19 5.45987
      vertex 46.7991 73.19 5.45987
      vertex 46.6001 73.19 5.48939
    endloop
  endfacet
  facet normal -0 1 0
    outer loop
      vertex 46.7991 73.19 5.45987
      vertex 47.2009 73.19 5.45987
      vertex 47 73.19 5.45
    endloop
  endfacet
  facet normal -0.803311 0 0.59556
    outer loop
      vertex 48.5847 73.19 6.19949
      vertex 48.7045 78.2 6.36108
      vertex 48.5847 78.2 6.19949
    endloop
  endfacet
  facet normal -0.803311 0 0.59556
    outer loop
      vertex 48.7045 78.2 6.36108
      vertex 48.5847 73.19 6.19949
      vertex 48.7045 73.19 6.36108
    endloop
  endfacet
  facet normal 0.51424 0 0.857646
    outer loop
      vertex 45.8611 78.2 5.79549
      vertex 46.0336 73.19 5.69206
      vertex 46.0336 78.2 5.69206
    endloop
  endfacet
  facet normal 0.51424 0 0.857646
    outer loop
      vertex 46.0336 73.19 5.69206
      vertex 45.8611 78.2 5.79549
      vertex 45.8611 73.19 5.79549
    endloop
  endfacet
  facet normal -0.903823 0 0.427907
    outer loop
      vertex -54.1921 73.19 6.53364
      vertex -54.106 78.2 6.7155
      vertex -54.1921 78.2 6.53364
    endloop
  endfacet
  facet normal -0.903823 0 0.427907
    outer loop
      vertex -54.106 78.2 6.7155
      vertex -54.1921 73.19 6.53364
      vertex -54.106 73.19 6.7155
    endloop
  endfacet
  facet normal 0.146736 0 -0.989176
    outer loop
      vertex -56.3999 73.19 9.51061
      vertex -56.2009 78.2 9.54013
      vertex -56.2009 73.19 9.54013
    endloop
  endfacet
  facet normal 0.146736 0 -0.989176
    outer loop
      vertex -56.2009 78.2 9.54013
      vertex -56.3999 73.19 9.51061
      vertex -56.3999 78.2 9.51061
    endloop
  endfacet
  facet normal 0.0490697 0 -0.998795
    outer loop
      vertex -56.2009 73.19 9.54013
      vertex -56 78.2 9.55
      vertex -56 73.19 9.55
    endloop
  endfacet
  facet normal 0.0490697 0 -0.998795
    outer loop
      vertex -56 78.2 9.55
      vertex -56.2009 73.19 9.54013
      vertex -56.2009 78.2 9.54013
    endloop
  endfacet
  facet normal 0.24291 0 -0.970049
    outer loop
      vertex -56.5951 73.19 9.46173
      vertex -56.3999 78.2 9.51061
      vertex -56.3999 73.19 9.51061
    endloop
  endfacet
  facet normal 0.24291 0 -0.970049
    outer loop
      vertex -56.3999 78.2 9.51061
      vertex -56.5951 73.19 9.46173
      vertex -56.5951 78.2 9.46173
    endloop
  endfacet
  facet normal 0.970008 -0 0.243074
    outer loop
      vertex -58.0106 73.19 7.10006
      vertex -57.9617 78.2 6.90492
      vertex -58.0106 78.2 7.10006
    endloop
  endfacet
  facet normal 0.970008 0 0.243074
    outer loop
      vertex -57.9617 78.2 6.90492
      vertex -58.0106 73.19 7.10006
      vertex -57.9617 73.19 6.90492
    endloop
  endfacet
  facet normal -0.941663 0 -0.336557
    outer loop
      vertex -54.0383 73.19 8.09508
      vertex -54.106 78.2 8.2845
      vertex -54.0383 78.2 8.09508
    endloop
  endfacet
  facet normal -0.941663 -0 -0.336557
    outer loop
      vertex -54.106 78.2 8.2845
      vertex -54.0383 73.19 8.09508
      vertex -54.106 73.19 8.2845
    endloop
  endfacet
  facet normal 0.336941 0 -0.941526
    outer loop
      vertex -56.7845 73.19 9.39395
      vertex -56.5951 78.2 9.46173
      vertex -56.5951 73.19 9.46173
    endloop
  endfacet
  facet normal 0.336941 0 -0.941526
    outer loop
      vertex -56.5951 78.2 9.46173
      vertex -56.7845 73.19 9.39395
      vertex -56.7845 78.2 9.39395
    endloop
  endfacet
  facet normal -0.998788 0 -0.0492112
    outer loop
      vertex -53.95 73.19 7.5
      vertex -53.9599 78.2 7.70093
      vertex -53.95 78.2 7.5
    endloop
  endfacet
  facet normal -0.998788 -0 -0.0492112
    outer loop
      vertex -53.9599 78.2 7.70093
      vertex -53.95 73.19 7.5
      vertex -53.9599 73.19 7.70093
    endloop
  endfacet
  facet normal 0.998789 -0 0.0492088
    outer loop
      vertex -58.05 73.19 7.5
      vertex -58.0401 78.2 7.29906
      vertex -58.05 78.2 7.5
    endloop
  endfacet
  facet normal 0.998789 0 0.0492088
    outer loop
      vertex -58.0401 78.2 7.29906
      vertex -58.05 73.19 7.5
      vertex -58.0401 73.19 7.29906
    endloop
  endfacet
  facet normal -0.427465 0 0.904032
    outer loop
      vertex -55.2155 78.2 5.60605
      vertex -55.0336 73.19 5.69206
      vertex -55.0336 78.2 5.69206
    endloop
  endfacet
  facet normal -0.427465 0 0.904032
    outer loop
      vertex -55.0336 73.19 5.69206
      vertex -55.2155 78.2 5.60605
      vertex -55.2155 73.19 5.60605
    endloop
  endfacet
  facet normal -0.24291 0 -0.970049
    outer loop
      vertex -55.6001 73.19 9.51061
      vertex -55.4049 78.2 9.46173
      vertex -55.4049 73.19 9.46173
    endloop
  endfacet
  facet normal -0.24291 0 -0.970049
    outer loop
      vertex -55.4049 78.2 9.46173
      vertex -55.6001 73.19 9.51061
      vertex -55.6001 78.2 9.51061
    endloop
  endfacet
  facet normal -0.427465 0 -0.904032
    outer loop
      vertex -55.2155 73.19 9.39395
      vertex -55.0336 78.2 9.30794
      vertex -55.0336 73.19 9.30794
    endloop
  endfacet
  facet normal -0.427465 0 -0.904032
    outer loop
      vertex -55.0336 78.2 9.30794
      vertex -55.2155 73.19 9.39395
      vertex -55.2155 78.2 9.39395
    endloop
  endfacet
  facet normal -0.970011 0 -0.243062
    outer loop
      vertex -53.9894 73.19 7.89993
      vertex -54.0383 78.2 8.09508
      vertex -53.9894 78.2 7.89993
    endloop
  endfacet
  facet normal -0.970011 -0 -0.243062
    outer loop
      vertex -54.0383 78.2 8.09508
      vertex -53.9894 73.19 7.89993
      vertex -54.0383 73.19 8.09508
    endloop
  endfacet
  facet normal -0.51424 0 0.857646
    outer loop
      vertex -55.0336 78.2 5.69206
      vertex -54.8611 73.19 5.79549
      vertex -54.8611 78.2 5.79549
    endloop
  endfacet
  facet normal -0.51424 0 0.857646
    outer loop
      vertex -54.8611 73.19 5.79549
      vertex -55.0336 78.2 5.69206
      vertex -55.0336 73.19 5.69206
    endloop
  endfacet
  facet normal 0.595665 0 -0.803233
    outer loop
      vertex -57.3005 73.19 9.08467
      vertex -57.1389 78.2 9.20451
      vertex -57.1389 73.19 9.20451
    endloop
  endfacet
  facet normal 0.595665 0 -0.803233
    outer loop
      vertex -57.1389 78.2 9.20451
      vertex -57.3005 73.19 9.08467
      vertex -57.3005 78.2 9.08467
    endloop
  endfacet
  facet normal -0.24291 0 0.970049
    outer loop
      vertex -55.6001 78.2 5.48939
      vertex -55.4049 73.19 5.53827
      vertex -55.4049 78.2 5.53827
    endloop
  endfacet
  facet normal -0.24291 0 0.970049
    outer loop
      vertex -55.4049 73.19 5.53827
      vertex -55.6001 78.2 5.48939
      vertex -55.6001 73.19 5.48939
    endloop
  endfacet
  facet normal -0.903823 0 -0.427907
    outer loop
      vertex -54.106 73.19 8.2845
      vertex -54.1921 78.2 8.46636
      vertex -54.106 78.2 8.2845
    endloop
  endfacet
  facet normal -0.903823 -0 -0.427907
    outer loop
      vertex -54.1921 78.2 8.46636
      vertex -54.106 73.19 8.2845
      vertex -54.1921 73.19 8.46636
    endloop
  endfacet
  facet normal -0.146736 0 -0.989176
    outer loop
      vertex -55.7991 73.19 9.54013
      vertex -55.6001 78.2 9.51061
      vertex -55.6001 73.19 9.51061
    endloop
  endfacet
  facet normal -0.146736 0 -0.989176
    outer loop
      vertex -55.6001 78.2 9.51061
      vertex -55.7991 73.19 9.54013
      vertex -55.7991 78.2 9.54013
    endloop
  endfacet
  facet normal -0.67146 0 0.741041
    outer loop
      vertex -54.6995 78.2 5.91533
      vertex -54.5504 73.19 6.05043
      vertex -54.5504 78.2 6.05043
    endloop
  endfacet
  facet normal -0.67146 0 0.741041
    outer loop
      vertex -54.5504 73.19 6.05043
      vertex -54.6995 78.2 5.91533
      vertex -54.6995 73.19 5.91533
    endloop
  endfacet
  facet normal -0.803311 0 0.59556
    outer loop
      vertex -54.4153 73.19 6.19949
      vertex -54.2955 78.2 6.36108
      vertex -54.4153 78.2 6.19949
    endloop
  endfacet
  facet normal -0.803311 0 0.59556
    outer loop
      vertex -54.2955 78.2 6.36108
      vertex -54.4153 73.19 6.19949
      vertex -54.2955 73.19 6.36108
    endloop
  endfacet
  facet normal -0.336941 0 0.941526
    outer loop
      vertex -55.4049 78.2 5.53827
      vertex -55.2155 73.19 5.60605
      vertex -55.2155 78.2 5.60605
    endloop
  endfacet
  facet normal -0.336941 0 0.941526
    outer loop
      vertex -55.2155 73.19 5.60605
      vertex -55.4049 78.2 5.53827
      vertex -55.4049 73.19 5.53827
    endloop
  endfacet
  facet normal 0.903823 -0 0.427907
    outer loop
      vertex -57.894 73.19 6.7155
      vertex -57.8079 78.2 6.53364
      vertex -57.894 78.2 6.7155
    endloop
  endfacet
  facet normal 0.903823 0 0.427907
    outer loop
      vertex -57.8079 78.2 6.53364
      vertex -57.894 73.19 6.7155
      vertex -57.8079 73.19 6.53364
    endloop
  endfacet
  facet normal 0.941663 0 -0.336557
    outer loop
      vertex -57.894 73.19 8.2845
      vertex -57.9617 78.2 8.09508
      vertex -57.894 78.2 8.2845
    endloop
  endfacet
  facet normal 0.941663 0 -0.336557
    outer loop
      vertex -57.9617 78.2 8.09508
      vertex -57.894 73.19 8.2845
      vertex -57.9617 73.19 8.09508
    endloop
  endfacet
  facet normal 0.857791 0 -0.513999
    outer loop
      vertex -57.7045 73.19 8.63892
      vertex -57.8079 78.2 8.46636
      vertex -57.7045 78.2 8.63892
    endloop
  endfacet
  facet normal 0.857791 0 -0.513999
    outer loop
      vertex -57.8079 78.2 8.46636
      vertex -57.7045 73.19 8.63892
      vertex -57.8079 73.19 8.46636
    endloop
  endfacet
  facet normal -0.857791 0 0.513999
    outer loop
      vertex -54.2955 73.19 6.36108
      vertex -54.1921 78.2 6.53364
      vertex -54.2955 78.2 6.36108
    endloop
  endfacet
  facet normal -0.857791 0 0.513999
    outer loop
      vertex -54.1921 78.2 6.53364
      vertex -54.2955 73.19 6.36108
      vertex -54.1921 73.19 6.53364
    endloop
  endfacet
  facet normal 0.146736 0 0.989176
    outer loop
      vertex -56.3999 78.2 5.48939
      vertex -56.2009 73.19 5.45987
      vertex -56.2009 78.2 5.45987
    endloop
  endfacet
  facet normal 0.146736 0 0.989176
    outer loop
      vertex -56.2009 73.19 5.45987
      vertex -56.3999 78.2 5.48939
      vertex -56.3999 73.19 5.48939
    endloop
  endfacet
  facet normal -0.998789 0 0.0492088
    outer loop
      vertex -53.9599 73.19 7.29906
      vertex -53.95 78.2 7.5
      vertex -53.9599 78.2 7.29906
    endloop
  endfacet
  facet normal -0.998789 0 0.0492088
    outer loop
      vertex -53.95 78.2 7.5
      vertex -53.9599 73.19 7.29906
      vertex -53.95 73.19 7.5
    endloop
  endfacet
  facet normal 0.740951 -0 0.671559
    outer loop
      vertex -57.5847 73.19 6.19949
      vertex -57.4496 78.2 6.05043
      vertex -57.5847 78.2 6.19949
    endloop
  endfacet
  facet normal 0.740951 0 0.671559
    outer loop
      vertex -57.4496 78.2 6.05043
      vertex -57.5847 73.19 6.19949
      vertex -57.4496 73.19 6.05043
    endloop
  endfacet
  facet normal -0.595665 0 -0.803233
    outer loop
      vertex -54.8611 73.19 9.20451
      vertex -54.6995 78.2 9.08467
      vertex -54.6995 73.19 9.08467
    endloop
  endfacet
  facet normal -0.595665 0 -0.803233
    outer loop
      vertex -54.6995 78.2 9.08467
      vertex -54.8611 73.19 9.20451
      vertex -54.8611 78.2 9.20451
    endloop
  endfacet
  facet normal -0.941663 0 0.336557
    outer loop
      vertex -54.106 73.19 6.7155
      vertex -54.0383 78.2 6.90492
      vertex -54.106 78.2 6.7155
    endloop
  endfacet
  facet normal -0.941663 0 0.336557
    outer loop
      vertex -54.0383 78.2 6.90492
      vertex -54.106 73.19 6.7155
      vertex -54.0383 73.19 6.90492
    endloop
  endfacet
  facet normal 0.740951 0 -0.671559
    outer loop
      vertex -57.4496 73.19 8.94957
      vertex -57.5847 78.2 8.80051
      vertex -57.4496 78.2 8.94957
    endloop
  endfacet
  facet normal 0.740951 0 -0.671559
    outer loop
      vertex -57.5847 78.2 8.80051
      vertex -57.4496 73.19 8.94957
      vertex -57.5847 73.19 8.80051
    endloop
  endfacet
  facet normal 0.595665 0 0.803233
    outer loop
      vertex -57.3005 78.2 5.91533
      vertex -57.1389 73.19 5.79549
      vertex -57.1389 78.2 5.79549
    endloop
  endfacet
  facet normal 0.595665 0 0.803233
    outer loop
      vertex -57.1389 73.19 5.79549
      vertex -57.3005 78.2 5.91533
      vertex -57.3005 73.19 5.91533
    endloop
  endfacet
  facet normal -0.67146 0 -0.741041
    outer loop
      vertex -54.6995 73.19 9.08467
      vertex -54.5504 78.2 8.94957
      vertex -54.5504 73.19 8.94957
    endloop
  endfacet
  facet normal -0.67146 0 -0.741041
    outer loop
      vertex -54.5504 78.2 8.94957
      vertex -54.6995 73.19 9.08467
      vertex -54.6995 78.2 9.08467
    endloop
  endfacet
  facet normal 0.803311 0 -0.59556
    outer loop
      vertex -57.5847 73.19 8.80051
      vertex -57.7045 78.2 8.63892
      vertex -57.5847 78.2 8.80051
    endloop
  endfacet
  facet normal 0.803311 0 -0.59556
    outer loop
      vertex -57.7045 78.2 8.63892
      vertex -57.5847 73.19 8.80051
      vertex -57.7045 73.19 8.63892
    endloop
  endfacet
  facet normal -0.595665 0 0.803233
    outer loop
      vertex -54.8611 78.2 5.79549
      vertex -54.6995 73.19 5.91533
      vertex -54.6995 78.2 5.91533
    endloop
  endfacet
  facet normal -0.595665 0 0.803233
    outer loop
      vertex -54.6995 73.19 5.91533
      vertex -54.8611 78.2 5.79549
      vertex -54.8611 73.19 5.79549
    endloop
  endfacet
  facet normal 0.98919 0 -0.146639
    outer loop
      vertex -58.0106 73.19 7.89993
      vertex -58.0401 78.2 7.70093
      vertex -58.0106 78.2 7.89993
    endloop
  endfacet
  facet normal 0.98919 0 -0.146639
    outer loop
      vertex -58.0401 78.2 7.70093
      vertex -58.0106 73.19 7.89993
      vertex -58.0401 73.19 7.70093
    endloop
  endfacet
  facet normal -0.970008 0 0.243074
    outer loop
      vertex -54.0383 73.19 6.90492
      vertex -53.9894 78.2 7.10006
      vertex -54.0383 78.2 6.90492
    endloop
  endfacet
  facet normal -0.970008 0 0.243074
    outer loop
      vertex -53.9894 78.2 7.10006
      vertex -54.0383 73.19 6.90492
      vertex -53.9894 73.19 7.10006
    endloop
  endfacet
  facet normal -0.51424 0 -0.857646
    outer loop
      vertex -55.0336 73.19 9.30794
      vertex -54.8611 78.2 9.20451
      vertex -54.8611 73.19 9.20451
    endloop
  endfacet
  facet normal -0.51424 0 -0.857646
    outer loop
      vertex -54.8611 78.2 9.20451
      vertex -55.0336 73.19 9.30794
      vertex -55.0336 78.2 9.30794
    endloop
  endfacet
  facet normal 0.427465 0 -0.904032
    outer loop
      vertex -56.9664 73.19 9.30794
      vertex -56.7845 78.2 9.39395
      vertex -56.7845 73.19 9.39395
    endloop
  endfacet
  facet normal 0.427465 0 -0.904032
    outer loop
      vertex -56.7845 78.2 9.39395
      vertex -56.9664 73.19 9.30794
      vertex -56.9664 78.2 9.30794
    endloop
  endfacet
  facet normal -0.0490697 0 -0.998795
    outer loop
      vertex -56 73.19 9.55
      vertex -55.7991 78.2 9.54013
      vertex -55.7991 73.19 9.54013
    endloop
  endfacet
  facet normal -0.0490697 0 -0.998795
    outer loop
      vertex -55.7991 78.2 9.54013
      vertex -56 73.19 9.55
      vertex -56 78.2 9.55
    endloop
  endfacet
  facet normal 0.803311 -0 0.59556
    outer loop
      vertex -57.7045 73.19 6.36108
      vertex -57.5847 78.2 6.19949
      vertex -57.7045 78.2 6.36108
    endloop
  endfacet
  facet normal 0.803311 0 0.59556
    outer loop
      vertex -57.5847 78.2 6.19949
      vertex -57.7045 73.19 6.36108
      vertex -57.5847 73.19 6.19949
    endloop
  endfacet
  facet normal -0.98919 0 -0.146639
    outer loop
      vertex -53.9599 73.19 7.70093
      vertex -53.9894 78.2 7.89993
      vertex -53.9599 78.2 7.70093
    endloop
  endfacet
  facet normal -0.98919 -0 -0.146639
    outer loop
      vertex -53.9894 78.2 7.89993
      vertex -53.9599 73.19 7.70093
      vertex -53.9894 73.19 7.89993
    endloop
  endfacet
  facet normal 0.0490697 0 0.998795
    outer loop
      vertex -56.2009 78.2 5.45987
      vertex -56 73.19 5.45
      vertex -56 78.2 5.45
    endloop
  endfacet
  facet normal 0.0490697 0 0.998795
    outer loop
      vertex -56 73.19 5.45
      vertex -56.2009 78.2 5.45987
      vertex -56.2009 73.19 5.45987
    endloop
  endfacet
  facet normal 0.51424 0 -0.857646
    outer loop
      vertex -57.1389 73.19 9.20451
      vertex -56.9664 78.2 9.30794
      vertex -56.9664 73.19 9.30794
    endloop
  endfacet
  facet normal 0.51424 0 -0.857646
    outer loop
      vertex -56.9664 78.2 9.30794
      vertex -57.1389 73.19 9.20451
      vertex -57.1389 78.2 9.20451
    endloop
  endfacet
  facet normal 0.857791 -0 0.513999
    outer loop
      vertex -57.8079 73.19 6.53364
      vertex -57.7045 78.2 6.36108
      vertex -57.8079 78.2 6.53364
    endloop
  endfacet
  facet normal 0.857791 0 0.513999
    outer loop
      vertex -57.7045 78.2 6.36108
      vertex -57.8079 73.19 6.53364
      vertex -57.7045 73.19 6.36108
    endloop
  endfacet
  facet normal 0.903823 0 -0.427907
    outer loop
      vertex -57.8079 73.19 8.46636
      vertex -57.894 78.2 8.2845
      vertex -57.8079 78.2 8.46636
    endloop
  endfacet
  facet normal 0.903823 0 -0.427907
    outer loop
      vertex -57.894 78.2 8.2845
      vertex -57.8079 73.19 8.46636
      vertex -57.894 73.19 8.2845
    endloop
  endfacet
  facet normal -0.857791 0 -0.513999
    outer loop
      vertex -54.1921 73.19 8.46636
      vertex -54.2955 78.2 8.63892
      vertex -54.1921 78.2 8.46636
    endloop
  endfacet
  facet normal -0.857791 -0 -0.513999
    outer loop
      vertex -54.2955 78.2 8.63892
      vertex -54.1921 73.19 8.46636
      vertex -54.2955 73.19 8.63892
    endloop
  endfacet
  facet normal 0.336941 0 0.941526
    outer loop
      vertex -56.7845 78.2 5.60605
      vertex -56.5951 73.19 5.53827
      vertex -56.5951 78.2 5.53827
    endloop
  endfacet
  facet normal 0.336941 0 0.941526
    outer loop
      vertex -56.5951 73.19 5.53827
      vertex -56.7845 78.2 5.60605
      vertex -56.7845 73.19 5.60605
    endloop
  endfacet
  facet normal 0.67146 0 0.741041
    outer loop
      vertex -57.4496 78.2 6.05043
      vertex -57.3005 73.19 5.91533
      vertex -57.3005 78.2 5.91533
    endloop
  endfacet
  facet normal 0.67146 0 0.741041
    outer loop
      vertex -57.3005 73.19 5.91533
      vertex -57.4496 78.2 6.05043
      vertex -57.4496 73.19 6.05043
    endloop
  endfacet
  facet normal -0.146736 0 0.989176
    outer loop
      vertex -55.7991 78.2 5.45987
      vertex -55.6001 73.19 5.48939
      vertex -55.6001 78.2 5.48939
    endloop
  endfacet
  facet normal -0.146736 0 0.989176
    outer loop
      vertex -55.6001 73.19 5.48939
      vertex -55.7991 78.2 5.45987
      vertex -55.7991 73.19 5.45987
    endloop
  endfacet
  facet normal 0.98919 -0 0.146639
    outer loop
      vertex -58.0401 73.19 7.29906
      vertex -58.0106 78.2 7.10006
      vertex -58.0401 78.2 7.29906
    endloop
  endfacet
  facet normal 0.98919 0 0.146639
    outer loop
      vertex -58.0106 78.2 7.10006
      vertex -58.0401 73.19 7.29906
      vertex -58.0106 73.19 7.10006
    endloop
  endfacet
  facet normal 0.941663 -0 0.336557
    outer loop
      vertex -57.9617 73.19 6.90492
      vertex -57.894 78.2 6.7155
      vertex -57.9617 78.2 6.90492
    endloop
  endfacet
  facet normal 0.941663 0 0.336557
    outer loop
      vertex -57.894 78.2 6.7155
      vertex -57.9617 73.19 6.90492
      vertex -57.894 73.19 6.7155
    endloop
  endfacet
  facet normal 0.24291 0 0.970049
    outer loop
      vertex -56.5951 78.2 5.53827
      vertex -56.3999 73.19 5.48939
      vertex -56.3999 78.2 5.48939
    endloop
  endfacet
  facet normal 0.24291 0 0.970049
    outer loop
      vertex -56.3999 73.19 5.48939
      vertex -56.5951 78.2 5.53827
      vertex -56.5951 73.19 5.53827
    endloop
  endfacet
  facet normal 0.427465 0 0.904032
    outer loop
      vertex -56.9664 78.2 5.69206
      vertex -56.7845 73.19 5.60605
      vertex -56.7845 78.2 5.60605
    endloop
  endfacet
  facet normal 0.427465 0 0.904032
    outer loop
      vertex -56.7845 73.19 5.60605
      vertex -56.9664 78.2 5.69206
      vertex -56.9664 73.19 5.69206
    endloop
  endfacet
  facet normal 0.970011 0 -0.243062
    outer loop
      vertex -57.9617 73.19 8.09508
      vertex -58.0106 78.2 7.89993
      vertex -57.9617 78.2 8.09508
    endloop
  endfacet
  facet normal 0.970011 0 -0.243062
    outer loop
      vertex -58.0106 78.2 7.89993
      vertex -57.9617 73.19 8.09508
      vertex -58.0106 73.19 7.89993
    endloop
  endfacet
  facet normal -0.803311 0 -0.59556
    outer loop
      vertex -54.2955 73.19 8.63892
      vertex -54.4153 78.2 8.80051
      vertex -54.2955 78.2 8.63892
    endloop
  endfacet
  facet normal -0.803311 -0 -0.59556
    outer loop
      vertex -54.4153 78.2 8.80051
      vertex -54.2955 73.19 8.63892
      vertex -54.4153 73.19 8.80051
    endloop
  endfacet
  facet normal 0.67146 0 -0.741041
    outer loop
      vertex -57.4496 73.19 8.94957
      vertex -57.3005 78.2 9.08467
      vertex -57.3005 73.19 9.08467
    endloop
  endfacet
  facet normal 0.67146 0 -0.741041
    outer loop
      vertex -57.3005 78.2 9.08467
      vertex -57.4496 73.19 8.94957
      vertex -57.4496 78.2 8.94957
    endloop
  endfacet
  facet normal 0.998788 0 -0.0492112
    outer loop
      vertex -58.0401 73.19 7.70093
      vertex -58.05 78.2 7.5
      vertex -58.0401 78.2 7.70093
    endloop
  endfacet
  facet normal 0.998788 0 -0.0492112
    outer loop
      vertex -58.05 78.2 7.5
      vertex -58.0401 73.19 7.70093
      vertex -58.05 73.19 7.5
    endloop
  endfacet
  facet normal -0.336941 0 -0.941526
    outer loop
      vertex -55.4049 73.19 9.46173
      vertex -55.2155 78.2 9.39395
      vertex -55.2155 73.19 9.39395
    endloop
  endfacet
  facet normal -0.336941 0 -0.941526
    outer loop
      vertex -55.2155 78.2 9.39395
      vertex -55.4049 73.19 9.46173
      vertex -55.4049 78.2 9.46173
    endloop
  endfacet
  facet normal -0.740951 0 0.671559
    outer loop
      vertex -54.5504 73.19 6.05043
      vertex -54.4153 78.2 6.19949
      vertex -54.5504 78.2 6.05043
    endloop
  endfacet
  facet normal -0.740951 0 0.671559
    outer loop
      vertex -54.4153 78.2 6.19949
      vertex -54.5504 73.19 6.05043
      vertex -54.4153 73.19 6.19949
    endloop
  endfacet
  facet normal -0.740951 0 -0.671559
    outer loop
      vertex -54.4153 73.19 8.80051
      vertex -54.5504 78.2 8.94957
      vertex -54.4153 78.2 8.80051
    endloop
  endfacet
  facet normal -0.740951 -0 -0.671559
    outer loop
      vertex -54.5504 78.2 8.94957
      vertex -54.4153 73.19 8.80051
      vertex -54.5504 73.19 8.94957
    endloop
  endfacet
  facet normal -0.0490697 0 0.998795
    outer loop
      vertex -56 78.2 5.45
      vertex -55.7991 73.19 5.45987
      vertex -55.7991 78.2 5.45987
    endloop
  endfacet
  facet normal -0.0490697 0 0.998795
    outer loop
      vertex -55.7991 73.19 5.45987
      vertex -56 78.2 5.45
      vertex -56 73.19 5.45
    endloop
  endfacet
  facet normal -0.98919 0 0.146639
    outer loop
      vertex -53.9894 73.19 7.10006
      vertex -53.9599 78.2 7.29906
      vertex -53.9894 78.2 7.10006
    endloop
  endfacet
  facet normal -0.98919 0 0.146639
    outer loop
      vertex -53.9599 78.2 7.29906
      vertex -53.9894 73.19 7.10006
      vertex -53.9599 73.19 7.29906
    endloop
  endfacet
  facet normal 0 1 0
    outer loop
      vertex -55.7991 73.19 9.54013
      vertex -56.2009 73.19 9.54013
      vertex -56 73.19 9.55
    endloop
  endfacet
  facet normal 0 1 0
    outer loop
      vertex -55.6001 73.19 9.51061
      vertex -56.2009 73.19 9.54013
      vertex -55.7991 73.19 9.54013
    endloop
  endfacet
  facet normal 0 1 0
    outer loop
      vertex -55.6001 73.19 9.51061
      vertex -56.3999 73.19 9.51061
      vertex -56.2009 73.19 9.54013
    endloop
  endfacet
  facet normal 0 1 0
    outer loop
      vertex -55.4049 73.19 9.46173
      vertex -56.3999 73.19 9.51061
      vertex -55.6001 73.19 9.51061
    endloop
  endfacet
  facet normal 0 1 0
    outer loop
      vertex -55.4049 73.19 9.46173
      vertex -56.5951 73.19 9.46173
      vertex -56.3999 73.19 9.51061
    endloop
  endfacet
  facet normal 0 1 0
    outer loop
      vertex -55.2155 73.19 9.39395
      vertex -56.5951 73.19 9.46173
      vertex -55.4049 73.19 9.46173
    endloop
  endfacet
  facet normal 0 1 0
    outer loop
      vertex -55.2155 73.19 9.39395
      vertex -56.7845 73.19 9.39395
      vertex -56.5951 73.19 9.46173
    endloop
  endfacet
  facet normal 0 1 0
    outer loop
      vertex -55.0336 73.19 9.30794
      vertex -56.7845 73.19 9.39395
      vertex -55.2155 73.19 9.39395
    endloop
  endfacet
  facet normal 0 1 0
    outer loop
      vertex -55.0336 73.19 9.30794
      vertex -56.9664 73.19 9.30794
      vertex -56.7845 73.19 9.39395
    endloop
  endfacet
  facet normal 0 1 0
    outer loop
      vertex -54.8611 73.19 9.20451
      vertex -56.9664 73.19 9.30794
      vertex -55.0336 73.19 9.30794
    endloop
  endfacet
  facet normal 0 1 0
    outer loop
      vertex -54.8611 73.19 9.20451
      vertex -57.1389 73.19 9.20451
      vertex -56.9664 73.19 9.30794
    endloop
  endfacet
  facet normal 0 1 0
    outer loop
      vertex -54.6995 73.19 9.08467
      vertex -57.1389 73.19 9.20451
      vertex -54.8611 73.19 9.20451
    endloop
  endfacet
  facet normal 0 1 0
    outer loop
      vertex -54.6995 73.19 9.08467
      vertex -57.3005 73.19 9.08467
      vertex -57.1389 73.19 9.20451
    endloop
  endfacet
  facet normal 0 1 0
    outer loop
      vertex -54.5504 73.19 8.94957
      vertex -57.3005 73.19 9.08467
      vertex -54.6995 73.19 9.08467
    endloop
  endfacet
  facet normal 0 1 0
    outer loop
      vertex -54.5504 73.19 8.94957
      vertex -57.4496 73.19 8.94957
      vertex -57.3005 73.19 9.08467
    endloop
  endfacet
  facet normal 0 1 0
    outer loop
      vertex -54.4153 73.19 8.80051
      vertex -57.4496 73.19 8.94957
      vertex -54.5504 73.19 8.94957
    endloop
  endfacet
  facet normal 0 1 0
    outer loop
      vertex -54.4153 73.19 8.80051
      vertex -57.5847 73.19 8.80051
      vertex -57.4496 73.19 8.94957
    endloop
  endfacet
  facet normal 0 1 0
    outer loop
      vertex -54.2955 73.19 8.63892
      vertex -57.5847 73.19 8.80051
      vertex -54.4153 73.19 8.80051
    endloop
  endfacet
  facet normal 0 1 0
    outer loop
      vertex -54.2955 73.19 8.63892
      vertex -57.7045 73.19 8.63892
      vertex -57.5847 73.19 8.80051
    endloop
  endfacet
  facet normal 0 1 0
    outer loop
      vertex -54.1921 73.19 8.46636
      vertex -57.7045 73.19 8.63892
      vertex -54.2955 73.19 8.63892
    endloop
  endfacet
  facet normal 0 1 0
    outer loop
      vertex -54.1921 73.19 8.46636
      vertex -57.8079 73.19 8.46636
      vertex -57.7045 73.19 8.63892
    endloop
  endfacet
  facet normal 0 1 0
    outer loop
      vertex -54.106 73.19 8.2845
      vertex -57.8079 73.19 8.46636
      vertex -54.1921 73.19 8.46636
    endloop
  endfacet
  facet normal 0 1 0
    outer loop
      vertex -54.106 73.19 8.2845
      vertex -57.894 73.19 8.2845
      vertex -57.8079 73.19 8.46636
    endloop
  endfacet
  facet normal 0 1 0
    outer loop
      vertex -54.0383 73.19 8.09508
      vertex -57.894 73.19 8.2845
      vertex -54.106 73.19 8.2845
    endloop
  endfacet
  facet normal 0 1 0
    outer loop
      vertex -54.0383 73.19 8.09508
      vertex -57.9617 73.19 8.09508
      vertex -57.894 73.19 8.2845
    endloop
  endfacet
  facet normal 0 1 0
    outer loop
      vertex -53.9894 73.19 7.89993
      vertex -57.9617 73.19 8.09508
      vertex -54.0383 73.19 8.09508
    endloop
  endfacet
  facet normal 0 1 0
    outer loop
      vertex -53.9894 73.19 7.89993
      vertex -58.0106 73.19 7.89993
      vertex -57.9617 73.19 8.09508
    endloop
  endfacet
  facet normal 0 1 0
    outer loop
      vertex -53.9599 73.19 7.70093
      vertex -58.0106 73.19 7.89993
      vertex -53.9894 73.19 7.89993
    endloop
  endfacet
  facet normal 0 1 0
    outer loop
      vertex -53.9599 73.19 7.70093
      vertex -58.0401 73.19 7.70093
      vertex -58.0106 73.19 7.89993
    endloop
  endfacet
  facet normal 0 1 0
    outer loop
      vertex -53.95 73.19 7.5
      vertex -58.0401 73.19 7.70093
      vertex -53.9599 73.19 7.70093
    endloop
  endfacet
  facet normal 0 1 0
    outer loop
      vertex -53.95 73.19 7.5
      vertex -58.05 73.19 7.5
      vertex -58.0401 73.19 7.70093
    endloop
  endfacet
  facet normal 0 1 -0
    outer loop
      vertex -53.9599 73.19 7.29906
      vertex -58.05 73.19 7.5
      vertex -53.95 73.19 7.5
    endloop
  endfacet
  facet normal 0 1 0
    outer loop
      vertex -53.9599 73.19 7.29906
      vertex -58.0401 73.19 7.29906
      vertex -58.05 73.19 7.5
    endloop
  endfacet
  facet normal 0 1 -0
    outer loop
      vertex -53.9894 73.19 7.10006
      vertex -58.0401 73.19 7.29906
      vertex -53.9599 73.19 7.29906
    endloop
  endfacet
  facet normal 0 1 0
    outer loop
      vertex -53.9894 73.19 7.10006
      vertex -58.0106 73.19 7.10006
      vertex -58.0401 73.19 7.29906
    endloop
  endfacet
  facet normal 0 1 -0
    outer loop
      vertex -54.0383 73.19 6.90492
      vertex -58.0106 73.19 7.10006
      vertex -53.9894 73.19 7.10006
    endloop
  endfacet
  facet normal 0 1 0
    outer loop
      vertex -54.0383 73.19 6.90492
      vertex -57.9617 73.19 6.90492
      vertex -58.0106 73.19 7.10006
    endloop
  endfacet
  facet normal 0 1 -0
    outer loop
      vertex -54.106 73.19 6.7155
      vertex -57.9617 73.19 6.90492
      vertex -54.0383 73.19 6.90492
    endloop
  endfacet
  facet normal 0 1 0
    outer loop
      vertex -54.106 73.19 6.7155
      vertex -57.894 73.19 6.7155
      vertex -57.9617 73.19 6.90492
    endloop
  endfacet
  facet normal 0 1 -0
    outer loop
      vertex -54.1921 73.19 6.53364
      vertex -57.894 73.19 6.7155
      vertex -54.106 73.19 6.7155
    endloop
  endfacet
  facet normal 0 1 0
    outer loop
      vertex -54.1921 73.19 6.53364
      vertex -57.8079 73.19 6.53364
      vertex -57.894 73.19 6.7155
    endloop
  endfacet
  facet normal 0 1 -0
    outer loop
      vertex -54.2955 73.19 6.36108
      vertex -57.8079 73.19 6.53364
      vertex -54.1921 73.19 6.53364
    endloop
  endfacet
  facet normal 0 1 0
    outer loop
      vertex -54.2955 73.19 6.36108
      vertex -57.7045 73.19 6.36108
      vertex -57.8079 73.19 6.53364
    endloop
  endfacet
  facet normal 0 1 -0
    outer loop
      vertex -54.4153 73.19 6.19949
      vertex -57.7045 73.19 6.36108
      vertex -54.2955 73.19 6.36108
    endloop
  endfacet
  facet normal 0 1 0
    outer loop
      vertex -54.4153 73.19 6.19949
      vertex -57.5847 73.19 6.19949
      vertex -57.7045 73.19 6.36108
    endloop
  endfacet
  facet normal 0 1 -0
    outer loop
      vertex -54.5504 73.19 6.05043
      vertex -57.5847 73.19 6.19949
      vertex -54.4153 73.19 6.19949
    endloop
  endfacet
  facet normal 0 1 0
    outer loop
      vertex -54.5504 73.19 6.05043
      vertex -57.4496 73.19 6.05043
      vertex -57.5847 73.19 6.19949
    endloop
  endfacet
  facet normal 0 1 -0
    outer loop
      vertex -54.6995 73.19 5.91533
      vertex -57.4496 73.19 6.05043
      vertex -54.5504 73.19 6.05043
    endloop
  endfacet
  facet normal 0 1 0
    outer loop
      vertex -54.6995 73.19 5.91533
      vertex -57.3005 73.19 5.91533
      vertex -57.4496 73.19 6.05043
    endloop
  endfacet
  facet normal 0 1 -0
    outer loop
      vertex -54.8611 73.19 5.79549
      vertex -57.3005 73.19 5.91533
      vertex -54.6995 73.19 5.91533
    endloop
  endfacet
  facet normal 0 1 0
    outer loop
      vertex -54.8611 73.19 5.79549
      vertex -57.1389 73.19 5.79549
      vertex -57.3005 73.19 5.91533
    endloop
  endfacet
  facet normal 0 1 -0
    outer loop
      vertex -55.0336 73.19 5.69206
      vertex -57.1389 73.19 5.79549
      vertex -54.8611 73.19 5.79549
    endloop
  endfacet
  facet normal 0 1 0
    outer loop
      vertex -55.0336 73.19 5.69206
      vertex -56.9664 73.19 5.69206
      vertex -57.1389 73.19 5.79549
    endloop
  endfacet
  facet normal 0 1 -0
    outer loop
      vertex -55.2155 73.19 5.60605
      vertex -56.9664 73.19 5.69206
      vertex -55.0336 73.19 5.69206
    endloop
  endfacet
  facet normal 0 1 0
    outer loop
      vertex -55.2155 73.19 5.60605
      vertex -56.7845 73.19 5.60605
      vertex -56.9664 73.19 5.69206
    endloop
  endfacet
  facet normal 0 1 -0
    outer loop
      vertex -55.4049 73.19 5.53827
      vertex -56.7845 73.19 5.60605
      vertex -55.2155 73.19 5.60605
    endloop
  endfacet
  facet normal 0 1 0
    outer loop
      vertex -55.4049 73.19 5.53827
      vertex -56.5951 73.19 5.53827
      vertex -56.7845 73.19 5.60605
    endloop
  endfacet
  facet normal 0 1 -0
    outer loop
      vertex -55.6001 73.19 5.48939
      vertex -56.5951 73.19 5.53827
      vertex -55.4049 73.19 5.53827
    endloop
  endfacet
  facet normal 0 1 0
    outer loop
      vertex -55.6001 73.19 5.48939
      vertex -56.3999 73.19 5.48939
      vertex -56.5951 73.19 5.53827
    endloop
  endfacet
  facet normal 0 1 -0
    outer loop
      vertex -55.7991 73.19 5.45987
      vertex -56.3999 73.19 5.48939
      vertex -55.6001 73.19 5.48939
    endloop
  endfacet
  facet normal 0 1 0
    outer loop
      vertex -55.7991 73.19 5.45987
      vertex -56.2009 73.19 5.45987
      vertex -56.3999 73.19 5.48939
    endloop
  endfacet
  facet normal -0 1 0
    outer loop
      vertex -56.2009 73.19 5.45987
      vertex -55.7991 73.19 5.45987
      vertex -56 73.19 5.45
    endloop
  endfacet
  facet normal 0.51424 0 0.857646
    outer loop
      vertex -57.1389 78.2 5.79549
      vertex -56.9664 73.19 5.69206
      vertex -56.9664 78.2 5.69206
    endloop
  endfacet
  facet normal 0.51424 0 0.857646
    outer loop
      vertex -56.9664 73.19 5.69206
      vertex -57.1389 78.2 5.79549
      vertex -57.1389 73.19 5.79549
    endloop
  endfacet
  facet normal 0 0.95698 -0.290152
    outer loop
      vertex 74 -58.2106 8.39993
      vertex 69 -58.094 8.7845
      vertex 74 -58.094 8.7845
    endloop
  endfacet
  facet normal 0 0.95698 -0.290152
    outer loop
      vertex 69 -58.094 8.7845
      vertex 74 -58.2106 8.39993
      vertex 69 -58.2106 8.39993
    endloop
  endfacet
  facet normal 0 -0.290246 -0.956952
    outer loop
      vertex 69 -55.8001 10.0106
      vertex 74 -55.4155 9.89395
      vertex 74 -55.8001 10.0106
    endloop
  endfacet
  facet normal -0 -0.290246 -0.956952
    outer loop
      vertex 74 -55.4155 9.89395
      vertex 69 -55.8001 10.0106
      vertex 69 -55.4155 9.89395
    endloop
  endfacet
  facet normal 0 -0.0980499 -0.995182
    outer loop
      vertex 69 -56.2 10.05
      vertex 74 -55.8001 10.0106
      vertex 74 -56.2 10.05
    endloop
  endfacet
  facet normal -0 -0.0980499 -0.995182
    outer loop
      vertex 74 -55.8001 10.0106
      vertex 69 -56.2 10.05
      vertex 69 -55.8001 10.0106
    endloop
  endfacet
  facet normal 0 -0.471415 -0.881912
    outer loop
      vertex 69 -55.4155 9.89395
      vertex 74 -55.0611 9.70451
      vertex 74 -55.4155 9.89395
    endloop
  endfacet
  facet normal -0 -0.471415 -0.881912
    outer loop
      vertex 74 -55.0611 9.70451
      vertex 69 -55.4155 9.89395
      vertex 69 -55.0611 9.70451
    endloop
  endfacet
  facet normal 0 0.0980499 -0.995182
    outer loop
      vertex 69 -56.5999 10.0106
      vertex 74 -56.2 10.05
      vertex 74 -56.5999 10.0106
    endloop
  endfacet
  facet normal 0 0.0980499 -0.995182
    outer loop
      vertex 74 -56.2 10.05
      vertex 69 -56.5999 10.0106
      vertex 69 -56.2 10.05
    endloop
  endfacet
  facet normal 0 0.881861 0.47151
    outer loop
      vertex 74 -57.9045 6.86108
      vertex 69 -58.094 7.2155
      vertex 74 -58.094 7.2155
    endloop
  endfacet
  facet normal 0 0.881861 0.47151
    outer loop
      vertex 69 -58.094 7.2155
      vertex 74 -57.9045 6.86108
      vertex 69 -57.9045 6.86108
    endloop
  endfacet
  facet normal 0 -0.773064 -0.634328
    outer loop
      vertex 69 -54.4955 9.13892
      vertex 74 -54.7504 9.44957
      vertex 69 -54.7504 9.44957
    endloop
  endfacet
  facet normal 0 -0.773064 -0.634328
    outer loop
      vertex 74 -54.7504 9.44957
      vertex 69 -54.4955 9.13892
      vertex 74 -54.4955 9.13892
    endloop
  endfacet
  facet normal 0 -0.995182 0.0980402
    outer loop
      vertex 69 -54.1894 7.60006
      vertex 74 -54.15 8
      vertex 69 -54.15 8
    endloop
  endfacet
  facet normal 0 -0.995182 0.0980402
    outer loop
      vertex 74 -54.15 8
      vertex 69 -54.1894 7.60006
      vertex 74 -54.1894 7.60006
    endloop
  endfacet
  facet normal -0 0.471415 0.881912
    outer loop
      vertex 69 -56.9845 6.10605
      vertex 74 -57.3389 6.29549
      vertex 74 -56.9845 6.10605
    endloop
  endfacet
  facet normal 0 0.471415 0.881912
    outer loop
      vertex 74 -57.3389 6.29549
      vertex 69 -56.9845 6.10605
      vertex 69 -57.3389 6.29549
    endloop
  endfacet
  facet normal 0 0.995182 -0.0980426
    outer loop
      vertex 74 -58.25 8
      vertex 69 -58.2106 8.39993
      vertex 74 -58.2106 8.39993
    endloop
  endfacet
  facet normal 0 0.995182 -0.0980426
    outer loop
      vertex 69 -58.2106 8.39993
      vertex 74 -58.25 8
      vertex 69 -58.25 8
    endloop
  endfacet
  facet normal 0 0.290246 -0.956952
    outer loop
      vertex 69 -56.9845 9.89395
      vertex 74 -56.5999 10.0106
      vertex 74 -56.9845 9.89395
    endloop
  endfacet
  facet normal 0 0.290246 -0.956952
    outer loop
      vertex 74 -56.5999 10.0106
      vertex 69 -56.9845 9.89395
      vertex 69 -56.5999 10.0106
    endloop
  endfacet
  facet normal 0 0.634327 -0.773065
    outer loop
      vertex 69 -57.6496 9.44957
      vertex 74 -57.3389 9.70451
      vertex 74 -57.6496 9.44957
    endloop
  endfacet
  facet normal 0 0.634327 -0.773065
    outer loop
      vertex 74 -57.3389 9.70451
      vertex 69 -57.6496 9.44957
      vertex 69 -57.3389 9.70451
    endloop
  endfacet
  facet normal 0 0.471415 -0.881912
    outer loop
      vertex 69 -57.3389 9.70451
      vertex 74 -56.9845 9.89395
      vertex 74 -57.3389 9.70451
    endloop
  endfacet
  facet normal 0 0.471415 -0.881912
    outer loop
      vertex 74 -56.9845 9.89395
      vertex 69 -57.3389 9.70451
      vertex 69 -56.9845 9.89395
    endloop
  endfacet
  facet normal 0 0.881861 -0.47151
    outer loop
      vertex 74 -58.094 8.7845
      vertex 69 -57.9045 9.13892
      vertex 74 -57.9045 9.13892
    endloop
  endfacet
  facet normal 0 0.881861 -0.47151
    outer loop
      vertex 69 -57.9045 9.13892
      vertex 74 -58.094 8.7845
      vertex 69 -58.094 8.7845
    endloop
  endfacet
  facet normal -0 0.290268 0.956945
    outer loop
      vertex 69 -56.5999 5.98939
      vertex 74 -56.9845 6.10605
      vertex 74 -56.5999 5.98939
    endloop
  endfacet
  facet normal 0 0.290268 0.956945
    outer loop
      vertex 74 -56.9845 6.10605
      vertex 69 -56.5999 5.98939
      vertex 69 -56.9845 6.10605
    endloop
  endfacet
  facet normal 0 -0.634327 0.773065
    outer loop
      vertex 69 -54.7504 6.55043
      vertex 74 -55.0611 6.29549
      vertex 74 -54.7504 6.55043
    endloop
  endfacet
  facet normal 0 -0.634327 0.773065
    outer loop
      vertex 74 -55.0611 6.29549
      vertex 69 -54.7504 6.55043
      vertex 69 -55.0611 6.29549
    endloop
  endfacet
  facet normal 0 -0.634327 -0.773065
    outer loop
      vertex 69 -55.0611 9.70451
      vertex 74 -54.7504 9.44957
      vertex 74 -55.0611 9.70451
    endloop
  endfacet
  facet normal -0 -0.634327 -0.773065
    outer loop
      vertex 74 -54.7504 9.44957
      vertex 69 -55.0611 9.70451
      vertex 69 -54.7504 9.44957
    endloop
  endfacet
  facet normal 0 -0.881861 0.47151
    outer loop
      vertex 69 -54.4955 6.86108
      vertex 74 -54.306 7.2155
      vertex 69 -54.306 7.2155
    endloop
  endfacet
  facet normal 0 -0.881861 0.47151
    outer loop
      vertex 74 -54.306 7.2155
      vertex 69 -54.4955 6.86108
      vertex 74 -54.4955 6.86108
    endloop
  endfacet
  facet normal 0 -0.956978 0.290159
    outer loop
      vertex 69 -54.306 7.2155
      vertex 74 -54.1894 7.60006
      vertex 69 -54.1894 7.60006
    endloop
  endfacet
  facet normal 0 -0.956978 0.290159
    outer loop
      vertex 74 -54.1894 7.60006
      vertex 69 -54.306 7.2155
      vertex 74 -54.306 7.2155
    endloop
  endfacet
  facet normal 0 0.956978 0.290159
    outer loop
      vertex 74 -58.094 7.2155
      vertex 69 -58.2106 7.60006
      vertex 74 -58.2106 7.60006
    endloop
  endfacet
  facet normal 0 0.956978 0.290159
    outer loop
      vertex 69 -58.2106 7.60006
      vertex 74 -58.094 7.2155
      vertex 69 -58.094 7.2155
    endloop
  endfacet
  facet normal 1 0 0
    outer loop
      vertex 69 -54.1894 8.39993
      vertex 69 -54.1894 7.60006
      vertex 69 -54.15 8
    endloop
  endfacet
  facet normal 1 0 0
    outer loop
      vertex 69 -54.306 8.7845
      vertex 69 -54.1894 7.60006
      vertex 69 -54.1894 8.39993
    endloop
  endfacet
  facet normal 1 0 0
    outer loop
      vertex 69 -54.306 8.7845
      vertex 69 -54.306 7.2155
      vertex 69 -54.1894 7.60006
    endloop
  endfacet
  facet normal 1 0 0
    outer loop
      vertex 69 -54.4955 9.13892
      vertex 69 -54.306 7.2155
      vertex 69 -54.306 8.7845
    endloop
  endfacet
  facet normal 1 0 0
    outer loop
      vertex 69 -54.4955 9.13892
      vertex 69 -54.4955 6.86108
      vertex 69 -54.306 7.2155
    endloop
  endfacet
  facet normal 1 0 0
    outer loop
      vertex 69 -54.7504 9.44957
      vertex 69 -54.4955 6.86108
      vertex 69 -54.4955 9.13892
    endloop
  endfacet
  facet normal 1 0 0
    outer loop
      vertex 69 -54.7504 9.44957
      vertex 69 -54.7504 6.55043
      vertex 69 -54.4955 6.86108
    endloop
  endfacet
  facet normal 1 0 0
    outer loop
      vertex 69 -55.0611 9.70451
      vertex 69 -54.7504 6.55043
      vertex 69 -54.7504 9.44957
    endloop
  endfacet
  facet normal 1 0 0
    outer loop
      vertex 69 -55.0611 9.70451
      vertex 69 -55.0611 6.29549
      vertex 69 -54.7504 6.55043
    endloop
  endfacet
  facet normal 1 0 0
    outer loop
      vertex 69 -55.4155 9.89395
      vertex 69 -55.0611 6.29549
      vertex 69 -55.0611 9.70451
    endloop
  endfacet
  facet normal 1 0 0
    outer loop
      vertex 69 -55.4155 9.89395
      vertex 69 -55.4155 6.10605
      vertex 69 -55.0611 6.29549
    endloop
  endfacet
  facet normal 1 0 0
    outer loop
      vertex 69 -55.8001 10.0106
      vertex 69 -55.4155 6.10605
      vertex 69 -55.4155 9.89395
    endloop
  endfacet
  facet normal 1 0 0
    outer loop
      vertex 69 -55.8001 10.0106
      vertex 69 -55.8001 5.98939
      vertex 69 -55.4155 6.10605
    endloop
  endfacet
  facet normal 1 0 0
    outer loop
      vertex 69 -56.2 10.05
      vertex 69 -55.8001 5.98939
      vertex 69 -55.8001 10.0106
    endloop
  endfacet
  facet normal 1 0 0
    outer loop
      vertex 69 -56.2 10.05
      vertex 69 -56.2 5.95
      vertex 69 -55.8001 5.98939
    endloop
  endfacet
  facet normal 1 -0 0
    outer loop
      vertex 69 -56.5999 10.0106
      vertex 69 -56.2 5.95
      vertex 69 -56.2 10.05
    endloop
  endfacet
  facet normal 1 0 0
    outer loop
      vertex 69 -56.5999 10.0106
      vertex 69 -56.5999 5.98939
      vertex 69 -56.2 5.95
    endloop
  endfacet
  facet normal 1 -0 0
    outer loop
      vertex 69 -56.9845 9.89395
      vertex 69 -56.5999 5.98939
      vertex 69 -56.5999 10.0106
    endloop
  endfacet
  facet normal 1 0 0
    outer loop
      vertex 69 -56.9845 9.89395
      vertex 69 -56.9845 6.10605
      vertex 69 -56.5999 5.98939
    endloop
  endfacet
  facet normal 1 -0 0
    outer loop
      vertex 69 -57.3389 9.70451
      vertex 69 -56.9845 6.10605
      vertex 69 -56.9845 9.89395
    endloop
  endfacet
  facet normal 1 0 0
    outer loop
      vertex 69 -57.3389 9.70451
      vertex 69 -57.3389 6.29549
      vertex 69 -56.9845 6.10605
    endloop
  endfacet
  facet normal 1 -0 0
    outer loop
      vertex 69 -57.6496 9.44957
      vertex 69 -57.3389 6.29549
      vertex 69 -57.3389 9.70451
    endloop
  endfacet
  facet normal 1 0 0
    outer loop
      vertex 69 -57.6496 9.44957
      vertex 69 -57.6496 6.55043
      vertex 69 -57.3389 6.29549
    endloop
  endfacet
  facet normal 1 -0 0
    outer loop
      vertex 69 -57.9045 9.13892
      vertex 69 -57.6496 6.55043
      vertex 69 -57.6496 9.44957
    endloop
  endfacet
  facet normal 1 0 0
    outer loop
      vertex 69 -57.9045 9.13892
      vertex 69 -57.9045 6.86108
      vertex 69 -57.6496 6.55043
    endloop
  endfacet
  facet normal 1 -0 0
    outer loop
      vertex 69 -58.094 8.7845
      vertex 69 -57.9045 6.86108
      vertex 69 -57.9045 9.13892
    endloop
  endfacet
  facet normal 1 0 0
    outer loop
      vertex 69 -58.094 8.7845
      vertex 69 -58.094 7.2155
      vertex 69 -57.9045 6.86108
    endloop
  endfacet
  facet normal 1 -0 0
    outer loop
      vertex 69 -58.2106 8.39993
      vertex 69 -58.094 7.2155
      vertex 69 -58.094 8.7845
    endloop
  endfacet
  facet normal 1 0 0
    outer loop
      vertex 69 -58.2106 8.39993
      vertex 69 -58.2106 7.60006
      vertex 69 -58.094 7.2155
    endloop
  endfacet
  facet normal 1 0 -0
    outer loop
      vertex 69 -58.2106 7.60006
      vertex 69 -58.2106 8.39993
      vertex 69 -58.25 8
    endloop
  endfacet
  facet normal 0 -0.773064 0.634328
    outer loop
      vertex 69 -54.7504 6.55043
      vertex 74 -54.4955 6.86108
      vertex 69 -54.4955 6.86108
    endloop
  endfacet
  facet normal 0 -0.773064 0.634328
    outer loop
      vertex 74 -54.4955 6.86108
      vertex 69 -54.7504 6.55043
      vertex 74 -54.7504 6.55043
    endloop
  endfacet
  facet normal 0 -0.95698 -0.290152
    outer loop
      vertex 69 -54.1894 8.39993
      vertex 74 -54.306 8.7845
      vertex 69 -54.306 8.7845
    endloop
  endfacet
  facet normal 0 -0.95698 -0.290152
    outer loop
      vertex 74 -54.306 8.7845
      vertex 69 -54.1894 8.39993
      vertex 74 -54.1894 8.39993
    endloop
  endfacet
  facet normal 0 0.773064 -0.634328
    outer loop
      vertex 74 -57.9045 9.13892
      vertex 69 -57.6496 9.44957
      vertex 74 -57.6496 9.44957
    endloop
  endfacet
  facet normal 0 0.773064 -0.634328
    outer loop
      vertex 69 -57.6496 9.44957
      vertex 74 -57.9045 9.13892
      vertex 69 -57.9045 9.13892
    endloop
  endfacet
  facet normal 0 -0.0980252 0.995184
    outer loop
      vertex 69 -55.8001 5.98939
      vertex 74 -56.2 5.95
      vertex 74 -55.8001 5.98939
    endloop
  endfacet
  facet normal 0 -0.0980252 0.995184
    outer loop
      vertex 74 -56.2 5.95
      vertex 69 -55.8001 5.98939
      vertex 69 -56.2 5.95
    endloop
  endfacet
  facet normal 0 -0.995182 -0.0980426
    outer loop
      vertex 69 -54.15 8
      vertex 74 -54.1894 8.39993
      vertex 69 -54.1894 8.39993
    endloop
  endfacet
  facet normal 0 -0.995182 -0.0980426
    outer loop
      vertex 74 -54.1894 8.39993
      vertex 69 -54.15 8
      vertex 74 -54.15 8
    endloop
  endfacet
  facet normal 0 -0.881861 -0.47151
    outer loop
      vertex 69 -54.306 8.7845
      vertex 74 -54.4955 9.13892
      vertex 69 -54.4955 9.13892
    endloop
  endfacet
  facet normal 0 -0.881861 -0.47151
    outer loop
      vertex 74 -54.4955 9.13892
      vertex 69 -54.306 8.7845
      vertex 74 -54.306 8.7845
    endloop
  endfacet
  facet normal -0 0.634327 0.773065
    outer loop
      vertex 69 -57.3389 6.29549
      vertex 74 -57.6496 6.55043
      vertex 74 -57.3389 6.29549
    endloop
  endfacet
  facet normal 0 0.634327 0.773065
    outer loop
      vertex 74 -57.6496 6.55043
      vertex 69 -57.3389 6.29549
      vertex 69 -57.6496 6.55043
    endloop
  endfacet
  facet normal 0 0.995182 0.0980402
    outer loop
      vertex 74 -58.2106 7.60006
      vertex 69 -58.25 8
      vertex 74 -58.25 8
    endloop
  endfacet
  facet normal 0 0.995182 0.0980402
    outer loop
      vertex 69 -58.25 8
      vertex 74 -58.2106 7.60006
      vertex 69 -58.2106 7.60006
    endloop
  endfacet
  facet normal 0 0.773064 0.634328
    outer loop
      vertex 74 -57.6496 6.55043
      vertex 69 -57.9045 6.86108
      vertex 74 -57.9045 6.86108
    endloop
  endfacet
  facet normal 0 0.773064 0.634328
    outer loop
      vertex 69 -57.9045 6.86108
      vertex 74 -57.6496 6.55043
      vertex 69 -57.6496 6.55043
    endloop
  endfacet
  facet normal 0 -0.290268 0.956945
    outer loop
      vertex 69 -55.4155 6.10605
      vertex 74 -55.8001 5.98939
      vertex 74 -55.4155 6.10605
    endloop
  endfacet
  facet normal 0 -0.290268 0.956945
    outer loop
      vertex 74 -55.8001 5.98939
      vertex 69 -55.4155 6.10605
      vertex 69 -55.8001 5.98939
    endloop
  endfacet
  facet normal 0 -0.471415 0.881912
    outer loop
      vertex 69 -55.0611 6.29549
      vertex 74 -55.4155 6.10605
      vertex 74 -55.0611 6.29549
    endloop
  endfacet
  facet normal 0 -0.471415 0.881912
    outer loop
      vertex 74 -55.4155 6.10605
      vertex 69 -55.0611 6.29549
      vertex 69 -55.4155 6.10605
    endloop
  endfacet
  facet normal -0 0.0980252 0.995184
    outer loop
      vertex 69 -56.2 5.95
      vertex 74 -56.5999 5.98939
      vertex 74 -56.2 5.95
    endloop
  endfacet
  facet normal 0 0.0980252 0.995184
    outer loop
      vertex 74 -56.5999 5.98939
      vertex 69 -56.2 5.95
      vertex 69 -56.5999 5.98939
    endloop
  endfacet
  facet normal 0 0.956939 -0.290289
    outer loop
      vertex 74 -2.01061 8.39993
      vertex 69 -1.89395 8.7845
      vertex 74 -1.89395 8.7845
    endloop
  endfacet
  facet normal 0 0.956939 -0.290289
    outer loop
      vertex 69 -1.89395 8.7845
      vertex 74 -2.01061 8.39993
      vertex 69 -2.01061 8.39993
    endloop
  endfacet
  facet normal 0 -0.290269 -0.956945
    outer loop
      vertex 69 0.399935 10.0106
      vertex 74 0.784501 9.89395
      vertex 74 0.399935 10.0106
    endloop
  endfacet
  facet normal -0 -0.290269 -0.956945
    outer loop
      vertex 74 0.784501 9.89395
      vertex 69 0.399935 10.0106
      vertex 69 0.784501 9.89395
    endloop
  endfacet
  facet normal 0 -0.0980413 -0.995182
    outer loop
      vertex 69 -1.90735e-07 10.05
      vertex 74 0.399935 10.0106
      vertex 74 -1.90735e-07 10.05
    endloop
  endfacet
  facet normal -0 -0.0980413 -0.995182
    outer loop
      vertex 74 0.399935 10.0106
      vertex 69 -1.90735e-07 10.05
      vertex 69 0.399935 10.0106
    endloop
  endfacet
  facet normal 0 -0.471395 -0.881922
    outer loop
      vertex 69 0.784501 9.89395
      vertex 74 1.13892 9.70451
      vertex 74 0.784501 9.89395
    endloop
  endfacet
  facet normal -0 -0.471395 -0.881922
    outer loop
      vertex 74 1.13892 9.70451
      vertex 69 0.784501 9.89395
      vertex 69 1.13892 9.70451
    endloop
  endfacet
  facet normal 0 0.0980412 -0.995182
    outer loop
      vertex 69 -0.399936 10.0106
      vertex 74 -1.90735e-07 10.05
      vertex 74 -0.399936 10.0106
    endloop
  endfacet
  facet normal 0 0.0980412 -0.995182
    outer loop
      vertex 74 -1.90735e-07 10.05
      vertex 69 -0.399936 10.0106
      vertex 69 -1.90735e-07 10.05
    endloop
  endfacet
  facet normal 0 0.881923 0.471394
    outer loop
      vertex 74 -1.70451 6.86108
      vertex 69 -1.89395 7.2155
      vertex 74 -1.89395 7.2155
    endloop
  endfacet
  facet normal 0 0.881923 0.471394
    outer loop
      vertex 69 -1.89395 7.2155
      vertex 74 -1.70451 6.86108
      vertex 69 -1.70451 6.86108
    endloop
  endfacet
  facet normal 0 -0.773015 -0.634388
    outer loop
      vertex 69 1.70451 9.13892
      vertex 74 1.44957 9.44957
      vertex 69 1.44957 9.44957
    endloop
  endfacet
  facet normal 0 -0.773015 -0.634388
    outer loop
      vertex 74 1.44957 9.44957
      vertex 69 1.70451 9.13892
      vertex 74 1.70451 9.13892
    endloop
  endfacet
  facet normal 0 -0.995185 0.0980155
    outer loop
      vertex 69 2.01061 7.60006
      vertex 74 2.05 8
      vertex 69 2.05 8
    endloop
  endfacet
  facet normal 0 -0.995185 0.0980155
    outer loop
      vertex 74 2.05 8
      vertex 69 2.01061 7.60006
      vertex 74 2.01061 7.60006
    endloop
  endfacet
  facet normal -0 0.471395 0.881922
    outer loop
      vertex 69 -0.784501 6.10605
      vertex 74 -1.13892 6.29549
      vertex 74 -0.784501 6.10605
    endloop
  endfacet
  facet normal 0 0.471395 0.881922
    outer loop
      vertex 74 -1.13892 6.29549
      vertex 69 -0.784501 6.10605
      vertex 69 -1.13892 6.29549
    endloop
  endfacet
  facet normal 0 0.995185 -0.098018
    outer loop
      vertex 74 -2.05 8
      vertex 69 -2.01061 8.39993
      vertex 74 -2.01061 8.39993
    endloop
  endfacet
  facet normal 0 0.995185 -0.098018
    outer loop
      vertex 69 -2.01061 8.39993
      vertex 74 -2.05 8
      vertex 69 -2.05 8
    endloop
  endfacet
  facet normal 0 0.29027 -0.956945
    outer loop
      vertex 69 -0.784501 9.89395
      vertex 74 -0.399936 10.0106
      vertex 74 -0.784501 9.89395
    endloop
  endfacet
  facet normal 0 0.29027 -0.956945
    outer loop
      vertex 74 -0.399936 10.0106
      vertex 69 -0.784501 9.89395
      vertex 69 -0.399936 10.0106
    endloop
  endfacet
  facet normal 0 0.634388 -0.773015
    outer loop
      vertex 69 -1.44957 9.44957
      vertex 74 -1.13892 9.70451
      vertex 74 -1.44957 9.44957
    endloop
  endfacet
  facet normal 0 0.634388 -0.773015
    outer loop
      vertex 74 -1.13892 9.70451
      vertex 69 -1.44957 9.44957
      vertex 69 -1.13892 9.70451
    endloop
  endfacet
  facet normal 0 0.995185 0.0980155
    outer loop
      vertex 74 -2.01061 7.60006
      vertex 69 -2.05 8
      vertex 74 -2.05 8
    endloop
  endfacet
  facet normal 0 0.995185 0.0980155
    outer loop
      vertex 69 -2.05 8
      vertex 74 -2.01061 7.60006
      vertex 69 -2.01061 7.60006
    endloop
  endfacet
  facet normal 0 0.471395 -0.881922
    outer loop
      vertex 69 -1.13892 9.70451
      vertex 74 -0.784501 9.89395
      vertex 74 -1.13892 9.70451
    endloop
  endfacet
  facet normal 0 0.471395 -0.881922
    outer loop
      vertex 74 -0.784501 9.89395
      vertex 69 -1.13892 9.70451
      vertex 69 -0.784501 9.89395
    endloop
  endfacet
  facet normal 0 0.881923 -0.471394
    outer loop
      vertex 74 -1.89395 8.7845
      vertex 69 -1.70451 9.13892
      vertex 74 -1.70451 9.13892
    endloop
  endfacet
  facet normal 0 0.881923 -0.471394
    outer loop
      vertex 69 -1.70451 9.13892
      vertex 74 -1.89395 8.7845
      vertex 69 -1.89395 8.7845
    endloop
  endfacet
  facet normal -0 0.290293 0.956938
    outer loop
      vertex 69 -0.399936 5.98939
      vertex 74 -0.784501 6.10605
      vertex 74 -0.399936 5.98939
    endloop
  endfacet
  facet normal 0 0.290293 0.956938
    outer loop
      vertex 74 -0.784501 6.10605
      vertex 69 -0.399936 5.98939
      vertex 69 -0.784501 6.10605
    endloop
  endfacet
  facet normal 0 -0.634388 0.773015
    outer loop
      vertex 69 1.44957 6.55043
      vertex 74 1.13892 6.29549
      vertex 74 1.44957 6.55043
    endloop
  endfacet
  facet normal 0 -0.634388 0.773015
    outer loop
      vertex 74 1.13892 6.29549
      vertex 69 1.44957 6.55043
      vertex 69 1.13892 6.29549
    endloop
  endfacet
  facet normal 0 -0.634388 -0.773015
    outer loop
      vertex 69 1.13892 9.70451
      vertex 74 1.44957 9.44957
      vertex 74 1.13892 9.70451
    endloop
  endfacet
  facet normal -0 -0.634388 -0.773015
    outer loop
      vertex 74 1.44957 9.44957
      vertex 69 1.13892 9.70451
      vertex 69 1.44957 9.44957
    endloop
  endfacet
  facet normal 0 -0.881923 0.471394
    outer loop
      vertex 69 1.70451 6.86108
      vertex 74 1.89395 7.2155
      vertex 69 1.89395 7.2155
    endloop
  endfacet
  facet normal 0 -0.881923 0.471394
    outer loop
      vertex 74 1.89395 7.2155
      vertex 69 1.70451 6.86108
      vertex 74 1.70451 6.86108
    endloop
  endfacet
  facet normal 0 -0.956937 0.290296
    outer loop
      vertex 69 1.89395 7.2155
      vertex 74 2.01061 7.60006
      vertex 69 2.01061 7.60006
    endloop
  endfacet
  facet normal 0 -0.956937 0.290296
    outer loop
      vertex 74 2.01061 7.60006
      vertex 69 1.89395 7.2155
      vertex 74 1.89395 7.2155
    endloop
  endfacet
  facet normal 0 0.956937 0.290296
    outer loop
      vertex 74 -1.89395 7.2155
      vertex 69 -2.01061 7.60006
      vertex 74 -2.01061 7.60006
    endloop
  endfacet
  facet normal 0 0.956937 0.290296
    outer loop
      vertex 69 -2.01061 7.60006
      vertex 74 -1.89395 7.2155
      vertex 69 -1.89395 7.2155
    endloop
  endfacet
  facet normal 1 0 0
    outer loop
      vertex 69 2.01061 8.39993
      vertex 69 2.01061 7.60006
      vertex 69 2.05 8
    endloop
  endfacet
  facet normal 1 0 0
    outer loop
      vertex 69 1.89395 8.7845
      vertex 69 2.01061 7.60006
      vertex 69 2.01061 8.39993
    endloop
  endfacet
  facet normal 1 0 0
    outer loop
      vertex 69 1.89395 8.7845
      vertex 69 1.89395 7.2155
      vertex 69 2.01061 7.60006
    endloop
  endfacet
  facet normal 1 0 0
    outer loop
      vertex 69 1.70451 9.13892
      vertex 69 1.89395 7.2155
      vertex 69 1.89395 8.7845
    endloop
  endfacet
  facet normal 1 0 0
    outer loop
      vertex 69 1.70451 9.13892
      vertex 69 1.70451 6.86108
      vertex 69 1.89395 7.2155
    endloop
  endfacet
  facet normal 1 0 0
    outer loop
      vertex 69 1.44957 9.44957
      vertex 69 1.70451 6.86108
      vertex 69 1.70451 9.13892
    endloop
  endfacet
  facet normal 1 0 0
    outer loop
      vertex 69 1.44957 9.44957
      vertex 69 1.44957 6.55043
      vertex 69 1.70451 6.86108
    endloop
  endfacet
  facet normal 1 0 0
    outer loop
      vertex 69 1.13892 9.70451
      vertex 69 1.44957 6.55043
      vertex 69 1.44957 9.44957
    endloop
  endfacet
  facet normal 1 0 0
    outer loop
      vertex 69 1.13892 9.70451
      vertex 69 1.13892 6.29549
      vertex 69 1.44957 6.55043
    endloop
  endfacet
  facet normal 1 0 0
    outer loop
      vertex 69 0.784501 9.89395
      vertex 69 1.13892 6.29549
      vertex 69 1.13892 9.70451
    endloop
  endfacet
  facet normal 1 0 0
    outer loop
      vertex 69 0.784501 9.89395
      vertex 69 0.784501 6.10605
      vertex 69 1.13892 6.29549
    endloop
  endfacet
  facet normal 1 0 0
    outer loop
      vertex 69 0.399935 10.0106
      vertex 69 0.784501 6.10605
      vertex 69 0.784501 9.89395
    endloop
  endfacet
  facet normal 1 0 0
    outer loop
      vertex 69 0.399935 10.0106
      vertex 69 0.399935 5.98939
      vertex 69 0.784501 6.10605
    endloop
  endfacet
  facet normal 1 0 0
    outer loop
      vertex 69 -1.90735e-07 10.05
      vertex 69 0.399935 5.98939
      vertex 69 0.399935 10.0106
    endloop
  endfacet
  facet normal 1 0 0
    outer loop
      vertex 69 -1.90735e-07 10.05
      vertex 69 -1.90735e-07 5.95
      vertex 69 0.399935 5.98939
    endloop
  endfacet
  facet normal 1 -0 0
    outer loop
      vertex 69 -0.399936 10.0106
      vertex 69 -1.90735e-07 5.95
      vertex 69 -1.90735e-07 10.05
    endloop
  endfacet
  facet normal 1 0 0
    outer loop
      vertex 69 -0.399936 10.0106
      vertex 69 -0.399936 5.98939
      vertex 69 -1.90735e-07 5.95
    endloop
  endfacet
  facet normal 1 -0 0
    outer loop
      vertex 69 -0.784501 9.89395
      vertex 69 -0.399936 5.98939
      vertex 69 -0.399936 10.0106
    endloop
  endfacet
  facet normal 1 0 0
    outer loop
      vertex 69 -0.784501 9.89395
      vertex 69 -0.784501 6.10605
      vertex 69 -0.399936 5.98939
    endloop
  endfacet
  facet normal 1 -0 0
    outer loop
      vertex 69 -1.13892 9.70451
      vertex 69 -0.784501 6.10605
      vertex 69 -0.784501 9.89395
    endloop
  endfacet
  facet normal 1 0 0
    outer loop
      vertex 69 -1.13892 9.70451
      vertex 69 -1.13892 6.29549
      vertex 69 -0.784501 6.10605
    endloop
  endfacet
  facet normal 1 -0 0
    outer loop
      vertex 69 -1.44957 9.44957
      vertex 69 -1.13892 6.29549
      vertex 69 -1.13892 9.70451
    endloop
  endfacet
  facet normal 1 0 0
    outer loop
      vertex 69 -1.44957 9.44957
      vertex 69 -1.44957 6.55043
      vertex 69 -1.13892 6.29549
    endloop
  endfacet
  facet normal 1 -0 0
    outer loop
      vertex 69 -1.70451 9.13892
      vertex 69 -1.44957 6.55043
      vertex 69 -1.44957 9.44957
    endloop
  endfacet
  facet normal 1 0 0
    outer loop
      vertex 69 -1.70451 9.13892
      vertex 69 -1.70451 6.86108
      vertex 69 -1.44957 6.55043
    endloop
  endfacet
  facet normal 1 -0 0
    outer loop
      vertex 69 -1.89395 8.7845
      vertex 69 -1.70451 6.86108
      vertex 69 -1.70451 9.13892
    endloop
  endfacet
  facet normal 1 0 0
    outer loop
      vertex 69 -1.89395 8.7845
      vertex 69 -1.89395 7.2155
      vertex 69 -1.70451 6.86108
    endloop
  endfacet
  facet normal 1 -0 0
    outer loop
      vertex 69 -2.01061 8.39993
      vertex 69 -1.89395 7.2155
      vertex 69 -1.89395 8.7845
    endloop
  endfacet
  facet normal 1 0 0
    outer loop
      vertex 69 -2.01061 8.39993
      vertex 69 -2.01061 7.60006
      vertex 69 -1.89395 7.2155
    endloop
  endfacet
  facet normal 1 0 -0
    outer loop
      vertex 69 -2.01061 7.60006
      vertex 69 -2.01061 8.39993
      vertex 69 -2.05 8
    endloop
  endfacet
  facet normal 0 -0.773015 0.634388
    outer loop
      vertex 69 1.44957 6.55043
      vertex 74 1.70451 6.86108
      vertex 69 1.70451 6.86108
    endloop
  endfacet
  facet normal 0 -0.773015 0.634388
    outer loop
      vertex 74 1.70451 6.86108
      vertex 69 1.44957 6.55043
      vertex 74 1.44957 6.55043
    endloop
  endfacet
  facet normal 0 -0.956939 -0.290289
    outer loop
      vertex 69 2.01061 8.39993
      vertex 74 1.89395 8.7845
      vertex 69 1.89395 8.7845
    endloop
  endfacet
  facet normal 0 -0.956939 -0.290289
    outer loop
      vertex 74 1.89395 8.7845
      vertex 69 2.01061 8.39993
      vertex 74 2.01061 8.39993
    endloop
  endfacet
  facet normal 0 0.773015 -0.634388
    outer loop
      vertex 74 -1.70451 9.13892
      vertex 69 -1.44957 9.44957
      vertex 74 -1.44957 9.44957
    endloop
  endfacet
  facet normal 0 0.773015 -0.634388
    outer loop
      vertex 69 -1.44957 9.44957
      vertex 74 -1.70451 9.13892
      vertex 69 -1.70451 9.13892
    endloop
  endfacet
  facet normal 0 -0.0980167 0.995185
    outer loop
      vertex 69 0.399935 5.98939
      vertex 74 -1.90735e-07 5.95
      vertex 74 0.399935 5.98939
    endloop
  endfacet
  facet normal 0 -0.0980167 0.995185
    outer loop
      vertex 74 -1.90735e-07 5.95
      vertex 69 0.399935 5.98939
      vertex 69 -1.90735e-07 5.95
    endloop
  endfacet
  facet normal 0 -0.995185 -0.098018
    outer loop
      vertex 69 2.05 8
      vertex 74 2.01061 8.39993
      vertex 69 2.01061 8.39993
    endloop
  endfacet
  facet normal 0 -0.995185 -0.098018
    outer loop
      vertex 74 2.01061 8.39993
      vertex 69 2.05 8
      vertex 74 2.05 8
    endloop
  endfacet
  facet normal 0 -0.881923 -0.471394
    outer loop
      vertex 69 1.89395 8.7845
      vertex 74 1.70451 9.13892
      vertex 69 1.70451 9.13892
    endloop
  endfacet
  facet normal 0 -0.881923 -0.471394
    outer loop
      vertex 74 1.70451 9.13892
      vertex 69 1.89395 8.7845
      vertex 74 1.89395 8.7845
    endloop
  endfacet
  facet normal -0 0.634388 0.773015
    outer loop
      vertex 69 -1.13892 6.29549
      vertex 74 -1.44957 6.55043
      vertex 74 -1.13892 6.29549
    endloop
  endfacet
  facet normal 0 0.634388 0.773015
    outer loop
      vertex 74 -1.44957 6.55043
      vertex 69 -1.13892 6.29549
      vertex 69 -1.44957 6.55043
    endloop
  endfacet
  facet normal 0 0.773015 0.634388
    outer loop
      vertex 74 -1.44957 6.55043
      vertex 69 -1.70451 6.86108
      vertex 74 -1.70451 6.86108
    endloop
  endfacet
  facet normal 0 0.773015 0.634388
    outer loop
      vertex 69 -1.70451 6.86108
      vertex 74 -1.44957 6.55043
      vertex 69 -1.44957 6.55043
    endloop
  endfacet
  facet normal 0 -0.290292 0.956938
    outer loop
      vertex 69 0.784501 6.10605
      vertex 74 0.399935 5.98939
      vertex 74 0.784501 6.10605
    endloop
  endfacet
  facet normal 0 -0.290292 0.956938
    outer loop
      vertex 74 0.399935 5.98939
      vertex 69 0.784501 6.10605
      vertex 69 0.399935 5.98939
    endloop
  endfacet
  facet normal 0 -0.471395 0.881922
    outer loop
      vertex 69 1.13892 6.29549
      vertex 74 0.784501 6.10605
      vertex 74 1.13892 6.29549
    endloop
  endfacet
  facet normal 0 -0.471395 0.881922
    outer loop
      vertex 74 0.784501 6.10605
      vertex 69 1.13892 6.29549
      vertex 69 0.784501 6.10605
    endloop
  endfacet
  facet normal -0 0.0980166 0.995185
    outer loop
      vertex 69 -1.90735e-07 5.95
      vertex 74 -0.399936 5.98939
      vertex 74 -1.90735e-07 5.95
    endloop
  endfacet
  facet normal 0 0.0980166 0.995185
    outer loop
      vertex 74 -0.399936 5.98939
      vertex 69 -1.90735e-07 5.95
      vertex 69 -0.399936 5.98939
    endloop
  endfacet
  facet normal -0 0.0980252 0.995184
    outer loop
      vertex 69 56.2 5.95
      vertex 74 55.8001 5.98939
      vertex 74 56.2 5.95
    endloop
  endfacet
  facet normal 0 0.0980252 0.995184
    outer loop
      vertex 74 55.8001 5.98939
      vertex 69 56.2 5.95
      vertex 69 55.8001 5.98939
    endloop
  endfacet
  facet normal 0 -0.956978 0.290159
    outer loop
      vertex 69 58.094 7.2155
      vertex 74 58.2106 7.60006
      vertex 69 58.2106 7.60006
    endloop
  endfacet
  facet normal 0 -0.956978 0.290159
    outer loop
      vertex 74 58.2106 7.60006
      vertex 69 58.094 7.2155
      vertex 74 58.094 7.2155
    endloop
  endfacet
  facet normal 0 -0.290246 -0.956952
    outer loop
      vertex 69 56.5999 10.0106
      vertex 74 56.9845 9.89395
      vertex 74 56.5999 10.0106
    endloop
  endfacet
  facet normal -0 -0.290246 -0.956952
    outer loop
      vertex 74 56.9845 9.89395
      vertex 69 56.5999 10.0106
      vertex 69 56.9845 9.89395
    endloop
  endfacet
  facet normal 0 -0.0980499 -0.995182
    outer loop
      vertex 69 56.2 10.05
      vertex 74 56.5999 10.0106
      vertex 74 56.2 10.05
    endloop
  endfacet
  facet normal -0 -0.0980499 -0.995182
    outer loop
      vertex 74 56.5999 10.0106
      vertex 69 56.2 10.05
      vertex 69 56.5999 10.0106
    endloop
  endfacet
  facet normal 0 -0.471415 -0.881912
    outer loop
      vertex 69 56.9845 9.89395
      vertex 74 57.3389 9.70451
      vertex 74 56.9845 9.89395
    endloop
  endfacet
  facet normal -0 -0.471415 -0.881912
    outer loop
      vertex 74 57.3389 9.70451
      vertex 69 56.9845 9.89395
      vertex 69 57.3389 9.70451
    endloop
  endfacet
  facet normal 1 0 0
    outer loop
      vertex 69 58.2106 8.39993
      vertex 69 58.2106 7.60006
      vertex 69 58.25 8
    endloop
  endfacet
  facet normal 1 0 0
    outer loop
      vertex 69 58.094 8.7845
      vertex 69 58.2106 7.60006
      vertex 69 58.2106 8.39993
    endloop
  endfacet
  facet normal 1 0 0
    outer loop
      vertex 69 58.094 8.7845
      vertex 69 58.094 7.2155
      vertex 69 58.2106 7.60006
    endloop
  endfacet
  facet normal 1 0 0
    outer loop
      vertex 69 57.9045 9.13892
      vertex 69 58.094 7.2155
      vertex 69 58.094 8.7845
    endloop
  endfacet
  facet normal 1 0 0
    outer loop
      vertex 69 57.9045 9.13892
      vertex 69 57.9045 6.86108
      vertex 69 58.094 7.2155
    endloop
  endfacet
  facet normal 1 0 0
    outer loop
      vertex 69 57.6496 9.44957
      vertex 69 57.9045 6.86108
      vertex 69 57.9045 9.13892
    endloop
  endfacet
  facet normal 1 0 0
    outer loop
      vertex 69 57.6496 9.44957
      vertex 69 57.6496 6.55043
      vertex 69 57.9045 6.86108
    endloop
  endfacet
  facet normal 1 0 0
    outer loop
      vertex 69 57.3389 9.70451
      vertex 69 57.6496 6.55043
      vertex 69 57.6496 9.44957
    endloop
  endfacet
  facet normal 1 0 0
    outer loop
      vertex 69 57.3389 9.70451
      vertex 69 57.3389 6.29549
      vertex 69 57.6496 6.55043
    endloop
  endfacet
  facet normal 1 0 0
    outer loop
      vertex 69 56.9845 9.89395
      vertex 69 57.3389 6.29549
      vertex 69 57.3389 9.70451
    endloop
  endfacet
  facet normal 1 0 0
    outer loop
      vertex 69 56.9845 9.89395
      vertex 69 56.9845 6.10605
      vertex 69 57.3389 6.29549
    endloop
  endfacet
  facet normal 1 0 0
    outer loop
      vertex 69 56.5999 10.0106
      vertex 69 56.9845 6.10605
      vertex 69 56.9845 9.89395
    endloop
  endfacet
  facet normal 1 0 0
    outer loop
      vertex 69 56.5999 10.0106
      vertex 69 56.5999 5.98939
      vertex 69 56.9845 6.10605
    endloop
  endfacet
  facet normal 1 0 0
    outer loop
      vertex 69 56.2 10.05
      vertex 69 56.5999 5.98939
      vertex 69 56.5999 10.0106
    endloop
  endfacet
  facet normal 1 0 0
    outer loop
      vertex 69 56.2 10.05
      vertex 69 56.2 5.95
      vertex 69 56.5999 5.98939
    endloop
  endfacet
  facet normal 1 -0 0
    outer loop
      vertex 69 55.8001 10.0106
      vertex 69 56.2 5.95
      vertex 69 56.2 10.05
    endloop
  endfacet
  facet normal 1 0 0
    outer loop
      vertex 69 55.8001 10.0106
      vertex 69 55.8001 5.98939
      vertex 69 56.2 5.95
    endloop
  endfacet
  facet normal 1 -0 0
    outer loop
      vertex 69 55.4155 9.89395
      vertex 69 55.8001 5.98939
      vertex 69 55.8001 10.0106
    endloop
  endfacet
  facet normal 1 0 0
    outer loop
      vertex 69 55.4155 9.89395
      vertex 69 55.4155 6.10605
      vertex 69 55.8001 5.98939
    endloop
  endfacet
  facet normal 1 -0 0
    outer loop
      vertex 69 55.0611 9.70451
      vertex 69 55.4155 6.10605
      vertex 69 55.4155 9.89395
    endloop
  endfacet
  facet normal 1 0 0
    outer loop
      vertex 69 55.0611 9.70451
      vertex 69 55.0611 6.29549
      vertex 69 55.4155 6.10605
    endloop
  endfacet
  facet normal 1 -0 0
    outer loop
      vertex 69 54.7504 9.44957
      vertex 69 55.0611 6.29549
      vertex 69 55.0611 9.70451
    endloop
  endfacet
  facet normal 1 0 0
    outer loop
      vertex 69 54.7504 9.44957
      vertex 69 54.7504 6.55043
      vertex 69 55.0611 6.29549
    endloop
  endfacet
  facet normal 1 -0 0
    outer loop
      vertex 69 54.4955 9.13892
      vertex 69 54.7504 6.55043
      vertex 69 54.7504 9.44957
    endloop
  endfacet
  facet normal 1 0 0
    outer loop
      vertex 69 54.4955 9.13892
      vertex 69 54.4955 6.86108
      vertex 69 54.7504 6.55043
    endloop
  endfacet
  facet normal 1 -0 0
    outer loop
      vertex 69 54.306 8.7845
      vertex 69 54.4955 6.86108
      vertex 69 54.4955 9.13892
    endloop
  endfacet
  facet normal 1 0 0
    outer loop
      vertex 69 54.306 8.7845
      vertex 69 54.306 7.2155
      vertex 69 54.4955 6.86108
    endloop
  endfacet
  facet normal 1 -0 0
    outer loop
      vertex 69 54.1894 8.39993
      vertex 69 54.306 7.2155
      vertex 69 54.306 8.7845
    endloop
  endfacet
  facet normal 1 0 0
    outer loop
      vertex 69 54.1894 8.39993
      vertex 69 54.1894 7.60006
      vertex 69 54.306 7.2155
    endloop
  endfacet
  facet normal 1 0 -0
    outer loop
      vertex 69 54.1894 7.60006
      vertex 69 54.1894 8.39993
      vertex 69 54.15 8
    endloop
  endfacet
  facet normal 0 0.95698 -0.290152
    outer loop
      vertex 74 54.1894 8.39993
      vertex 69 54.306 8.7845
      vertex 74 54.306 8.7845
    endloop
  endfacet
  facet normal 0 0.95698 -0.290152
    outer loop
      vertex 69 54.306 8.7845
      vertex 74 54.1894 8.39993
      vertex 69 54.1894 8.39993
    endloop
  endfacet
  facet normal 0 0.0980499 -0.995182
    outer loop
      vertex 69 55.8001 10.0106
      vertex 74 56.2 10.05
      vertex 74 55.8001 10.0106
    endloop
  endfacet
  facet normal 0 0.0980499 -0.995182
    outer loop
      vertex 74 56.2 10.05
      vertex 69 55.8001 10.0106
      vertex 69 56.2 10.05
    endloop
  endfacet
  facet normal 0 0.881861 0.47151
    outer loop
      vertex 74 54.4955 6.86108
      vertex 69 54.306 7.2155
      vertex 74 54.306 7.2155
    endloop
  endfacet
  facet normal 0 0.881861 0.47151
    outer loop
      vertex 69 54.306 7.2155
      vertex 74 54.4955 6.86108
      vertex 69 54.4955 6.86108
    endloop
  endfacet
  facet normal 0 -0.634327 -0.773065
    outer loop
      vertex 69 57.3389 9.70451
      vertex 74 57.6496 9.44957
      vertex 74 57.3389 9.70451
    endloop
  endfacet
  facet normal -0 -0.634327 -0.773065
    outer loop
      vertex 74 57.6496 9.44957
      vertex 69 57.3389 9.70451
      vertex 69 57.6496 9.44957
    endloop
  endfacet
  facet normal 0 0.995182 -0.0980426
    outer loop
      vertex 74 54.15 8
      vertex 69 54.1894 8.39993
      vertex 74 54.1894 8.39993
    endloop
  endfacet
  facet normal 0 0.995182 -0.0980426
    outer loop
      vertex 69 54.1894 8.39993
      vertex 74 54.15 8
      vertex 69 54.15 8
    endloop
  endfacet
  facet normal 0 -0.634327 0.773065
    outer loop
      vertex 69 57.6496 6.55043
      vertex 74 57.3389 6.29549
      vertex 74 57.6496 6.55043
    endloop
  endfacet
  facet normal 0 -0.634327 0.773065
    outer loop
      vertex 74 57.3389 6.29549
      vertex 69 57.6496 6.55043
      vertex 69 57.3389 6.29549
    endloop
  endfacet
  facet normal 0 -0.995182 0.0980402
    outer loop
      vertex 69 58.2106 7.60006
      vertex 74 58.25 8
      vertex 69 58.25 8
    endloop
  endfacet
  facet normal 0 -0.995182 0.0980402
    outer loop
      vertex 74 58.25 8
      vertex 69 58.2106 7.60006
      vertex 74 58.2106 7.60006
    endloop
  endfacet
  facet normal 0 -0.995182 -0.0980426
    outer loop
      vertex 69 58.25 8
      vertex 74 58.2106 8.39993
      vertex 69 58.2106 8.39993
    endloop
  endfacet
  facet normal 0 -0.995182 -0.0980426
    outer loop
      vertex 74 58.2106 8.39993
      vertex 69 58.25 8
      vertex 74 58.25 8
    endloop
  endfacet
  facet normal 0 0.773064 -0.634328
    outer loop
      vertex 74 54.4955 9.13892
      vertex 69 54.7504 9.44957
      vertex 74 54.7504 9.44957
    endloop
  endfacet
  facet normal 0 0.773064 -0.634328
    outer loop
      vertex 69 54.7504 9.44957
      vertex 74 54.4955 9.13892
      vertex 69 54.4955 9.13892
    endloop
  endfacet
  facet normal 0 0.471415 -0.881912
    outer loop
      vertex 69 55.0611 9.70451
      vertex 74 55.4155 9.89395
      vertex 74 55.0611 9.70451
    endloop
  endfacet
  facet normal 0 0.471415 -0.881912
    outer loop
      vertex 74 55.4155 9.89395
      vertex 69 55.0611 9.70451
      vertex 69 55.4155 9.89395
    endloop
  endfacet
  facet normal 0 0.290246 -0.956952
    outer loop
      vertex 69 55.4155 9.89395
      vertex 74 55.8001 10.0106
      vertex 74 55.4155 9.89395
    endloop
  endfacet
  facet normal 0 0.290246 -0.956952
    outer loop
      vertex 74 55.8001 10.0106
      vertex 69 55.4155 9.89395
      vertex 69 55.8001 10.0106
    endloop
  endfacet
  facet normal 0 -0.0980252 0.995184
    outer loop
      vertex 69 56.5999 5.98939
      vertex 74 56.2 5.95
      vertex 74 56.5999 5.98939
    endloop
  endfacet
  facet normal 0 -0.0980252 0.995184
    outer loop
      vertex 74 56.2 5.95
      vertex 69 56.5999 5.98939
      vertex 69 56.2 5.95
    endloop
  endfacet
  facet normal -0 0.290268 0.956945
    outer loop
      vertex 69 55.8001 5.98939
      vertex 74 55.4155 6.10605
      vertex 74 55.8001 5.98939
    endloop
  endfacet
  facet normal 0 0.290268 0.956945
    outer loop
      vertex 74 55.4155 6.10605
      vertex 69 55.8001 5.98939
      vertex 69 55.4155 6.10605
    endloop
  endfacet
  facet normal 0 -0.881861 0.47151
    outer loop
      vertex 69 57.9045 6.86108
      vertex 74 58.094 7.2155
      vertex 69 58.094 7.2155
    endloop
  endfacet
  facet normal 0 -0.881861 0.47151
    outer loop
      vertex 74 58.094 7.2155
      vertex 69 57.9045 6.86108
      vertex 74 57.9045 6.86108
    endloop
  endfacet
  facet normal 0 0.634327 -0.773065
    outer loop
      vertex 69 54.7504 9.44957
      vertex 74 55.0611 9.70451
      vertex 74 54.7504 9.44957
    endloop
  endfacet
  facet normal 0 0.634327 -0.773065
    outer loop
      vertex 74 55.0611 9.70451
      vertex 69 54.7504 9.44957
      vertex 69 55.0611 9.70451
    endloop
  endfacet
  facet normal 0 -0.95698 -0.290152
    outer loop
      vertex 69 58.2106 8.39993
      vertex 74 58.094 8.7845
      vertex 69 58.094 8.7845
    endloop
  endfacet
  facet normal 0 -0.95698 -0.290152
    outer loop
      vertex 74 58.094 8.7845
      vertex 69 58.2106 8.39993
      vertex 74 58.2106 8.39993
    endloop
  endfacet
  facet normal 0 -0.290268 0.956945
    outer loop
      vertex 69 56.9845 6.10605
      vertex 74 56.5999 5.98939
      vertex 74 56.9845 6.10605
    endloop
  endfacet
  facet normal 0 -0.290268 0.956945
    outer loop
      vertex 74 56.5999 5.98939
      vertex 69 56.9845 6.10605
      vertex 69 56.5999 5.98939
    endloop
  endfacet
  facet normal 0 0.773064 0.634328
    outer loop
      vertex 74 54.7504 6.55043
      vertex 69 54.4955 6.86108
      vertex 74 54.4955 6.86108
    endloop
  endfacet
  facet normal 0 0.773064 0.634328
    outer loop
      vertex 69 54.4955 6.86108
      vertex 74 54.7504 6.55043
      vertex 69 54.7504 6.55043
    endloop
  endfacet
  facet normal 0 0.881861 -0.47151
    outer loop
      vertex 74 54.306 8.7845
      vertex 69 54.4955 9.13892
      vertex 74 54.4955 9.13892
    endloop
  endfacet
  facet normal 0 0.881861 -0.47151
    outer loop
      vertex 69 54.4955 9.13892
      vertex 74 54.306 8.7845
      vertex 69 54.306 8.7845
    endloop
  endfacet
  facet normal 0 -0.773064 0.634328
    outer loop
      vertex 69 57.6496 6.55043
      vertex 74 57.9045 6.86108
      vertex 69 57.9045 6.86108
    endloop
  endfacet
  facet normal 0 -0.773064 0.634328
    outer loop
      vertex 74 57.9045 6.86108
      vertex 69 57.6496 6.55043
      vertex 74 57.6496 6.55043
    endloop
  endfacet
  facet normal 0 -0.773064 -0.634328
    outer loop
      vertex 69 57.9045 9.13892
      vertex 74 57.6496 9.44957
      vertex 69 57.6496 9.44957
    endloop
  endfacet
  facet normal 0 -0.773064 -0.634328
    outer loop
      vertex 74 57.6496 9.44957
      vertex 69 57.9045 9.13892
      vertex 74 57.9045 9.13892
    endloop
  endfacet
  facet normal 0 -0.881861 -0.47151
    outer loop
      vertex 69 58.094 8.7845
      vertex 74 57.9045 9.13892
      vertex 69 57.9045 9.13892
    endloop
  endfacet
  facet normal 0 -0.881861 -0.47151
    outer loop
      vertex 74 57.9045 9.13892
      vertex 69 58.094 8.7845
      vertex 74 58.094 8.7845
    endloop
  endfacet
  facet normal 0 0.956978 0.290159
    outer loop
      vertex 74 54.306 7.2155
      vertex 69 54.1894 7.60006
      vertex 74 54.1894 7.60006
    endloop
  endfacet
  facet normal 0 0.956978 0.290159
    outer loop
      vertex 69 54.1894 7.60006
      vertex 74 54.306 7.2155
      vertex 69 54.306 7.2155
    endloop
  endfacet
  facet normal -0 0.471415 0.881912
    outer loop
      vertex 69 55.4155 6.10605
      vertex 74 55.0611 6.29549
      vertex 74 55.4155 6.10605
    endloop
  endfacet
  facet normal 0 0.471415 0.881912
    outer loop
      vertex 74 55.0611 6.29549
      vertex 69 55.4155 6.10605
      vertex 69 55.0611 6.29549
    endloop
  endfacet
  facet normal -0 0.634327 0.773065
    outer loop
      vertex 69 55.0611 6.29549
      vertex 74 54.7504 6.55043
      vertex 74 55.0611 6.29549
    endloop
  endfacet
  facet normal 0 0.634327 0.773065
    outer loop
      vertex 74 54.7504 6.55043
      vertex 69 55.0611 6.29549
      vertex 69 54.7504 6.55043
    endloop
  endfacet
  facet normal 0 0.995182 0.0980402
    outer loop
      vertex 74 54.1894 7.60006
      vertex 69 54.15 8
      vertex 74 54.15 8
    endloop
  endfacet
  facet normal 0 0.995182 0.0980402
    outer loop
      vertex 69 54.15 8
      vertex 74 54.1894 7.60006
      vertex 69 54.1894 7.60006
    endloop
  endfacet
  facet normal 0 -0.471415 0.881912
    outer loop
      vertex 69 57.3389 6.29549
      vertex 74 56.9845 6.10605
      vertex 74 57.3389 6.29549
    endloop
  endfacet
  facet normal 0 -0.471415 0.881912
    outer loop
      vertex 74 56.9845 6.10605
      vertex 69 57.3389 6.29549
      vertex 69 56.9845 6.10605
    endloop
  endfacet
  facet normal 0.146726 0.989177 -0
    outer loop
      vertex -18.7745 -65.2961 3
      vertex -19.2599 -65.2241 9
      vertex -18.7745 -65.2961 9
    endloop
  endfacet
  facet normal 0.146726 0.989177 0
    outer loop
      vertex -19.2599 -65.2241 9
      vertex -18.7745 -65.2961 3
      vertex -19.2599 -65.2241 3
    endloop
  endfacet
  facet normal 0.989177 0.146726 0
    outer loop
      vertex -14.7741 -69.7099 9
      vertex -14.8461 -69.2245 3
      vertex -14.8461 -69.2245 9
    endloop
  endfacet
  facet normal 0.989177 0.146726 0
    outer loop
      vertex -14.8461 -69.2245 3
      vertex -14.7741 -69.7099 9
      vertex -14.7741 -69.7099 3
    endloop
  endfacet
  facet normal 0.998793 0.0491143 0
    outer loop
      vertex -14.75 -70.2 9
      vertex -14.7741 -69.7099 3
      vertex -14.7741 -69.7099 9
    endloop
  endfacet
  facet normal 0.998793 0.0491143 0
    outer loop
      vertex -14.7741 -69.7099 3
      vertex -14.75 -70.2 9
      vertex -14.75 -70.2 3
    endloop
  endfacet
  facet normal 0.970034 0.242967 0
    outer loop
      vertex -14.8461 -69.2245 9
      vertex -14.9653 -68.7486 3
      vertex -14.9653 -68.7486 9
    endloop
  endfacet
  facet normal 0.970034 0.242967 0
    outer loop
      vertex -14.9653 -68.7486 3
      vertex -14.8461 -69.2245 9
      vertex -14.8461 -69.2245 3
    endloop
  endfacet
  facet normal 0.336879 -0.941548 0
    outer loop
      vertex -18.2986 -74.9847 3
      vertex -17.8366 -74.8194 9
      vertex -18.2986 -74.9847 9
    endloop
  endfacet
  facet normal 0.336879 -0.941548 0
    outer loop
      vertex -17.8366 -74.8194 9
      vertex -18.2986 -74.9847 3
      vertex -17.8366 -74.8194 3
    endloop
  endfacet
  facet normal 0.857709 0.514136 0
    outer loop
      vertex -15.3404 -67.843 9
      vertex -15.5927 -67.4221 3
      vertex -15.5927 -67.4221 9
    endloop
  endfacet
  facet normal 0.857709 0.514136 0
    outer loop
      vertex -15.5927 -67.4221 3
      vertex -15.3404 -67.843 9
      vertex -15.3404 -67.843 3
    endloop
  endfacet
  facet normal 0.903995 -0.427543 0
    outer loop
      vertex -15.3404 -72.557 9
      vertex -15.1306 -72.1134 3
      vertex -15.1306 -72.1134 9
    endloop
  endfacet
  facet normal 0.903995 -0.427543 0
    outer loop
      vertex -15.1306 -72.1134 3
      vertex -15.3404 -72.557 9
      vertex -15.3404 -72.557 3
    endloop
  endfacet
  facet normal 0.336879 0.941548 -0
    outer loop
      vertex -17.8366 -65.5806 3
      vertex -18.2986 -65.4153 9
      vertex -17.8366 -65.5806 9
    endloop
  endfacet
  facet normal 0.336879 0.941548 0
    outer loop
      vertex -18.2986 -65.4153 9
      vertex -17.8366 -65.5806 3
      vertex -18.2986 -65.4153 3
    endloop
  endfacet
  facet normal -0.242967 -0.970034 0
    outer loop
      vertex -21.2014 -74.9847 3
      vertex -20.7255 -75.1039 9
      vertex -21.2014 -74.9847 9
    endloop
  endfacet
  facet normal -0.242967 -0.970034 -0
    outer loop
      vertex -20.7255 -75.1039 9
      vertex -21.2014 -74.9847 3
      vertex -20.7255 -75.1039 3
    endloop
  endfacet
  facet normal -0.427543 -0.903995 0
    outer loop
      vertex -22.107 -74.6096 3
      vertex -21.6634 -74.8194 9
      vertex -22.107 -74.6096 9
    endloop
  endfacet
  facet normal -0.427543 -0.903995 -0
    outer loop
      vertex -21.6634 -74.8194 9
      vertex -22.107 -74.6096 3
      vertex -21.6634 -74.8194 3
    endloop
  endfacet
  facet normal 0.0491143 -0.998793 0
    outer loop
      vertex -19.75 -75.2 3
      vertex -19.2599 -75.1759 9
      vertex -19.75 -75.2 9
    endloop
  endfacet
  facet normal 0.0491143 -0.998793 0
    outer loop
      vertex -19.2599 -75.1759 9
      vertex -19.75 -75.2 3
      vertex -19.2599 -75.1759 3
    endloop
  endfacet
  facet normal 0.427543 0.903995 -0
    outer loop
      vertex -17.393 -65.7904 3
      vertex -17.8366 -65.5806 9
      vertex -17.393 -65.7904 9
    endloop
  endfacet
  facet normal 0.427543 0.903995 0
    outer loop
      vertex -17.8366 -65.5806 9
      vertex -17.393 -65.7904 3
      vertex -17.8366 -65.5806 3
    endloop
  endfacet
  facet normal 0.0491143 0.998793 -0
    outer loop
      vertex -19.2599 -65.2241 3
      vertex -19.75 -65.2 9
      vertex -19.2599 -65.2241 9
    endloop
  endfacet
  facet normal 0.0491143 0.998793 0
    outer loop
      vertex -19.75 -65.2 9
      vertex -19.2599 -65.2241 3
      vertex -19.75 -65.2 3
    endloop
  endfacet
  facet normal 0.857709 -0.514136 0
    outer loop
      vertex -15.5927 -72.9779 9
      vertex -15.3404 -72.557 3
      vertex -15.3404 -72.557 9
    endloop
  endfacet
  facet normal 0.857709 -0.514136 0
    outer loop
      vertex -15.3404 -72.557 3
      vertex -15.5927 -72.9779 9
      vertex -15.5927 -72.9779 3
    endloop
  endfacet
  facet normal 0.671719 0.740806 -0
    outer loop
      vertex -16.2145 -66.6645 3
      vertex -16.578 -66.3349 9
      vertex -16.2145 -66.6645 9
    endloop
  endfacet
  facet normal 0.671719 0.740806 0
    outer loop
      vertex -16.578 -66.3349 9
      vertex -16.2145 -66.6645 3
      vertex -16.578 -66.3349 3
    endloop
  endfacet
  facet normal -0.595588 -0.80329 0
    outer loop
      vertex -22.922 -74.0651 3
      vertex -22.5279 -74.3573 9
      vertex -22.922 -74.0651 9
    endloop
  endfacet
  facet normal -0.595588 -0.80329 -0
    outer loop
      vertex -22.5279 -74.3573 9
      vertex -22.922 -74.0651 3
      vertex -22.5279 -74.3573 3
    endloop
  endfacet
  facet normal -0.857709 0.514136 0
    outer loop
      vertex -24.1596 -67.843 3
      vertex -23.9073 -67.4221 9
      vertex -23.9073 -67.4221 3
    endloop
  endfacet
  facet normal -0.857709 0.514136 0
    outer loop
      vertex -23.9073 -67.4221 9
      vertex -24.1596 -67.843 3
      vertex -24.1596 -67.843 9
    endloop
  endfacet
  facet normal 0.242967 -0.970034 0
    outer loop
      vertex -18.7745 -75.1039 3
      vertex -18.2986 -74.9847 9
      vertex -18.7745 -75.1039 9
    endloop
  endfacet
  facet normal 0.242967 -0.970034 0
    outer loop
      vertex -18.2986 -74.9847 9
      vertex -18.7745 -75.1039 3
      vertex -18.2986 -74.9847 3
    endloop
  endfacet
  facet normal 0.989177 -0.146726 0
    outer loop
      vertex -14.8461 -71.1755 9
      vertex -14.7741 -70.6901 3
      vertex -14.7741 -70.6901 9
    endloop
  endfacet
  facet normal 0.989177 -0.146726 0
    outer loop
      vertex -14.7741 -70.6901 3
      vertex -14.8461 -71.1755 9
      vertex -14.8461 -71.1755 3
    endloop
  endfacet
  facet normal 0.514136 -0.857709 0
    outer loop
      vertex -17.393 -74.6096 3
      vertex -16.9721 -74.3573 9
      vertex -17.393 -74.6096 9
    endloop
  endfacet
  facet normal 0.514136 -0.857709 0
    outer loop
      vertex -16.9721 -74.3573 9
      vertex -17.393 -74.6096 3
      vertex -16.9721 -74.3573 3
    endloop
  endfacet
  facet normal -0.146726 -0.989177 0
    outer loop
      vertex -20.7255 -75.1039 3
      vertex -20.2401 -75.1759 9
      vertex -20.7255 -75.1039 9
    endloop
  endfacet
  facet normal -0.146726 -0.989177 -0
    outer loop
      vertex -20.2401 -75.1759 9
      vertex -20.7255 -75.1039 3
      vertex -20.2401 -75.1759 3
    endloop
  endfacet
  facet normal -0.595588 0.80329 0
    outer loop
      vertex -22.5279 -66.0427 3
      vertex -22.922 -66.3349 9
      vertex -22.5279 -66.0427 9
    endloop
  endfacet
  facet normal -0.595588 0.80329 0
    outer loop
      vertex -22.922 -66.3349 9
      vertex -22.5279 -66.0427 3
      vertex -22.922 -66.3349 3
    endloop
  endfacet
  facet normal -0.998793 -0.0491143 0
    outer loop
      vertex -24.7259 -70.6901 3
      vertex -24.75 -70.2 9
      vertex -24.75 -70.2 3
    endloop
  endfacet
  facet normal -0.998793 -0.0491143 0
    outer loop
      vertex -24.75 -70.2 9
      vertex -24.7259 -70.6901 3
      vertex -24.7259 -70.6901 9
    endloop
  endfacet
  facet normal -0.970034 -0.242967 0
    outer loop
      vertex -24.5347 -71.6514 3
      vertex -24.6539 -71.1755 9
      vertex -24.6539 -71.1755 3
    endloop
  endfacet
  facet normal -0.970034 -0.242967 0
    outer loop
      vertex -24.6539 -71.1755 9
      vertex -24.5347 -71.6514 3
      vertex -24.5347 -71.6514 9
    endloop
  endfacet
  facet normal 0.970034 -0.242967 0
    outer loop
      vertex -14.9653 -71.6514 9
      vertex -14.8461 -71.1755 3
      vertex -14.8461 -71.1755 9
    endloop
  endfacet
  facet normal 0.970034 -0.242967 0
    outer loop
      vertex -14.8461 -71.1755 3
      vertex -14.9653 -71.6514 9
      vertex -14.9653 -71.6514 3
    endloop
  endfacet
  facet normal -0.970034 0.242967 0
    outer loop
      vertex -24.6539 -69.2245 3
      vertex -24.5347 -68.7486 9
      vertex -24.5347 -68.7486 3
    endloop
  endfacet
  facet normal -0.970034 0.242967 0
    outer loop
      vertex -24.5347 -68.7486 9
      vertex -24.6539 -69.2245 3
      vertex -24.6539 -69.2245 9
    endloop
  endfacet
  facet normal 0.595588 0.80329 -0
    outer loop
      vertex -16.578 -66.3349 3
      vertex -16.9721 -66.0427 9
      vertex -16.578 -66.3349 9
    endloop
  endfacet
  facet normal 0.595588 0.80329 0
    outer loop
      vertex -16.9721 -66.0427 9
      vertex -16.578 -66.3349 3
      vertex -16.9721 -66.0427 3
    endloop
  endfacet
  facet normal -0.0491143 0.998793 0
    outer loop
      vertex -19.75 -65.2 3
      vertex -20.2401 -65.2241 9
      vertex -19.75 -65.2 9
    endloop
  endfacet
  facet normal -0.0491143 0.998793 0
    outer loop
      vertex -20.2401 -65.2241 9
      vertex -19.75 -65.2 3
      vertex -20.2401 -65.2241 3
    endloop
  endfacet
  facet normal 0.80329 0.595588 0
    outer loop
      vertex -15.5927 -67.4221 9
      vertex -15.8849 -67.028 3
      vertex -15.8849 -67.028 9
    endloop
  endfacet
  facet normal 0.80329 0.595588 0
    outer loop
      vertex -15.8849 -67.028 3
      vertex -15.5927 -67.4221 9
      vertex -15.5927 -67.4221 3
    endloop
  endfacet
  facet normal 0.514136 0.857709 -0
    outer loop
      vertex -16.9721 -66.0427 3
      vertex -17.393 -65.7904 9
      vertex -16.9721 -66.0427 9
    endloop
  endfacet
  facet normal 0.514136 0.857709 0
    outer loop
      vertex -17.393 -65.7904 9
      vertex -16.9721 -66.0427 3
      vertex -17.393 -65.7904 3
    endloop
  endfacet
  facet normal 0.427543 -0.903995 0
    outer loop
      vertex -17.8366 -74.8194 3
      vertex -17.393 -74.6096 9
      vertex -17.8366 -74.8194 9
    endloop
  endfacet
  facet normal 0.427543 -0.903995 0
    outer loop
      vertex -17.393 -74.6096 9
      vertex -17.8366 -74.8194 3
      vertex -17.393 -74.6096 3
    endloop
  endfacet
  facet normal -0.941548 -0.336879 0
    outer loop
      vertex -24.3694 -72.1134 3
      vertex -24.5347 -71.6514 9
      vertex -24.5347 -71.6514 3
    endloop
  endfacet
  facet normal -0.941548 -0.336879 0
    outer loop
      vertex -24.5347 -71.6514 9
      vertex -24.3694 -72.1134 3
      vertex -24.3694 -72.1134 9
    endloop
  endfacet
  facet normal 0.242967 0.970034 -0
    outer loop
      vertex -18.2986 -65.4153 3
      vertex -18.7745 -65.2961 9
      vertex -18.2986 -65.4153 9
    endloop
  endfacet
  facet normal 0.242967 0.970034 0
    outer loop
      vertex -18.7745 -65.2961 9
      vertex -18.2986 -65.4153 3
      vertex -18.7745 -65.2961 3
    endloop
  endfacet
  facet normal -0.740806 0.671719 0
    outer loop
      vertex -23.6151 -67.028 3
      vertex -23.2855 -66.6645 9
      vertex -23.2855 -66.6645 3
    endloop
  endfacet
  facet normal -0.740806 0.671719 0
    outer loop
      vertex -23.2855 -66.6645 9
      vertex -23.6151 -67.028 3
      vertex -23.6151 -67.028 9
    endloop
  endfacet
  facet normal 0.998793 -0.0491143 0
    outer loop
      vertex -14.7741 -70.6901 9
      vertex -14.75 -70.2 3
      vertex -14.75 -70.2 9
    endloop
  endfacet
  facet normal 0.998793 -0.0491143 0
    outer loop
      vertex -14.75 -70.2 3
      vertex -14.7741 -70.6901 9
      vertex -14.7741 -70.6901 3
    endloop
  endfacet
  facet normal -0.146726 0.989177 0
    outer loop
      vertex -20.2401 -65.2241 3
      vertex -20.7255 -65.2961 9
      vertex -20.2401 -65.2241 9
    endloop
  endfacet
  facet normal -0.146726 0.989177 0
    outer loop
      vertex -20.7255 -65.2961 9
      vertex -20.2401 -65.2241 3
      vertex -20.7255 -65.2961 3
    endloop
  endfacet
  facet normal -0.427543 0.903995 0
    outer loop
      vertex -21.6634 -65.5806 3
      vertex -22.107 -65.7904 9
      vertex -21.6634 -65.5806 9
    endloop
  endfacet
  facet normal -0.427543 0.903995 0
    outer loop
      vertex -22.107 -65.7904 9
      vertex -21.6634 -65.5806 3
      vertex -22.107 -65.7904 3
    endloop
  endfacet
  facet normal -0.989177 0.146726 0
    outer loop
      vertex -24.7259 -69.7099 3
      vertex -24.6539 -69.2245 9
      vertex -24.6539 -69.2245 3
    endloop
  endfacet
  facet normal -0.989177 0.146726 0
    outer loop
      vertex -24.6539 -69.2245 9
      vertex -24.7259 -69.7099 3
      vertex -24.7259 -69.7099 9
    endloop
  endfacet
  facet normal 0.146726 -0.989177 0
    outer loop
      vertex -19.2599 -75.1759 3
      vertex -18.7745 -75.1039 9
      vertex -19.2599 -75.1759 9
    endloop
  endfacet
  facet normal 0.146726 -0.989177 0
    outer loop
      vertex -18.7745 -75.1039 9
      vertex -19.2599 -75.1759 3
      vertex -18.7745 -75.1039 3
    endloop
  endfacet
  facet normal 0.941548 0.336879 0
    outer loop
      vertex -14.9653 -68.7486 9
      vertex -15.1306 -68.2866 3
      vertex -15.1306 -68.2866 9
    endloop
  endfacet
  facet normal 0.941548 0.336879 0
    outer loop
      vertex -15.1306 -68.2866 3
      vertex -14.9653 -68.7486 9
      vertex -14.9653 -68.7486 3
    endloop
  endfacet
  facet normal 0.740806 -0.671719 0
    outer loop
      vertex -16.2145 -73.7355 9
      vertex -15.8849 -73.372 3
      vertex -15.8849 -73.372 9
    endloop
  endfacet
  facet normal 0.740806 -0.671719 0
    outer loop
      vertex -15.8849 -73.372 3
      vertex -16.2145 -73.7355 9
      vertex -16.2145 -73.7355 3
    endloop
  endfacet
  facet normal 0.80329 -0.595588 0
    outer loop
      vertex -15.8849 -73.372 9
      vertex -15.5927 -72.9779 3
      vertex -15.5927 -72.9779 9
    endloop
  endfacet
  facet normal 0.80329 -0.595588 0
    outer loop
      vertex -15.5927 -72.9779 3
      vertex -15.8849 -73.372 9
      vertex -15.8849 -73.372 3
    endloop
  endfacet
  facet normal 0.941548 -0.336879 0
    outer loop
      vertex -15.1306 -72.1134 9
      vertex -14.9653 -71.6514 3
      vertex -14.9653 -71.6514 9
    endloop
  endfacet
  facet normal 0.941548 -0.336879 0
    outer loop
      vertex -14.9653 -71.6514 3
      vertex -15.1306 -72.1134 9
      vertex -15.1306 -72.1134 3
    endloop
  endfacet
  facet normal -0.242967 0.970034 0
    outer loop
      vertex -20.7255 -65.2961 3
      vertex -21.2014 -65.4153 9
      vertex -20.7255 -65.2961 9
    endloop
  endfacet
  facet normal -0.242967 0.970034 0
    outer loop
      vertex -21.2014 -65.4153 9
      vertex -20.7255 -65.2961 3
      vertex -21.2014 -65.4153 3
    endloop
  endfacet
  facet normal -0.903995 -0.427543 0
    outer loop
      vertex -24.1596 -72.557 3
      vertex -24.3694 -72.1134 9
      vertex -24.3694 -72.1134 3
    endloop
  endfacet
  facet normal -0.903995 -0.427543 0
    outer loop
      vertex -24.3694 -72.1134 9
      vertex -24.1596 -72.557 3
      vertex -24.1596 -72.557 9
    endloop
  endfacet
  facet normal 0.903995 0.427543 0
    outer loop
      vertex -15.1306 -68.2866 9
      vertex -15.3404 -67.843 3
      vertex -15.3404 -67.843 9
    endloop
  endfacet
  facet normal 0.903995 0.427543 0
    outer loop
      vertex -15.3404 -67.843 3
      vertex -15.1306 -68.2866 9
      vertex -15.1306 -68.2866 3
    endloop
  endfacet
  facet normal -0.671719 0.740806 0
    outer loop
      vertex -22.922 -66.3349 3
      vertex -23.2855 -66.6645 9
      vertex -22.922 -66.3349 9
    endloop
  endfacet
  facet normal -0.671719 0.740806 0
    outer loop
      vertex -23.2855 -66.6645 9
      vertex -22.922 -66.3349 3
      vertex -23.2855 -66.6645 3
    endloop
  endfacet
  facet normal -0.740806 -0.671719 0
    outer loop
      vertex -23.2855 -73.7355 3
      vertex -23.6151 -73.372 9
      vertex -23.6151 -73.372 3
    endloop
  endfacet
  facet normal -0.740806 -0.671719 0
    outer loop
      vertex -23.6151 -73.372 9
      vertex -23.2855 -73.7355 3
      vertex -23.2855 -73.7355 9
    endloop
  endfacet
  facet normal -0.857709 -0.514136 0
    outer loop
      vertex -23.9073 -72.9779 3
      vertex -24.1596 -72.557 9
      vertex -24.1596 -72.557 3
    endloop
  endfacet
  facet normal -0.857709 -0.514136 0
    outer loop
      vertex -24.1596 -72.557 9
      vertex -23.9073 -72.9779 3
      vertex -23.9073 -72.9779 9
    endloop
  endfacet
  facet normal -0.336879 0.941548 0
    outer loop
      vertex -21.2014 -65.4153 3
      vertex -21.6634 -65.5806 9
      vertex -21.2014 -65.4153 9
    endloop
  endfacet
  facet normal -0.336879 0.941548 0
    outer loop
      vertex -21.6634 -65.5806 9
      vertex -21.2014 -65.4153 3
      vertex -21.6634 -65.5806 3
    endloop
  endfacet
  facet normal -0.514136 -0.857709 0
    outer loop
      vertex -22.5279 -74.3573 3
      vertex -22.107 -74.6096 9
      vertex -22.5279 -74.3573 9
    endloop
  endfacet
  facet normal -0.514136 -0.857709 -0
    outer loop
      vertex -22.107 -74.6096 9
      vertex -22.5279 -74.3573 3
      vertex -22.107 -74.6096 3
    endloop
  endfacet
  facet normal -0.941548 0.336879 0
    outer loop
      vertex -24.5347 -68.7486 3
      vertex -24.3694 -68.2866 9
      vertex -24.3694 -68.2866 3
    endloop
  endfacet
  facet normal -0.941548 0.336879 0
    outer loop
      vertex -24.3694 -68.2866 9
      vertex -24.5347 -68.7486 3
      vertex -24.5347 -68.7486 9
    endloop
  endfacet
  facet normal 0.595588 -0.80329 0
    outer loop
      vertex -16.9721 -74.3573 3
      vertex -16.578 -74.0651 9
      vertex -16.9721 -74.3573 9
    endloop
  endfacet
  facet normal 0.595588 -0.80329 0
    outer loop
      vertex -16.578 -74.0651 9
      vertex -16.9721 -74.3573 3
      vertex -16.578 -74.0651 3
    endloop
  endfacet
  facet normal 0.740806 0.671719 0
    outer loop
      vertex -15.8849 -67.028 9
      vertex -16.2145 -66.6645 3
      vertex -16.2145 -66.6645 9
    endloop
  endfacet
  facet normal 0.740806 0.671719 0
    outer loop
      vertex -16.2145 -66.6645 3
      vertex -15.8849 -67.028 9
      vertex -15.8849 -67.028 3
    endloop
  endfacet
  facet normal -0.80329 -0.595588 0
    outer loop
      vertex -23.6151 -73.372 3
      vertex -23.9073 -72.9779 9
      vertex -23.9073 -72.9779 3
    endloop
  endfacet
  facet normal -0.80329 -0.595588 0
    outer loop
      vertex -23.9073 -72.9779 9
      vertex -23.6151 -73.372 3
      vertex -23.6151 -73.372 9
    endloop
  endfacet
  facet normal -0.514136 0.857709 0
    outer loop
      vertex -22.107 -65.7904 3
      vertex -22.5279 -66.0427 9
      vertex -22.107 -65.7904 9
    endloop
  endfacet
  facet normal -0.514136 0.857709 0
    outer loop
      vertex -22.5279 -66.0427 9
      vertex -22.107 -65.7904 3
      vertex -22.5279 -66.0427 3
    endloop
  endfacet
  facet normal -0.989177 -0.146726 0
    outer loop
      vertex -24.6539 -71.1755 3
      vertex -24.7259 -70.6901 9
      vertex -24.7259 -70.6901 3
    endloop
  endfacet
  facet normal -0.989177 -0.146726 0
    outer loop
      vertex -24.7259 -70.6901 9
      vertex -24.6539 -71.1755 3
      vertex -24.6539 -71.1755 9
    endloop
  endfacet
  facet normal -0.903995 0.427543 0
    outer loop
      vertex -24.3694 -68.2866 3
      vertex -24.1596 -67.843 9
      vertex -24.1596 -67.843 3
    endloop
  endfacet
  facet normal -0.903995 0.427543 0
    outer loop
      vertex -24.1596 -67.843 9
      vertex -24.3694 -68.2866 3
      vertex -24.3694 -68.2866 9
    endloop
  endfacet
  facet normal -0.671719 -0.740806 0
    outer loop
      vertex -23.2855 -73.7355 3
      vertex -22.922 -74.0651 9
      vertex -23.2855 -73.7355 9
    endloop
  endfacet
  facet normal -0.671719 -0.740806 -0
    outer loop
      vertex -22.922 -74.0651 9
      vertex -23.2855 -73.7355 3
      vertex -22.922 -74.0651 3
    endloop
  endfacet
  facet normal -0.80329 0.595588 0
    outer loop
      vertex -23.9073 -67.4221 3
      vertex -23.6151 -67.028 9
      vertex -23.6151 -67.028 3
    endloop
  endfacet
  facet normal -0.80329 0.595588 0
    outer loop
      vertex -23.6151 -67.028 9
      vertex -23.9073 -67.4221 3
      vertex -23.9073 -67.4221 9
    endloop
  endfacet
  facet normal -0.0491143 -0.998793 0
    outer loop
      vertex -20.2401 -75.1759 3
      vertex -19.75 -75.2 9
      vertex -20.2401 -75.1759 9
    endloop
  endfacet
  facet normal -0.0491143 -0.998793 -0
    outer loop
      vertex -19.75 -75.2 9
      vertex -20.2401 -75.1759 3
      vertex -19.75 -75.2 3
    endloop
  endfacet
  facet normal 0 0 1
    outer loop
      vertex -17.7 -70.2 9
      vertex -14.75 -70.2 9
      vertex -14.7741 -69.7099 9
    endloop
  endfacet
  facet normal 0 0 1
    outer loop
      vertex -17.7099 -69.9991 9
      vertex -14.7741 -69.7099 9
      vertex -14.8461 -69.2245 9
    endloop
  endfacet
  facet normal 0 0 1
    outer loop
      vertex -14.75 -70.2 9
      vertex -17.7 -70.2 9
      vertex -14.7741 -70.6901 9
    endloop
  endfacet
  facet normal 0 0 1
    outer loop
      vertex -17.7394 -69.8001 9
      vertex -14.8461 -69.2245 9
      vertex -14.9653 -68.7486 9
    endloop
  endfacet
  facet normal -0 0 1
    outer loop
      vertex -17.7099 -70.4009 9
      vertex -14.7741 -70.6901 9
      vertex -17.7 -70.2 9
    endloop
  endfacet
  facet normal 0 0 1
    outer loop
      vertex -17.7883 -69.6049 9
      vertex -14.9653 -68.7486 9
      vertex -15.1306 -68.2866 9
    endloop
  endfacet
  facet normal 0 0 1
    outer loop
      vertex -14.7741 -70.6901 9
      vertex -17.7099 -70.4009 9
      vertex -14.8461 -71.1755 9
    endloop
  endfacet
  facet normal 0 0 1
    outer loop
      vertex -17.856 -69.4155 9
      vertex -15.1306 -68.2866 9
      vertex -15.3404 -67.843 9
    endloop
  endfacet
  facet normal -0 0 1
    outer loop
      vertex -17.7394 -70.5999 9
      vertex -14.8461 -71.1755 9
      vertex -17.7099 -70.4009 9
    endloop
  endfacet
  facet normal 0 0 1
    outer loop
      vertex -17.9421 -69.2336 9
      vertex -15.3404 -67.843 9
      vertex -15.5927 -67.4221 9
    endloop
  endfacet
  facet normal 0 0 1
    outer loop
      vertex -14.8461 -71.1755 9
      vertex -17.7394 -70.5999 9
      vertex -14.9653 -71.6514 9
    endloop
  endfacet
  facet normal 0 0 1
    outer loop
      vertex -18.0455 -69.0611 9
      vertex -15.5927 -67.4221 9
      vertex -15.8849 -67.028 9
    endloop
  endfacet
  facet normal -0 0 1
    outer loop
      vertex -17.7883 -70.7951 9
      vertex -14.9653 -71.6514 9
      vertex -17.7394 -70.5999 9
    endloop
  endfacet
  facet normal 0 0 1
    outer loop
      vertex -18.1653 -68.8995 9
      vertex -15.8849 -67.028 9
      vertex -16.2145 -66.6645 9
    endloop
  endfacet
  facet normal 0 0 1
    outer loop
      vertex -14.9653 -71.6514 9
      vertex -17.7883 -70.7951 9
      vertex -15.1306 -72.1134 9
    endloop
  endfacet
  facet normal 0 0 1
    outer loop
      vertex -18.3004 -68.7504 9
      vertex -16.2145 -66.6645 9
      vertex -16.578 -66.3349 9
    endloop
  endfacet
  facet normal -0 0 1
    outer loop
      vertex -17.856 -70.9845 9
      vertex -15.1306 -72.1134 9
      vertex -17.7883 -70.7951 9
    endloop
  endfacet
  facet normal 0 0 1
    outer loop
      vertex -18.4495 -68.6153 9
      vertex -16.578 -66.3349 9
      vertex -16.9721 -66.0427 9
    endloop
  endfacet
  facet normal 0 0 1
    outer loop
      vertex -15.1306 -72.1134 9
      vertex -17.856 -70.9845 9
      vertex -15.3404 -72.557 9
    endloop
  endfacet
  facet normal 0 0 1
    outer loop
      vertex -18.6111 -68.4955 9
      vertex -16.9721 -66.0427 9
      vertex -17.393 -65.7904 9
    endloop
  endfacet
  facet normal -0 0 1
    outer loop
      vertex -17.9421 -71.1664 9
      vertex -15.3404 -72.557 9
      vertex -17.856 -70.9845 9
    endloop
  endfacet
  facet normal 0 0 1
    outer loop
      vertex -15.3404 -72.557 9
      vertex -17.9421 -71.1664 9
      vertex -15.5927 -72.9779 9
    endloop
  endfacet
  facet normal 0 0 1
    outer loop
      vertex -14.7741 -69.7099 9
      vertex -17.7099 -69.9991 9
      vertex -17.7 -70.2 9
    endloop
  endfacet
  facet normal 0 0 1
    outer loop
      vertex -14.8461 -69.2245 9
      vertex -17.7394 -69.8001 9
      vertex -17.7099 -69.9991 9
    endloop
  endfacet
  facet normal 0 0 1
    outer loop
      vertex -14.9653 -68.7486 9
      vertex -17.7883 -69.6049 9
      vertex -17.7394 -69.8001 9
    endloop
  endfacet
  facet normal 0 0 1
    outer loop
      vertex -18.7836 -68.3921 9
      vertex -17.393 -65.7904 9
      vertex -17.8366 -65.5806 9
    endloop
  endfacet
  facet normal 0 0 1
    outer loop
      vertex -15.1306 -68.2866 9
      vertex -17.856 -69.4155 9
      vertex -17.7883 -69.6049 9
    endloop
  endfacet
  facet normal 0 0 1
    outer loop
      vertex -15.3404 -67.843 9
      vertex -17.9421 -69.2336 9
      vertex -17.856 -69.4155 9
    endloop
  endfacet
  facet normal 0 0 1
    outer loop
      vertex -15.5927 -67.4221 9
      vertex -18.0455 -69.0611 9
      vertex -17.9421 -69.2336 9
    endloop
  endfacet
  facet normal 0 0 1
    outer loop
      vertex -15.8849 -67.028 9
      vertex -18.1653 -68.8995 9
      vertex -18.0455 -69.0611 9
    endloop
  endfacet
  facet normal 0 0 1
    outer loop
      vertex -18.9655 -68.306 9
      vertex -17.8366 -65.5806 9
      vertex -18.2986 -65.4153 9
    endloop
  endfacet
  facet normal 0 0 1
    outer loop
      vertex -16.2145 -66.6645 9
      vertex -18.3004 -68.7504 9
      vertex -18.1653 -68.8995 9
    endloop
  endfacet
  facet normal 0 0 1
    outer loop
      vertex -16.578 -66.3349 9
      vertex -18.4495 -68.6153 9
      vertex -18.3004 -68.7504 9
    endloop
  endfacet
  facet normal 0 0 1
    outer loop
      vertex -16.9721 -66.0427 9
      vertex -18.6111 -68.4955 9
      vertex -18.4495 -68.6153 9
    endloop
  endfacet
  facet normal 0 0 1
    outer loop
      vertex -19.1549 -68.2383 9
      vertex -18.2986 -65.4153 9
      vertex -18.7745 -65.2961 9
    endloop
  endfacet
  facet normal 0 0 1
    outer loop
      vertex -17.393 -65.7904 9
      vertex -18.7836 -68.3921 9
      vertex -18.6111 -68.4955 9
    endloop
  endfacet
  facet normal 0 0 1
    outer loop
      vertex -17.8366 -65.5806 9
      vertex -18.9655 -68.306 9
      vertex -18.7836 -68.3921 9
    endloop
  endfacet
  facet normal 0 0 1
    outer loop
      vertex -18.2986 -65.4153 9
      vertex -19.1549 -68.2383 9
      vertex -18.9655 -68.306 9
    endloop
  endfacet
  facet normal 0 0 1
    outer loop
      vertex -19.3501 -68.1894 9
      vertex -18.7745 -65.2961 9
      vertex -19.2599 -65.2241 9
    endloop
  endfacet
  facet normal 0 0 1
    outer loop
      vertex -18.7745 -65.2961 9
      vertex -19.3501 -68.1894 9
      vertex -19.1549 -68.2383 9
    endloop
  endfacet
  facet normal 0 0 1
    outer loop
      vertex -19.2599 -65.2241 9
      vertex -19.5491 -68.1599 9
      vertex -19.3501 -68.1894 9
    endloop
  endfacet
  facet normal 0 0 1
    outer loop
      vertex -19.75 -65.2 9
      vertex -19.5491 -68.1599 9
      vertex -19.2599 -65.2241 9
    endloop
  endfacet
  facet normal 0 0 1
    outer loop
      vertex -19.75 -65.2 9
      vertex -19.75 -68.15 9
      vertex -19.5491 -68.1599 9
    endloop
  endfacet
  facet normal 0 0 1
    outer loop
      vertex -19.75 -65.2 9
      vertex -19.9509 -68.1599 9
      vertex -19.75 -68.15 9
    endloop
  endfacet
  facet normal -0 0 1
    outer loop
      vertex -20.2401 -65.2241 9
      vertex -19.9509 -68.1599 9
      vertex -19.75 -65.2 9
    endloop
  endfacet
  facet normal 0 0 1
    outer loop
      vertex -19.9509 -68.1599 9
      vertex -20.2401 -65.2241 9
      vertex -20.1499 -68.1894 9
    endloop
  endfacet
  facet normal -0 0 1
    outer loop
      vertex -20.7255 -65.2961 9
      vertex -20.1499 -68.1894 9
      vertex -20.2401 -65.2241 9
    endloop
  endfacet
  facet normal 0 0 1
    outer loop
      vertex -20.1499 -68.1894 9
      vertex -20.7255 -65.2961 9
      vertex -20.3451 -68.2383 9
    endloop
  endfacet
  facet normal -0 0 1
    outer loop
      vertex -21.2014 -65.4153 9
      vertex -20.3451 -68.2383 9
      vertex -20.7255 -65.2961 9
    endloop
  endfacet
  facet normal 0 0 1
    outer loop
      vertex -20.3451 -68.2383 9
      vertex -21.2014 -65.4153 9
      vertex -20.5345 -68.306 9
    endloop
  endfacet
  facet normal -0 0 1
    outer loop
      vertex -21.6634 -65.5806 9
      vertex -20.5345 -68.306 9
      vertex -21.2014 -65.4153 9
    endloop
  endfacet
  facet normal 0 0 1
    outer loop
      vertex -20.5345 -68.306 9
      vertex -21.6634 -65.5806 9
      vertex -20.7164 -68.3921 9
    endloop
  endfacet
  facet normal -0 0 1
    outer loop
      vertex -22.107 -65.7904 9
      vertex -20.7164 -68.3921 9
      vertex -21.6634 -65.5806 9
    endloop
  endfacet
  facet normal 0 0 1
    outer loop
      vertex -20.7164 -68.3921 9
      vertex -22.107 -65.7904 9
      vertex -20.8889 -68.4955 9
    endloop
  endfacet
  facet normal -0 0 1
    outer loop
      vertex -22.5279 -66.0427 9
      vertex -20.8889 -68.4955 9
      vertex -22.107 -65.7904 9
    endloop
  endfacet
  facet normal 0 0 1
    outer loop
      vertex -20.8889 -68.4955 9
      vertex -22.5279 -66.0427 9
      vertex -21.0505 -68.6153 9
    endloop
  endfacet
  facet normal -0 0 1
    outer loop
      vertex -22.922 -66.3349 9
      vertex -21.0505 -68.6153 9
      vertex -22.5279 -66.0427 9
    endloop
  endfacet
  facet normal 0 0 1
    outer loop
      vertex -21.0505 -68.6153 9
      vertex -22.922 -66.3349 9
      vertex -21.1996 -68.7504 9
    endloop
  endfacet
  facet normal -0 0 1
    outer loop
      vertex -23.2855 -66.6645 9
      vertex -21.1996 -68.7504 9
      vertex -22.922 -66.3349 9
    endloop
  endfacet
  facet normal 0 0 1
    outer loop
      vertex -21.1996 -68.7504 9
      vertex -23.2855 -66.6645 9
      vertex -21.3347 -68.8995 9
    endloop
  endfacet
  facet normal -0 0 1
    outer loop
      vertex -23.6151 -67.028 9
      vertex -21.3347 -68.8995 9
      vertex -23.2855 -66.6645 9
    endloop
  endfacet
  facet normal 0 0 1
    outer loop
      vertex -21.3347 -68.8995 9
      vertex -23.6151 -67.028 9
      vertex -21.4545 -69.0611 9
    endloop
  endfacet
  facet normal -0 0 1
    outer loop
      vertex -23.9073 -67.4221 9
      vertex -21.4545 -69.0611 9
      vertex -23.6151 -67.028 9
    endloop
  endfacet
  facet normal 0 0 1
    outer loop
      vertex -21.4545 -69.0611 9
      vertex -23.9073 -67.4221 9
      vertex -21.5579 -69.2336 9
    endloop
  endfacet
  facet normal -0 0 1
    outer loop
      vertex -18.0455 -71.3389 9
      vertex -15.5927 -72.9779 9
      vertex -17.9421 -71.1664 9
    endloop
  endfacet
  facet normal 0 0 1
    outer loop
      vertex -15.5927 -72.9779 9
      vertex -18.0455 -71.3389 9
      vertex -15.8849 -73.372 9
    endloop
  endfacet
  facet normal -0 0 1
    outer loop
      vertex -18.1653 -71.5005 9
      vertex -15.8849 -73.372 9
      vertex -18.0455 -71.3389 9
    endloop
  endfacet
  facet normal 0 0 1
    outer loop
      vertex -15.8849 -73.372 9
      vertex -18.1653 -71.5005 9
      vertex -16.2145 -73.7355 9
    endloop
  endfacet
  facet normal -0 0 1
    outer loop
      vertex -18.3004 -71.6496 9
      vertex -16.2145 -73.7355 9
      vertex -18.1653 -71.5005 9
    endloop
  endfacet
  facet normal 0 0 1
    outer loop
      vertex -16.2145 -73.7355 9
      vertex -18.3004 -71.6496 9
      vertex -16.578 -74.0651 9
    endloop
  endfacet
  facet normal -0 0 1
    outer loop
      vertex -18.4495 -71.7847 9
      vertex -16.578 -74.0651 9
      vertex -18.3004 -71.6496 9
    endloop
  endfacet
  facet normal 0 0 1
    outer loop
      vertex -16.578 -74.0651 9
      vertex -18.4495 -71.7847 9
      vertex -16.9721 -74.3573 9
    endloop
  endfacet
  facet normal -0 0 1
    outer loop
      vertex -18.6111 -71.9045 9
      vertex -16.9721 -74.3573 9
      vertex -18.4495 -71.7847 9
    endloop
  endfacet
  facet normal 0 0 1
    outer loop
      vertex -16.9721 -74.3573 9
      vertex -18.6111 -71.9045 9
      vertex -17.393 -74.6096 9
    endloop
  endfacet
  facet normal -0 0 1
    outer loop
      vertex -18.7836 -72.0079 9
      vertex -17.393 -74.6096 9
      vertex -18.6111 -71.9045 9
    endloop
  endfacet
  facet normal 0 0 1
    outer loop
      vertex -17.393 -74.6096 9
      vertex -18.7836 -72.0079 9
      vertex -17.8366 -74.8194 9
    endloop
  endfacet
  facet normal -0 0 1
    outer loop
      vertex -18.9655 -72.094 9
      vertex -17.8366 -74.8194 9
      vertex -18.7836 -72.0079 9
    endloop
  endfacet
  facet normal 0 0 1
    outer loop
      vertex -17.8366 -74.8194 9
      vertex -18.9655 -72.094 9
      vertex -18.2986 -74.9847 9
    endloop
  endfacet
  facet normal -0 0 1
    outer loop
      vertex -19.1549 -72.1617 9
      vertex -18.2986 -74.9847 9
      vertex -18.9655 -72.094 9
    endloop
  endfacet
  facet normal 0 0 1
    outer loop
      vertex -18.2986 -74.9847 9
      vertex -19.1549 -72.1617 9
      vertex -18.7745 -75.1039 9
    endloop
  endfacet
  facet normal -0 0 1
    outer loop
      vertex -19.3501 -72.2106 9
      vertex -18.7745 -75.1039 9
      vertex -19.1549 -72.1617 9
    endloop
  endfacet
  facet normal 0 0 1
    outer loop
      vertex -18.7745 -75.1039 9
      vertex -19.3501 -72.2106 9
      vertex -19.2599 -75.1759 9
    endloop
  endfacet
  facet normal -0 0 1
    outer loop
      vertex -19.5491 -72.2401 9
      vertex -19.2599 -75.1759 9
      vertex -19.3501 -72.2106 9
    endloop
  endfacet
  facet normal -0 0 1
    outer loop
      vertex -19.75 -72.25 9
      vertex -19.2599 -75.1759 9
      vertex -19.5491 -72.2401 9
    endloop
  endfacet
  facet normal 0 0 1
    outer loop
      vertex -19.75 -72.25 9
      vertex -19.75 -75.2 9
      vertex -19.2599 -75.1759 9
    endloop
  endfacet
  facet normal 0 0 1
    outer loop
      vertex -19.9509 -72.2401 9
      vertex -19.75 -75.2 9
      vertex -19.75 -72.25 9
    endloop
  endfacet
  facet normal 0 0 1
    outer loop
      vertex -20.2401 -75.1759 9
      vertex -19.9509 -72.2401 9
      vertex -20.1499 -72.2106 9
    endloop
  endfacet
  facet normal 0 0 1
    outer loop
      vertex -19.9509 -72.2401 9
      vertex -20.2401 -75.1759 9
      vertex -19.75 -75.2 9
    endloop
  endfacet
  facet normal 0 0 1
    outer loop
      vertex -20.7255 -75.1039 9
      vertex -20.1499 -72.2106 9
      vertex -20.3451 -72.1617 9
    endloop
  endfacet
  facet normal 0 0 1
    outer loop
      vertex -21.2014 -74.9847 9
      vertex -20.3451 -72.1617 9
      vertex -20.5345 -72.094 9
    endloop
  endfacet
  facet normal 0 0 1
    outer loop
      vertex -21.6634 -74.8194 9
      vertex -20.5345 -72.094 9
      vertex -20.7164 -72.0079 9
    endloop
  endfacet
  facet normal 0 0 1
    outer loop
      vertex -20.1499 -72.2106 9
      vertex -20.7255 -75.1039 9
      vertex -20.2401 -75.1759 9
    endloop
  endfacet
  facet normal 0 0 1
    outer loop
      vertex -22.107 -74.6096 9
      vertex -20.7164 -72.0079 9
      vertex -20.8889 -71.9045 9
    endloop
  endfacet
  facet normal 0 0 1
    outer loop
      vertex -22.5279 -74.3573 9
      vertex -20.8889 -71.9045 9
      vertex -21.0505 -71.7847 9
    endloop
  endfacet
  facet normal 0 0 1
    outer loop
      vertex -22.922 -74.0651 9
      vertex -21.0505 -71.7847 9
      vertex -21.1996 -71.6496 9
    endloop
  endfacet
  facet normal 0 0 1
    outer loop
      vertex -20.3451 -72.1617 9
      vertex -21.2014 -74.9847 9
      vertex -20.7255 -75.1039 9
    endloop
  endfacet
  facet normal 0 0 1
    outer loop
      vertex -23.2855 -73.7355 9
      vertex -21.1996 -71.6496 9
      vertex -21.3347 -71.5005 9
    endloop
  endfacet
  facet normal 0 0 1
    outer loop
      vertex -23.6151 -73.372 9
      vertex -21.3347 -71.5005 9
      vertex -21.4545 -71.3389 9
    endloop
  endfacet
  facet normal 0 0 1
    outer loop
      vertex -23.9073 -72.9779 9
      vertex -21.4545 -71.3389 9
      vertex -21.5579 -71.1664 9
    endloop
  endfacet
  facet normal 0 0 1
    outer loop
      vertex -24.1596 -72.557 9
      vertex -21.5579 -71.1664 9
      vertex -21.644 -70.9845 9
    endloop
  endfacet
  facet normal 0 0 1
    outer loop
      vertex -20.5345 -72.094 9
      vertex -21.6634 -74.8194 9
      vertex -21.2014 -74.9847 9
    endloop
  endfacet
  facet normal 0 0 1
    outer loop
      vertex -24.3694 -72.1134 9
      vertex -21.644 -70.9845 9
      vertex -21.7117 -70.7951 9
    endloop
  endfacet
  facet normal 0 0 1
    outer loop
      vertex -24.5347 -71.6514 9
      vertex -21.7117 -70.7951 9
      vertex -21.7606 -70.5999 9
    endloop
  endfacet
  facet normal 0 0 1
    outer loop
      vertex -24.6539 -71.1755 9
      vertex -21.7606 -70.5999 9
      vertex -21.7901 -70.4009 9
    endloop
  endfacet
  facet normal 0 0 1
    outer loop
      vertex -24.7259 -70.6901 9
      vertex -21.7901 -70.4009 9
      vertex -21.8 -70.2 9
    endloop
  endfacet
  facet normal -0 0 1
    outer loop
      vertex -24.1596 -67.843 9
      vertex -21.5579 -69.2336 9
      vertex -23.9073 -67.4221 9
    endloop
  endfacet
  facet normal 0 0 1
    outer loop
      vertex -20.7164 -72.0079 9
      vertex -22.107 -74.6096 9
      vertex -21.6634 -74.8194 9
    endloop
  endfacet
  facet normal 0 0 1
    outer loop
      vertex -21.5579 -69.2336 9
      vertex -24.1596 -67.843 9
      vertex -21.644 -69.4155 9
    endloop
  endfacet
  facet normal 0 0 1
    outer loop
      vertex -20.8889 -71.9045 9
      vertex -22.5279 -74.3573 9
      vertex -22.107 -74.6096 9
    endloop
  endfacet
  facet normal -0 0 1
    outer loop
      vertex -24.3694 -68.2866 9
      vertex -21.644 -69.4155 9
      vertex -24.1596 -67.843 9
    endloop
  endfacet
  facet normal 0 0 1
    outer loop
      vertex -21.0505 -71.7847 9
      vertex -22.922 -74.0651 9
      vertex -22.5279 -74.3573 9
    endloop
  endfacet
  facet normal 0 0 1
    outer loop
      vertex -21.644 -69.4155 9
      vertex -24.3694 -68.2866 9
      vertex -21.7117 -69.6049 9
    endloop
  endfacet
  facet normal 0 0 1
    outer loop
      vertex -21.1996 -71.6496 9
      vertex -23.2855 -73.7355 9
      vertex -22.922 -74.0651 9
    endloop
  endfacet
  facet normal -0 0 1
    outer loop
      vertex -24.5347 -68.7486 9
      vertex -21.7117 -69.6049 9
      vertex -24.3694 -68.2866 9
    endloop
  endfacet
  facet normal 0 0 1
    outer loop
      vertex -21.3347 -71.5005 9
      vertex -23.6151 -73.372 9
      vertex -23.2855 -73.7355 9
    endloop
  endfacet
  facet normal 0 0 1
    outer loop
      vertex -21.7117 -69.6049 9
      vertex -24.5347 -68.7486 9
      vertex -21.7606 -69.8001 9
    endloop
  endfacet
  facet normal 0 0 1
    outer loop
      vertex -21.4545 -71.3389 9
      vertex -23.9073 -72.9779 9
      vertex -23.6151 -73.372 9
    endloop
  endfacet
  facet normal -0 0 1
    outer loop
      vertex -24.6539 -69.2245 9
      vertex -21.7606 -69.8001 9
      vertex -24.5347 -68.7486 9
    endloop
  endfacet
  facet normal 0 0 1
    outer loop
      vertex -21.5579 -71.1664 9
      vertex -24.1596 -72.557 9
      vertex -23.9073 -72.9779 9
    endloop
  endfacet
  facet normal 0 0 1
    outer loop
      vertex -21.7606 -69.8001 9
      vertex -24.6539 -69.2245 9
      vertex -21.7901 -69.9991 9
    endloop
  endfacet
  facet normal 0 0 1
    outer loop
      vertex -21.644 -70.9845 9
      vertex -24.3694 -72.1134 9
      vertex -24.1596 -72.557 9
    endloop
  endfacet
  facet normal -0 0 1
    outer loop
      vertex -24.7259 -69.7099 9
      vertex -21.7901 -69.9991 9
      vertex -24.6539 -69.2245 9
    endloop
  endfacet
  facet normal 0 0 1
    outer loop
      vertex -21.7117 -70.7951 9
      vertex -24.5347 -71.6514 9
      vertex -24.3694 -72.1134 9
    endloop
  endfacet
  facet normal 0 0 1
    outer loop
      vertex -21.7901 -69.9991 9
      vertex -24.7259 -69.7099 9
      vertex -21.8 -70.2 9
    endloop
  endfacet
  facet normal 0 0 1
    outer loop
      vertex -21.7606 -70.5999 9
      vertex -24.6539 -71.1755 9
      vertex -24.5347 -71.6514 9
    endloop
  endfacet
  facet normal 0 0 1
    outer loop
      vertex -24.75 -70.2 9
      vertex -21.8 -70.2 9
      vertex -24.7259 -69.7099 9
    endloop
  endfacet
  facet normal 0 0 1
    outer loop
      vertex -21.7901 -70.4009 9
      vertex -24.7259 -70.6901 9
      vertex -24.6539 -71.1755 9
    endloop
  endfacet
  facet normal 0 0 1
    outer loop
      vertex -21.8 -70.2 9
      vertex -24.75 -70.2 9
      vertex -24.7259 -70.6901 9
    endloop
  endfacet
  facet normal -0.998793 0.0491143 0
    outer loop
      vertex -24.75 -70.2 3
      vertex -24.7259 -69.7099 9
      vertex -24.7259 -69.7099 3
    endloop
  endfacet
  facet normal -0.998793 0.0491143 0
    outer loop
      vertex -24.7259 -69.7099 9
      vertex -24.75 -70.2 3
      vertex -24.75 -70.2 9
    endloop
  endfacet
  facet normal -0.336879 -0.941548 0
    outer loop
      vertex -21.6634 -74.8194 3
      vertex -21.2014 -74.9847 9
      vertex -21.6634 -74.8194 9
    endloop
  endfacet
  facet normal -0.336879 -0.941548 -0
    outer loop
      vertex -21.2014 -74.9847 9
      vertex -21.6634 -74.8194 3
      vertex -21.2014 -74.9847 3
    endloop
  endfacet
  facet normal 0.671719 -0.740806 0
    outer loop
      vertex -16.578 -74.0651 3
      vertex -16.2145 -73.7355 9
      vertex -16.578 -74.0651 9
    endloop
  endfacet
  facet normal 0.671719 -0.740806 0
    outer loop
      vertex -16.2145 -73.7355 9
      vertex -16.578 -74.0651 3
      vertex -16.2145 -73.7355 3
    endloop
  endfacet
  facet normal 0.243003 0.970025 -0
    outer loop
      vertex -20.1499 -72.2106 3
      vertex -20.3451 -72.1617 9
      vertex -20.1499 -72.2106 9
    endloop
  endfacet
  facet normal 0.243003 0.970025 0
    outer loop
      vertex -20.3451 -72.1617 9
      vertex -20.1499 -72.2106 3
      vertex -20.3451 -72.1617 3
    endloop
  endfacet
  facet normal -0.98919 -0.146639 0
    outer loop
      vertex -17.7099 -69.9991 3
      vertex -17.7394 -69.8001 9
      vertex -17.7394 -69.8001 3
    endloop
  endfacet
  facet normal -0.98919 -0.146639 0
    outer loop
      vertex -17.7394 -69.8001 9
      vertex -17.7099 -69.9991 3
      vertex -17.7099 -69.9991 9
    endloop
  endfacet
  facet normal -0.998788 -0.0492185 0
    outer loop
      vertex -17.7 -70.2 3
      vertex -17.7099 -69.9991 9
      vertex -17.7099 -69.9991 3
    endloop
  endfacet
  facet normal -0.998788 -0.0492185 0
    outer loop
      vertex -17.7099 -69.9991 9
      vertex -17.7 -70.2 3
      vertex -17.7 -70.2 9
    endloop
  endfacet
  facet normal -0.970025 -0.243003 0
    outer loop
      vertex -17.7394 -69.8001 3
      vertex -17.7883 -69.6049 9
      vertex -17.7883 -69.6049 3
    endloop
  endfacet
  facet normal -0.970025 -0.243003 0
    outer loop
      vertex -17.7883 -69.6049 9
      vertex -17.7394 -69.8001 3
      vertex -17.7394 -69.8001 9
    endloop
  endfacet
  facet normal -0.857712 -0.51413 0
    outer loop
      vertex -17.9421 -69.2336 3
      vertex -18.0455 -69.0611 9
      vertex -18.0455 -69.0611 3
    endloop
  endfacet
  facet normal -0.857712 -0.51413 0
    outer loop
      vertex -18.0455 -69.0611 9
      vertex -17.9421 -69.2336 3
      vertex -17.9421 -69.2336 9
    endloop
  endfacet
  facet normal 0.970025 0.243003 0
    outer loop
      vertex -21.7117 -70.7951 9
      vertex -21.7606 -70.5999 3
      vertex -21.7606 -70.5999 9
    endloop
  endfacet
  facet normal 0.970025 0.243003 0
    outer loop
      vertex -21.7606 -70.5999 3
      vertex -21.7117 -70.7951 9
      vertex -21.7117 -70.7951 3
    endloop
  endfacet
  facet normal -0.98919 0.146639 0
    outer loop
      vertex -17.7394 -70.5999 3
      vertex -17.7099 -70.4009 9
      vertex -17.7099 -70.4009 3
    endloop
  endfacet
  facet normal -0.98919 0.146639 0
    outer loop
      vertex -17.7099 -70.4009 9
      vertex -17.7394 -70.5999 3
      vertex -17.7394 -70.5999 9
    endloop
  endfacet
  facet normal -0.67146 -0.741041 0
    outer loop
      vertex -18.4495 -68.6153 3
      vertex -18.3004 -68.7504 9
      vertex -18.4495 -68.6153 9
    endloop
  endfacet
  facet normal -0.67146 -0.741041 -0
    outer loop
      vertex -18.3004 -68.7504 9
      vertex -18.4495 -68.6153 3
      vertex -18.3004 -68.7504 3
    endloop
  endfacet
  facet normal -0.998788 0.0492185 0
    outer loop
      vertex -17.7099 -70.4009 3
      vertex -17.7 -70.2 9
      vertex -17.7 -70.2 3
    endloop
  endfacet
  facet normal -0.998788 0.0492185 0
    outer loop
      vertex -17.7 -70.2 9
      vertex -17.7099 -70.4009 3
      vertex -17.7099 -70.4009 9
    endloop
  endfacet
  facet normal -0.741041 -0.67146 0
    outer loop
      vertex -18.1653 -68.8995 3
      vertex -18.3004 -68.7504 9
      vertex -18.3004 -68.7504 3
    endloop
  endfacet
  facet normal -0.741041 -0.67146 0
    outer loop
      vertex -18.3004 -68.7504 9
      vertex -18.1653 -68.8995 3
      vertex -18.1653 -68.8995 9
    endloop
  endfacet
  facet normal 0.67146 -0.741041 0
    outer loop
      vertex -21.1996 -68.7504 3
      vertex -21.0505 -68.6153 9
      vertex -21.1996 -68.7504 9
    endloop
  endfacet
  facet normal 0.67146 -0.741041 0
    outer loop
      vertex -21.0505 -68.6153 9
      vertex -21.1996 -68.7504 3
      vertex -21.0505 -68.6153 3
    endloop
  endfacet
  facet normal -0.51413 -0.857712 0
    outer loop
      vertex -18.7836 -68.3921 3
      vertex -18.6111 -68.4955 9
      vertex -18.7836 -68.3921 9
    endloop
  endfacet
  facet normal -0.51413 -0.857712 -0
    outer loop
      vertex -18.6111 -68.4955 9
      vertex -18.7836 -68.3921 3
      vertex -18.6111 -68.4955 3
    endloop
  endfacet
  facet normal 0.0492185 -0.998788 0
    outer loop
      vertex -19.9509 -68.1599 3
      vertex -19.75 -68.15 9
      vertex -19.9509 -68.1599 9
    endloop
  endfacet
  facet normal 0.0492185 -0.998788 0
    outer loop
      vertex -19.75 -68.15 9
      vertex -19.9509 -68.1599 3
      vertex -19.75 -68.15 3
    endloop
  endfacet
  facet normal 0.941652 -0.336588 0
    outer loop
      vertex -21.7117 -69.6049 9
      vertex -21.644 -69.4155 3
      vertex -21.644 -69.4155 9
    endloop
  endfacet
  facet normal 0.941652 -0.336588 0
    outer loop
      vertex -21.644 -69.4155 3
      vertex -21.7117 -69.6049 9
      vertex -21.7117 -69.6049 3
    endloop
  endfacet
  facet normal 0.970025 -0.243003 0
    outer loop
      vertex -21.7606 -69.8001 9
      vertex -21.7117 -69.6049 3
      vertex -21.7117 -69.6049 9
    endloop
  endfacet
  facet normal 0.970025 -0.243003 0
    outer loop
      vertex -21.7117 -69.6049 3
      vertex -21.7606 -69.8001 9
      vertex -21.7606 -69.8001 3
    endloop
  endfacet
  facet normal 0.0492185 0.998788 -0
    outer loop
      vertex -19.75 -72.25 3
      vertex -19.9509 -72.2401 9
      vertex -19.75 -72.25 9
    endloop
  endfacet
  facet normal 0.0492185 0.998788 0
    outer loop
      vertex -19.9509 -72.2401 9
      vertex -19.75 -72.25 3
      vertex -19.9509 -72.2401 3
    endloop
  endfacet
  facet normal -0.595537 -0.803328 0
    outer loop
      vertex -18.6111 -68.4955 3
      vertex -18.4495 -68.6153 9
      vertex -18.6111 -68.4955 9
    endloop
  endfacet
  facet normal -0.595537 -0.803328 -0
    outer loop
      vertex -18.4495 -68.6153 9
      vertex -18.6111 -68.4955 3
      vertex -18.4495 -68.6153 3
    endloop
  endfacet
  facet normal 0.998788 0.0492185 0
    outer loop
      vertex -21.7901 -70.4009 9
      vertex -21.8 -70.2 3
      vertex -21.8 -70.2 9
    endloop
  endfacet
  facet normal 0.998788 0.0492185 0
    outer loop
      vertex -21.8 -70.2 3
      vertex -21.7901 -70.4009 9
      vertex -21.7901 -70.4009 3
    endloop
  endfacet
  facet normal -0.51413 0.857712 0
    outer loop
      vertex -18.6111 -71.9045 3
      vertex -18.7836 -72.0079 9
      vertex -18.6111 -71.9045 9
    endloop
  endfacet
  facet normal -0.51413 0.857712 0
    outer loop
      vertex -18.7836 -72.0079 9
      vertex -18.6111 -71.9045 3
      vertex -18.7836 -72.0079 3
    endloop
  endfacet
  facet normal -0.903859 -0.42783 0
    outer loop
      vertex -17.856 -69.4155 3
      vertex -17.9421 -69.2336 9
      vertex -17.9421 -69.2336 3
    endloop
  endfacet
  facet normal -0.903859 -0.42783 0
    outer loop
      vertex -17.9421 -69.2336 9
      vertex -17.856 -69.4155 3
      vertex -17.856 -69.4155 9
    endloop
  endfacet
  facet normal -0.0492185 -0.998788 0
    outer loop
      vertex -19.75 -68.15 3
      vertex -19.5491 -68.1599 9
      vertex -19.75 -68.15 9
    endloop
  endfacet
  facet normal -0.0492185 -0.998788 -0
    outer loop
      vertex -19.5491 -68.1599 9
      vertex -19.75 -68.15 3
      vertex -19.5491 -68.1599 3
    endloop
  endfacet
  facet normal 0.243003 -0.970025 0
    outer loop
      vertex -20.3451 -68.2383 3
      vertex -20.1499 -68.1894 9
      vertex -20.3451 -68.2383 9
    endloop
  endfacet
  facet normal 0.243003 -0.970025 0
    outer loop
      vertex -20.1499 -68.1894 9
      vertex -20.3451 -68.2383 3
      vertex -20.1499 -68.1894 3
    endloop
  endfacet
  facet normal 0.595537 -0.803328 0
    outer loop
      vertex -21.0505 -68.6153 3
      vertex -20.8889 -68.4955 9
      vertex -21.0505 -68.6153 9
    endloop
  endfacet
  facet normal 0.595537 -0.803328 0
    outer loop
      vertex -20.8889 -68.4955 9
      vertex -21.0505 -68.6153 3
      vertex -20.8889 -68.4955 3
    endloop
  endfacet
  facet normal -0.857712 0.51413 0
    outer loop
      vertex -18.0455 -71.3389 3
      vertex -17.9421 -71.1664 9
      vertex -17.9421 -71.1664 3
    endloop
  endfacet
  facet normal -0.857712 0.51413 0
    outer loop
      vertex -17.9421 -71.1664 9
      vertex -18.0455 -71.3389 3
      vertex -18.0455 -71.3389 9
    endloop
  endfacet
  facet normal 0.941652 0.336588 0
    outer loop
      vertex -21.644 -70.9845 9
      vertex -21.7117 -70.7951 3
      vertex -21.7117 -70.7951 9
    endloop
  endfacet
  facet normal 0.941652 0.336588 0
    outer loop
      vertex -21.7117 -70.7951 3
      vertex -21.644 -70.9845 9
      vertex -21.644 -70.9845 3
    endloop
  endfacet
  facet normal -0.243003 -0.970025 0
    outer loop
      vertex -19.3501 -68.1894 3
      vertex -19.1549 -68.2383 9
      vertex -19.3501 -68.1894 9
    endloop
  endfacet
  facet normal -0.243003 -0.970025 -0
    outer loop
      vertex -19.1549 -68.2383 9
      vertex -19.3501 -68.1894 3
      vertex -19.1549 -68.2383 3
    endloop
  endfacet
  facet normal 0.146639 0.98919 -0
    outer loop
      vertex -19.9509 -72.2401 3
      vertex -20.1499 -72.2106 9
      vertex -19.9509 -72.2401 9
    endloop
  endfacet
  facet normal 0.146639 0.98919 0
    outer loop
      vertex -20.1499 -72.2106 9
      vertex -19.9509 -72.2401 3
      vertex -20.1499 -72.2106 3
    endloop
  endfacet
  facet normal 0.741041 -0.67146 0
    outer loop
      vertex -21.3347 -68.8995 9
      vertex -21.1996 -68.7504 3
      vertex -21.1996 -68.7504 9
    endloop
  endfacet
  facet normal 0.741041 -0.67146 0
    outer loop
      vertex -21.1996 -68.7504 3
      vertex -21.3347 -68.8995 9
      vertex -21.3347 -68.8995 3
    endloop
  endfacet
  facet normal -0.42783 0.903859 0
    outer loop
      vertex -18.7836 -72.0079 3
      vertex -18.9655 -72.094 9
      vertex -18.7836 -72.0079 9
    endloop
  endfacet
  facet normal -0.42783 0.903859 0
    outer loop
      vertex -18.9655 -72.094 9
      vertex -18.7836 -72.0079 3
      vertex -18.9655 -72.094 3
    endloop
  endfacet
  facet normal -0.803328 0.595537 0
    outer loop
      vertex -18.1653 -71.5005 3
      vertex -18.0455 -71.3389 9
      vertex -18.0455 -71.3389 3
    endloop
  endfacet
  facet normal -0.803328 0.595537 0
    outer loop
      vertex -18.0455 -71.3389 9
      vertex -18.1653 -71.5005 3
      vertex -18.1653 -71.5005 9
    endloop
  endfacet
  facet normal -0.741041 0.67146 0
    outer loop
      vertex -18.3004 -71.6496 3
      vertex -18.1653 -71.5005 9
      vertex -18.1653 -71.5005 3
    endloop
  endfacet
  facet normal -0.741041 0.67146 0
    outer loop
      vertex -18.1653 -71.5005 9
      vertex -18.3004 -71.6496 3
      vertex -18.3004 -71.6496 9
    endloop
  endfacet
  facet normal -0.146639 -0.98919 0
    outer loop
      vertex -19.5491 -68.1599 3
      vertex -19.3501 -68.1894 9
      vertex -19.5491 -68.1599 9
    endloop
  endfacet
  facet normal -0.146639 -0.98919 -0
    outer loop
      vertex -19.3501 -68.1894 9
      vertex -19.5491 -68.1599 3
      vertex -19.3501 -68.1894 3
    endloop
  endfacet
  facet normal -0.0492185 0.998788 0
    outer loop
      vertex -19.5491 -72.2401 3
      vertex -19.75 -72.25 9
      vertex -19.5491 -72.2401 9
    endloop
  endfacet
  facet normal -0.0492185 0.998788 0
    outer loop
      vertex -19.75 -72.25 9
      vertex -19.5491 -72.2401 3
      vertex -19.75 -72.25 3
    endloop
  endfacet
  facet normal -0.146639 0.98919 0
    outer loop
      vertex -19.3501 -72.2106 3
      vertex -19.5491 -72.2401 9
      vertex -19.3501 -72.2106 9
    endloop
  endfacet
  facet normal -0.146639 0.98919 0
    outer loop
      vertex -19.5491 -72.2401 9
      vertex -19.3501 -72.2106 3
      vertex -19.5491 -72.2401 3
    endloop
  endfacet
  facet normal 0.42783 -0.903859 0
    outer loop
      vertex -20.7164 -68.3921 3
      vertex -20.5345 -68.306 9
      vertex -20.7164 -68.3921 9
    endloop
  endfacet
  facet normal 0.42783 -0.903859 0
    outer loop
      vertex -20.5345 -68.306 9
      vertex -20.7164 -68.3921 3
      vertex -20.5345 -68.306 3
    endloop
  endfacet
  facet normal 0.595537 0.803328 -0
    outer loop
      vertex -20.8889 -71.9045 3
      vertex -21.0505 -71.7847 9
      vertex -20.8889 -71.9045 9
    endloop
  endfacet
  facet normal 0.595537 0.803328 0
    outer loop
      vertex -21.0505 -71.7847 9
      vertex -20.8889 -71.9045 3
      vertex -21.0505 -71.7847 3
    endloop
  endfacet
  facet normal 0.336588 -0.941652 0
    outer loop
      vertex -20.5345 -68.306 3
      vertex -20.3451 -68.2383 9
      vertex -20.5345 -68.306 9
    endloop
  endfacet
  facet normal 0.336588 -0.941652 0
    outer loop
      vertex -20.3451 -68.2383 9
      vertex -20.5345 -68.306 3
      vertex -20.3451 -68.2383 3
    endloop
  endfacet
  facet normal -0.42783 -0.903859 0
    outer loop
      vertex -18.9655 -68.306 3
      vertex -18.7836 -68.3921 9
      vertex -18.9655 -68.306 9
    endloop
  endfacet
  facet normal -0.42783 -0.903859 -0
    outer loop
      vertex -18.7836 -68.3921 9
      vertex -18.9655 -68.306 3
      vertex -18.7836 -68.3921 3
    endloop
  endfacet
  facet normal 0.803328 -0.595537 0
    outer loop
      vertex -21.4545 -69.0611 9
      vertex -21.3347 -68.8995 3
      vertex -21.3347 -68.8995 9
    endloop
  endfacet
  facet normal 0.803328 -0.595537 0
    outer loop
      vertex -21.3347 -68.8995 3
      vertex -21.4545 -69.0611 9
      vertex -21.4545 -69.0611 3
    endloop
  endfacet
  facet normal 0.998788 -0.0492185 0
    outer loop
      vertex -21.8 -70.2 9
      vertex -21.7901 -69.9991 3
      vertex -21.7901 -69.9991 9
    endloop
  endfacet
  facet normal 0.998788 -0.0492185 0
    outer loop
      vertex -21.7901 -69.9991 3
      vertex -21.8 -70.2 9
      vertex -21.8 -70.2 3
    endloop
  endfacet
  facet normal 0.51413 0.857712 -0
    outer loop
      vertex -20.7164 -72.0079 3
      vertex -20.8889 -71.9045 9
      vertex -20.7164 -72.0079 9
    endloop
  endfacet
  facet normal 0.51413 0.857712 0
    outer loop
      vertex -20.8889 -71.9045 9
      vertex -20.7164 -72.0079 3
      vertex -20.8889 -71.9045 3
    endloop
  endfacet
  facet normal -0.941652 -0.336588 0
    outer loop
      vertex -17.7883 -69.6049 3
      vertex -17.856 -69.4155 9
      vertex -17.856 -69.4155 3
    endloop
  endfacet
  facet normal -0.941652 -0.336588 0
    outer loop
      vertex -17.856 -69.4155 9
      vertex -17.7883 -69.6049 3
      vertex -17.7883 -69.6049 9
    endloop
  endfacet
  facet normal 0.803328 0.595537 0
    outer loop
      vertex -21.3347 -71.5005 9
      vertex -21.4545 -71.3389 3
      vertex -21.4545 -71.3389 9
    endloop
  endfacet
  facet normal 0.803328 0.595537 0
    outer loop
      vertex -21.4545 -71.3389 3
      vertex -21.3347 -71.5005 9
      vertex -21.3347 -71.5005 3
    endloop
  endfacet
  facet normal 0.51413 -0.857712 0
    outer loop
      vertex -20.8889 -68.4955 3
      vertex -20.7164 -68.3921 9
      vertex -20.8889 -68.4955 9
    endloop
  endfacet
  facet normal 0.51413 -0.857712 0
    outer loop
      vertex -20.7164 -68.3921 9
      vertex -20.8889 -68.4955 3
      vertex -20.7164 -68.3921 3
    endloop
  endfacet
  facet normal -0.595537 0.803328 0
    outer loop
      vertex -18.4495 -71.7847 3
      vertex -18.6111 -71.9045 9
      vertex -18.4495 -71.7847 9
    endloop
  endfacet
  facet normal -0.595537 0.803328 0
    outer loop
      vertex -18.6111 -71.9045 9
      vertex -18.4495 -71.7847 3
      vertex -18.6111 -71.9045 3
    endloop
  endfacet
  facet normal -0.336588 -0.941652 0
    outer loop
      vertex -19.1549 -68.2383 3
      vertex -18.9655 -68.306 9
      vertex -19.1549 -68.2383 9
    endloop
  endfacet
  facet normal -0.336588 -0.941652 -0
    outer loop
      vertex -18.9655 -68.306 9
      vertex -19.1549 -68.2383 3
      vertex -18.9655 -68.306 3
    endloop
  endfacet
  facet normal 0.42783 0.903859 -0
    outer loop
      vertex -20.5345 -72.094 3
      vertex -20.7164 -72.0079 9
      vertex -20.5345 -72.094 9
    endloop
  endfacet
  facet normal 0.42783 0.903859 0
    outer loop
      vertex -20.7164 -72.0079 9
      vertex -20.5345 -72.094 3
      vertex -20.7164 -72.0079 3
    endloop
  endfacet
  facet normal -0.970025 0.243003 0
    outer loop
      vertex -17.7883 -70.7951 3
      vertex -17.7394 -70.5999 9
      vertex -17.7394 -70.5999 3
    endloop
  endfacet
  facet normal -0.970025 0.243003 0
    outer loop
      vertex -17.7394 -70.5999 9
      vertex -17.7883 -70.7951 3
      vertex -17.7883 -70.7951 9
    endloop
  endfacet
  facet normal 0.146639 -0.98919 0
    outer loop
      vertex -20.1499 -68.1894 3
      vertex -19.9509 -68.1599 9
      vertex -20.1499 -68.1894 9
    endloop
  endfacet
  facet normal 0.146639 -0.98919 0
    outer loop
      vertex -19.9509 -68.1599 9
      vertex -20.1499 -68.1894 3
      vertex -19.9509 -68.1599 3
    endloop
  endfacet
  facet normal 0.336588 0.941652 -0
    outer loop
      vertex -20.3451 -72.1617 3
      vertex -20.5345 -72.094 9
      vertex -20.3451 -72.1617 9
    endloop
  endfacet
  facet normal 0.336588 0.941652 0
    outer loop
      vertex -20.5345 -72.094 9
      vertex -20.3451 -72.1617 3
      vertex -20.5345 -72.094 3
    endloop
  endfacet
  facet normal 0.98919 0.146639 0
    outer loop
      vertex -21.7606 -70.5999 9
      vertex -21.7901 -70.4009 3
      vertex -21.7901 -70.4009 9
    endloop
  endfacet
  facet normal 0.98919 0.146639 0
    outer loop
      vertex -21.7901 -70.4009 3
      vertex -21.7606 -70.5999 9
      vertex -21.7606 -70.5999 3
    endloop
  endfacet
  facet normal -0.336588 0.941652 0
    outer loop
      vertex -18.9655 -72.094 3
      vertex -19.1549 -72.1617 9
      vertex -18.9655 -72.094 9
    endloop
  endfacet
  facet normal -0.336588 0.941652 0
    outer loop
      vertex -19.1549 -72.1617 9
      vertex -18.9655 -72.094 3
      vertex -19.1549 -72.1617 3
    endloop
  endfacet
  facet normal -0.243003 0.970025 0
    outer loop
      vertex -19.1549 -72.1617 3
      vertex -19.3501 -72.2106 9
      vertex -19.1549 -72.1617 9
    endloop
  endfacet
  facet normal -0.243003 0.970025 0
    outer loop
      vertex -19.3501 -72.2106 9
      vertex -19.1549 -72.1617 3
      vertex -19.3501 -72.2106 3
    endloop
  endfacet
  facet normal -0.803328 -0.595537 0
    outer loop
      vertex -18.0455 -69.0611 3
      vertex -18.1653 -68.8995 9
      vertex -18.1653 -68.8995 3
    endloop
  endfacet
  facet normal -0.803328 -0.595537 0
    outer loop
      vertex -18.1653 -68.8995 9
      vertex -18.0455 -69.0611 3
      vertex -18.0455 -69.0611 9
    endloop
  endfacet
  facet normal 0.741041 0.67146 0
    outer loop
      vertex -21.1996 -71.6496 9
      vertex -21.3347 -71.5005 3
      vertex -21.3347 -71.5005 9
    endloop
  endfacet
  facet normal 0.741041 0.67146 0
    outer loop
      vertex -21.3347 -71.5005 3
      vertex -21.1996 -71.6496 9
      vertex -21.1996 -71.6496 3
    endloop
  endfacet
  facet normal 0.857712 0.51413 0
    outer loop
      vertex -21.4545 -71.3389 9
      vertex -21.5579 -71.1664 3
      vertex -21.5579 -71.1664 9
    endloop
  endfacet
  facet normal 0.857712 0.51413 0
    outer loop
      vertex -21.5579 -71.1664 3
      vertex -21.4545 -71.3389 9
      vertex -21.4545 -71.3389 3
    endloop
  endfacet
  facet normal 0.67146 0.741041 -0
    outer loop
      vertex -21.0505 -71.7847 3
      vertex -21.1996 -71.6496 9
      vertex -21.0505 -71.7847 9
    endloop
  endfacet
  facet normal 0.67146 0.741041 0
    outer loop
      vertex -21.1996 -71.6496 9
      vertex -21.0505 -71.7847 3
      vertex -21.1996 -71.6496 3
    endloop
  endfacet
  facet normal -0.903859 0.42783 0
    outer loop
      vertex -17.9421 -71.1664 3
      vertex -17.856 -70.9845 9
      vertex -17.856 -70.9845 3
    endloop
  endfacet
  facet normal -0.903859 0.42783 0
    outer loop
      vertex -17.856 -70.9845 9
      vertex -17.9421 -71.1664 3
      vertex -17.9421 -71.1664 9
    endloop
  endfacet
  facet normal 0.857712 -0.51413 0
    outer loop
      vertex -21.5579 -69.2336 9
      vertex -21.4545 -69.0611 3
      vertex -21.4545 -69.0611 9
    endloop
  endfacet
  facet normal 0.857712 -0.51413 0
    outer loop
      vertex -21.4545 -69.0611 3
      vertex -21.5579 -69.2336 9
      vertex -21.5579 -69.2336 3
    endloop
  endfacet
  facet normal 0.98919 -0.146639 0
    outer loop
      vertex -21.7901 -69.9991 9
      vertex -21.7606 -69.8001 3
      vertex -21.7606 -69.8001 9
    endloop
  endfacet
  facet normal 0.98919 -0.146639 0
    outer loop
      vertex -21.7606 -69.8001 3
      vertex -21.7901 -69.9991 9
      vertex -21.7901 -69.9991 3
    endloop
  endfacet
  facet normal -0.941652 0.336588 0
    outer loop
      vertex -17.856 -70.9845 3
      vertex -17.7883 -70.7951 9
      vertex -17.7883 -70.7951 3
    endloop
  endfacet
  facet normal -0.941652 0.336588 0
    outer loop
      vertex -17.7883 -70.7951 9
      vertex -17.856 -70.9845 3
      vertex -17.856 -70.9845 9
    endloop
  endfacet
  facet normal 0.903859 0.42783 0
    outer loop
      vertex -21.5579 -71.1664 9
      vertex -21.644 -70.9845 3
      vertex -21.644 -70.9845 9
    endloop
  endfacet
  facet normal 0.903859 0.42783 0
    outer loop
      vertex -21.644 -70.9845 3
      vertex -21.5579 -71.1664 9
      vertex -21.5579 -71.1664 3
    endloop
  endfacet
  facet normal 0.903859 -0.42783 0
    outer loop
      vertex -21.644 -69.4155 9
      vertex -21.5579 -69.2336 3
      vertex -21.5579 -69.2336 9
    endloop
  endfacet
  facet normal 0.903859 -0.42783 0
    outer loop
      vertex -21.5579 -69.2336 3
      vertex -21.644 -69.4155 9
      vertex -21.644 -69.4155 3
    endloop
  endfacet
  facet normal -0.67146 0.741041 0
    outer loop
      vertex -18.3004 -71.6496 3
      vertex -18.4495 -71.7847 9
      vertex -18.3004 -71.6496 9
    endloop
  endfacet
  facet normal -0.67146 0.741041 0
    outer loop
      vertex -18.4495 -71.7847 9
      vertex -18.3004 -71.6496 3
      vertex -18.4495 -71.7847 3
    endloop
  endfacet
  facet normal -0.42748 -0.904025 0
    outer loop
      vertex 3.31441 -40.0277 3
      vertex 3.66927 -40.1955 5
      vertex 3.31441 -40.0277 5
    endloop
  endfacet
  facet normal -0.42748 -0.904025 -0
    outer loop
      vertex 3.66927 -40.1955 5
      vertex 3.31441 -40.0277 3
      vertex 3.66927 -40.1955 3
    endloop
  endfacet
  facet normal 0.989176 0.146733 0
    outer loop
      vertex 9.18074 -36.1079 5
      vertex 9.12314 -35.7196 3
      vertex 9.12314 -35.7196 5
    endloop
  endfacet
  facet normal 0.989176 0.146733 0
    outer loop
      vertex 9.12314 -35.7196 3
      vertex 9.18074 -36.1079 5
      vertex 9.18074 -36.1079 3
    endloop
  endfacet
  facet normal 0.998796 0.049061 0
    outer loop
      vertex 9.2 -36.5 5
      vertex 9.18074 -36.1079 3
      vertex 9.18074 -36.1079 5
    endloop
  endfacet
  facet normal 0.998796 0.049061 0
    outer loop
      vertex 9.18074 -36.1079 3
      vertex 9.2 -36.5 5
      vertex 9.2 -36.5 3
    endloop
  endfacet
  facet normal 0.970019 0.243027 0
    outer loop
      vertex 9.12314 -35.7196 5
      vertex 9.02776 -35.3389 3
      vertex 9.02776 -35.3389 5
    endloop
  endfacet
  facet normal 0.970019 0.243027 0
    outer loop
      vertex 9.02776 -35.3389 3
      vertex 9.12314 -35.7196 5
      vertex 9.12314 -35.7196 3
    endloop
  endfacet
  facet normal 0.42748 -0.904025 0
    outer loop
      vertex 6.73073 -40.1955 3
      vertex 7.08559 -40.0277 5
      vertex 6.73073 -40.1955 5
    endloop
  endfacet
  facet normal 0.42748 -0.904025 0
    outer loop
      vertex 7.08559 -40.0277 5
      vertex 6.73073 -40.1955 3
      vertex 7.08559 -40.0277 3
    endloop
  endfacet
  facet normal -0.671531 0.740977 0
    outer loop
      vertex 2.66243 -33.408 3
      vertex 2.37157 -33.6716 5
      vertex 2.66243 -33.408 5
    endloop
  endfacet
  facet normal -0.671531 0.740977 0
    outer loop
      vertex 2.37157 -33.6716 5
      vertex 2.66243 -33.408 3
      vertex 2.37157 -33.6716 3
    endloop
  endfacet
  facet normal -0.970019 -0.243027 0
    outer loop
      vertex 1.37224 -37.6611 3
      vertex 1.27686 -37.2804 5
      vertex 1.27686 -37.2804 3
    endloop
  endfacet
  facet normal -0.970019 -0.243027 0
    outer loop
      vertex 1.27686 -37.2804 5
      vertex 1.37224 -37.6611 3
      vertex 1.37224 -37.6611 5
    endloop
  endfacet
  facet normal 0.42748 0.904025 -0
    outer loop
      vertex 7.08559 -32.9723 3
      vertex 6.73073 -32.8045 5
      vertex 7.08559 -32.9723 5
    endloop
  endfacet
  facet normal 0.42748 0.904025 0
    outer loop
      vertex 6.73073 -32.8045 5
      vertex 7.08559 -32.9723 3
      vertex 6.73073 -32.8045 3
    endloop
  endfacet
  facet normal -0.989176 0.146733 0
    outer loop
      vertex 1.21926 -36.1079 3
      vertex 1.27686 -35.7196 5
      vertex 1.27686 -35.7196 3
    endloop
  endfacet
  facet normal -0.989176 0.146733 0
    outer loop
      vertex 1.27686 -35.7196 5
      vertex 1.21926 -36.1079 3
      vertex 1.21926 -36.1079 5
    endloop
  endfacet
  facet normal -0.146737 -0.989176 0
    outer loop
      vertex 4.41964 -40.4231 3
      vertex 4.80793 -40.4807 5
      vertex 4.41964 -40.4231 5
    endloop
  endfacet
  facet normal -0.146737 -0.989176 -0
    outer loop
      vertex 4.80793 -40.4807 5
      vertex 4.41964 -40.4231 3
      vertex 4.80793 -40.4807 3
    endloop
  endfacet
  facet normal 0.242787 0.97008 -0
    outer loop
      vertex 6.36114 -32.6722 3
      vertex 5.98036 -32.5769 5
      vertex 6.36114 -32.6722 5
    endloop
  endfacet
  facet normal 0.242787 0.97008 0
    outer loop
      vertex 5.98036 -32.5769 5
      vertex 6.36114 -32.6722 3
      vertex 5.98036 -32.5769 3
    endloop
  endfacet
  facet normal -0.740895 0.671621 0
    outer loop
      vertex 2.10796 -33.9624 3
      vertex 2.37157 -33.6716 5
      vertex 2.37157 -33.6716 3
    endloop
  endfacet
  facet normal -0.740895 0.671621 0
    outer loop
      vertex 2.37157 -33.6716 5
      vertex 2.10796 -33.9624 3
      vertex 2.10796 -33.9624 5
    endloop
  endfacet
  facet normal 0.514095 -0.857733 0
    outer loop
      vertex 7.08559 -40.0277 3
      vertex 7.42228 -39.8259 5
      vertex 7.08559 -40.0277 5
    endloop
  endfacet
  facet normal 0.514095 -0.857733 0
    outer loop
      vertex 7.42228 -39.8259 5
      vertex 7.08559 -40.0277 3
      vertex 7.42228 -39.8259 3
    endloop
  endfacet
  facet normal -0.242787 -0.97008 0
    outer loop
      vertex 4.03886 -40.3278 3
      vertex 4.41964 -40.4231 5
      vertex 4.03886 -40.3278 5
    endloop
  endfacet
  facet normal -0.242787 -0.97008 -0
    outer loop
      vertex 4.41964 -40.4231 5
      vertex 4.03886 -40.3278 3
      vertex 4.41964 -40.4231 3
    endloop
  endfacet
  facet normal -0.337022 0.941497 0
    outer loop
      vertex 4.03886 -32.6722 3
      vertex 3.66927 -32.8045 5
      vertex 4.03886 -32.6722 5
    endloop
  endfacet
  facet normal -0.337022 0.941497 0
    outer loop
      vertex 3.66927 -32.8045 5
      vertex 4.03886 -32.6722 3
      vertex 3.66927 -32.8045 3
    endloop
  endfacet
  facet normal 0.0491664 -0.998791 0
    outer loop
      vertex 5.2 -40.5 3
      vertex 5.59207 -40.4807 5
      vertex 5.2 -40.5 5
    endloop
  endfacet
  facet normal 0.0491664 -0.998791 0
    outer loop
      vertex 5.59207 -40.4807 5
      vertex 5.2 -40.5 3
      vertex 5.59207 -40.4807 3
    endloop
  endfacet
  facet normal 0.146737 -0.989176 0
    outer loop
      vertex 5.59207 -40.4807 3
      vertex 5.98036 -40.4231 5
      vertex 5.59207 -40.4807 5
    endloop
  endfacet
  facet normal 0.146737 -0.989176 0
    outer loop
      vertex 5.98036 -40.4231 5
      vertex 5.59207 -40.4807 3
      vertex 5.98036 -40.4231 3
    endloop
  endfacet
  facet normal -0.0491664 0.998791 0
    outer loop
      vertex 5.2 -32.5 3
      vertex 4.80793 -32.5193 5
      vertex 5.2 -32.5 5
    endloop
  endfacet
  facet normal -0.0491664 0.998791 0
    outer loop
      vertex 4.80793 -32.5193 5
      vertex 5.2 -32.5 3
      vertex 4.80793 -32.5193 3
    endloop
  endfacet
  facet normal -0.595806 -0.803128 0
    outer loop
      vertex 2.66243 -39.592 3
      vertex 2.97772 -39.8259 5
      vertex 2.66243 -39.592 5
    endloop
  endfacet
  facet normal -0.595806 -0.803128 -0
    outer loop
      vertex 2.97772 -39.8259 5
      vertex 2.66243 -39.592 3
      vertex 2.97772 -39.8259 3
    endloop
  endfacet
  facet normal -0.904004 -0.427523 0
    outer loop
      vertex 1.67232 -38.3856 3
      vertex 1.50448 -38.0307 5
      vertex 1.50448 -38.0307 3
    endloop
  endfacet
  facet normal -0.904004 -0.427523 0
    outer loop
      vertex 1.50448 -38.0307 5
      vertex 1.67232 -38.3856 3
      vertex 1.67232 -38.3856 5
    endloop
  endfacet
  facet normal -0.146737 0.989176 0
    outer loop
      vertex 4.80793 -32.5193 3
      vertex 4.41964 -32.5769 5
      vertex 4.80793 -32.5193 5
    endloop
  endfacet
  facet normal -0.146737 0.989176 0
    outer loop
      vertex 4.41964 -32.5769 5
      vertex 4.80793 -32.5193 3
      vertex 4.41964 -32.5769 3
    endloop
  endfacet
  facet normal 0.595806 -0.803128 0
    outer loop
      vertex 7.42228 -39.8259 3
      vertex 7.73757 -39.592 5
      vertex 7.42228 -39.8259 5
    endloop
  endfacet
  facet normal 0.595806 -0.803128 0
    outer loop
      vertex 7.73757 -39.592 5
      vertex 7.42228 -39.8259 3
      vertex 7.73757 -39.592 3
    endloop
  endfacet
  facet normal 0.0491664 0.998791 -0
    outer loop
      vertex 5.59207 -32.5193 3
      vertex 5.2 -32.5 5
      vertex 5.59207 -32.5193 5
    endloop
  endfacet
  facet normal 0.0491664 0.998791 0
    outer loop
      vertex 5.2 -32.5 5
      vertex 5.59207 -32.5193 3
      vertex 5.2 -32.5 3
    endloop
  endfacet
  facet normal 0.514095 0.857733 -0
    outer loop
      vertex 7.42228 -33.1741 3
      vertex 7.08559 -32.9723 5
      vertex 7.42228 -33.1741 5
    endloop
  endfacet
  facet normal 0.514095 0.857733 0
    outer loop
      vertex 7.08559 -32.9723 5
      vertex 7.42228 -33.1741 3
      vertex 7.08559 -32.9723 3
    endloop
  endfacet
  facet normal -0.998796 -0.049061 0
    outer loop
      vertex 1.21926 -36.8921 3
      vertex 1.2 -36.5 5
      vertex 1.2 -36.5 3
    endloop
  endfacet
  facet normal -0.998796 -0.049061 0
    outer loop
      vertex 1.2 -36.5 5
      vertex 1.21926 -36.8921 3
      vertex 1.21926 -36.8921 5
    endloop
  endfacet
  facet normal 0.970019 -0.243027 0
    outer loop
      vertex 9.02776 -37.6611 5
      vertex 9.12314 -37.2804 3
      vertex 9.12314 -37.2804 5
    endloop
  endfacet
  facet normal 0.970019 -0.243027 0
    outer loop
      vertex 9.12314 -37.2804 3
      vertex 9.02776 -37.6611 5
      vertex 9.02776 -37.6611 3
    endloop
  endfacet
  facet normal 0.740895 0.671621 0
    outer loop
      vertex 8.29204 -33.9624 5
      vertex 8.02843 -33.6716 3
      vertex 8.02843 -33.6716 5
    endloop
  endfacet
  facet normal 0.740895 0.671621 0
    outer loop
      vertex 8.02843 -33.6716 3
      vertex 8.29204 -33.9624 5
      vertex 8.29204 -33.9624 3
    endloop
  endfacet
  facet normal 0.595806 0.803128 -0
    outer loop
      vertex 7.73757 -33.408 3
      vertex 7.42228 -33.1741 5
      vertex 7.73757 -33.408 5
    endloop
  endfacet
  facet normal 0.595806 0.803128 0
    outer loop
      vertex 7.42228 -33.1741 5
      vertex 7.73757 -33.408 3
      vertex 7.42228 -33.1741 3
    endloop
  endfacet
  facet normal -0.595806 0.803128 0
    outer loop
      vertex 2.97772 -33.1741 3
      vertex 2.66243 -33.408 5
      vertex 2.97772 -33.1741 5
    endloop
  endfacet
  facet normal -0.595806 0.803128 0
    outer loop
      vertex 2.66243 -33.408 5
      vertex 2.97772 -33.1741 3
      vertex 2.66243 -33.408 3
    endloop
  endfacet
  facet normal 0.80321 0.595695 0
    outer loop
      vertex 8.52588 -34.2777 5
      vertex 8.29204 -33.9624 3
      vertex 8.29204 -33.9624 5
    endloop
  endfacet
  facet normal 0.80321 0.595695 0
    outer loop
      vertex 8.29204 -33.9624 3
      vertex 8.52588 -34.2777 5
      vertex 8.52588 -34.2777 3
    endloop
  endfacet
  facet normal 0.989176 -0.146733 0
    outer loop
      vertex 9.12314 -37.2804 5
      vertex 9.18074 -36.8921 3
      vertex 9.18074 -36.8921 5
    endloop
  endfacet
  facet normal 0.989176 -0.146733 0
    outer loop
      vertex 9.18074 -36.8921 3
      vertex 9.12314 -37.2804 5
      vertex 9.12314 -37.2804 3
    endloop
  endfacet
  facet normal -0.941548 0.336879 0
    outer loop
      vertex 1.37224 -35.3389 3
      vertex 1.50448 -34.9693 5
      vertex 1.50448 -34.9693 3
    endloop
  endfacet
  facet normal -0.941548 0.336879 0
    outer loop
      vertex 1.50448 -34.9693 5
      vertex 1.37224 -35.3389 3
      vertex 1.37224 -35.3389 5
    endloop
  endfacet
  facet normal 0.904004 -0.427523 0
    outer loop
      vertex 8.72768 -38.3856 5
      vertex 8.89552 -38.0307 3
      vertex 8.89552 -38.0307 5
    endloop
  endfacet
  facet normal 0.904004 -0.427523 0
    outer loop
      vertex 8.89552 -38.0307 3
      vertex 8.72768 -38.3856 5
      vertex 8.72768 -38.3856 3
    endloop
  endfacet
  facet normal 0.337022 0.941497 -0
    outer loop
      vertex 6.73073 -32.8045 3
      vertex 6.36114 -32.6722 5
      vertex 6.73073 -32.8045 5
    endloop
  endfacet
  facet normal 0.337022 0.941497 0
    outer loop
      vertex 6.36114 -32.6722 5
      vertex 6.73073 -32.8045 3
      vertex 6.36114 -32.6722 3
    endloop
  endfacet
  facet normal 0.998796 -0.049061 0
    outer loop
      vertex 9.18074 -36.8921 5
      vertex 9.2 -36.5 3
      vertex 9.2 -36.5 5
    endloop
  endfacet
  facet normal 0.998796 -0.049061 0
    outer loop
      vertex 9.2 -36.5 3
      vertex 9.18074 -36.8921 5
      vertex 9.18074 -36.8921 3
    endloop
  endfacet
  facet normal 0.337022 -0.941497 0
    outer loop
      vertex 6.36114 -40.3278 3
      vertex 6.73073 -40.1955 5
      vertex 6.36114 -40.3278 5
    endloop
  endfacet
  facet normal 0.337022 -0.941497 0
    outer loop
      vertex 6.73073 -40.1955 5
      vertex 6.36114 -40.3278 3
      vertex 6.73073 -40.1955 3
    endloop
  endfacet
  facet normal 0.941548 0.336879 0
    outer loop
      vertex 9.02776 -35.3389 5
      vertex 8.89552 -34.9693 3
      vertex 8.89552 -34.9693 5
    endloop
  endfacet
  facet normal 0.941548 0.336879 0
    outer loop
      vertex 8.89552 -34.9693 3
      vertex 9.02776 -35.3389 5
      vertex 9.02776 -35.3389 3
    endloop
  endfacet
  facet normal 0.80321 -0.595695 0
    outer loop
      vertex 8.29204 -39.0376 5
      vertex 8.52588 -38.7223 3
      vertex 8.52588 -38.7223 5
    endloop
  endfacet
  facet normal 0.80321 -0.595695 0
    outer loop
      vertex 8.52588 -38.7223 3
      vertex 8.29204 -39.0376 5
      vertex 8.29204 -39.0376 3
    endloop
  endfacet
  facet normal 0.85774 -0.514084 0
    outer loop
      vertex 8.52588 -38.7223 5
      vertex 8.72768 -38.3856 3
      vertex 8.72768 -38.3856 5
    endloop
  endfacet
  facet normal 0.85774 -0.514084 0
    outer loop
      vertex 8.72768 -38.3856 3
      vertex 8.52588 -38.7223 5
      vertex 8.52588 -38.7223 3
    endloop
  endfacet
  facet normal 0.941548 -0.336879 0
    outer loop
      vertex 8.89552 -38.0307 5
      vertex 9.02776 -37.6611 3
      vertex 9.02776 -37.6611 5
    endloop
  endfacet
  facet normal 0.941548 -0.336879 0
    outer loop
      vertex 9.02776 -37.6611 3
      vertex 8.89552 -38.0307 5
      vertex 8.89552 -38.0307 3
    endloop
  endfacet
  facet normal -0.904004 0.427523 0
    outer loop
      vertex 1.50448 -34.9693 3
      vertex 1.67232 -34.6144 5
      vertex 1.67232 -34.6144 3
    endloop
  endfacet
  facet normal -0.904004 0.427523 0
    outer loop
      vertex 1.67232 -34.6144 5
      vertex 1.50448 -34.9693 3
      vertex 1.50448 -34.9693 5
    endloop
  endfacet
  facet normal -0.242787 0.97008 0
    outer loop
      vertex 4.41964 -32.5769 3
      vertex 4.03886 -32.6722 5
      vertex 4.41964 -32.5769 5
    endloop
  endfacet
  facet normal -0.242787 0.97008 0
    outer loop
      vertex 4.03886 -32.6722 5
      vertex 4.41964 -32.5769 3
      vertex 4.03886 -32.6722 3
    endloop
  endfacet
  facet normal 0.904004 0.427523 0
    outer loop
      vertex 8.89552 -34.9693 5
      vertex 8.72768 -34.6144 3
      vertex 8.72768 -34.6144 5
    endloop
  endfacet
  facet normal 0.904004 0.427523 0
    outer loop
      vertex 8.72768 -34.6144 3
      vertex 8.89552 -34.9693 5
      vertex 8.89552 -34.9693 3
    endloop
  endfacet
  facet normal 0.146737 0.989176 -0
    outer loop
      vertex 5.98036 -32.5769 3
      vertex 5.59207 -32.5193 5
      vertex 5.98036 -32.5769 5
    endloop
  endfacet
  facet normal 0.146737 0.989176 0
    outer loop
      vertex 5.59207 -32.5193 5
      vertex 5.98036 -32.5769 3
      vertex 5.59207 -32.5193 3
    endloop
  endfacet
  facet normal -0.85774 -0.514084 0
    outer loop
      vertex 1.87412 -38.7223 3
      vertex 1.67232 -38.3856 5
      vertex 1.67232 -38.3856 3
    endloop
  endfacet
  facet normal -0.85774 -0.514084 0
    outer loop
      vertex 1.67232 -38.3856 5
      vertex 1.87412 -38.7223 3
      vertex 1.87412 -38.7223 5
    endloop
  endfacet
  facet normal 0.85774 0.514084 0
    outer loop
      vertex 8.72768 -34.6144 5
      vertex 8.52588 -34.2777 3
      vertex 8.52588 -34.2777 5
    endloop
  endfacet
  facet normal 0.85774 0.514084 0
    outer loop
      vertex 8.52588 -34.2777 3
      vertex 8.72768 -34.6144 5
      vertex 8.72768 -34.6144 3
    endloop
  endfacet
  facet normal -0.740895 -0.671621 0
    outer loop
      vertex 2.37157 -39.3284 3
      vertex 2.10796 -39.0376 5
      vertex 2.10796 -39.0376 3
    endloop
  endfacet
  facet normal -0.740895 -0.671621 0
    outer loop
      vertex 2.10796 -39.0376 5
      vertex 2.37157 -39.3284 3
      vertex 2.37157 -39.3284 5
    endloop
  endfacet
  facet normal 0.242787 -0.97008 0
    outer loop
      vertex 5.98036 -40.4231 3
      vertex 6.36114 -40.3278 5
      vertex 5.98036 -40.4231 5
    endloop
  endfacet
  facet normal 0.242787 -0.97008 0
    outer loop
      vertex 6.36114 -40.3278 5
      vertex 5.98036 -40.4231 3
      vertex 6.36114 -40.3278 3
    endloop
  endfacet
  facet normal -0.514095 0.857733 0
    outer loop
      vertex 3.31441 -32.9723 3
      vertex 2.97772 -33.1741 5
      vertex 3.31441 -32.9723 5
    endloop
  endfacet
  facet normal -0.514095 0.857733 0
    outer loop
      vertex 2.97772 -33.1741 5
      vertex 3.31441 -32.9723 3
      vertex 2.97772 -33.1741 3
    endloop
  endfacet
  facet normal -0.42748 0.904025 0
    outer loop
      vertex 3.66927 -32.8045 3
      vertex 3.31441 -32.9723 5
      vertex 3.66927 -32.8045 5
    endloop
  endfacet
  facet normal -0.42748 0.904025 0
    outer loop
      vertex 3.31441 -32.9723 5
      vertex 3.66927 -32.8045 3
      vertex 3.31441 -32.9723 3
    endloop
  endfacet
  facet normal -0.941548 -0.336879 0
    outer loop
      vertex 1.50448 -38.0307 3
      vertex 1.37224 -37.6611 5
      vertex 1.37224 -37.6611 3
    endloop
  endfacet
  facet normal -0.941548 -0.336879 0
    outer loop
      vertex 1.37224 -37.6611 5
      vertex 1.50448 -38.0307 3
      vertex 1.50448 -38.0307 5
    endloop
  endfacet
  facet normal -0.514095 -0.857733 0
    outer loop
      vertex 2.97772 -39.8259 3
      vertex 3.31441 -40.0277 5
      vertex 2.97772 -39.8259 5
    endloop
  endfacet
  facet normal -0.514095 -0.857733 -0
    outer loop
      vertex 3.31441 -40.0277 5
      vertex 2.97772 -39.8259 3
      vertex 3.31441 -40.0277 3
    endloop
  endfacet
  facet normal 0.671531 0.740977 -0
    outer loop
      vertex 8.02843 -33.6716 3
      vertex 7.73757 -33.408 5
      vertex 8.02843 -33.6716 5
    endloop
  endfacet
  facet normal 0.671531 0.740977 0
    outer loop
      vertex 7.73757 -33.408 5
      vertex 8.02843 -33.6716 3
      vertex 7.73757 -33.408 3
    endloop
  endfacet
  facet normal -0.970019 0.243027 0
    outer loop
      vertex 1.27686 -35.7196 3
      vertex 1.37224 -35.3389 5
      vertex 1.37224 -35.3389 3
    endloop
  endfacet
  facet normal -0.970019 0.243027 0
    outer loop
      vertex 1.37224 -35.3389 5
      vertex 1.27686 -35.7196 3
      vertex 1.27686 -35.7196 5
    endloop
  endfacet
  facet normal -0.80321 -0.595695 0
    outer loop
      vertex 2.10796 -39.0376 3
      vertex 1.87412 -38.7223 5
      vertex 1.87412 -38.7223 3
    endloop
  endfacet
  facet normal -0.80321 -0.595695 0
    outer loop
      vertex 1.87412 -38.7223 5
      vertex 2.10796 -39.0376 3
      vertex 2.10796 -39.0376 5
    endloop
  endfacet
  facet normal -0.989176 -0.146733 0
    outer loop
      vertex 1.27686 -37.2804 3
      vertex 1.21926 -36.8921 5
      vertex 1.21926 -36.8921 3
    endloop
  endfacet
  facet normal -0.989176 -0.146733 0
    outer loop
      vertex 1.21926 -36.8921 5
      vertex 1.27686 -37.2804 3
      vertex 1.27686 -37.2804 5
    endloop
  endfacet
  facet normal -0.671531 -0.740977 0
    outer loop
      vertex 2.37157 -39.3284 3
      vertex 2.66243 -39.592 5
      vertex 2.37157 -39.3284 5
    endloop
  endfacet
  facet normal -0.671531 -0.740977 -0
    outer loop
      vertex 2.66243 -39.592 5
      vertex 2.37157 -39.3284 3
      vertex 2.66243 -39.592 3
    endloop
  endfacet
  facet normal -0.80321 0.595695 0
    outer loop
      vertex 1.87412 -34.2777 3
      vertex 2.10796 -33.9624 5
      vertex 2.10796 -33.9624 3
    endloop
  endfacet
  facet normal -0.80321 0.595695 0
    outer loop
      vertex 2.10796 -33.9624 5
      vertex 1.87412 -34.2777 3
      vertex 1.87412 -34.2777 5
    endloop
  endfacet
  facet normal -0.85774 0.514084 0
    outer loop
      vertex 1.67232 -34.6144 3
      vertex 1.87412 -34.2777 5
      vertex 1.87412 -34.2777 3
    endloop
  endfacet
  facet normal -0.85774 0.514084 0
    outer loop
      vertex 1.87412 -34.2777 5
      vertex 1.67232 -34.6144 3
      vertex 1.67232 -34.6144 5
    endloop
  endfacet
  facet normal 0 0 1
    outer loop
      vertex 6.8 -36.5 5
      vertex 9.2 -36.5 5
      vertex 9.18074 -36.1079 5
    endloop
  endfacet
  facet normal 0 0 1
    outer loop
      vertex 6.79229 -36.3432 5
      vertex 9.18074 -36.1079 5
      vertex 9.12314 -35.7196 5
    endloop
  endfacet
  facet normal 0 0 1
    outer loop
      vertex 9.2 -36.5 5
      vertex 6.8 -36.5 5
      vertex 9.18074 -36.8921 5
    endloop
  endfacet
  facet normal 0 0 1
    outer loop
      vertex 6.76926 -36.1879 5
      vertex 9.12314 -35.7196 5
      vertex 9.02776 -35.3389 5
    endloop
  endfacet
  facet normal -0 0 1
    outer loop
      vertex 6.79229 -36.6568 5
      vertex 9.18074 -36.8921 5
      vertex 6.8 -36.5 5
    endloop
  endfacet
  facet normal 0 0 1
    outer loop
      vertex 6.7311 -36.0355 5
      vertex 9.02776 -35.3389 5
      vertex 8.89552 -34.9693 5
    endloop
  endfacet
  facet normal 0 0 1
    outer loop
      vertex 9.18074 -36.8921 5
      vertex 6.79229 -36.6568 5
      vertex 9.12314 -37.2804 5
    endloop
  endfacet
  facet normal 0 0 1
    outer loop
      vertex 6.67821 -35.8877 5
      vertex 8.89552 -34.9693 5
      vertex 8.72768 -34.6144 5
    endloop
  endfacet
  facet normal -0 0 1
    outer loop
      vertex 6.76926 -36.8121 5
      vertex 9.12314 -37.2804 5
      vertex 6.79229 -36.6568 5
    endloop
  endfacet
  facet normal 0 0 1
    outer loop
      vertex 6.61107 -35.7458 5
      vertex 8.72768 -34.6144 5
      vertex 8.52588 -34.2777 5
    endloop
  endfacet
  facet normal 0 0 1
    outer loop
      vertex 9.12314 -37.2804 5
      vertex 6.76926 -36.8121 5
      vertex 9.02776 -37.6611 5
    endloop
  endfacet
  facet normal 0 0 1
    outer loop
      vertex 6.53035 -35.6111 5
      vertex 8.52588 -34.2777 5
      vertex 8.29204 -33.9624 5
    endloop
  endfacet
  facet normal -0 0 1
    outer loop
      vertex 6.7311 -36.9645 5
      vertex 9.02776 -37.6611 5
      vertex 6.76926 -36.8121 5
    endloop
  endfacet
  facet normal 0 0 1
    outer loop
      vertex 6.43682 -35.485 5
      vertex 8.29204 -33.9624 5
      vertex 8.02843 -33.6716 5
    endloop
  endfacet
  facet normal 0 0 1
    outer loop
      vertex 9.02776 -37.6611 5
      vertex 6.7311 -36.9645 5
      vertex 8.89552 -38.0307 5
    endloop
  endfacet
  facet normal 0 0 1
    outer loop
      vertex 6.33137 -35.3686 5
      vertex 8.02843 -33.6716 5
      vertex 7.73757 -33.408 5
    endloop
  endfacet
  facet normal -0 0 1
    outer loop
      vertex 6.67821 -37.1123 5
      vertex 8.89552 -38.0307 5
      vertex 6.7311 -36.9645 5
    endloop
  endfacet
  facet normal 0 0 1
    outer loop
      vertex 6.21503 -35.2632 5
      vertex 7.73757 -33.408 5
      vertex 7.42228 -33.1741 5
    endloop
  endfacet
  facet normal 0 0 1
    outer loop
      vertex 8.89552 -38.0307 5
      vertex 6.67821 -37.1123 5
      vertex 8.72768 -38.3856 5
    endloop
  endfacet
  facet normal 0 0 1
    outer loop
      vertex 6.08891 -35.1696 5
      vertex 7.42228 -33.1741 5
      vertex 7.08559 -32.9723 5
    endloop
  endfacet
  facet normal -0 0 1
    outer loop
      vertex 6.61107 -37.2542 5
      vertex 8.72768 -38.3856 5
      vertex 6.67821 -37.1123 5
    endloop
  endfacet
  facet normal 0 0 1
    outer loop
      vertex 8.72768 -38.3856 5
      vertex 6.61107 -37.2542 5
      vertex 8.52588 -38.7223 5
    endloop
  endfacet
  facet normal 0 0 1
    outer loop
      vertex 9.18074 -36.1079 5
      vertex 6.79229 -36.3432 5
      vertex 6.8 -36.5 5
    endloop
  endfacet
  facet normal 0 0 1
    outer loop
      vertex 9.12314 -35.7196 5
      vertex 6.76926 -36.1879 5
      vertex 6.79229 -36.3432 5
    endloop
  endfacet
  facet normal 0 0 1
    outer loop
      vertex 9.02776 -35.3389 5
      vertex 6.7311 -36.0355 5
      vertex 6.76926 -36.1879 5
    endloop
  endfacet
  facet normal 0 0 1
    outer loop
      vertex 5.95423 -35.0889 5
      vertex 7.08559 -32.9723 5
      vertex 6.73073 -32.8045 5
    endloop
  endfacet
  facet normal 0 0 1
    outer loop
      vertex 8.89552 -34.9693 5
      vertex 6.67821 -35.8877 5
      vertex 6.7311 -36.0355 5
    endloop
  endfacet
  facet normal 0 0 1
    outer loop
      vertex 8.72768 -34.6144 5
      vertex 6.61107 -35.7458 5
      vertex 6.67821 -35.8877 5
    endloop
  endfacet
  facet normal 0 0 1
    outer loop
      vertex 8.52588 -34.2777 5
      vertex 6.53035 -35.6111 5
      vertex 6.61107 -35.7458 5
    endloop
  endfacet
  facet normal 0 0 1
    outer loop
      vertex 8.29204 -33.9624 5
      vertex 6.43682 -35.485 5
      vertex 6.53035 -35.6111 5
    endloop
  endfacet
  facet normal 0 0 1
    outer loop
      vertex 5.81229 -35.0218 5
      vertex 6.73073 -32.8045 5
      vertex 6.36114 -32.6722 5
    endloop
  endfacet
  facet normal 0 0 1
    outer loop
      vertex 8.02843 -33.6716 5
      vertex 6.33137 -35.3686 5
      vertex 6.43682 -35.485 5
    endloop
  endfacet
  facet normal 0 0 1
    outer loop
      vertex 7.73757 -33.408 5
      vertex 6.21503 -35.2632 5
      vertex 6.33137 -35.3686 5
    endloop
  endfacet
  facet normal 0 0 1
    outer loop
      vertex 7.42228 -33.1741 5
      vertex 6.08891 -35.1696 5
      vertex 6.21503 -35.2632 5
    endloop
  endfacet
  facet normal 0 0 1
    outer loop
      vertex 5.66445 -34.9689 5
      vertex 6.36114 -32.6722 5
      vertex 5.98036 -32.5769 5
    endloop
  endfacet
  facet normal 0 0 1
    outer loop
      vertex 7.08559 -32.9723 5
      vertex 5.95423 -35.0889 5
      vertex 6.08891 -35.1696 5
    endloop
  endfacet
  facet normal 0 0 1
    outer loop
      vertex 6.73073 -32.8045 5
      vertex 5.81229 -35.0218 5
      vertex 5.95423 -35.0889 5
    endloop
  endfacet
  facet normal 0 0 1
    outer loop
      vertex 6.36114 -32.6722 5
      vertex 5.66445 -34.9689 5
      vertex 5.81229 -35.0218 5
    endloop
  endfacet
  facet normal 0 0 1
    outer loop
      vertex 5.51214 -34.9307 5
      vertex 5.98036 -32.5769 5
      vertex 5.59207 -32.5193 5
    endloop
  endfacet
  facet normal 0 0 1
    outer loop
      vertex 5.98036 -32.5769 5
      vertex 5.51214 -34.9307 5
      vertex 5.66445 -34.9689 5
    endloop
  endfacet
  facet normal 0 0 1
    outer loop
      vertex 5.59207 -32.5193 5
      vertex 5.35683 -34.9077 5
      vertex 5.51214 -34.9307 5
    endloop
  endfacet
  facet normal 0 0 1
    outer loop
      vertex 5.2 -32.5 5
      vertex 5.35683 -34.9077 5
      vertex 5.59207 -32.5193 5
    endloop
  endfacet
  facet normal 0 0 1
    outer loop
      vertex 5.2 -32.5 5
      vertex 5.2 -34.9 5
      vertex 5.35683 -34.9077 5
    endloop
  endfacet
  facet normal 0 0 1
    outer loop
      vertex 5.2 -32.5 5
      vertex 5.04317 -34.9077 5
      vertex 5.2 -34.9 5
    endloop
  endfacet
  facet normal -0 0 1
    outer loop
      vertex 4.80793 -32.5193 5
      vertex 5.04317 -34.9077 5
      vertex 5.2 -32.5 5
    endloop
  endfacet
  facet normal 0 0 1
    outer loop
      vertex 5.04317 -34.9077 5
      vertex 4.80793 -32.5193 5
      vertex 4.88786 -34.9307 5
    endloop
  endfacet
  facet normal -0 0 1
    outer loop
      vertex 4.41964 -32.5769 5
      vertex 4.88786 -34.9307 5
      vertex 4.80793 -32.5193 5
    endloop
  endfacet
  facet normal 0 0 1
    outer loop
      vertex 4.88786 -34.9307 5
      vertex 4.41964 -32.5769 5
      vertex 4.73555 -34.9689 5
    endloop
  endfacet
  facet normal -0 0 1
    outer loop
      vertex 4.03886 -32.6722 5
      vertex 4.73555 -34.9689 5
      vertex 4.41964 -32.5769 5
    endloop
  endfacet
  facet normal 0 0 1
    outer loop
      vertex 4.73555 -34.9689 5
      vertex 4.03886 -32.6722 5
      vertex 4.58771 -35.0218 5
    endloop
  endfacet
  facet normal -0 0 1
    outer loop
      vertex 3.66927 -32.8045 5
      vertex 4.58771 -35.0218 5
      vertex 4.03886 -32.6722 5
    endloop
  endfacet
  facet normal 0 0 1
    outer loop
      vertex 4.58771 -35.0218 5
      vertex 3.66927 -32.8045 5
      vertex 4.44577 -35.0889 5
    endloop
  endfacet
  facet normal -0 0 1
    outer loop
      vertex 3.31441 -32.9723 5
      vertex 4.44577 -35.0889 5
      vertex 3.66927 -32.8045 5
    endloop
  endfacet
  facet normal 0 0 1
    outer loop
      vertex 4.44577 -35.0889 5
      vertex 3.31441 -32.9723 5
      vertex 4.31109 -35.1696 5
    endloop
  endfacet
  facet normal -0 0 1
    outer loop
      vertex 2.97772 -33.1741 5
      vertex 4.31109 -35.1696 5
      vertex 3.31441 -32.9723 5
    endloop
  endfacet
  facet normal 0 0 1
    outer loop
      vertex 4.31109 -35.1696 5
      vertex 2.97772 -33.1741 5
      vertex 4.18497 -35.2632 5
    endloop
  endfacet
  facet normal -0 0 1
    outer loop
      vertex 2.66243 -33.408 5
      vertex 4.18497 -35.2632 5
      vertex 2.97772 -33.1741 5
    endloop
  endfacet
  facet normal 0 0 1
    outer loop
      vertex 4.18497 -35.2632 5
      vertex 2.66243 -33.408 5
      vertex 4.06863 -35.3686 5
    endloop
  endfacet
  facet normal -0 0 1
    outer loop
      vertex 2.37157 -33.6716 5
      vertex 4.06863 -35.3686 5
      vertex 2.66243 -33.408 5
    endloop
  endfacet
  facet normal 0 0 1
    outer loop
      vertex 4.06863 -35.3686 5
      vertex 2.37157 -33.6716 5
      vertex 3.96318 -35.485 5
    endloop
  endfacet
  facet normal -0 0 1
    outer loop
      vertex 2.10796 -33.9624 5
      vertex 3.96318 -35.485 5
      vertex 2.37157 -33.6716 5
    endloop
  endfacet
  facet normal 0 0 1
    outer loop
      vertex 3.96318 -35.485 5
      vertex 2.10796 -33.9624 5
      vertex 3.86965 -35.6111 5
    endloop
  endfacet
  facet normal -0 0 1
    outer loop
      vertex 1.87412 -34.2777 5
      vertex 3.86965 -35.6111 5
      vertex 2.10796 -33.9624 5
    endloop
  endfacet
  facet normal 0 0 1
    outer loop
      vertex 3.86965 -35.6111 5
      vertex 1.87412 -34.2777 5
      vertex 3.78893 -35.7458 5
    endloop
  endfacet
  facet normal -0 0 1
    outer loop
      vertex 6.53035 -37.3889 5
      vertex 8.52588 -38.7223 5
      vertex 6.61107 -37.2542 5
    endloop
  endfacet
  facet normal 0 0 1
    outer loop
      vertex 8.52588 -38.7223 5
      vertex 6.53035 -37.3889 5
      vertex 8.29204 -39.0376 5
    endloop
  endfacet
  facet normal -0 0 1
    outer loop
      vertex 6.43682 -37.515 5
      vertex 8.29204 -39.0376 5
      vertex 6.53035 -37.3889 5
    endloop
  endfacet
  facet normal 0 0 1
    outer loop
      vertex 8.29204 -39.0376 5
      vertex 6.43682 -37.515 5
      vertex 8.02843 -39.3284 5
    endloop
  endfacet
  facet normal -0 0 1
    outer loop
      vertex 6.33137 -37.6314 5
      vertex 8.02843 -39.3284 5
      vertex 6.43682 -37.515 5
    endloop
  endfacet
  facet normal 0 0 1
    outer loop
      vertex 8.02843 -39.3284 5
      vertex 6.33137 -37.6314 5
      vertex 7.73757 -39.592 5
    endloop
  endfacet
  facet normal -0 0 1
    outer loop
      vertex 6.21503 -37.7368 5
      vertex 7.73757 -39.592 5
      vertex 6.33137 -37.6314 5
    endloop
  endfacet
  facet normal 0 0 1
    outer loop
      vertex 7.73757 -39.592 5
      vertex 6.21503 -37.7368 5
      vertex 7.42228 -39.8259 5
    endloop
  endfacet
  facet normal -0 0 1
    outer loop
      vertex 6.08891 -37.8304 5
      vertex 7.42228 -39.8259 5
      vertex 6.21503 -37.7368 5
    endloop
  endfacet
  facet normal 0 0 1
    outer loop
      vertex 7.42228 -39.8259 5
      vertex 6.08891 -37.8304 5
      vertex 7.08559 -40.0277 5
    endloop
  endfacet
  facet normal -0 0 1
    outer loop
      vertex 5.95423 -37.9111 5
      vertex 7.08559 -40.0277 5
      vertex 6.08891 -37.8304 5
    endloop
  endfacet
  facet normal 0 0 1
    outer loop
      vertex 7.08559 -40.0277 5
      vertex 5.95423 -37.9111 5
      vertex 6.73073 -40.1955 5
    endloop
  endfacet
  facet normal -0 0 1
    outer loop
      vertex 5.81229 -37.9782 5
      vertex 6.73073 -40.1955 5
      vertex 5.95423 -37.9111 5
    endloop
  endfacet
  facet normal 0 0 1
    outer loop
      vertex 6.73073 -40.1955 5
      vertex 5.81229 -37.9782 5
      vertex 6.36114 -40.3278 5
    endloop
  endfacet
  facet normal -0 0 1
    outer loop
      vertex 5.66445 -38.0311 5
      vertex 6.36114 -40.3278 5
      vertex 5.81229 -37.9782 5
    endloop
  endfacet
  facet normal 0 0 1
    outer loop
      vertex 6.36114 -40.3278 5
      vertex 5.66445 -38.0311 5
      vertex 5.98036 -40.4231 5
    endloop
  endfacet
  facet normal -0 0 1
    outer loop
      vertex 5.51214 -38.0693 5
      vertex 5.98036 -40.4231 5
      vertex 5.66445 -38.0311 5
    endloop
  endfacet
  facet normal 0 0 1
    outer loop
      vertex 5.98036 -40.4231 5
      vertex 5.51214 -38.0693 5
      vertex 5.59207 -40.4807 5
    endloop
  endfacet
  facet normal -0 0 1
    outer loop
      vertex 5.35683 -38.0923 5
      vertex 5.59207 -40.4807 5
      vertex 5.51214 -38.0693 5
    endloop
  endfacet
  facet normal -0 0 1
    outer loop
      vertex 5.2 -38.1 5
      vertex 5.59207 -40.4807 5
      vertex 5.35683 -38.0923 5
    endloop
  endfacet
  facet normal 0 0 1
    outer loop
      vertex 5.2 -38.1 5
      vertex 5.2 -40.5 5
      vertex 5.59207 -40.4807 5
    endloop
  endfacet
  facet normal 0 0 1
    outer loop
      vertex 5.04317 -38.0923 5
      vertex 5.2 -40.5 5
      vertex 5.2 -38.1 5
    endloop
  endfacet
  facet normal 0 0 1
    outer loop
      vertex 4.80793 -40.4807 5
      vertex 5.04317 -38.0923 5
      vertex 4.88786 -38.0693 5
    endloop
  endfacet
  facet normal 0 0 1
    outer loop
      vertex 5.04317 -38.0923 5
      vertex 4.80793 -40.4807 5
      vertex 5.2 -40.5 5
    endloop
  endfacet
  facet normal 0 0 1
    outer loop
      vertex 4.41964 -40.4231 5
      vertex 4.88786 -38.0693 5
      vertex 4.73555 -38.0311 5
    endloop
  endfacet
  facet normal 0 0 1
    outer loop
      vertex 4.03886 -40.3278 5
      vertex 4.73555 -38.0311 5
      vertex 4.58771 -37.9782 5
    endloop
  endfacet
  facet normal 0 0 1
    outer loop
      vertex 3.66927 -40.1955 5
      vertex 4.58771 -37.9782 5
      vertex 4.44577 -37.9111 5
    endloop
  endfacet
  facet normal 0 0 1
    outer loop
      vertex 4.88786 -38.0693 5
      vertex 4.41964 -40.4231 5
      vertex 4.80793 -40.4807 5
    endloop
  endfacet
  facet normal 0 0 1
    outer loop
      vertex 3.31441 -40.0277 5
      vertex 4.44577 -37.9111 5
      vertex 4.31109 -37.8304 5
    endloop
  endfacet
  facet normal 0 0 1
    outer loop
      vertex 2.97772 -39.8259 5
      vertex 4.31109 -37.8304 5
      vertex 4.18497 -37.7368 5
    endloop
  endfacet
  facet normal 0 0 1
    outer loop
      vertex 2.66243 -39.592 5
      vertex 4.18497 -37.7368 5
      vertex 4.06863 -37.6314 5
    endloop
  endfacet
  facet normal 0 0 1
    outer loop
      vertex 4.73555 -38.0311 5
      vertex 4.03886 -40.3278 5
      vertex 4.41964 -40.4231 5
    endloop
  endfacet
  facet normal 0 0 1
    outer loop
      vertex 2.37157 -39.3284 5
      vertex 4.06863 -37.6314 5
      vertex 3.96318 -37.515 5
    endloop
  endfacet
  facet normal 0 0 1
    outer loop
      vertex 2.10796 -39.0376 5
      vertex 3.96318 -37.515 5
      vertex 3.86965 -37.3889 5
    endloop
  endfacet
  facet normal 0 0 1
    outer loop
      vertex 1.87412 -38.7223 5
      vertex 3.86965 -37.3889 5
      vertex 3.78893 -37.2542 5
    endloop
  endfacet
  facet normal 0 0 1
    outer loop
      vertex 1.67232 -38.3856 5
      vertex 3.78893 -37.2542 5
      vertex 3.72179 -37.1123 5
    endloop
  endfacet
  facet normal 0 0 1
    outer loop
      vertex 4.58771 -37.9782 5
      vertex 3.66927 -40.1955 5
      vertex 4.03886 -40.3278 5
    endloop
  endfacet
  facet normal 0 0 1
    outer loop
      vertex 1.50448 -38.0307 5
      vertex 3.72179 -37.1123 5
      vertex 3.6689 -36.9645 5
    endloop
  endfacet
  facet normal 0 0 1
    outer loop
      vertex 1.37224 -37.6611 5
      vertex 3.6689 -36.9645 5
      vertex 3.63074 -36.8121 5
    endloop
  endfacet
  facet normal 0 0 1
    outer loop
      vertex 1.27686 -37.2804 5
      vertex 3.63074 -36.8121 5
      vertex 3.60771 -36.6568 5
    endloop
  endfacet
  facet normal 0 0 1
    outer loop
      vertex 1.21926 -36.8921 5
      vertex 3.60771 -36.6568 5
      vertex 3.6 -36.5 5
    endloop
  endfacet
  facet normal -0 0 1
    outer loop
      vertex 1.67232 -34.6144 5
      vertex 3.78893 -35.7458 5
      vertex 1.87412 -34.2777 5
    endloop
  endfacet
  facet normal 0 0 1
    outer loop
      vertex 4.44577 -37.9111 5
      vertex 3.31441 -40.0277 5
      vertex 3.66927 -40.1955 5
    endloop
  endfacet
  facet normal 0 0 1
    outer loop
      vertex 3.78893 -35.7458 5
      vertex 1.67232 -34.6144 5
      vertex 3.72179 -35.8877 5
    endloop
  endfacet
  facet normal 0 0 1
    outer loop
      vertex 4.31109 -37.8304 5
      vertex 2.97772 -39.8259 5
      vertex 3.31441 -40.0277 5
    endloop
  endfacet
  facet normal -0 0 1
    outer loop
      vertex 1.50448 -34.9693 5
      vertex 3.72179 -35.8877 5
      vertex 1.67232 -34.6144 5
    endloop
  endfacet
  facet normal 0 0 1
    outer loop
      vertex 4.18497 -37.7368 5
      vertex 2.66243 -39.592 5
      vertex 2.97772 -39.8259 5
    endloop
  endfacet
  facet normal 0 0 1
    outer loop
      vertex 3.72179 -35.8877 5
      vertex 1.50448 -34.9693 5
      vertex 3.6689 -36.0355 5
    endloop
  endfacet
  facet normal 0 0 1
    outer loop
      vertex 4.06863 -37.6314 5
      vertex 2.37157 -39.3284 5
      vertex 2.66243 -39.592 5
    endloop
  endfacet
  facet normal -0 0 1
    outer loop
      vertex 1.37224 -35.3389 5
      vertex 3.6689 -36.0355 5
      vertex 1.50448 -34.9693 5
    endloop
  endfacet
  facet normal 0 0 1
    outer loop
      vertex 3.96318 -37.515 5
      vertex 2.10796 -39.0376 5
      vertex 2.37157 -39.3284 5
    endloop
  endfacet
  facet normal 0 0 1
    outer loop
      vertex 3.6689 -36.0355 5
      vertex 1.37224 -35.3389 5
      vertex 3.63074 -36.1879 5
    endloop
  endfacet
  facet normal 0 0 1
    outer loop
      vertex 3.86965 -37.3889 5
      vertex 1.87412 -38.7223 5
      vertex 2.10796 -39.0376 5
    endloop
  endfacet
  facet normal -0 0 1
    outer loop
      vertex 1.27686 -35.7196 5
      vertex 3.63074 -36.1879 5
      vertex 1.37224 -35.3389 5
    endloop
  endfacet
  facet normal 0 0 1
    outer loop
      vertex 3.78893 -37.2542 5
      vertex 1.67232 -38.3856 5
      vertex 1.87412 -38.7223 5
    endloop
  endfacet
  facet normal 0 0 1
    outer loop
      vertex 3.63074 -36.1879 5
      vertex 1.27686 -35.7196 5
      vertex 3.60771 -36.3432 5
    endloop
  endfacet
  facet normal 0 0 1
    outer loop
      vertex 3.72179 -37.1123 5
      vertex 1.50448 -38.0307 5
      vertex 1.67232 -38.3856 5
    endloop
  endfacet
  facet normal -0 0 1
    outer loop
      vertex 1.21926 -36.1079 5
      vertex 3.60771 -36.3432 5
      vertex 1.27686 -35.7196 5
    endloop
  endfacet
  facet normal 0 0 1
    outer loop
      vertex 3.6689 -36.9645 5
      vertex 1.37224 -37.6611 5
      vertex 1.50448 -38.0307 5
    endloop
  endfacet
  facet normal 0 0 1
    outer loop
      vertex 3.60771 -36.3432 5
      vertex 1.21926 -36.1079 5
      vertex 3.6 -36.5 5
    endloop
  endfacet
  facet normal 0 0 1
    outer loop
      vertex 3.63074 -36.8121 5
      vertex 1.27686 -37.2804 5
      vertex 1.37224 -37.6611 5
    endloop
  endfacet
  facet normal 0 0 1
    outer loop
      vertex 1.2 -36.5 5
      vertex 3.6 -36.5 5
      vertex 1.21926 -36.1079 5
    endloop
  endfacet
  facet normal 0 0 1
    outer loop
      vertex 3.60771 -36.6568 5
      vertex 1.21926 -36.8921 5
      vertex 1.27686 -37.2804 5
    endloop
  endfacet
  facet normal 0 0 1
    outer loop
      vertex 3.6 -36.5 5
      vertex 1.2 -36.5 5
      vertex 1.21926 -36.8921 5
    endloop
  endfacet
  facet normal -0.0491664 -0.998791 0
    outer loop
      vertex 4.80793 -40.4807 3
      vertex 5.2 -40.5 5
      vertex 4.80793 -40.4807 5
    endloop
  endfacet
  facet normal -0.0491664 -0.998791 -0
    outer loop
      vertex 5.2 -40.5 5
      vertex 4.80793 -40.4807 3
      vertex 5.2 -40.5 3
    endloop
  endfacet
  facet normal -0.998796 0.049061 0
    outer loop
      vertex 1.2 -36.5 3
      vertex 1.21926 -36.1079 5
      vertex 1.21926 -36.1079 3
    endloop
  endfacet
  facet normal -0.998796 0.049061 0
    outer loop
      vertex 1.21926 -36.1079 5
      vertex 1.2 -36.5 3
      vertex 1.2 -36.5 5
    endloop
  endfacet
  facet normal -0.337022 -0.941497 0
    outer loop
      vertex 3.66927 -40.1955 3
      vertex 4.03886 -40.3278 5
      vertex 3.66927 -40.1955 5
    endloop
  endfacet
  facet normal -0.337022 -0.941497 -0
    outer loop
      vertex 4.03886 -40.3278 5
      vertex 3.66927 -40.1955 3
      vertex 4.03886 -40.3278 3
    endloop
  endfacet
  facet normal 0.740895 -0.671621 0
    outer loop
      vertex 8.02843 -39.3284 5
      vertex 8.29204 -39.0376 3
      vertex 8.29204 -39.0376 5
    endloop
  endfacet
  facet normal 0.740895 -0.671621 0
    outer loop
      vertex 8.29204 -39.0376 3
      vertex 8.02843 -39.3284 5
      vertex 8.02843 -39.3284 3
    endloop
  endfacet
  facet normal 0.671531 -0.740977 0
    outer loop
      vertex 7.73757 -39.592 3
      vertex 8.02843 -39.3284 5
      vertex 7.73757 -39.592 5
    endloop
  endfacet
  facet normal 0.671531 -0.740977 0
    outer loop
      vertex 8.02843 -39.3284 5
      vertex 7.73757 -39.592 3
      vertex 8.02843 -39.3284 3
    endloop
  endfacet
  facet normal -0.989183 -0.146689 0
    outer loop
      vertex 6.79229 -36.3432 3
      vertex 6.76926 -36.1879 5
      vertex 6.76926 -36.1879 3
    endloop
  endfacet
  facet normal -0.989183 -0.146689 0
    outer loop
      vertex 6.76926 -36.1879 5
      vertex 6.79229 -36.3432 3
      vertex 6.79229 -36.3432 5
    endloop
  endfacet
  facet normal -0.998793 -0.0491116 0
    outer loop
      vertex 6.8 -36.5 3
      vertex 6.79229 -36.3432 5
      vertex 6.79229 -36.3432 3
    endloop
  endfacet
  facet normal -0.998793 -0.0491116 0
    outer loop
      vertex 6.79229 -36.3432 5
      vertex 6.8 -36.5 3
      vertex 6.8 -36.5 5
    endloop
  endfacet
  facet normal -0.970053 -0.242895 0
    outer loop
      vertex 6.76926 -36.1879 3
      vertex 6.7311 -36.0355 5
      vertex 6.7311 -36.0355 3
    endloop
  endfacet
  facet normal -0.970053 -0.242895 0
    outer loop
      vertex 6.7311 -36.0355 5
      vertex 6.76926 -36.1879 3
      vertex 6.76926 -36.1879 5
    endloop
  endfacet
  facet normal -0.427385 -0.90407 0
    outer loop
      vertex 5.81229 -35.0218 3
      vertex 5.95423 -35.0889 5
      vertex 5.81229 -35.0218 5
    endloop
  endfacet
  facet normal -0.427385 -0.90407 -0
    outer loop
      vertex 5.95423 -35.0889 5
      vertex 5.81229 -35.0218 3
      vertex 5.95423 -35.0889 3
    endloop
  endfacet
  facet normal 0.24327 0.969959 -0
    outer loop
      vertex 4.88786 -38.0693 3
      vertex 4.73555 -38.0311 5
      vertex 4.88786 -38.0693 5
    endloop
  endfacet
  facet normal 0.24327 0.969959 0
    outer loop
      vertex 4.73555 -38.0311 5
      vertex 4.88786 -38.0693 3
      vertex 4.73555 -38.0311 3
    endloop
  endfacet
  facet normal 0.857774 0.514027 0
    outer loop
      vertex 3.86965 -37.3889 5
      vertex 3.78893 -37.2542 3
      vertex 3.78893 -37.2542 5
    endloop
  endfacet
  facet normal 0.857774 0.514027 0
    outer loop
      vertex 3.78893 -37.2542 3
      vertex 3.86965 -37.3889 5
      vertex 3.86965 -37.3889 3
    endloop
  endfacet
  facet normal -0.146493 0.989212 0
    outer loop
      vertex 5.51214 -38.0693 3
      vertex 5.35683 -38.0923 5
      vertex 5.51214 -38.0693 5
    endloop
  endfacet
  facet normal -0.146493 0.989212 0
    outer loop
      vertex 5.35683 -38.0923 5
      vertex 5.51214 -38.0693 3
      vertex 5.35683 -38.0923 3
    endloop
  endfacet
  facet normal -0.741106 -0.671388 0
    outer loop
      vertex 6.43682 -35.485 3
      vertex 6.33137 -35.3686 5
      vertex 6.33137 -35.3686 3
    endloop
  endfacet
  facet normal -0.741106 -0.671388 0
    outer loop
      vertex 6.33137 -35.3686 5
      vertex 6.43682 -35.485 3
      vertex 6.43682 -35.485 5
    endloop
  endfacet
  facet normal 0.51399 -0.857796 0
    outer loop
      vertex 4.31109 -35.1696 3
      vertex 4.44577 -35.0889 5
      vertex 4.31109 -35.1696 5
    endloop
  endfacet
  facet normal 0.51399 -0.857796 0
    outer loop
      vertex 4.44577 -35.0889 5
      vertex 4.31109 -35.1696 3
      vertex 4.44577 -35.0889 3
    endloop
  endfacet
  facet normal -0.741106 0.671388 0
    outer loop
      vertex 6.33137 -37.6314 3
      vertex 6.43682 -37.515 5
      vertex 6.43682 -37.515 3
    endloop
  endfacet
  facet normal -0.741106 0.671388 0
    outer loop
      vertex 6.43682 -37.515 5
      vertex 6.33137 -37.6314 3
      vertex 6.33137 -37.6314 5
    endloop
  endfacet
  facet normal -0.51399 0.857796 0
    outer loop
      vertex 6.08891 -37.8304 3
      vertex 5.95423 -37.9111 5
      vertex 6.08891 -37.8304 5
    endloop
  endfacet
  facet normal -0.51399 0.857796 0
    outer loop
      vertex 5.95423 -37.9111 5
      vertex 6.08891 -37.8304 3
      vertex 5.95423 -37.9111 3
    endloop
  endfacet
  facet normal -0.24327 -0.969959 0
    outer loop
      vertex 5.51214 -34.9307 3
      vertex 5.66445 -34.9689 5
      vertex 5.51214 -34.9307 5
    endloop
  endfacet
  facet normal -0.24327 -0.969959 -0
    outer loop
      vertex 5.66445 -34.9689 5
      vertex 5.51214 -34.9307 3
      vertex 5.66445 -34.9689 3
    endloop
  endfacet
  facet normal 0.989183 -0.146689 0
    outer loop
      vertex 3.60771 -36.3432 5
      vertex 3.63074 -36.1879 3
      vertex 3.63074 -36.1879 5
    endloop
  endfacet
  facet normal 0.989183 -0.146689 0
    outer loop
      vertex 3.63074 -36.1879 3
      vertex 3.60771 -36.3432 5
      vertex 3.60771 -36.3432 3
    endloop
  endfacet
  facet normal -0.857774 -0.514027 0
    outer loop
      vertex 6.61107 -35.7458 3
      vertex 6.53035 -35.6111 5
      vertex 6.53035 -35.6111 3
    endloop
  endfacet
  facet normal -0.857774 -0.514027 0
    outer loop
      vertex 6.53035 -35.6111 5
      vertex 6.61107 -35.7458 3
      vertex 6.61107 -35.7458 5
    endloop
  endfacet
  facet normal -0.970053 0.242895 0
    outer loop
      vertex 6.7311 -36.9645 3
      vertex 6.76926 -36.8121 5
      vertex 6.76926 -36.8121 3
    endloop
  endfacet
  facet normal -0.970053 0.242895 0
    outer loop
      vertex 6.76926 -36.8121 5
      vertex 6.7311 -36.9645 3
      vertex 6.7311 -36.9645 5
    endloop
  endfacet
  facet normal 0.146493 0.989212 -0
    outer loop
      vertex 5.04317 -38.0923 3
      vertex 4.88786 -38.0693 5
      vertex 5.04317 -38.0923 5
    endloop
  endfacet
  facet normal 0.146493 0.989212 0
    outer loop
      vertex 4.88786 -38.0693 5
      vertex 5.04317 -38.0923 3
      vertex 4.88786 -38.0693 3
    endloop
  endfacet
  facet normal 0.998793 0.0491116 0
    outer loop
      vertex 3.60771 -36.6568 5
      vertex 3.6 -36.5 3
      vertex 3.6 -36.5 5
    endloop
  endfacet
  facet normal 0.998793 0.0491116 0
    outer loop
      vertex 3.6 -36.5 3
      vertex 3.60771 -36.6568 5
      vertex 3.60771 -36.6568 3
    endloop
  endfacet
  facet normal -0.146493 -0.989212 0
    outer loop
      vertex 5.35683 -34.9077 3
      vertex 5.51214 -34.9307 5
      vertex 5.35683 -34.9077 5
    endloop
  endfacet
  facet normal -0.146493 -0.989212 -0
    outer loop
      vertex 5.51214 -34.9307 5
      vertex 5.35683 -34.9077 3
      vertex 5.51214 -34.9307 3
    endloop
  endfacet
  facet normal -0.941531 -0.336926 0
    outer loop
      vertex 6.7311 -36.0355 3
      vertex 6.67821 -35.8877 5
      vertex 6.67821 -35.8877 3
    endloop
  endfacet
  facet normal -0.941531 -0.336926 0
    outer loop
      vertex 6.67821 -35.8877 5
      vertex 6.7311 -36.0355 3
      vertex 6.7311 -36.0355 5
    endloop
  endfacet
  facet normal -0.671404 -0.741092 0
    outer loop
      vertex 6.21503 -35.2632 3
      vertex 6.33137 -35.3686 5
      vertex 6.21503 -35.2632 5
    endloop
  endfacet
  facet normal -0.671404 -0.741092 -0
    outer loop
      vertex 6.33137 -35.3686 5
      vertex 6.21503 -35.2632 3
      vertex 6.33137 -35.3686 3
    endloop
  endfacet
  facet normal 0.741106 -0.671388 0
    outer loop
      vertex 3.96318 -35.485 5
      vertex 4.06863 -35.3686 3
      vertex 4.06863 -35.3686 5
    endloop
  endfacet
  facet normal 0.741106 -0.671388 0
    outer loop
      vertex 4.06863 -35.3686 3
      vertex 3.96318 -35.485 5
      vertex 3.96318 -35.485 3
    endloop
  endfacet
  facet normal 0.970053 0.242895 0
    outer loop
      vertex 3.6689 -36.9645 5
      vertex 3.63074 -36.8121 3
      vertex 3.63074 -36.8121 5
    endloop
  endfacet
  facet normal 0.970053 0.242895 0
    outer loop
      vertex 3.63074 -36.8121 3
      vertex 3.6689 -36.9645 5
      vertex 3.6689 -36.9645 3
    endloop
  endfacet
  facet normal 0.336901 -0.94154 0
    outer loop
      vertex 4.58771 -35.0218 3
      vertex 4.73555 -34.9689 5
      vertex 4.58771 -35.0218 5
    endloop
  endfacet
  facet normal 0.336901 -0.94154 0
    outer loop
      vertex 4.73555 -34.9689 5
      vertex 4.58771 -35.0218 3
      vertex 4.73555 -34.9689 3
    endloop
  endfacet
  facet normal 0.941531 0.336926 0
    outer loop
      vertex 3.72179 -37.1123 5
      vertex 3.6689 -36.9645 3
      vertex 3.6689 -36.9645 5
    endloop
  endfacet
  facet normal 0.941531 0.336926 0
    outer loop
      vertex 3.6689 -36.9645 3
      vertex 3.72179 -37.1123 5
      vertex 3.72179 -37.1123 3
    endloop
  endfacet
  facet normal -0.336901 -0.94154 0
    outer loop
      vertex 5.66445 -34.9689 3
      vertex 5.81229 -35.0218 5
      vertex 5.66445 -34.9689 5
    endloop
  endfacet
  facet normal -0.336901 -0.94154 -0
    outer loop
      vertex 5.81229 -35.0218 5
      vertex 5.66445 -34.9689 3
      vertex 5.81229 -35.0218 3
    endloop
  endfacet
  facet normal 0.803184 -0.595732 0
    outer loop
      vertex 3.86965 -35.6111 5
      vertex 3.96318 -35.485 3
      vertex 3.96318 -35.485 5
    endloop
  endfacet
  facet normal 0.803184 -0.595732 0
    outer loop
      vertex 3.96318 -35.485 3
      vertex 3.86965 -35.6111 5
      vertex 3.86965 -35.6111 3
    endloop
  endfacet
  facet normal -0.803184 -0.595732 0
    outer loop
      vertex 6.53035 -35.6111 3
      vertex 6.43682 -35.485 5
      vertex 6.43682 -35.485 3
    endloop
  endfacet
  facet normal -0.803184 -0.595732 0
    outer loop
      vertex 6.43682 -35.485 5
      vertex 6.53035 -35.6111 3
      vertex 6.53035 -35.6111 5
    endloop
  endfacet
  facet normal 0.970053 -0.242895 0
    outer loop
      vertex 3.63074 -36.1879 5
      vertex 3.6689 -36.0355 3
      vertex 3.6689 -36.0355 5
    endloop
  endfacet
  facet normal 0.970053 -0.242895 0
    outer loop
      vertex 3.6689 -36.0355 3
      vertex 3.63074 -36.1879 5
      vertex 3.63074 -36.1879 3
    endloop
  endfacet
  facet normal 0.671404 -0.741092 0
    outer loop
      vertex 4.06863 -35.3686 3
      vertex 4.18497 -35.2632 5
      vertex 4.06863 -35.3686 5
    endloop
  endfacet
  facet normal 0.671404 -0.741092 0
    outer loop
      vertex 4.18497 -35.2632 5
      vertex 4.06863 -35.3686 3
      vertex 4.18497 -35.2632 3
    endloop
  endfacet
  facet normal -0.427385 0.90407 0
    outer loop
      vertex 5.95423 -37.9111 3
      vertex 5.81229 -37.9782 5
      vertex 5.95423 -37.9111 5
    endloop
  endfacet
  facet normal -0.427385 0.90407 0
    outer loop
      vertex 5.81229 -37.9782 5
      vertex 5.95423 -37.9111 3
      vertex 5.81229 -37.9782 3
    endloop
  endfacet
  facet normal 0.24327 -0.969959 0
    outer loop
      vertex 4.73555 -34.9689 3
      vertex 4.88786 -34.9307 5
      vertex 4.73555 -34.9689 5
    endloop
  endfacet
  facet normal 0.24327 -0.969959 0
    outer loop
      vertex 4.88786 -34.9307 5
      vertex 4.73555 -34.9689 3
      vertex 4.88786 -34.9307 3
    endloop
  endfacet
  facet normal 0.941531 -0.336926 0
    outer loop
      vertex 3.6689 -36.0355 5
      vertex 3.72179 -35.8877 3
      vertex 3.72179 -35.8877 5
    endloop
  endfacet
  facet normal 0.941531 -0.336926 0
    outer loop
      vertex 3.72179 -35.8877 3
      vertex 3.6689 -36.0355 5
      vertex 3.6689 -36.0355 3
    endloop
  endfacet
  facet normal -0.51399 -0.857796 0
    outer loop
      vertex 5.95423 -35.0889 3
      vertex 6.08891 -35.1696 5
      vertex 5.95423 -35.0889 5
    endloop
  endfacet
  facet normal -0.51399 -0.857796 -0
    outer loop
      vertex 6.08891 -35.1696 5
      vertex 5.95423 -35.0889 3
      vertex 6.08891 -35.1696 3
    endloop
  endfacet
  facet normal 0.51399 0.857796 -0
    outer loop
      vertex 4.44577 -37.9111 3
      vertex 4.31109 -37.8304 5
      vertex 4.44577 -37.9111 5
    endloop
  endfacet
  facet normal 0.51399 0.857796 0
    outer loop
      vertex 4.31109 -37.8304 5
      vertex 4.44577 -37.9111 3
      vertex 4.31109 -37.8304 3
    endloop
  endfacet
  facet normal 0.595958 -0.803015 0
    outer loop
      vertex 4.18497 -35.2632 3
      vertex 4.31109 -35.1696 5
      vertex 4.18497 -35.2632 5
    endloop
  endfacet
  facet normal 0.595958 -0.803015 0
    outer loop
      vertex 4.31109 -35.1696 5
      vertex 4.18497 -35.2632 3
      vertex 4.31109 -35.1696 3
    endloop
  endfacet
  facet normal -0.0490387 0.998797 0
    outer loop
      vertex 5.35683 -38.0923 3
      vertex 5.2 -38.1 5
      vertex 5.35683 -38.0923 5
    endloop
  endfacet
  facet normal -0.0490387 0.998797 0
    outer loop
      vertex 5.2 -38.1 5
      vertex 5.35683 -38.0923 3
      vertex 5.2 -38.1 3
    endloop
  endfacet
  facet normal -0.941531 0.336926 0
    outer loop
      vertex 6.67821 -37.1123 3
      vertex 6.7311 -36.9645 5
      vertex 6.7311 -36.9645 3
    endloop
  endfacet
  facet normal -0.941531 0.336926 0
    outer loop
      vertex 6.7311 -36.9645 5
      vertex 6.67821 -37.1123 3
      vertex 6.67821 -37.1123 5
    endloop
  endfacet
  facet normal -0.803184 0.595732 0
    outer loop
      vertex 6.43682 -37.515 3
      vertex 6.53035 -37.3889 5
      vertex 6.53035 -37.3889 3
    endloop
  endfacet
  facet normal -0.803184 0.595732 0
    outer loop
      vertex 6.53035 -37.3889 5
      vertex 6.43682 -37.515 3
      vertex 6.43682 -37.515 5
    endloop
  endfacet
  facet normal -0.989183 0.146689 0
    outer loop
      vertex 6.76926 -36.8121 3
      vertex 6.79229 -36.6568 5
      vertex 6.79229 -36.6568 3
    endloop
  endfacet
  facet normal -0.989183 0.146689 0
    outer loop
      vertex 6.79229 -36.6568 5
      vertex 6.76926 -36.8121 3
      vertex 6.76926 -36.8121 5
    endloop
  endfacet
  facet normal 0.857774 -0.514027 0
    outer loop
      vertex 3.78893 -35.7458 5
      vertex 3.86965 -35.6111 3
      vertex 3.86965 -35.6111 5
    endloop
  endfacet
  facet normal 0.857774 -0.514027 0
    outer loop
      vertex 3.86965 -35.6111 3
      vertex 3.78893 -35.7458 5
      vertex 3.78893 -35.7458 3
    endloop
  endfacet
  facet normal -0.903925 -0.427692 0
    outer loop
      vertex 6.67821 -35.8877 3
      vertex 6.61107 -35.7458 5
      vertex 6.61107 -35.7458 3
    endloop
  endfacet
  facet normal -0.903925 -0.427692 0
    outer loop
      vertex 6.61107 -35.7458 5
      vertex 6.67821 -35.8877 3
      vertex 6.67821 -35.8877 5
    endloop
  endfacet
  facet normal 0.427385 -0.90407 0
    outer loop
      vertex 4.44577 -35.0889 3
      vertex 4.58771 -35.0218 5
      vertex 4.44577 -35.0889 5
    endloop
  endfacet
  facet normal 0.427385 -0.90407 0
    outer loop
      vertex 4.58771 -35.0218 5
      vertex 4.44577 -35.0889 3
      vertex 4.58771 -35.0218 3
    endloop
  endfacet
  facet normal -0.595958 0.803015 0
    outer loop
      vertex 6.21503 -37.7368 3
      vertex 6.08891 -37.8304 5
      vertex 6.21503 -37.7368 5
    endloop
  endfacet
  facet normal -0.595958 0.803015 0
    outer loop
      vertex 6.08891 -37.8304 5
      vertex 6.21503 -37.7368 3
      vertex 6.08891 -37.8304 3
    endloop
  endfacet
  facet normal -0.595958 -0.803015 0
    outer loop
      vertex 6.08891 -35.1696 3
      vertex 6.21503 -35.2632 5
      vertex 6.08891 -35.1696 5
    endloop
  endfacet
  facet normal -0.595958 -0.803015 -0
    outer loop
      vertex 6.21503 -35.2632 5
      vertex 6.08891 -35.1696 3
      vertex 6.21503 -35.2632 3
    endloop
  endfacet
  facet normal 0.671404 0.741092 -0
    outer loop
      vertex 4.18497 -37.7368 3
      vertex 4.06863 -37.6314 5
      vertex 4.18497 -37.7368 5
    endloop
  endfacet
  facet normal 0.671404 0.741092 0
    outer loop
      vertex 4.06863 -37.6314 5
      vertex 4.18497 -37.7368 3
      vertex 4.06863 -37.6314 3
    endloop
  endfacet
  facet normal -0.998793 0.0491116 0
    outer loop
      vertex 6.79229 -36.6568 3
      vertex 6.8 -36.5 5
      vertex 6.8 -36.5 3
    endloop
  endfacet
  facet normal -0.998793 0.0491116 0
    outer loop
      vertex 6.8 -36.5 5
      vertex 6.79229 -36.6568 3
      vertex 6.79229 -36.6568 5
    endloop
  endfacet
  facet normal 0.803184 0.595732 0
    outer loop
      vertex 3.96318 -37.515 5
      vertex 3.86965 -37.3889 3
      vertex 3.86965 -37.3889 5
    endloop
  endfacet
  facet normal 0.803184 0.595732 0
    outer loop
      vertex 3.86965 -37.3889 3
      vertex 3.96318 -37.515 5
      vertex 3.96318 -37.515 3
    endloop
  endfacet
  facet normal 0.903925 0.427692 0
    outer loop
      vertex 3.78893 -37.2542 5
      vertex 3.72179 -37.1123 3
      vertex 3.72179 -37.1123 5
    endloop
  endfacet
  facet normal 0.903925 0.427692 0
    outer loop
      vertex 3.72179 -37.1123 3
      vertex 3.78893 -37.2542 5
      vertex 3.78893 -37.2542 3
    endloop
  endfacet
  facet normal -0.0490387 -0.998797 0
    outer loop
      vertex 5.2 -34.9 3
      vertex 5.35683 -34.9077 5
      vertex 5.2 -34.9 5
    endloop
  endfacet
  facet normal -0.0490387 -0.998797 -0
    outer loop
      vertex 5.35683 -34.9077 5
      vertex 5.2 -34.9 3
      vertex 5.35683 -34.9077 3
    endloop
  endfacet
  facet normal 0.0490387 -0.998797 0
    outer loop
      vertex 5.04317 -34.9077 3
      vertex 5.2 -34.9 5
      vertex 5.04317 -34.9077 5
    endloop
  endfacet
  facet normal 0.0490387 -0.998797 0
    outer loop
      vertex 5.2 -34.9 5
      vertex 5.04317 -34.9077 3
      vertex 5.2 -34.9 3
    endloop
  endfacet
  facet normal 0.427385 0.90407 -0
    outer loop
      vertex 4.58771 -37.9782 3
      vertex 4.44577 -37.9111 5
      vertex 4.58771 -37.9782 5
    endloop
  endfacet
  facet normal 0.427385 0.90407 0
    outer loop
      vertex 4.44577 -37.9111 5
      vertex 4.58771 -37.9782 3
      vertex 4.44577 -37.9111 3
    endloop
  endfacet
  facet normal 0.146493 -0.989212 0
    outer loop
      vertex 4.88786 -34.9307 3
      vertex 5.04317 -34.9077 5
      vertex 4.88786 -34.9307 5
    endloop
  endfacet
  facet normal 0.146493 -0.989212 0
    outer loop
      vertex 5.04317 -34.9077 5
      vertex 4.88786 -34.9307 3
      vertex 5.04317 -34.9077 3
    endloop
  endfacet
  facet normal 0.989183 0.146689 0
    outer loop
      vertex 3.63074 -36.8121 5
      vertex 3.60771 -36.6568 3
      vertex 3.60771 -36.6568 5
    endloop
  endfacet
  facet normal 0.989183 0.146689 0
    outer loop
      vertex 3.60771 -36.6568 3
      vertex 3.63074 -36.8121 5
      vertex 3.63074 -36.8121 3
    endloop
  endfacet
  facet normal -0.336901 0.94154 0
    outer loop
      vertex 5.81229 -37.9782 3
      vertex 5.66445 -38.0311 5
      vertex 5.81229 -37.9782 5
    endloop
  endfacet
  facet normal -0.336901 0.94154 0
    outer loop
      vertex 5.66445 -38.0311 5
      vertex 5.81229 -37.9782 3
      vertex 5.66445 -38.0311 3
    endloop
  endfacet
  facet normal -0.24327 0.969959 0
    outer loop
      vertex 5.66445 -38.0311 3
      vertex 5.51214 -38.0693 5
      vertex 5.66445 -38.0311 5
    endloop
  endfacet
  facet normal -0.24327 0.969959 0
    outer loop
      vertex 5.51214 -38.0693 5
      vertex 5.66445 -38.0311 3
      vertex 5.51214 -38.0693 3
    endloop
  endfacet
  facet normal 0.903925 -0.427692 0
    outer loop
      vertex 3.72179 -35.8877 5
      vertex 3.78893 -35.7458 3
      vertex 3.78893 -35.7458 5
    endloop
  endfacet
  facet normal 0.903925 -0.427692 0
    outer loop
      vertex 3.78893 -35.7458 3
      vertex 3.72179 -35.8877 5
      vertex 3.72179 -35.8877 3
    endloop
  endfacet
  facet normal 0.741106 0.671388 0
    outer loop
      vertex 4.06863 -37.6314 5
      vertex 3.96318 -37.515 3
      vertex 3.96318 -37.515 5
    endloop
  endfacet
  facet normal 0.741106 0.671388 0
    outer loop
      vertex 3.96318 -37.515 3
      vertex 4.06863 -37.6314 5
      vertex 4.06863 -37.6314 3
    endloop
  endfacet
  facet normal 0.595958 0.803015 -0
    outer loop
      vertex 4.31109 -37.8304 3
      vertex 4.18497 -37.7368 5
      vertex 4.31109 -37.8304 5
    endloop
  endfacet
  facet normal 0.595958 0.803015 0
    outer loop
      vertex 4.18497 -37.7368 5
      vertex 4.31109 -37.8304 3
      vertex 4.18497 -37.7368 3
    endloop
  endfacet
  facet normal -0.903925 0.427692 0
    outer loop
      vertex 6.61107 -37.2542 3
      vertex 6.67821 -37.1123 5
      vertex 6.67821 -37.1123 3
    endloop
  endfacet
  facet normal -0.903925 0.427692 0
    outer loop
      vertex 6.67821 -37.1123 5
      vertex 6.61107 -37.2542 3
      vertex 6.61107 -37.2542 5
    endloop
  endfacet
  facet normal -0.857774 0.514027 0
    outer loop
      vertex 6.53035 -37.3889 3
      vertex 6.61107 -37.2542 5
      vertex 6.61107 -37.2542 3
    endloop
  endfacet
  facet normal -0.857774 0.514027 0
    outer loop
      vertex 6.61107 -37.2542 5
      vertex 6.53035 -37.3889 3
      vertex 6.53035 -37.3889 5
    endloop
  endfacet
  facet normal 0.0490387 0.998797 -0
    outer loop
      vertex 5.2 -38.1 3
      vertex 5.04317 -38.0923 5
      vertex 5.2 -38.1 5
    endloop
  endfacet
  facet normal 0.0490387 0.998797 0
    outer loop
      vertex 5.04317 -38.0923 5
      vertex 5.2 -38.1 3
      vertex 5.04317 -38.0923 3
    endloop
  endfacet
  facet normal 0.998793 -0.0491116 0
    outer loop
      vertex 3.6 -36.5 5
      vertex 3.60771 -36.3432 3
      vertex 3.60771 -36.3432 5
    endloop
  endfacet
  facet normal 0.998793 -0.0491116 0
    outer loop
      vertex 3.60771 -36.3432 3
      vertex 3.6 -36.5 5
      vertex 3.6 -36.5 3
    endloop
  endfacet
  facet normal 0.336901 0.94154 -0
    outer loop
      vertex 4.73555 -38.0311 3
      vertex 4.58771 -37.9782 5
      vertex 4.73555 -38.0311 5
    endloop
  endfacet
  facet normal 0.336901 0.94154 0
    outer loop
      vertex 4.58771 -37.9782 5
      vertex 4.73555 -38.0311 3
      vertex 4.58771 -37.9782 3
    endloop
  endfacet
  facet normal -0.671404 0.741092 0
    outer loop
      vertex 6.33137 -37.6314 3
      vertex 6.21503 -37.7368 5
      vertex 6.33137 -37.6314 5
    endloop
  endfacet
  facet normal -0.671404 0.741092 0
    outer loop
      vertex 6.21503 -37.7368 5
      vertex 6.33137 -37.6314 3
      vertex 6.21503 -37.7368 3
    endloop
  endfacet
  facet normal -0.42744 -0.904044 0
    outer loop
      vertex -54.6856 -40.0277 3
      vertex -54.3307 -40.1955 5
      vertex -54.6856 -40.0277 5
    endloop
  endfacet
  facet normal -0.42744 -0.904044 -0
    outer loop
      vertex -54.3307 -40.1955 5
      vertex -54.6856 -40.0277 3
      vertex -54.3307 -40.1955 3
    endloop
  endfacet
  facet normal 0.989176 0.146733 0
    outer loop
      vertex -48.8193 -36.1079 5
      vertex -48.8769 -35.7196 3
      vertex -48.8769 -35.7196 5
    endloop
  endfacet
  facet normal 0.989176 0.146733 0
    outer loop
      vertex -48.8769 -35.7196 3
      vertex -48.8193 -36.1079 5
      vertex -48.8193 -36.1079 3
    endloop
  endfacet
  facet normal 0.998791 0.0491626 0
    outer loop
      vertex -48.8 -36.5 5
      vertex -48.8193 -36.1079 3
      vertex -48.8193 -36.1079 5
    endloop
  endfacet
  facet normal 0.998791 0.0491626 0
    outer loop
      vertex -48.8193 -36.1079 3
      vertex -48.8 -36.5 5
      vertex -48.8 -36.5 3
    endloop
  endfacet
  facet normal 0.970068 0.242835 0
    outer loop
      vertex -48.8769 -35.7196 5
      vertex -48.9722 -35.3389 3
      vertex -48.9722 -35.3389 5
    endloop
  endfacet
  facet normal 0.970068 0.242835 0
    outer loop
      vertex -48.9722 -35.3389 3
      vertex -48.8769 -35.7196 5
      vertex -48.8769 -35.7196 3
    endloop
  endfacet
  facet normal 0.42744 -0.904044 0
    outer loop
      vertex -51.2693 -40.1955 3
      vertex -50.9144 -40.0277 5
      vertex -51.2693 -40.1955 5
    endloop
  endfacet
  facet normal 0.42744 -0.904044 0
    outer loop
      vertex -50.9144 -40.0277 5
      vertex -51.2693 -40.1955 3
      vertex -50.9144 -40.0277 3
    endloop
  endfacet
  facet normal -0.671607 0.740908 0
    outer loop
      vertex -55.3376 -33.408 3
      vertex -55.6284 -33.6716 5
      vertex -55.3376 -33.408 5
    endloop
  endfacet
  facet normal -0.671607 0.740908 0
    outer loop
      vertex -55.6284 -33.6716 5
      vertex -55.3376 -33.408 3
      vertex -55.6284 -33.6716 3
    endloop
  endfacet
  facet normal -0.970068 -0.242835 0
    outer loop
      vertex -56.6278 -37.6611 3
      vertex -56.7231 -37.2804 5
      vertex -56.7231 -37.2804 3
    endloop
  endfacet
  facet normal -0.970068 -0.242835 0
    outer loop
      vertex -56.7231 -37.2804 5
      vertex -56.6278 -37.6611 3
      vertex -56.6278 -37.6611 5
    endloop
  endfacet
  facet normal 0.42744 0.904044 -0
    outer loop
      vertex -50.9144 -32.9723 3
      vertex -51.2693 -32.8045 5
      vertex -50.9144 -32.9723 5
    endloop
  endfacet
  facet normal 0.42744 0.904044 0
    outer loop
      vertex -51.2693 -32.8045 5
      vertex -50.9144 -32.9723 3
      vertex -51.2693 -32.8045 3
    endloop
  endfacet
  facet normal -0.989176 0.146733 0
    outer loop
      vertex -56.7807 -36.1079 3
      vertex -56.7231 -35.7196 5
      vertex -56.7231 -35.7196 3
    endloop
  endfacet
  facet normal -0.989176 0.146733 0
    outer loop
      vertex -56.7231 -35.7196 5
      vertex -56.7807 -36.1079 3
      vertex -56.7807 -36.1079 5
    endloop
  endfacet
  facet normal -0.146733 -0.989176 0
    outer loop
      vertex -53.5804 -40.4231 3
      vertex -53.1921 -40.4807 5
      vertex -53.5804 -40.4231 5
    endloop
  endfacet
  facet normal -0.146733 -0.989176 -0
    outer loop
      vertex -53.1921 -40.4807 5
      vertex -53.5804 -40.4231 3
      vertex -53.1921 -40.4807 3
    endloop
  endfacet
  facet normal 0.242835 0.970068 -0
    outer loop
      vertex -51.6389 -32.6722 3
      vertex -52.0196 -32.5769 5
      vertex -51.6389 -32.6722 5
    endloop
  endfacet
  facet normal 0.242835 0.970068 0
    outer loop
      vertex -52.0196 -32.5769 5
      vertex -51.6389 -32.6722 3
      vertex -52.0196 -32.5769 3
    endloop
  endfacet
  facet normal -0.740908 0.671607 0
    outer loop
      vertex -55.892 -33.9624 3
      vertex -55.6284 -33.6716 5
      vertex -55.6284 -33.6716 3
    endloop
  endfacet
  facet normal -0.740908 0.671607 0
    outer loop
      vertex -55.6284 -33.6716 5
      vertex -55.892 -33.9624 3
      vertex -55.892 -33.9624 5
    endloop
  endfacet
  facet normal 0.514084 -0.85774 0
    outer loop
      vertex -50.9144 -40.0277 3
      vertex -50.5777 -39.8259 5
      vertex -50.9144 -40.0277 5
    endloop
  endfacet
  facet normal 0.514084 -0.85774 0
    outer loop
      vertex -50.5777 -39.8259 5
      vertex -50.9144 -40.0277 3
      vertex -50.5777 -39.8259 3
    endloop
  endfacet
  facet normal -0.242835 -0.970068 0
    outer loop
      vertex -53.9611 -40.3278 3
      vertex -53.5804 -40.4231 5
      vertex -53.9611 -40.3278 5
    endloop
  endfacet
  facet normal -0.242835 -0.970068 -0
    outer loop
      vertex -53.5804 -40.4231 5
      vertex -53.9611 -40.3278 3
      vertex -53.5804 -40.4231 3
    endloop
  endfacet
  facet normal -0.337014 0.9415 0
    outer loop
      vertex -53.9611 -32.6722 3
      vertex -54.3307 -32.8045 5
      vertex -53.9611 -32.6722 5
    endloop
  endfacet
  facet normal -0.337014 0.9415 0
    outer loop
      vertex -54.3307 -32.8045 5
      vertex -53.9611 -32.6722 3
      vertex -54.3307 -32.8045 3
    endloop
  endfacet
  facet normal 0.0491626 -0.998791 0
    outer loop
      vertex -52.8 -40.5 3
      vertex -52.4079 -40.4807 5
      vertex -52.8 -40.5 5
    endloop
  endfacet
  facet normal 0.0491626 -0.998791 0
    outer loop
      vertex -52.4079 -40.4807 5
      vertex -52.8 -40.5 3
      vertex -52.4079 -40.4807 3
    endloop
  endfacet
  facet normal 0.146733 -0.989176 0
    outer loop
      vertex -52.4079 -40.4807 3
      vertex -52.0196 -40.4231 5
      vertex -52.4079 -40.4807 5
    endloop
  endfacet
  facet normal 0.146733 -0.989176 0
    outer loop
      vertex -52.0196 -40.4231 5
      vertex -52.4079 -40.4807 3
      vertex -52.0196 -40.4231 3
    endloop
  endfacet
  facet normal -0.0491626 0.998791 0
    outer loop
      vertex -52.8 -32.5 3
      vertex -53.1921 -32.5193 5
      vertex -52.8 -32.5 5
    endloop
  endfacet
  facet normal -0.0491626 0.998791 0
    outer loop
      vertex -53.1921 -32.5193 5
      vertex -52.8 -32.5 3
      vertex -53.1921 -32.5193 3
    endloop
  endfacet
  facet normal -0.595794 -0.803137 0
    outer loop
      vertex -55.3376 -39.592 3
      vertex -55.0223 -39.8259 5
      vertex -55.3376 -39.592 5
    endloop
  endfacet
  facet normal -0.595794 -0.803137 -0
    outer loop
      vertex -55.0223 -39.8259 5
      vertex -55.3376 -39.592 3
      vertex -55.0223 -39.8259 3
    endloop
  endfacet
  facet normal -0.904044 -0.42744 0
    outer loop
      vertex -56.3277 -38.3856 3
      vertex -56.4955 -38.0307 5
      vertex -56.4955 -38.0307 3
    endloop
  endfacet
  facet normal -0.904044 -0.42744 0
    outer loop
      vertex -56.4955 -38.0307 5
      vertex -56.3277 -38.3856 3
      vertex -56.3277 -38.3856 5
    endloop
  endfacet
  facet normal -0.146733 0.989176 0
    outer loop
      vertex -53.1921 -32.5193 3
      vertex -53.5804 -32.5769 5
      vertex -53.1921 -32.5193 5
    endloop
  endfacet
  facet normal -0.146733 0.989176 0
    outer loop
      vertex -53.5804 -32.5769 5
      vertex -53.1921 -32.5193 3
      vertex -53.5804 -32.5769 3
    endloop
  endfacet
  facet normal 0.595794 -0.803137 0
    outer loop
      vertex -50.5777 -39.8259 3
      vertex -50.2624 -39.592 5
      vertex -50.5777 -39.8259 5
    endloop
  endfacet
  facet normal 0.595794 -0.803137 0
    outer loop
      vertex -50.2624 -39.592 5
      vertex -50.5777 -39.8259 3
      vertex -50.2624 -39.592 3
    endloop
  endfacet
  facet normal 0.0491626 0.998791 -0
    outer loop
      vertex -52.4079 -32.5193 3
      vertex -52.8 -32.5 5
      vertex -52.4079 -32.5193 5
    endloop
  endfacet
  facet normal 0.0491626 0.998791 0
    outer loop
      vertex -52.8 -32.5 5
      vertex -52.4079 -32.5193 3
      vertex -52.8 -32.5 3
    endloop
  endfacet
  facet normal 0.514084 0.85774 -0
    outer loop
      vertex -50.5777 -33.1741 3
      vertex -50.9144 -32.9723 5
      vertex -50.5777 -33.1741 5
    endloop
  endfacet
  facet normal 0.514084 0.85774 0
    outer loop
      vertex -50.9144 -32.9723 5
      vertex -50.5777 -33.1741 3
      vertex -50.9144 -32.9723 3
    endloop
  endfacet
  facet normal -0.998791 -0.0491626 0
    outer loop
      vertex -56.7807 -36.8921 3
      vertex -56.8 -36.5 5
      vertex -56.8 -36.5 3
    endloop
  endfacet
  facet normal -0.998791 -0.0491626 0
    outer loop
      vertex -56.8 -36.5 5
      vertex -56.7807 -36.8921 3
      vertex -56.7807 -36.8921 5
    endloop
  endfacet
  facet normal 0.970068 -0.242835 0
    outer loop
      vertex -48.9722 -37.6611 5
      vertex -48.8769 -37.2804 3
      vertex -48.8769 -37.2804 5
    endloop
  endfacet
  facet normal 0.970068 -0.242835 0
    outer loop
      vertex -48.8769 -37.2804 3
      vertex -48.9722 -37.6611 5
      vertex -48.9722 -37.6611 3
    endloop
  endfacet
  facet normal 0.740908 0.671607 0
    outer loop
      vertex -49.708 -33.9624 5
      vertex -49.9716 -33.6716 3
      vertex -49.9716 -33.6716 5
    endloop
  endfacet
  facet normal 0.740908 0.671607 0
    outer loop
      vertex -49.9716 -33.6716 3
      vertex -49.708 -33.9624 5
      vertex -49.708 -33.9624 3
    endloop
  endfacet
  facet normal 0.595794 0.803137 -0
    outer loop
      vertex -50.2624 -33.408 3
      vertex -50.5777 -33.1741 5
      vertex -50.2624 -33.408 5
    endloop
  endfacet
  facet normal 0.595794 0.803137 0
    outer loop
      vertex -50.5777 -33.1741 5
      vertex -50.2624 -33.408 3
      vertex -50.5777 -33.1741 3
    endloop
  endfacet
  facet normal -0.595794 0.803137 0
    outer loop
      vertex -55.0223 -33.1741 3
      vertex -55.3376 -33.408 5
      vertex -55.0223 -33.1741 5
    endloop
  endfacet
  facet normal -0.595794 0.803137 0
    outer loop
      vertex -55.3376 -33.408 5
      vertex -55.0223 -33.1741 3
      vertex -55.3376 -33.408 3
    endloop
  endfacet
  facet normal 0.803137 0.595794 0
    outer loop
      vertex -49.4741 -34.2777 5
      vertex -49.708 -33.9624 3
      vertex -49.708 -33.9624 5
    endloop
  endfacet
  facet normal 0.803137 0.595794 0
    outer loop
      vertex -49.708 -33.9624 3
      vertex -49.4741 -34.2777 5
      vertex -49.4741 -34.2777 3
    endloop
  endfacet
  facet normal 0.989176 -0.146733 0
    outer loop
      vertex -48.8769 -37.2804 5
      vertex -48.8193 -36.8921 3
      vertex -48.8193 -36.8921 5
    endloop
  endfacet
  facet normal 0.989176 -0.146733 0
    outer loop
      vertex -48.8193 -36.8921 3
      vertex -48.8769 -37.2804 5
      vertex -48.8769 -37.2804 3
    endloop
  endfacet
  facet normal -0.9415 0.337014 0
    outer loop
      vertex -56.6278 -35.3389 3
      vertex -56.4955 -34.9693 5
      vertex -56.4955 -34.9693 3
    endloop
  endfacet
  facet normal -0.9415 0.337014 0
    outer loop
      vertex -56.4955 -34.9693 5
      vertex -56.6278 -35.3389 3
      vertex -56.6278 -35.3389 5
    endloop
  endfacet
  facet normal 0.904044 -0.42744 0
    outer loop
      vertex -49.2723 -38.3856 5
      vertex -49.1045 -38.0307 3
      vertex -49.1045 -38.0307 5
    endloop
  endfacet
  facet normal 0.904044 -0.42744 0
    outer loop
      vertex -49.1045 -38.0307 3
      vertex -49.2723 -38.3856 5
      vertex -49.2723 -38.3856 3
    endloop
  endfacet
  facet normal 0.337014 0.9415 -0
    outer loop
      vertex -51.2693 -32.8045 3
      vertex -51.6389 -32.6722 5
      vertex -51.2693 -32.8045 5
    endloop
  endfacet
  facet normal 0.337014 0.9415 0
    outer loop
      vertex -51.6389 -32.6722 5
      vertex -51.2693 -32.8045 3
      vertex -51.6389 -32.6722 3
    endloop
  endfacet
  facet normal 0.998791 -0.0491626 0
    outer loop
      vertex -48.8193 -36.8921 5
      vertex -48.8 -36.5 3
      vertex -48.8 -36.5 5
    endloop
  endfacet
  facet normal 0.998791 -0.0491626 0
    outer loop
      vertex -48.8 -36.5 3
      vertex -48.8193 -36.8921 5
      vertex -48.8193 -36.8921 3
    endloop
  endfacet
  facet normal 0.337014 -0.9415 0
    outer loop
      vertex -51.6389 -40.3278 3
      vertex -51.2693 -40.1955 5
      vertex -51.6389 -40.3278 5
    endloop
  endfacet
  facet normal 0.337014 -0.9415 0
    outer loop
      vertex -51.2693 -40.1955 5
      vertex -51.6389 -40.3278 3
      vertex -51.2693 -40.1955 3
    endloop
  endfacet
  facet normal 0.9415 0.337014 0
    outer loop
      vertex -48.9722 -35.3389 5
      vertex -49.1045 -34.9693 3
      vertex -49.1045 -34.9693 5
    endloop
  endfacet
  facet normal 0.9415 0.337014 0
    outer loop
      vertex -49.1045 -34.9693 3
      vertex -48.9722 -35.3389 5
      vertex -48.9722 -35.3389 3
    endloop
  endfacet
  facet normal 0.803137 -0.595794 0
    outer loop
      vertex -49.708 -39.0376 5
      vertex -49.4741 -38.7223 3
      vertex -49.4741 -38.7223 5
    endloop
  endfacet
  facet normal 0.803137 -0.595794 0
    outer loop
      vertex -49.4741 -38.7223 3
      vertex -49.708 -39.0376 5
      vertex -49.708 -39.0376 3
    endloop
  endfacet
  facet normal 0.85774 -0.514084 0
    outer loop
      vertex -49.4741 -38.7223 5
      vertex -49.2723 -38.3856 3
      vertex -49.2723 -38.3856 5
    endloop
  endfacet
  facet normal 0.85774 -0.514084 0
    outer loop
      vertex -49.2723 -38.3856 3
      vertex -49.4741 -38.7223 5
      vertex -49.4741 -38.7223 3
    endloop
  endfacet
  facet normal 0.9415 -0.337014 0
    outer loop
      vertex -49.1045 -38.0307 5
      vertex -48.9722 -37.6611 3
      vertex -48.9722 -37.6611 5
    endloop
  endfacet
  facet normal 0.9415 -0.337014 0
    outer loop
      vertex -48.9722 -37.6611 3
      vertex -49.1045 -38.0307 5
      vertex -49.1045 -38.0307 3
    endloop
  endfacet
  facet normal -0.904044 0.42744 0
    outer loop
      vertex -56.4955 -34.9693 3
      vertex -56.3277 -34.6144 5
      vertex -56.3277 -34.6144 3
    endloop
  endfacet
  facet normal -0.904044 0.42744 0
    outer loop
      vertex -56.3277 -34.6144 5
      vertex -56.4955 -34.9693 3
      vertex -56.4955 -34.9693 5
    endloop
  endfacet
  facet normal -0.242835 0.970068 0
    outer loop
      vertex -53.5804 -32.5769 3
      vertex -53.9611 -32.6722 5
      vertex -53.5804 -32.5769 5
    endloop
  endfacet
  facet normal -0.242835 0.970068 0
    outer loop
      vertex -53.9611 -32.6722 5
      vertex -53.5804 -32.5769 3
      vertex -53.9611 -32.6722 3
    endloop
  endfacet
  facet normal 0.904044 0.42744 0
    outer loop
      vertex -49.1045 -34.9693 5
      vertex -49.2723 -34.6144 3
      vertex -49.2723 -34.6144 5
    endloop
  endfacet
  facet normal 0.904044 0.42744 0
    outer loop
      vertex -49.2723 -34.6144 3
      vertex -49.1045 -34.9693 5
      vertex -49.1045 -34.9693 3
    endloop
  endfacet
  facet normal 0.146733 0.989176 -0
    outer loop
      vertex -52.0196 -32.5769 3
      vertex -52.4079 -32.5193 5
      vertex -52.0196 -32.5769 5
    endloop
  endfacet
  facet normal 0.146733 0.989176 0
    outer loop
      vertex -52.4079 -32.5193 5
      vertex -52.0196 -32.5769 3
      vertex -52.4079 -32.5193 3
    endloop
  endfacet
  facet normal -0.85774 -0.514084 0
    outer loop
      vertex -56.1259 -38.7223 3
      vertex -56.3277 -38.3856 5
      vertex -56.3277 -38.3856 3
    endloop
  endfacet
  facet normal -0.85774 -0.514084 0
    outer loop
      vertex -56.3277 -38.3856 5
      vertex -56.1259 -38.7223 3
      vertex -56.1259 -38.7223 5
    endloop
  endfacet
  facet normal 0.85774 0.514084 0
    outer loop
      vertex -49.2723 -34.6144 5
      vertex -49.4741 -34.2777 3
      vertex -49.4741 -34.2777 5
    endloop
  endfacet
  facet normal 0.85774 0.514084 0
    outer loop
      vertex -49.4741 -34.2777 3
      vertex -49.2723 -34.6144 5
      vertex -49.2723 -34.6144 3
    endloop
  endfacet
  facet normal -0.740908 -0.671607 0
    outer loop
      vertex -55.6284 -39.3284 3
      vertex -55.892 -39.0376 5
      vertex -55.892 -39.0376 3
    endloop
  endfacet
  facet normal -0.740908 -0.671607 0
    outer loop
      vertex -55.892 -39.0376 5
      vertex -55.6284 -39.3284 3
      vertex -55.6284 -39.3284 5
    endloop
  endfacet
  facet normal 0.242835 -0.970068 0
    outer loop
      vertex -52.0196 -40.4231 3
      vertex -51.6389 -40.3278 5
      vertex -52.0196 -40.4231 5
    endloop
  endfacet
  facet normal 0.242835 -0.970068 0
    outer loop
      vertex -51.6389 -40.3278 5
      vertex -52.0196 -40.4231 3
      vertex -51.6389 -40.3278 3
    endloop
  endfacet
  facet normal -0.514084 0.85774 0
    outer loop
      vertex -54.6856 -32.9723 3
      vertex -55.0223 -33.1741 5
      vertex -54.6856 -32.9723 5
    endloop
  endfacet
  facet normal -0.514084 0.85774 0
    outer loop
      vertex -55.0223 -33.1741 5
      vertex -54.6856 -32.9723 3
      vertex -55.0223 -33.1741 3
    endloop
  endfacet
  facet normal -0.42744 0.904044 0
    outer loop
      vertex -54.3307 -32.8045 3
      vertex -54.6856 -32.9723 5
      vertex -54.3307 -32.8045 5
    endloop
  endfacet
  facet normal -0.42744 0.904044 0
    outer loop
      vertex -54.6856 -32.9723 5
      vertex -54.3307 -32.8045 3
      vertex -54.6856 -32.9723 3
    endloop
  endfacet
  facet normal -0.9415 -0.337014 0
    outer loop
      vertex -56.4955 -38.0307 3
      vertex -56.6278 -37.6611 5
      vertex -56.6278 -37.6611 3
    endloop
  endfacet
  facet normal -0.9415 -0.337014 0
    outer loop
      vertex -56.6278 -37.6611 5
      vertex -56.4955 -38.0307 3
      vertex -56.4955 -38.0307 5
    endloop
  endfacet
  facet normal -0.514084 -0.85774 0
    outer loop
      vertex -55.0223 -39.8259 3
      vertex -54.6856 -40.0277 5
      vertex -55.0223 -39.8259 5
    endloop
  endfacet
  facet normal -0.514084 -0.85774 -0
    outer loop
      vertex -54.6856 -40.0277 5
      vertex -55.0223 -39.8259 3
      vertex -54.6856 -40.0277 3
    endloop
  endfacet
  facet normal 0.671607 0.740908 -0
    outer loop
      vertex -49.9716 -33.6716 3
      vertex -50.2624 -33.408 5
      vertex -49.9716 -33.6716 5
    endloop
  endfacet
  facet normal 0.671607 0.740908 0
    outer loop
      vertex -50.2624 -33.408 5
      vertex -49.9716 -33.6716 3
      vertex -50.2624 -33.408 3
    endloop
  endfacet
  facet normal -0.970068 0.242835 0
    outer loop
      vertex -56.7231 -35.7196 3
      vertex -56.6278 -35.3389 5
      vertex -56.6278 -35.3389 3
    endloop
  endfacet
  facet normal -0.970068 0.242835 0
    outer loop
      vertex -56.6278 -35.3389 5
      vertex -56.7231 -35.7196 3
      vertex -56.7231 -35.7196 5
    endloop
  endfacet
  facet normal -0.803137 -0.595794 0
    outer loop
      vertex -55.892 -39.0376 3
      vertex -56.1259 -38.7223 5
      vertex -56.1259 -38.7223 3
    endloop
  endfacet
  facet normal -0.803137 -0.595794 0
    outer loop
      vertex -56.1259 -38.7223 5
      vertex -55.892 -39.0376 3
      vertex -55.892 -39.0376 5
    endloop
  endfacet
  facet normal -0.989176 -0.146733 0
    outer loop
      vertex -56.7231 -37.2804 3
      vertex -56.7807 -36.8921 5
      vertex -56.7807 -36.8921 3
    endloop
  endfacet
  facet normal -0.989176 -0.146733 0
    outer loop
      vertex -56.7807 -36.8921 5
      vertex -56.7231 -37.2804 3
      vertex -56.7231 -37.2804 5
    endloop
  endfacet
  facet normal -0.671607 -0.740908 0
    outer loop
      vertex -55.6284 -39.3284 3
      vertex -55.3376 -39.592 5
      vertex -55.6284 -39.3284 5
    endloop
  endfacet
  facet normal -0.671607 -0.740908 -0
    outer loop
      vertex -55.3376 -39.592 5
      vertex -55.6284 -39.3284 3
      vertex -55.3376 -39.592 3
    endloop
  endfacet
  facet normal -0.803137 0.595794 0
    outer loop
      vertex -56.1259 -34.2777 3
      vertex -55.892 -33.9624 5
      vertex -55.892 -33.9624 3
    endloop
  endfacet
  facet normal -0.803137 0.595794 0
    outer loop
      vertex -55.892 -33.9624 5
      vertex -56.1259 -34.2777 3
      vertex -56.1259 -34.2777 5
    endloop
  endfacet
  facet normal -0.85774 0.514084 0
    outer loop
      vertex -56.3277 -34.6144 3
      vertex -56.1259 -34.2777 5
      vertex -56.1259 -34.2777 3
    endloop
  endfacet
  facet normal -0.85774 0.514084 0
    outer loop
      vertex -56.1259 -34.2777 5
      vertex -56.3277 -34.6144 3
      vertex -56.3277 -34.6144 5
    endloop
  endfacet
  facet normal 0 0 1
    outer loop
      vertex -51.2 -36.5 5
      vertex -48.8 -36.5 5
      vertex -48.8193 -36.1079 5
    endloop
  endfacet
  facet normal 0 0 1
    outer loop
      vertex -51.2077 -36.3432 5
      vertex -48.8193 -36.1079 5
      vertex -48.8769 -35.7196 5
    endloop
  endfacet
  facet normal 0 0 1
    outer loop
      vertex -48.8 -36.5 5
      vertex -51.2 -36.5 5
      vertex -48.8193 -36.8921 5
    endloop
  endfacet
  facet normal 0 0 1
    outer loop
      vertex -51.2307 -36.1879 5
      vertex -48.8769 -35.7196 5
      vertex -48.9722 -35.3389 5
    endloop
  endfacet
  facet normal -0 0 1
    outer loop
      vertex -51.2077 -36.6568 5
      vertex -48.8193 -36.8921 5
      vertex -51.2 -36.5 5
    endloop
  endfacet
  facet normal 0 0 1
    outer loop
      vertex -51.2689 -36.0355 5
      vertex -48.9722 -35.3389 5
      vertex -49.1045 -34.9693 5
    endloop
  endfacet
  facet normal 0 0 1
    outer loop
      vertex -48.8193 -36.8921 5
      vertex -51.2077 -36.6568 5
      vertex -48.8769 -37.2804 5
    endloop
  endfacet
  facet normal 0 0 1
    outer loop
      vertex -51.3218 -35.8877 5
      vertex -49.1045 -34.9693 5
      vertex -49.2723 -34.6144 5
    endloop
  endfacet
  facet normal -0 0 1
    outer loop
      vertex -51.2307 -36.8121 5
      vertex -48.8769 -37.2804 5
      vertex -51.2077 -36.6568 5
    endloop
  endfacet
  facet normal 0 0 1
    outer loop
      vertex -51.3889 -35.7458 5
      vertex -49.2723 -34.6144 5
      vertex -49.4741 -34.2777 5
    endloop
  endfacet
  facet normal 0 0 1
    outer loop
      vertex -48.8769 -37.2804 5
      vertex -51.2307 -36.8121 5
      vertex -48.9722 -37.6611 5
    endloop
  endfacet
  facet normal 0 0 1
    outer loop
      vertex -51.4697 -35.6111 5
      vertex -49.4741 -34.2777 5
      vertex -49.708 -33.9624 5
    endloop
  endfacet
  facet normal -0 0 1
    outer loop
      vertex -51.2689 -36.9645 5
      vertex -48.9722 -37.6611 5
      vertex -51.2307 -36.8121 5
    endloop
  endfacet
  facet normal 0 0 1
    outer loop
      vertex -51.5632 -35.485 5
      vertex -49.708 -33.9624 5
      vertex -49.9716 -33.6716 5
    endloop
  endfacet
  facet normal 0 0 1
    outer loop
      vertex -48.9722 -37.6611 5
      vertex -51.2689 -36.9645 5
      vertex -49.1045 -38.0307 5
    endloop
  endfacet
  facet normal 0 0 1
    outer loop
      vertex -51.6686 -35.3686 5
      vertex -49.9716 -33.6716 5
      vertex -50.2624 -33.408 5
    endloop
  endfacet
  facet normal -0 0 1
    outer loop
      vertex -51.3218 -37.1123 5
      vertex -49.1045 -38.0307 5
      vertex -51.2689 -36.9645 5
    endloop
  endfacet
  facet normal 0 0 1
    outer loop
      vertex -51.785 -35.2632 5
      vertex -50.2624 -33.408 5
      vertex -50.5777 -33.1741 5
    endloop
  endfacet
  facet normal 0 0 1
    outer loop
      vertex -49.1045 -38.0307 5
      vertex -51.3218 -37.1123 5
      vertex -49.2723 -38.3856 5
    endloop
  endfacet
  facet normal 0 0 1
    outer loop
      vertex -51.9111 -35.1696 5
      vertex -50.5777 -33.1741 5
      vertex -50.9144 -32.9723 5
    endloop
  endfacet
  facet normal -0 0 1
    outer loop
      vertex -51.3889 -37.2542 5
      vertex -49.2723 -38.3856 5
      vertex -51.3218 -37.1123 5
    endloop
  endfacet
  facet normal 0 0 1
    outer loop
      vertex -49.2723 -38.3856 5
      vertex -51.3889 -37.2542 5
      vertex -49.4741 -38.7223 5
    endloop
  endfacet
  facet normal 0 0 1
    outer loop
      vertex -48.8193 -36.1079 5
      vertex -51.2077 -36.3432 5
      vertex -51.2 -36.5 5
    endloop
  endfacet
  facet normal 0 0 1
    outer loop
      vertex -48.8769 -35.7196 5
      vertex -51.2307 -36.1879 5
      vertex -51.2077 -36.3432 5
    endloop
  endfacet
  facet normal 0 0 1
    outer loop
      vertex -48.9722 -35.3389 5
      vertex -51.2689 -36.0355 5
      vertex -51.2307 -36.1879 5
    endloop
  endfacet
  facet normal 0 0 1
    outer loop
      vertex -52.0458 -35.0889 5
      vertex -50.9144 -32.9723 5
      vertex -51.2693 -32.8045 5
    endloop
  endfacet
  facet normal 0 0 1
    outer loop
      vertex -49.1045 -34.9693 5
      vertex -51.3218 -35.8877 5
      vertex -51.2689 -36.0355 5
    endloop
  endfacet
  facet normal 0 0 1
    outer loop
      vertex -49.2723 -34.6144 5
      vertex -51.3889 -35.7458 5
      vertex -51.3218 -35.8877 5
    endloop
  endfacet
  facet normal 0 0 1
    outer loop
      vertex -49.4741 -34.2777 5
      vertex -51.4697 -35.6111 5
      vertex -51.3889 -35.7458 5
    endloop
  endfacet
  facet normal 0 0 1
    outer loop
      vertex -49.708 -33.9624 5
      vertex -51.5632 -35.485 5
      vertex -51.4697 -35.6111 5
    endloop
  endfacet
  facet normal 0 0 1
    outer loop
      vertex -52.1877 -35.0218 5
      vertex -51.2693 -32.8045 5
      vertex -51.6389 -32.6722 5
    endloop
  endfacet
  facet normal 0 0 1
    outer loop
      vertex -49.9716 -33.6716 5
      vertex -51.6686 -35.3686 5
      vertex -51.5632 -35.485 5
    endloop
  endfacet
  facet normal 0 0 1
    outer loop
      vertex -50.2624 -33.408 5
      vertex -51.785 -35.2632 5
      vertex -51.6686 -35.3686 5
    endloop
  endfacet
  facet normal 0 0 1
    outer loop
      vertex -50.5777 -33.1741 5
      vertex -51.9111 -35.1696 5
      vertex -51.785 -35.2632 5
    endloop
  endfacet
  facet normal 0 0 1
    outer loop
      vertex -52.3355 -34.9689 5
      vertex -51.6389 -32.6722 5
      vertex -52.0196 -32.5769 5
    endloop
  endfacet
  facet normal 0 0 1
    outer loop
      vertex -50.9144 -32.9723 5
      vertex -52.0458 -35.0889 5
      vertex -51.9111 -35.1696 5
    endloop
  endfacet
  facet normal 0 0 1
    outer loop
      vertex -51.2693 -32.8045 5
      vertex -52.1877 -35.0218 5
      vertex -52.0458 -35.0889 5
    endloop
  endfacet
  facet normal 0 0 1
    outer loop
      vertex -51.6389 -32.6722 5
      vertex -52.3355 -34.9689 5
      vertex -52.1877 -35.0218 5
    endloop
  endfacet
  facet normal 0 0 1
    outer loop
      vertex -52.4879 -34.9307 5
      vertex -52.0196 -32.5769 5
      vertex -52.4079 -32.5193 5
    endloop
  endfacet
  facet normal 0 0 1
    outer loop
      vertex -52.0196 -32.5769 5
      vertex -52.4879 -34.9307 5
      vertex -52.3355 -34.9689 5
    endloop
  endfacet
  facet normal 0 0 1
    outer loop
      vertex -52.4079 -32.5193 5
      vertex -52.6432 -34.9077 5
      vertex -52.4879 -34.9307 5
    endloop
  endfacet
  facet normal 0 0 1
    outer loop
      vertex -52.8 -32.5 5
      vertex -52.6432 -34.9077 5
      vertex -52.4079 -32.5193 5
    endloop
  endfacet
  facet normal 0 0 1
    outer loop
      vertex -52.8 -32.5 5
      vertex -52.8 -34.9 5
      vertex -52.6432 -34.9077 5
    endloop
  endfacet
  facet normal 0 0 1
    outer loop
      vertex -52.8 -32.5 5
      vertex -52.9568 -34.9077 5
      vertex -52.8 -34.9 5
    endloop
  endfacet
  facet normal -0 0 1
    outer loop
      vertex -53.1921 -32.5193 5
      vertex -52.9568 -34.9077 5
      vertex -52.8 -32.5 5
    endloop
  endfacet
  facet normal 0 0 1
    outer loop
      vertex -52.9568 -34.9077 5
      vertex -53.1921 -32.5193 5
      vertex -53.1121 -34.9307 5
    endloop
  endfacet
  facet normal -0 0 1
    outer loop
      vertex -53.5804 -32.5769 5
      vertex -53.1121 -34.9307 5
      vertex -53.1921 -32.5193 5
    endloop
  endfacet
  facet normal 0 0 1
    outer loop
      vertex -53.1121 -34.9307 5
      vertex -53.5804 -32.5769 5
      vertex -53.2645 -34.9689 5
    endloop
  endfacet
  facet normal -0 0 1
    outer loop
      vertex -53.9611 -32.6722 5
      vertex -53.2645 -34.9689 5
      vertex -53.5804 -32.5769 5
    endloop
  endfacet
  facet normal 0 0 1
    outer loop
      vertex -53.2645 -34.9689 5
      vertex -53.9611 -32.6722 5
      vertex -53.4123 -35.0218 5
    endloop
  endfacet
  facet normal -0 0 1
    outer loop
      vertex -54.3307 -32.8045 5
      vertex -53.4123 -35.0218 5
      vertex -53.9611 -32.6722 5
    endloop
  endfacet
  facet normal 0 0 1
    outer loop
      vertex -53.4123 -35.0218 5
      vertex -54.3307 -32.8045 5
      vertex -53.5542 -35.0889 5
    endloop
  endfacet
  facet normal -0 0 1
    outer loop
      vertex -54.6856 -32.9723 5
      vertex -53.5542 -35.0889 5
      vertex -54.3307 -32.8045 5
    endloop
  endfacet
  facet normal 0 0 1
    outer loop
      vertex -53.5542 -35.0889 5
      vertex -54.6856 -32.9723 5
      vertex -53.6889 -35.1696 5
    endloop
  endfacet
  facet normal -0 0 1
    outer loop
      vertex -55.0223 -33.1741 5
      vertex -53.6889 -35.1696 5
      vertex -54.6856 -32.9723 5
    endloop
  endfacet
  facet normal 0 0 1
    outer loop
      vertex -53.6889 -35.1696 5
      vertex -55.0223 -33.1741 5
      vertex -53.815 -35.2632 5
    endloop
  endfacet
  facet normal -0 0 1
    outer loop
      vertex -55.3376 -33.408 5
      vertex -53.815 -35.2632 5
      vertex -55.0223 -33.1741 5
    endloop
  endfacet
  facet normal 0 0 1
    outer loop
      vertex -53.815 -35.2632 5
      vertex -55.3376 -33.408 5
      vertex -53.9314 -35.3686 5
    endloop
  endfacet
  facet normal -0 0 1
    outer loop
      vertex -55.6284 -33.6716 5
      vertex -53.9314 -35.3686 5
      vertex -55.3376 -33.408 5
    endloop
  endfacet
  facet normal 0 0 1
    outer loop
      vertex -53.9314 -35.3686 5
      vertex -55.6284 -33.6716 5
      vertex -54.0368 -35.485 5
    endloop
  endfacet
  facet normal -0 0 1
    outer loop
      vertex -55.892 -33.9624 5
      vertex -54.0368 -35.485 5
      vertex -55.6284 -33.6716 5
    endloop
  endfacet
  facet normal 0 0 1
    outer loop
      vertex -54.0368 -35.485 5
      vertex -55.892 -33.9624 5
      vertex -54.1304 -35.6111 5
    endloop
  endfacet
  facet normal -0 0 1
    outer loop
      vertex -56.1259 -34.2777 5
      vertex -54.1304 -35.6111 5
      vertex -55.892 -33.9624 5
    endloop
  endfacet
  facet normal 0 0 1
    outer loop
      vertex -54.1304 -35.6111 5
      vertex -56.1259 -34.2777 5
      vertex -54.2111 -35.7458 5
    endloop
  endfacet
  facet normal -0 0 1
    outer loop
      vertex -51.4697 -37.3889 5
      vertex -49.4741 -38.7223 5
      vertex -51.3889 -37.2542 5
    endloop
  endfacet
  facet normal 0 0 1
    outer loop
      vertex -49.4741 -38.7223 5
      vertex -51.4697 -37.3889 5
      vertex -49.708 -39.0376 5
    endloop
  endfacet
  facet normal -0 0 1
    outer loop
      vertex -51.5632 -37.515 5
      vertex -49.708 -39.0376 5
      vertex -51.4697 -37.3889 5
    endloop
  endfacet
  facet normal 0 0 1
    outer loop
      vertex -49.708 -39.0376 5
      vertex -51.5632 -37.515 5
      vertex -49.9716 -39.3284 5
    endloop
  endfacet
  facet normal -0 0 1
    outer loop
      vertex -51.6686 -37.6314 5
      vertex -49.9716 -39.3284 5
      vertex -51.5632 -37.515 5
    endloop
  endfacet
  facet normal 0 0 1
    outer loop
      vertex -49.9716 -39.3284 5
      vertex -51.6686 -37.6314 5
      vertex -50.2624 -39.592 5
    endloop
  endfacet
  facet normal -0 0 1
    outer loop
      vertex -51.785 -37.7368 5
      vertex -50.2624 -39.592 5
      vertex -51.6686 -37.6314 5
    endloop
  endfacet
  facet normal 0 0 1
    outer loop
      vertex -50.2624 -39.592 5
      vertex -51.785 -37.7368 5
      vertex -50.5777 -39.8259 5
    endloop
  endfacet
  facet normal -0 0 1
    outer loop
      vertex -51.9111 -37.8304 5
      vertex -50.5777 -39.8259 5
      vertex -51.785 -37.7368 5
    endloop
  endfacet
  facet normal 0 0 1
    outer loop
      vertex -50.5777 -39.8259 5
      vertex -51.9111 -37.8304 5
      vertex -50.9144 -40.0277 5
    endloop
  endfacet
  facet normal -0 0 1
    outer loop
      vertex -52.0458 -37.9111 5
      vertex -50.9144 -40.0277 5
      vertex -51.9111 -37.8304 5
    endloop
  endfacet
  facet normal 0 0 1
    outer loop
      vertex -50.9144 -40.0277 5
      vertex -52.0458 -37.9111 5
      vertex -51.2693 -40.1955 5
    endloop
  endfacet
  facet normal -0 0 1
    outer loop
      vertex -52.1877 -37.9782 5
      vertex -51.2693 -40.1955 5
      vertex -52.0458 -37.9111 5
    endloop
  endfacet
  facet normal 0 0 1
    outer loop
      vertex -51.2693 -40.1955 5
      vertex -52.1877 -37.9782 5
      vertex -51.6389 -40.3278 5
    endloop
  endfacet
  facet normal -0 0 1
    outer loop
      vertex -52.3355 -38.0311 5
      vertex -51.6389 -40.3278 5
      vertex -52.1877 -37.9782 5
    endloop
  endfacet
  facet normal 0 0 1
    outer loop
      vertex -51.6389 -40.3278 5
      vertex -52.3355 -38.0311 5
      vertex -52.0196 -40.4231 5
    endloop
  endfacet
  facet normal -0 0 1
    outer loop
      vertex -52.4879 -38.0693 5
      vertex -52.0196 -40.4231 5
      vertex -52.3355 -38.0311 5
    endloop
  endfacet
  facet normal 0 0 1
    outer loop
      vertex -52.0196 -40.4231 5
      vertex -52.4879 -38.0693 5
      vertex -52.4079 -40.4807 5
    endloop
  endfacet
  facet normal -0 0 1
    outer loop
      vertex -52.6432 -38.0923 5
      vertex -52.4079 -40.4807 5
      vertex -52.4879 -38.0693 5
    endloop
  endfacet
  facet normal -0 0 1
    outer loop
      vertex -52.8 -38.1 5
      vertex -52.4079 -40.4807 5
      vertex -52.6432 -38.0923 5
    endloop
  endfacet
  facet normal 0 0 1
    outer loop
      vertex -52.8 -38.1 5
      vertex -52.8 -40.5 5
      vertex -52.4079 -40.4807 5
    endloop
  endfacet
  facet normal 0 0 1
    outer loop
      vertex -52.9568 -38.0923 5
      vertex -52.8 -40.5 5
      vertex -52.8 -38.1 5
    endloop
  endfacet
  facet normal 0 0 1
    outer loop
      vertex -53.1921 -40.4807 5
      vertex -52.9568 -38.0923 5
      vertex -53.1121 -38.0693 5
    endloop
  endfacet
  facet normal 0 0 1
    outer loop
      vertex -52.9568 -38.0923 5
      vertex -53.1921 -40.4807 5
      vertex -52.8 -40.5 5
    endloop
  endfacet
  facet normal 0 0 1
    outer loop
      vertex -53.5804 -40.4231 5
      vertex -53.1121 -38.0693 5
      vertex -53.2645 -38.0311 5
    endloop
  endfacet
  facet normal 0 0 1
    outer loop
      vertex -53.9611 -40.3278 5
      vertex -53.2645 -38.0311 5
      vertex -53.4123 -37.9782 5
    endloop
  endfacet
  facet normal 0 0 1
    outer loop
      vertex -54.3307 -40.1955 5
      vertex -53.4123 -37.9782 5
      vertex -53.5542 -37.9111 5
    endloop
  endfacet
  facet normal 0 0 1
    outer loop
      vertex -53.1121 -38.0693 5
      vertex -53.5804 -40.4231 5
      vertex -53.1921 -40.4807 5
    endloop
  endfacet
  facet normal 0 0 1
    outer loop
      vertex -54.6856 -40.0277 5
      vertex -53.5542 -37.9111 5
      vertex -53.6889 -37.8304 5
    endloop
  endfacet
  facet normal 0 0 1
    outer loop
      vertex -55.0223 -39.8259 5
      vertex -53.6889 -37.8304 5
      vertex -53.815 -37.7368 5
    endloop
  endfacet
  facet normal 0 0 1
    outer loop
      vertex -55.3376 -39.592 5
      vertex -53.815 -37.7368 5
      vertex -53.9314 -37.6314 5
    endloop
  endfacet
  facet normal 0 0 1
    outer loop
      vertex -53.2645 -38.0311 5
      vertex -53.9611 -40.3278 5
      vertex -53.5804 -40.4231 5
    endloop
  endfacet
  facet normal 0 0 1
    outer loop
      vertex -55.6284 -39.3284 5
      vertex -53.9314 -37.6314 5
      vertex -54.0368 -37.515 5
    endloop
  endfacet
  facet normal 0 0 1
    outer loop
      vertex -55.892 -39.0376 5
      vertex -54.0368 -37.515 5
      vertex -54.1304 -37.3889 5
    endloop
  endfacet
  facet normal 0 0 1
    outer loop
      vertex -56.1259 -38.7223 5
      vertex -54.1304 -37.3889 5
      vertex -54.2111 -37.2542 5
    endloop
  endfacet
  facet normal 0 0 1
    outer loop
      vertex -56.3277 -38.3856 5
      vertex -54.2111 -37.2542 5
      vertex -54.2782 -37.1123 5
    endloop
  endfacet
  facet normal 0 0 1
    outer loop
      vertex -53.4123 -37.9782 5
      vertex -54.3307 -40.1955 5
      vertex -53.9611 -40.3278 5
    endloop
  endfacet
  facet normal 0 0 1
    outer loop
      vertex -56.4955 -38.0307 5
      vertex -54.2782 -37.1123 5
      vertex -54.3311 -36.9645 5
    endloop
  endfacet
  facet normal 0 0 1
    outer loop
      vertex -56.6278 -37.6611 5
      vertex -54.3311 -36.9645 5
      vertex -54.3693 -36.8121 5
    endloop
  endfacet
  facet normal 0 0 1
    outer loop
      vertex -56.7231 -37.2804 5
      vertex -54.3693 -36.8121 5
      vertex -54.3923 -36.6568 5
    endloop
  endfacet
  facet normal 0 0 1
    outer loop
      vertex -56.7807 -36.8921 5
      vertex -54.3923 -36.6568 5
      vertex -54.4 -36.5 5
    endloop
  endfacet
  facet normal -0 0 1
    outer loop
      vertex -56.3277 -34.6144 5
      vertex -54.2111 -35.7458 5
      vertex -56.1259 -34.2777 5
    endloop
  endfacet
  facet normal 0 0 1
    outer loop
      vertex -53.5542 -37.9111 5
      vertex -54.6856 -40.0277 5
      vertex -54.3307 -40.1955 5
    endloop
  endfacet
  facet normal 0 0 1
    outer loop
      vertex -54.2111 -35.7458 5
      vertex -56.3277 -34.6144 5
      vertex -54.2782 -35.8877 5
    endloop
  endfacet
  facet normal 0 0 1
    outer loop
      vertex -53.6889 -37.8304 5
      vertex -55.0223 -39.8259 5
      vertex -54.6856 -40.0277 5
    endloop
  endfacet
  facet normal -0 0 1
    outer loop
      vertex -56.4955 -34.9693 5
      vertex -54.2782 -35.8877 5
      vertex -56.3277 -34.6144 5
    endloop
  endfacet
  facet normal 0 0 1
    outer loop
      vertex -53.815 -37.7368 5
      vertex -55.3376 -39.592 5
      vertex -55.0223 -39.8259 5
    endloop
  endfacet
  facet normal 0 0 1
    outer loop
      vertex -54.2782 -35.8877 5
      vertex -56.4955 -34.9693 5
      vertex -54.3311 -36.0355 5
    endloop
  endfacet
  facet normal 0 0 1
    outer loop
      vertex -53.9314 -37.6314 5
      vertex -55.6284 -39.3284 5
      vertex -55.3376 -39.592 5
    endloop
  endfacet
  facet normal -0 0 1
    outer loop
      vertex -56.6278 -35.3389 5
      vertex -54.3311 -36.0355 5
      vertex -56.4955 -34.9693 5
    endloop
  endfacet
  facet normal 0 0 1
    outer loop
      vertex -54.0368 -37.515 5
      vertex -55.892 -39.0376 5
      vertex -55.6284 -39.3284 5
    endloop
  endfacet
  facet normal 0 0 1
    outer loop
      vertex -54.3311 -36.0355 5
      vertex -56.6278 -35.3389 5
      vertex -54.3693 -36.1879 5
    endloop
  endfacet
  facet normal 0 0 1
    outer loop
      vertex -54.1304 -37.3889 5
      vertex -56.1259 -38.7223 5
      vertex -55.892 -39.0376 5
    endloop
  endfacet
  facet normal -0 0 1
    outer loop
      vertex -56.7231 -35.7196 5
      vertex -54.3693 -36.1879 5
      vertex -56.6278 -35.3389 5
    endloop
  endfacet
  facet normal 0 0 1
    outer loop
      vertex -54.2111 -37.2542 5
      vertex -56.3277 -38.3856 5
      vertex -56.1259 -38.7223 5
    endloop
  endfacet
  facet normal 0 0 1
    outer loop
      vertex -54.3693 -36.1879 5
      vertex -56.7231 -35.7196 5
      vertex -54.3923 -36.3432 5
    endloop
  endfacet
  facet normal 0 0 1
    outer loop
      vertex -54.2782 -37.1123 5
      vertex -56.4955 -38.0307 5
      vertex -56.3277 -38.3856 5
    endloop
  endfacet
  facet normal -0 0 1
    outer loop
      vertex -56.7807 -36.1079 5
      vertex -54.3923 -36.3432 5
      vertex -56.7231 -35.7196 5
    endloop
  endfacet
  facet normal 0 0 1
    outer loop
      vertex -54.3311 -36.9645 5
      vertex -56.6278 -37.6611 5
      vertex -56.4955 -38.0307 5
    endloop
  endfacet
  facet normal 0 0 1
    outer loop
      vertex -54.3923 -36.3432 5
      vertex -56.7807 -36.1079 5
      vertex -54.4 -36.5 5
    endloop
  endfacet
  facet normal 0 0 1
    outer loop
      vertex -54.3693 -36.8121 5
      vertex -56.7231 -37.2804 5
      vertex -56.6278 -37.6611 5
    endloop
  endfacet
  facet normal 0 0 1
    outer loop
      vertex -56.8 -36.5 5
      vertex -54.4 -36.5 5
      vertex -56.7807 -36.1079 5
    endloop
  endfacet
  facet normal 0 0 1
    outer loop
      vertex -54.3923 -36.6568 5
      vertex -56.7807 -36.8921 5
      vertex -56.7231 -37.2804 5
    endloop
  endfacet
  facet normal 0 0 1
    outer loop
      vertex -54.4 -36.5 5
      vertex -56.8 -36.5 5
      vertex -56.7807 -36.8921 5
    endloop
  endfacet
  facet normal -0.0491626 -0.998791 0
    outer loop
      vertex -53.1921 -40.4807 3
      vertex -52.8 -40.5 5
      vertex -53.1921 -40.4807 5
    endloop
  endfacet
  facet normal -0.0491626 -0.998791 -0
    outer loop
      vertex -52.8 -40.5 5
      vertex -53.1921 -40.4807 3
      vertex -52.8 -40.5 3
    endloop
  endfacet
  facet normal -0.998791 0.0491626 0
    outer loop
      vertex -56.8 -36.5 3
      vertex -56.7807 -36.1079 5
      vertex -56.7807 -36.1079 3
    endloop
  endfacet
  facet normal -0.998791 0.0491626 0
    outer loop
      vertex -56.7807 -36.1079 5
      vertex -56.8 -36.5 3
      vertex -56.8 -36.5 5
    endloop
  endfacet
  facet normal -0.337014 -0.9415 0
    outer loop
      vertex -54.3307 -40.1955 3
      vertex -53.9611 -40.3278 5
      vertex -54.3307 -40.1955 5
    endloop
  endfacet
  facet normal -0.337014 -0.9415 -0
    outer loop
      vertex -53.9611 -40.3278 5
      vertex -54.3307 -40.1955 3
      vertex -53.9611 -40.3278 3
    endloop
  endfacet
  facet normal 0.740908 -0.671607 0
    outer loop
      vertex -49.9716 -39.3284 5
      vertex -49.708 -39.0376 3
      vertex -49.708 -39.0376 5
    endloop
  endfacet
  facet normal 0.740908 -0.671607 0
    outer loop
      vertex -49.708 -39.0376 3
      vertex -49.9716 -39.3284 5
      vertex -49.9716 -39.3284 3
    endloop
  endfacet
  facet normal 0.671607 -0.740908 0
    outer loop
      vertex -50.2624 -39.592 3
      vertex -49.9716 -39.3284 5
      vertex -50.2624 -39.592 5
    endloop
  endfacet
  facet normal 0.671607 -0.740908 0
    outer loop
      vertex -49.9716 -39.3284 5
      vertex -50.2624 -39.592 3
      vertex -49.9716 -39.3284 3
    endloop
  endfacet
  facet normal -0.98921 -0.146502 0
    outer loop
      vertex -51.2077 -36.3432 3
      vertex -51.2307 -36.1879 5
      vertex -51.2307 -36.1879 3
    endloop
  endfacet
  facet normal -0.98921 -0.146502 0
    outer loop
      vertex -51.2307 -36.1879 5
      vertex -51.2077 -36.3432 3
      vertex -51.2077 -36.3432 5
    endloop
  endfacet
  facet normal -0.998796 -0.049048 0
    outer loop
      vertex -51.2 -36.5 3
      vertex -51.2077 -36.3432 5
      vertex -51.2077 -36.3432 3
    endloop
  endfacet
  facet normal -0.998796 -0.049048 0
    outer loop
      vertex -51.2077 -36.3432 5
      vertex -51.2 -36.5 3
      vertex -51.2 -36.5 5
    endloop
  endfacet
  facet normal -0.969993 -0.243135 0
    outer loop
      vertex -51.2307 -36.1879 3
      vertex -51.2689 -36.0355 5
      vertex -51.2689 -36.0355 3
    endloop
  endfacet
  facet normal -0.969993 -0.243135 0
    outer loop
      vertex -51.2689 -36.0355 5
      vertex -51.2307 -36.1879 3
      vertex -51.2307 -36.1879 5
    endloop
  endfacet
  facet normal -0.427484 -0.904023 0
    outer loop
      vertex -52.1877 -35.0218 3
      vertex -52.0458 -35.0889 5
      vertex -52.1877 -35.0218 5
    endloop
  endfacet
  facet normal -0.427484 -0.904023 -0
    outer loop
      vertex -52.0458 -35.0889 5
      vertex -52.1877 -35.0218 3
      vertex -52.0458 -35.0889 3
    endloop
  endfacet
  facet normal 0.243135 0.969993 -0
    outer loop
      vertex -53.1121 -38.0693 3
      vertex -53.2645 -38.0311 5
      vertex -53.1121 -38.0693 5
    endloop
  endfacet
  facet normal 0.243135 0.969993 0
    outer loop
      vertex -53.2645 -38.0311 5
      vertex -53.1121 -38.0693 3
      vertex -53.2645 -38.0311 3
    endloop
  endfacet
  facet normal 0.85783 0.513934 0
    outer loop
      vertex -54.1304 -37.3889 5
      vertex -54.2111 -37.2542 3
      vertex -54.2111 -37.2542 5
    endloop
  endfacet
  facet normal 0.85783 0.513934 0
    outer loop
      vertex -54.2111 -37.2542 3
      vertex -54.1304 -37.3889 5
      vertex -54.1304 -37.3889 3
    endloop
  endfacet
  facet normal -0.146502 0.98921 0
    outer loop
      vertex -52.4879 -38.0693 3
      vertex -52.6432 -38.0923 5
      vertex -52.4879 -38.0693 5
    endloop
  endfacet
  facet normal -0.146502 0.98921 0
    outer loop
      vertex -52.6432 -38.0923 5
      vertex -52.4879 -38.0693 3
      vertex -52.6432 -38.0923 3
    endloop
  endfacet
  facet normal -0.741264 -0.671213 0
    outer loop
      vertex -51.5632 -35.485 3
      vertex -51.6686 -35.3686 5
      vertex -51.6686 -35.3686 3
    endloop
  endfacet
  facet normal -0.741264 -0.671213 0
    outer loop
      vertex -51.6686 -35.3686 5
      vertex -51.5632 -35.485 3
      vertex -51.5632 -35.485 5
    endloop
  endfacet
  facet normal 0.513934 -0.85783 0
    outer loop
      vertex -53.6889 -35.1696 3
      vertex -53.5542 -35.0889 5
      vertex -53.6889 -35.1696 5
    endloop
  endfacet
  facet normal 0.513934 -0.85783 0
    outer loop
      vertex -53.5542 -35.0889 5
      vertex -53.6889 -35.1696 3
      vertex -53.5542 -35.0889 3
    endloop
  endfacet
  facet normal -0.741264 0.671213 0
    outer loop
      vertex -51.6686 -37.6314 3
      vertex -51.5632 -37.515 5
      vertex -51.5632 -37.515 3
    endloop
  endfacet
  facet normal -0.741264 0.671213 0
    outer loop
      vertex -51.5632 -37.515 5
      vertex -51.6686 -37.6314 3
      vertex -51.6686 -37.6314 5
    endloop
  endfacet
  facet normal -0.513934 0.85783 0
    outer loop
      vertex -51.9111 -37.8304 3
      vertex -52.0458 -37.9111 5
      vertex -51.9111 -37.8304 5
    endloop
  endfacet
  facet normal -0.513934 0.85783 0
    outer loop
      vertex -52.0458 -37.9111 5
      vertex -51.9111 -37.8304 3
      vertex -52.0458 -37.9111 3
    endloop
  endfacet
  facet normal -0.243135 -0.969993 0
    outer loop
      vertex -52.4879 -34.9307 3
      vertex -52.3355 -34.9689 5
      vertex -52.4879 -34.9307 5
    endloop
  endfacet
  facet normal -0.243135 -0.969993 -0
    outer loop
      vertex -52.3355 -34.9689 5
      vertex -52.4879 -34.9307 3
      vertex -52.3355 -34.9689 3
    endloop
  endfacet
  facet normal 0.98921 -0.146502 0
    outer loop
      vertex -54.3923 -36.3432 5
      vertex -54.3693 -36.1879 3
      vertex -54.3693 -36.1879 5
    endloop
  endfacet
  facet normal 0.98921 -0.146502 0
    outer loop
      vertex -54.3693 -36.1879 3
      vertex -54.3923 -36.3432 5
      vertex -54.3923 -36.3432 3
    endloop
  endfacet
  facet normal -0.857549 -0.514402 0
    outer loop
      vertex -51.3889 -35.7458 3
      vertex -51.4697 -35.6111 5
      vertex -51.4697 -35.6111 3
    endloop
  endfacet
  facet normal -0.857549 -0.514402 0
    outer loop
      vertex -51.4697 -35.6111 5
      vertex -51.3889 -35.7458 3
      vertex -51.3889 -35.7458 5
    endloop
  endfacet
  facet normal -0.969993 0.243135 0
    outer loop
      vertex -51.2689 -36.9645 3
      vertex -51.2307 -36.8121 5
      vertex -51.2307 -36.8121 3
    endloop
  endfacet
  facet normal -0.969993 0.243135 0
    outer loop
      vertex -51.2307 -36.8121 5
      vertex -51.2689 -36.9645 3
      vertex -51.2689 -36.9645 5
    endloop
  endfacet
  facet normal 0.146502 0.98921 -0
    outer loop
      vertex -52.9568 -38.0923 3
      vertex -53.1121 -38.0693 5
      vertex -52.9568 -38.0923 5
    endloop
  endfacet
  facet normal 0.146502 0.98921 0
    outer loop
      vertex -53.1121 -38.0693 5
      vertex -52.9568 -38.0923 3
      vertex -53.1121 -38.0693 3
    endloop
  endfacet
  facet normal 0.998796 0.049048 0
    outer loop
      vertex -54.3923 -36.6568 5
      vertex -54.4 -36.5 3
      vertex -54.4 -36.5 5
    endloop
  endfacet
  facet normal 0.998796 0.049048 0
    outer loop
      vertex -54.4 -36.5 3
      vertex -54.3923 -36.6568 5
      vertex -54.3923 -36.6568 3
    endloop
  endfacet
  facet normal -0.146502 -0.98921 0
    outer loop
      vertex -52.6432 -34.9077 3
      vertex -52.4879 -34.9307 5
      vertex -52.6432 -34.9077 5
    endloop
  endfacet
  facet normal -0.146502 -0.98921 -0
    outer loop
      vertex -52.4879 -34.9307 5
      vertex -52.6432 -34.9077 3
      vertex -52.4879 -34.9307 3
    endloop
  endfacet
  facet normal -0.941511 -0.336982 0
    outer loop
      vertex -51.2689 -36.0355 3
      vertex -51.3218 -35.8877 5
      vertex -51.3218 -35.8877 3
    endloop
  endfacet
  facet normal -0.941511 -0.336982 0
    outer loop
      vertex -51.3218 -35.8877 5
      vertex -51.2689 -36.0355 3
      vertex -51.2689 -36.0355 5
    endloop
  endfacet
  facet normal -0.671213 -0.741264 0
    outer loop
      vertex -51.785 -35.2632 3
      vertex -51.6686 -35.3686 5
      vertex -51.785 -35.2632 5
    endloop
  endfacet
  facet normal -0.671213 -0.741264 -0
    outer loop
      vertex -51.6686 -35.3686 5
      vertex -51.785 -35.2632 3
      vertex -51.6686 -35.3686 3
    endloop
  endfacet
  facet normal 0.741264 -0.671213 0
    outer loop
      vertex -54.0368 -35.485 5
      vertex -53.9314 -35.3686 3
      vertex -53.9314 -35.3686 5
    endloop
  endfacet
  facet normal 0.741264 -0.671213 0
    outer loop
      vertex -53.9314 -35.3686 3
      vertex -54.0368 -35.485 5
      vertex -54.0368 -35.485 3
    endloop
  endfacet
  facet normal 0.969993 0.243135 0
    outer loop
      vertex -54.3311 -36.9645 5
      vertex -54.3693 -36.8121 3
      vertex -54.3693 -36.8121 5
    endloop
  endfacet
  facet normal 0.969993 0.243135 0
    outer loop
      vertex -54.3693 -36.8121 3
      vertex -54.3311 -36.9645 5
      vertex -54.3311 -36.9645 3
    endloop
  endfacet
  facet normal 0.336982 -0.941511 0
    outer loop
      vertex -53.4123 -35.0218 3
      vertex -53.2645 -34.9689 5
      vertex -53.4123 -35.0218 5
    endloop
  endfacet
  facet normal 0.336982 -0.941511 0
    outer loop
      vertex -53.2645 -34.9689 5
      vertex -53.4123 -35.0218 3
      vertex -53.2645 -34.9689 3
    endloop
  endfacet
  facet normal 0.941511 0.336982 0
    outer loop
      vertex -54.2782 -37.1123 5
      vertex -54.3311 -36.9645 3
      vertex -54.3311 -36.9645 5
    endloop
  endfacet
  facet normal 0.941511 0.336982 0
    outer loop
      vertex -54.3311 -36.9645 3
      vertex -54.2782 -37.1123 5
      vertex -54.2782 -37.1123 3
    endloop
  endfacet
  facet normal -0.336982 -0.941511 0
    outer loop
      vertex -52.3355 -34.9689 3
      vertex -52.1877 -35.0218 5
      vertex -52.3355 -34.9689 5
    endloop
  endfacet
  facet normal -0.336982 -0.941511 -0
    outer loop
      vertex -52.1877 -35.0218 5
      vertex -52.3355 -34.9689 3
      vertex -52.1877 -35.0218 3
    endloop
  endfacet
  facet normal 0.80297 -0.596019 0
    outer loop
      vertex -54.1304 -35.6111 5
      vertex -54.0368 -35.485 3
      vertex -54.0368 -35.485 5
    endloop
  endfacet
  facet normal 0.80297 -0.596019 0
    outer loop
      vertex -54.0368 -35.485 3
      vertex -54.1304 -35.6111 5
      vertex -54.1304 -35.6111 3
    endloop
  endfacet
  facet normal -0.803275 -0.595608 0
    outer loop
      vertex -51.4697 -35.6111 3
      vertex -51.5632 -35.485 5
      vertex -51.5632 -35.485 3
    endloop
  endfacet
  facet normal -0.803275 -0.595608 0
    outer loop
      vertex -51.5632 -35.485 5
      vertex -51.4697 -35.6111 3
      vertex -51.4697 -35.6111 5
    endloop
  endfacet
  facet normal 0.969993 -0.243135 0
    outer loop
      vertex -54.3693 -36.1879 5
      vertex -54.3311 -36.0355 3
      vertex -54.3311 -36.0355 5
    endloop
  endfacet
  facet normal 0.969993 -0.243135 0
    outer loop
      vertex -54.3311 -36.0355 3
      vertex -54.3693 -36.1879 5
      vertex -54.3693 -36.1879 3
    endloop
  endfacet
  facet normal 0.671213 -0.741264 0
    outer loop
      vertex -53.9314 -35.3686 3
      vertex -53.815 -35.2632 5
      vertex -53.9314 -35.3686 5
    endloop
  endfacet
  facet normal 0.671213 -0.741264 0
    outer loop
      vertex -53.815 -35.2632 5
      vertex -53.9314 -35.3686 3
      vertex -53.815 -35.2632 3
    endloop
  endfacet
  facet normal -0.427484 0.904023 0
    outer loop
      vertex -52.0458 -37.9111 3
      vertex -52.1877 -37.9782 5
      vertex -52.0458 -37.9111 5
    endloop
  endfacet
  facet normal -0.427484 0.904023 0
    outer loop
      vertex -52.1877 -37.9782 5
      vertex -52.0458 -37.9111 3
      vertex -52.1877 -37.9782 3
    endloop
  endfacet
  facet normal 0.243135 -0.969993 0
    outer loop
      vertex -53.2645 -34.9689 3
      vertex -53.1121 -34.9307 5
      vertex -53.2645 -34.9689 5
    endloop
  endfacet
  facet normal 0.243135 -0.969993 0
    outer loop
      vertex -53.1121 -34.9307 5
      vertex -53.2645 -34.9689 3
      vertex -53.1121 -34.9307 3
    endloop
  endfacet
  facet normal 0.941511 -0.336982 0
    outer loop
      vertex -54.3311 -36.0355 5
      vertex -54.2782 -35.8877 3
      vertex -54.2782 -35.8877 5
    endloop
  endfacet
  facet normal 0.941511 -0.336982 0
    outer loop
      vertex -54.2782 -35.8877 3
      vertex -54.3311 -36.0355 5
      vertex -54.3311 -36.0355 3
    endloop
  endfacet
  facet normal -0.513934 -0.85783 0
    outer loop
      vertex -52.0458 -35.0889 3
      vertex -51.9111 -35.1696 5
      vertex -52.0458 -35.0889 5
    endloop
  endfacet
  facet normal -0.513934 -0.85783 -0
    outer loop
      vertex -51.9111 -35.1696 5
      vertex -52.0458 -35.0889 3
      vertex -51.9111 -35.1696 3
    endloop
  endfacet
  facet normal 0.513934 0.85783 -0
    outer loop
      vertex -53.5542 -37.9111 3
      vertex -53.6889 -37.8304 5
      vertex -53.5542 -37.9111 5
    endloop
  endfacet
  facet normal 0.513934 0.85783 0
    outer loop
      vertex -53.6889 -37.8304 5
      vertex -53.5542 -37.9111 3
      vertex -53.6889 -37.8304 3
    endloop
  endfacet
  facet normal 0.596019 -0.80297 0
    outer loop
      vertex -53.815 -35.2632 3
      vertex -53.6889 -35.1696 5
      vertex -53.815 -35.2632 5
    endloop
  endfacet
  facet normal 0.596019 -0.80297 0
    outer loop
      vertex -53.6889 -35.1696 5
      vertex -53.815 -35.2632 3
      vertex -53.6889 -35.1696 3
    endloop
  endfacet
  facet normal -0.049048 0.998796 0
    outer loop
      vertex -52.6432 -38.0923 3
      vertex -52.8 -38.1 5
      vertex -52.6432 -38.0923 5
    endloop
  endfacet
  facet normal -0.049048 0.998796 0
    outer loop
      vertex -52.8 -38.1 5
      vertex -52.6432 -38.0923 3
      vertex -52.8 -38.1 3
    endloop
  endfacet
  facet normal -0.941511 0.336982 0
    outer loop
      vertex -51.3218 -37.1123 3
      vertex -51.2689 -36.9645 5
      vertex -51.2689 -36.9645 3
    endloop
  endfacet
  facet normal -0.941511 0.336982 0
    outer loop
      vertex -51.2689 -36.9645 5
      vertex -51.3218 -37.1123 3
      vertex -51.3218 -37.1123 5
    endloop
  endfacet
  facet normal -0.803275 0.595608 0
    outer loop
      vertex -51.5632 -37.515 3
      vertex -51.4697 -37.3889 5
      vertex -51.4697 -37.3889 3
    endloop
  endfacet
  facet normal -0.803275 0.595608 0
    outer loop
      vertex -51.4697 -37.3889 5
      vertex -51.5632 -37.515 3
      vertex -51.5632 -37.515 5
    endloop
  endfacet
  facet normal -0.98921 0.146502 0
    outer loop
      vertex -51.2307 -36.8121 3
      vertex -51.2077 -36.6568 5
      vertex -51.2077 -36.6568 3
    endloop
  endfacet
  facet normal -0.98921 0.146502 0
    outer loop
      vertex -51.2077 -36.6568 5
      vertex -51.2307 -36.8121 3
      vertex -51.2307 -36.8121 5
    endloop
  endfacet
  facet normal 0.85783 -0.513934 0
    outer loop
      vertex -54.2111 -35.7458 5
      vertex -54.1304 -35.6111 3
      vertex -54.1304 -35.6111 5
    endloop
  endfacet
  facet normal 0.85783 -0.513934 0
    outer loop
      vertex -54.1304 -35.6111 3
      vertex -54.2111 -35.7458 5
      vertex -54.2111 -35.7458 3
    endloop
  endfacet
  facet normal -0.904023 -0.427484 0
    outer loop
      vertex -51.3218 -35.8877 3
      vertex -51.3889 -35.7458 5
      vertex -51.3889 -35.7458 3
    endloop
  endfacet
  facet normal -0.904023 -0.427484 0
    outer loop
      vertex -51.3889 -35.7458 5
      vertex -51.3218 -35.8877 3
      vertex -51.3218 -35.8877 5
    endloop
  endfacet
  facet normal 0.427484 -0.904023 0
    outer loop
      vertex -53.5542 -35.0889 3
      vertex -53.4123 -35.0218 5
      vertex -53.5542 -35.0889 5
    endloop
  endfacet
  facet normal 0.427484 -0.904023 0
    outer loop
      vertex -53.4123 -35.0218 5
      vertex -53.5542 -35.0889 3
      vertex -53.4123 -35.0218 3
    endloop
  endfacet
  facet normal -0.596019 0.80297 0
    outer loop
      vertex -51.785 -37.7368 3
      vertex -51.9111 -37.8304 5
      vertex -51.785 -37.7368 5
    endloop
  endfacet
  facet normal -0.596019 0.80297 0
    outer loop
      vertex -51.9111 -37.8304 5
      vertex -51.785 -37.7368 3
      vertex -51.9111 -37.8304 3
    endloop
  endfacet
  facet normal -0.596019 -0.80297 0
    outer loop
      vertex -51.9111 -35.1696 3
      vertex -51.785 -35.2632 5
      vertex -51.9111 -35.1696 5
    endloop
  endfacet
  facet normal -0.596019 -0.80297 -0
    outer loop
      vertex -51.785 -35.2632 5
      vertex -51.9111 -35.1696 3
      vertex -51.785 -35.2632 3
    endloop
  endfacet
  facet normal 0.671213 0.741264 -0
    outer loop
      vertex -53.815 -37.7368 3
      vertex -53.9314 -37.6314 5
      vertex -53.815 -37.7368 5
    endloop
  endfacet
  facet normal 0.671213 0.741264 0
    outer loop
      vertex -53.9314 -37.6314 5
      vertex -53.815 -37.7368 3
      vertex -53.9314 -37.6314 3
    endloop
  endfacet
  facet normal -0.998796 0.049048 0
    outer loop
      vertex -51.2077 -36.6568 3
      vertex -51.2 -36.5 5
      vertex -51.2 -36.5 3
    endloop
  endfacet
  facet normal -0.998796 0.049048 0
    outer loop
      vertex -51.2 -36.5 5
      vertex -51.2077 -36.6568 3
      vertex -51.2077 -36.6568 5
    endloop
  endfacet
  facet normal 0.80297 0.596019 0
    outer loop
      vertex -54.0368 -37.515 5
      vertex -54.1304 -37.3889 3
      vertex -54.1304 -37.3889 5
    endloop
  endfacet
  facet normal 0.80297 0.596019 0
    outer loop
      vertex -54.1304 -37.3889 3
      vertex -54.0368 -37.515 5
      vertex -54.0368 -37.515 3
    endloop
  endfacet
  facet normal 0.904023 0.427484 0
    outer loop
      vertex -54.2111 -37.2542 5
      vertex -54.2782 -37.1123 3
      vertex -54.2782 -37.1123 5
    endloop
  endfacet
  facet normal 0.904023 0.427484 0
    outer loop
      vertex -54.2782 -37.1123 3
      vertex -54.2111 -37.2542 5
      vertex -54.2111 -37.2542 3
    endloop
  endfacet
  facet normal -0.049048 -0.998796 0
    outer loop
      vertex -52.8 -34.9 3
      vertex -52.6432 -34.9077 5
      vertex -52.8 -34.9 5
    endloop
  endfacet
  facet normal -0.049048 -0.998796 -0
    outer loop
      vertex -52.6432 -34.9077 5
      vertex -52.8 -34.9 3
      vertex -52.6432 -34.9077 3
    endloop
  endfacet
  facet normal 0.049048 -0.998796 0
    outer loop
      vertex -52.9568 -34.9077 3
      vertex -52.8 -34.9 5
      vertex -52.9568 -34.9077 5
    endloop
  endfacet
  facet normal 0.049048 -0.998796 0
    outer loop
      vertex -52.8 -34.9 5
      vertex -52.9568 -34.9077 3
      vertex -52.8 -34.9 3
    endloop
  endfacet
  facet normal 0.427484 0.904023 -0
    outer loop
      vertex -53.4123 -37.9782 3
      vertex -53.5542 -37.9111 5
      vertex -53.4123 -37.9782 5
    endloop
  endfacet
  facet normal 0.427484 0.904023 0
    outer loop
      vertex -53.5542 -37.9111 5
      vertex -53.4123 -37.9782 3
      vertex -53.5542 -37.9111 3
    endloop
  endfacet
  facet normal 0.146502 -0.98921 0
    outer loop
      vertex -53.1121 -34.9307 3
      vertex -52.9568 -34.9077 5
      vertex -53.1121 -34.9307 5
    endloop
  endfacet
  facet normal 0.146502 -0.98921 0
    outer loop
      vertex -52.9568 -34.9077 5
      vertex -53.1121 -34.9307 3
      vertex -52.9568 -34.9077 3
    endloop
  endfacet
  facet normal 0.98921 0.146502 0
    outer loop
      vertex -54.3693 -36.8121 5
      vertex -54.3923 -36.6568 3
      vertex -54.3923 -36.6568 5
    endloop
  endfacet
  facet normal 0.98921 0.146502 0
    outer loop
      vertex -54.3923 -36.6568 3
      vertex -54.3693 -36.8121 5
      vertex -54.3693 -36.8121 3
    endloop
  endfacet
  facet normal -0.336982 0.941511 0
    outer loop
      vertex -52.1877 -37.9782 3
      vertex -52.3355 -38.0311 5
      vertex -52.1877 -37.9782 5
    endloop
  endfacet
  facet normal -0.336982 0.941511 0
    outer loop
      vertex -52.3355 -38.0311 5
      vertex -52.1877 -37.9782 3
      vertex -52.3355 -38.0311 3
    endloop
  endfacet
  facet normal -0.243135 0.969993 0
    outer loop
      vertex -52.3355 -38.0311 3
      vertex -52.4879 -38.0693 5
      vertex -52.3355 -38.0311 5
    endloop
  endfacet
  facet normal -0.243135 0.969993 0
    outer loop
      vertex -52.4879 -38.0693 5
      vertex -52.3355 -38.0311 3
      vertex -52.4879 -38.0693 3
    endloop
  endfacet
  facet normal 0.904023 -0.427484 0
    outer loop
      vertex -54.2782 -35.8877 5
      vertex -54.2111 -35.7458 3
      vertex -54.2111 -35.7458 5
    endloop
  endfacet
  facet normal 0.904023 -0.427484 0
    outer loop
      vertex -54.2111 -35.7458 3
      vertex -54.2782 -35.8877 5
      vertex -54.2782 -35.8877 3
    endloop
  endfacet
  facet normal 0.741264 0.671213 0
    outer loop
      vertex -53.9314 -37.6314 5
      vertex -54.0368 -37.515 3
      vertex -54.0368 -37.515 5
    endloop
  endfacet
  facet normal 0.741264 0.671213 0
    outer loop
      vertex -54.0368 -37.515 3
      vertex -53.9314 -37.6314 5
      vertex -53.9314 -37.6314 3
    endloop
  endfacet
  facet normal 0.596019 0.80297 -0
    outer loop
      vertex -53.6889 -37.8304 3
      vertex -53.815 -37.7368 5
      vertex -53.6889 -37.8304 5
    endloop
  endfacet
  facet normal 0.596019 0.80297 0
    outer loop
      vertex -53.815 -37.7368 5
      vertex -53.6889 -37.8304 3
      vertex -53.815 -37.7368 3
    endloop
  endfacet
  facet normal -0.904023 0.427484 0
    outer loop
      vertex -51.3889 -37.2542 3
      vertex -51.3218 -37.1123 5
      vertex -51.3218 -37.1123 3
    endloop
  endfacet
  facet normal -0.904023 0.427484 0
    outer loop
      vertex -51.3218 -37.1123 5
      vertex -51.3889 -37.2542 3
      vertex -51.3889 -37.2542 5
    endloop
  endfacet
  facet normal -0.857549 0.514402 0
    outer loop
      vertex -51.4697 -37.3889 3
      vertex -51.3889 -37.2542 5
      vertex -51.3889 -37.2542 3
    endloop
  endfacet
  facet normal -0.857549 0.514402 0
    outer loop
      vertex -51.3889 -37.2542 5
      vertex -51.4697 -37.3889 3
      vertex -51.4697 -37.3889 5
    endloop
  endfacet
  facet normal 0.049048 0.998796 -0
    outer loop
      vertex -52.8 -38.1 3
      vertex -52.9568 -38.0923 5
      vertex -52.8 -38.1 5
    endloop
  endfacet
  facet normal 0.049048 0.998796 0
    outer loop
      vertex -52.9568 -38.0923 5
      vertex -52.8 -38.1 3
      vertex -52.9568 -38.0923 3
    endloop
  endfacet
  facet normal 0.998796 -0.049048 0
    outer loop
      vertex -54.4 -36.5 5
      vertex -54.3923 -36.3432 3
      vertex -54.3923 -36.3432 5
    endloop
  endfacet
  facet normal 0.998796 -0.049048 0
    outer loop
      vertex -54.3923 -36.3432 3
      vertex -54.4 -36.5 5
      vertex -54.4 -36.5 3
    endloop
  endfacet
  facet normal 0.336982 0.941511 -0
    outer loop
      vertex -53.2645 -38.0311 3
      vertex -53.4123 -37.9782 5
      vertex -53.2645 -38.0311 5
    endloop
  endfacet
  facet normal 0.336982 0.941511 0
    outer loop
      vertex -53.4123 -37.9782 5
      vertex -53.2645 -38.0311 3
      vertex -53.4123 -37.9782 3
    endloop
  endfacet
  facet normal -0.671213 0.741264 0
    outer loop
      vertex -51.6686 -37.6314 3
      vertex -51.785 -37.7368 5
      vertex -51.6686 -37.6314 5
    endloop
  endfacet
  facet normal -0.671213 0.741264 0
    outer loop
      vertex -51.785 -37.7368 5
      vertex -51.6686 -37.6314 3
      vertex -51.785 -37.7368 3
    endloop
  endfacet
  facet normal -0.42748 -0.904025 0
    outer loop
      vertex 3.31441 32.9723 3
      vertex 3.66927 32.8045 5
      vertex 3.31441 32.9723 5
    endloop
  endfacet
  facet normal -0.42748 -0.904025 -0
    outer loop
      vertex 3.66927 32.8045 5
      vertex 3.31441 32.9723 3
      vertex 3.66927 32.8045 3
    endloop
  endfacet
  facet normal 0.989176 0.146733 0
    outer loop
      vertex 9.18074 36.8921 5
      vertex 9.12314 37.2804 3
      vertex 9.12314 37.2804 5
    endloop
  endfacet
  facet normal 0.989176 0.146733 0
    outer loop
      vertex 9.12314 37.2804 3
      vertex 9.18074 36.8921 5
      vertex 9.18074 36.8921 3
    endloop
  endfacet
  facet normal 0.998796 0.049061 0
    outer loop
      vertex 9.2 36.5 5
      vertex 9.18074 36.8921 3
      vertex 9.18074 36.8921 5
    endloop
  endfacet
  facet normal 0.998796 0.049061 0
    outer loop
      vertex 9.18074 36.8921 3
      vertex 9.2 36.5 5
      vertex 9.2 36.5 3
    endloop
  endfacet
  facet normal 0.970019 0.243027 0
    outer loop
      vertex 9.12314 37.2804 5
      vertex 9.02776 37.6611 3
      vertex 9.02776 37.6611 5
    endloop
  endfacet
  facet normal 0.970019 0.243027 0
    outer loop
      vertex 9.02776 37.6611 3
      vertex 9.12314 37.2804 5
      vertex 9.12314 37.2804 3
    endloop
  endfacet
  facet normal 0.42748 -0.904025 0
    outer loop
      vertex 6.73073 32.8045 3
      vertex 7.08559 32.9723 5
      vertex 6.73073 32.8045 5
    endloop
  endfacet
  facet normal 0.42748 -0.904025 0
    outer loop
      vertex 7.08559 32.9723 5
      vertex 6.73073 32.8045 3
      vertex 7.08559 32.9723 3
    endloop
  endfacet
  facet normal -0.671531 0.740977 0
    outer loop
      vertex 2.66243 39.592 3
      vertex 2.37157 39.3284 5
      vertex 2.66243 39.592 5
    endloop
  endfacet
  facet normal -0.671531 0.740977 0
    outer loop
      vertex 2.37157 39.3284 5
      vertex 2.66243 39.592 3
      vertex 2.37157 39.3284 3
    endloop
  endfacet
  facet normal -0.970019 -0.243027 0
    outer loop
      vertex 1.37224 35.3389 3
      vertex 1.27686 35.7196 5
      vertex 1.27686 35.7196 3
    endloop
  endfacet
  facet normal -0.970019 -0.243027 0
    outer loop
      vertex 1.27686 35.7196 5
      vertex 1.37224 35.3389 3
      vertex 1.37224 35.3389 5
    endloop
  endfacet
  facet normal 0.42748 0.904025 -0
    outer loop
      vertex 7.08559 40.0277 3
      vertex 6.73073 40.1955 5
      vertex 7.08559 40.0277 5
    endloop
  endfacet
  facet normal 0.42748 0.904025 0
    outer loop
      vertex 6.73073 40.1955 5
      vertex 7.08559 40.0277 3
      vertex 6.73073 40.1955 3
    endloop
  endfacet
  facet normal -0.989176 0.146733 0
    outer loop
      vertex 1.21926 36.8921 3
      vertex 1.27686 37.2804 5
      vertex 1.27686 37.2804 3
    endloop
  endfacet
  facet normal -0.989176 0.146733 0
    outer loop
      vertex 1.27686 37.2804 5
      vertex 1.21926 36.8921 3
      vertex 1.21926 36.8921 5
    endloop
  endfacet
  facet normal -0.146737 -0.989176 0
    outer loop
      vertex 4.41964 32.5769 3
      vertex 4.80793 32.5193 5
      vertex 4.41964 32.5769 5
    endloop
  endfacet
  facet normal -0.146737 -0.989176 -0
    outer loop
      vertex 4.80793 32.5193 5
      vertex 4.41964 32.5769 3
      vertex 4.80793 32.5193 3
    endloop
  endfacet
  facet normal 0.242787 0.97008 -0
    outer loop
      vertex 6.36114 40.3278 3
      vertex 5.98036 40.4231 5
      vertex 6.36114 40.3278 5
    endloop
  endfacet
  facet normal 0.242787 0.97008 0
    outer loop
      vertex 5.98036 40.4231 5
      vertex 6.36114 40.3278 3
      vertex 5.98036 40.4231 3
    endloop
  endfacet
  facet normal -0.740895 0.671621 0
    outer loop
      vertex 2.10796 39.0376 3
      vertex 2.37157 39.3284 5
      vertex 2.37157 39.3284 3
    endloop
  endfacet
  facet normal -0.740895 0.671621 0
    outer loop
      vertex 2.37157 39.3284 5
      vertex 2.10796 39.0376 3
      vertex 2.10796 39.0376 5
    endloop
  endfacet
  facet normal 0.514095 -0.857733 0
    outer loop
      vertex 7.08559 32.9723 3
      vertex 7.42228 33.1741 5
      vertex 7.08559 32.9723 5
    endloop
  endfacet
  facet normal 0.514095 -0.857733 0
    outer loop
      vertex 7.42228 33.1741 5
      vertex 7.08559 32.9723 3
      vertex 7.42228 33.1741 3
    endloop
  endfacet
  facet normal -0.242787 -0.97008 0
    outer loop
      vertex 4.03886 32.6722 3
      vertex 4.41964 32.5769 5
      vertex 4.03886 32.6722 5
    endloop
  endfacet
  facet normal -0.242787 -0.97008 -0
    outer loop
      vertex 4.41964 32.5769 5
      vertex 4.03886 32.6722 3
      vertex 4.41964 32.5769 3
    endloop
  endfacet
  facet normal -0.337022 0.941497 0
    outer loop
      vertex 4.03886 40.3278 3
      vertex 3.66927 40.1955 5
      vertex 4.03886 40.3278 5
    endloop
  endfacet
  facet normal -0.337022 0.941497 0
    outer loop
      vertex 3.66927 40.1955 5
      vertex 4.03886 40.3278 3
      vertex 3.66927 40.1955 3
    endloop
  endfacet
  facet normal 0.0491664 -0.998791 0
    outer loop
      vertex 5.2 32.5 3
      vertex 5.59207 32.5193 5
      vertex 5.2 32.5 5
    endloop
  endfacet
  facet normal 0.0491664 -0.998791 0
    outer loop
      vertex 5.59207 32.5193 5
      vertex 5.2 32.5 3
      vertex 5.59207 32.5193 3
    endloop
  endfacet
  facet normal 0.146737 -0.989176 0
    outer loop
      vertex 5.59207 32.5193 3
      vertex 5.98036 32.5769 5
      vertex 5.59207 32.5193 5
    endloop
  endfacet
  facet normal 0.146737 -0.989176 0
    outer loop
      vertex 5.98036 32.5769 5
      vertex 5.59207 32.5193 3
      vertex 5.98036 32.5769 3
    endloop
  endfacet
  facet normal -0.0491664 0.998791 0
    outer loop
      vertex 5.2 40.5 3
      vertex 4.80793 40.4807 5
      vertex 5.2 40.5 5
    endloop
  endfacet
  facet normal -0.0491664 0.998791 0
    outer loop
      vertex 4.80793 40.4807 5
      vertex 5.2 40.5 3
      vertex 4.80793 40.4807 3
    endloop
  endfacet
  facet normal -0.595806 -0.803128 0
    outer loop
      vertex 2.66243 33.408 3
      vertex 2.97772 33.1741 5
      vertex 2.66243 33.408 5
    endloop
  endfacet
  facet normal -0.595806 -0.803128 -0
    outer loop
      vertex 2.97772 33.1741 5
      vertex 2.66243 33.408 3
      vertex 2.97772 33.1741 3
    endloop
  endfacet
  facet normal -0.904004 -0.427523 0
    outer loop
      vertex 1.67232 34.6144 3
      vertex 1.50448 34.9693 5
      vertex 1.50448 34.9693 3
    endloop
  endfacet
  facet normal -0.904004 -0.427523 0
    outer loop
      vertex 1.50448 34.9693 5
      vertex 1.67232 34.6144 3
      vertex 1.67232 34.6144 5
    endloop
  endfacet
  facet normal -0.146737 0.989176 0
    outer loop
      vertex 4.80793 40.4807 3
      vertex 4.41964 40.4231 5
      vertex 4.80793 40.4807 5
    endloop
  endfacet
  facet normal -0.146737 0.989176 0
    outer loop
      vertex 4.41964 40.4231 5
      vertex 4.80793 40.4807 3
      vertex 4.41964 40.4231 3
    endloop
  endfacet
  facet normal 0.595806 -0.803128 0
    outer loop
      vertex 7.42228 33.1741 3
      vertex 7.73757 33.408 5
      vertex 7.42228 33.1741 5
    endloop
  endfacet
  facet normal 0.595806 -0.803128 0
    outer loop
      vertex 7.73757 33.408 5
      vertex 7.42228 33.1741 3
      vertex 7.73757 33.408 3
    endloop
  endfacet
  facet normal 0.0491664 0.998791 -0
    outer loop
      vertex 5.59207 40.4807 3
      vertex 5.2 40.5 5
      vertex 5.59207 40.4807 5
    endloop
  endfacet
  facet normal 0.0491664 0.998791 0
    outer loop
      vertex 5.2 40.5 5
      vertex 5.59207 40.4807 3
      vertex 5.2 40.5 3
    endloop
  endfacet
  facet normal 0.514095 0.857733 -0
    outer loop
      vertex 7.42228 39.8259 3
      vertex 7.08559 40.0277 5
      vertex 7.42228 39.8259 5
    endloop
  endfacet
  facet normal 0.514095 0.857733 0
    outer loop
      vertex 7.08559 40.0277 5
      vertex 7.42228 39.8259 3
      vertex 7.08559 40.0277 3
    endloop
  endfacet
  facet normal -0.998796 -0.049061 0
    outer loop
      vertex 1.21926 36.1079 3
      vertex 1.2 36.5 5
      vertex 1.2 36.5 3
    endloop
  endfacet
  facet normal -0.998796 -0.049061 0
    outer loop
      vertex 1.2 36.5 5
      vertex 1.21926 36.1079 3
      vertex 1.21926 36.1079 5
    endloop
  endfacet
  facet normal 0.970019 -0.243027 0
    outer loop
      vertex 9.02776 35.3389 5
      vertex 9.12314 35.7196 3
      vertex 9.12314 35.7196 5
    endloop
  endfacet
  facet normal 0.970019 -0.243027 0
    outer loop
      vertex 9.12314 35.7196 3
      vertex 9.02776 35.3389 5
      vertex 9.02776 35.3389 3
    endloop
  endfacet
  facet normal 0.740895 0.671621 0
    outer loop
      vertex 8.29204 39.0376 5
      vertex 8.02843 39.3284 3
      vertex 8.02843 39.3284 5
    endloop
  endfacet
  facet normal 0.740895 0.671621 0
    outer loop
      vertex 8.02843 39.3284 3
      vertex 8.29204 39.0376 5
      vertex 8.29204 39.0376 3
    endloop
  endfacet
  facet normal 0.595806 0.803128 -0
    outer loop
      vertex 7.73757 39.592 3
      vertex 7.42228 39.8259 5
      vertex 7.73757 39.592 5
    endloop
  endfacet
  facet normal 0.595806 0.803128 0
    outer loop
      vertex 7.42228 39.8259 5
      vertex 7.73757 39.592 3
      vertex 7.42228 39.8259 3
    endloop
  endfacet
  facet normal -0.595806 0.803128 0
    outer loop
      vertex 2.97772 39.8259 3
      vertex 2.66243 39.592 5
      vertex 2.97772 39.8259 5
    endloop
  endfacet
  facet normal -0.595806 0.803128 0
    outer loop
      vertex 2.66243 39.592 5
      vertex 2.97772 39.8259 3
      vertex 2.66243 39.592 3
    endloop
  endfacet
  facet normal 0.80321 0.595695 0
    outer loop
      vertex 8.52588 38.7223 5
      vertex 8.29204 39.0376 3
      vertex 8.29204 39.0376 5
    endloop
  endfacet
  facet normal 0.80321 0.595695 0
    outer loop
      vertex 8.29204 39.0376 3
      vertex 8.52588 38.7223 5
      vertex 8.52588 38.7223 3
    endloop
  endfacet
  facet normal 0.989176 -0.146733 0
    outer loop
      vertex 9.12314 35.7196 5
      vertex 9.18074 36.1079 3
      vertex 9.18074 36.1079 5
    endloop
  endfacet
  facet normal 0.989176 -0.146733 0
    outer loop
      vertex 9.18074 36.1079 3
      vertex 9.12314 35.7196 5
      vertex 9.12314 35.7196 3
    endloop
  endfacet
  facet normal -0.941548 0.336879 0
    outer loop
      vertex 1.37224 37.6611 3
      vertex 1.50448 38.0307 5
      vertex 1.50448 38.0307 3
    endloop
  endfacet
  facet normal -0.941548 0.336879 0
    outer loop
      vertex 1.50448 38.0307 5
      vertex 1.37224 37.6611 3
      vertex 1.37224 37.6611 5
    endloop
  endfacet
  facet normal 0.904004 -0.427523 0
    outer loop
      vertex 8.72768 34.6144 5
      vertex 8.89552 34.9693 3
      vertex 8.89552 34.9693 5
    endloop
  endfacet
  facet normal 0.904004 -0.427523 0
    outer loop
      vertex 8.89552 34.9693 3
      vertex 8.72768 34.6144 5
      vertex 8.72768 34.6144 3
    endloop
  endfacet
  facet normal 0.337022 0.941497 -0
    outer loop
      vertex 6.73073 40.1955 3
      vertex 6.36114 40.3278 5
      vertex 6.73073 40.1955 5
    endloop
  endfacet
  facet normal 0.337022 0.941497 0
    outer loop
      vertex 6.36114 40.3278 5
      vertex 6.73073 40.1955 3
      vertex 6.36114 40.3278 3
    endloop
  endfacet
  facet normal 0.998796 -0.049061 0
    outer loop
      vertex 9.18074 36.1079 5
      vertex 9.2 36.5 3
      vertex 9.2 36.5 5
    endloop
  endfacet
  facet normal 0.998796 -0.049061 0
    outer loop
      vertex 9.2 36.5 3
      vertex 9.18074 36.1079 5
      vertex 9.18074 36.1079 3
    endloop
  endfacet
  facet normal 0.337022 -0.941497 0
    outer loop
      vertex 6.36114 32.6722 3
      vertex 6.73073 32.8045 5
      vertex 6.36114 32.6722 5
    endloop
  endfacet
  facet normal 0.337022 -0.941497 0
    outer loop
      vertex 6.73073 32.8045 5
      vertex 6.36114 32.6722 3
      vertex 6.73073 32.8045 3
    endloop
  endfacet
  facet normal 0.941548 0.336879 0
    outer loop
      vertex 9.02776 37.6611 5
      vertex 8.89552 38.0307 3
      vertex 8.89552 38.0307 5
    endloop
  endfacet
  facet normal 0.941548 0.336879 0
    outer loop
      vertex 8.89552 38.0307 3
      vertex 9.02776 37.6611 5
      vertex 9.02776 37.6611 3
    endloop
  endfacet
  facet normal 0.80321 -0.595695 0
    outer loop
      vertex 8.29204 33.9624 5
      vertex 8.52588 34.2777 3
      vertex 8.52588 34.2777 5
    endloop
  endfacet
  facet normal 0.80321 -0.595695 0
    outer loop
      vertex 8.52588 34.2777 3
      vertex 8.29204 33.9624 5
      vertex 8.29204 33.9624 3
    endloop
  endfacet
  facet normal 0.85774 -0.514084 0
    outer loop
      vertex 8.52588 34.2777 5
      vertex 8.72768 34.6144 3
      vertex 8.72768 34.6144 5
    endloop
  endfacet
  facet normal 0.85774 -0.514084 0
    outer loop
      vertex 8.72768 34.6144 3
      vertex 8.52588 34.2777 5
      vertex 8.52588 34.2777 3
    endloop
  endfacet
  facet normal 0.941548 -0.336879 0
    outer loop
      vertex 8.89552 34.9693 5
      vertex 9.02776 35.3389 3
      vertex 9.02776 35.3389 5
    endloop
  endfacet
  facet normal 0.941548 -0.336879 0
    outer loop
      vertex 9.02776 35.3389 3
      vertex 8.89552 34.9693 5
      vertex 8.89552 34.9693 3
    endloop
  endfacet
  facet normal -0.904004 0.427523 0
    outer loop
      vertex 1.50448 38.0307 3
      vertex 1.67232 38.3856 5
      vertex 1.67232 38.3856 3
    endloop
  endfacet
  facet normal -0.904004 0.427523 0
    outer loop
      vertex 1.67232 38.3856 5
      vertex 1.50448 38.0307 3
      vertex 1.50448 38.0307 5
    endloop
  endfacet
  facet normal -0.242787 0.97008 0
    outer loop
      vertex 4.41964 40.4231 3
      vertex 4.03886 40.3278 5
      vertex 4.41964 40.4231 5
    endloop
  endfacet
  facet normal -0.242787 0.97008 0
    outer loop
      vertex 4.03886 40.3278 5
      vertex 4.41964 40.4231 3
      vertex 4.03886 40.3278 3
    endloop
  endfacet
  facet normal 0.904004 0.427523 0
    outer loop
      vertex 8.89552 38.0307 5
      vertex 8.72768 38.3856 3
      vertex 8.72768 38.3856 5
    endloop
  endfacet
  facet normal 0.904004 0.427523 0
    outer loop
      vertex 8.72768 38.3856 3
      vertex 8.89552 38.0307 5
      vertex 8.89552 38.0307 3
    endloop
  endfacet
  facet normal 0.146737 0.989176 -0
    outer loop
      vertex 5.98036 40.4231 3
      vertex 5.59207 40.4807 5
      vertex 5.98036 40.4231 5
    endloop
  endfacet
  facet normal 0.146737 0.989176 0
    outer loop
      vertex 5.59207 40.4807 5
      vertex 5.98036 40.4231 3
      vertex 5.59207 40.4807 3
    endloop
  endfacet
  facet normal -0.85774 -0.514084 0
    outer loop
      vertex 1.87412 34.2777 3
      vertex 1.67232 34.6144 5
      vertex 1.67232 34.6144 3
    endloop
  endfacet
  facet normal -0.85774 -0.514084 0
    outer loop
      vertex 1.67232 34.6144 5
      vertex 1.87412 34.2777 3
      vertex 1.87412 34.2777 5
    endloop
  endfacet
  facet normal 0.85774 0.514084 0
    outer loop
      vertex 8.72768 38.3856 5
      vertex 8.52588 38.7223 3
      vertex 8.52588 38.7223 5
    endloop
  endfacet
  facet normal 0.85774 0.514084 0
    outer loop
      vertex 8.52588 38.7223 3
      vertex 8.72768 38.3856 5
      vertex 8.72768 38.3856 3
    endloop
  endfacet
  facet normal -0.740895 -0.671621 0
    outer loop
      vertex 2.37157 33.6716 3
      vertex 2.10796 33.9624 5
      vertex 2.10796 33.9624 3
    endloop
  endfacet
  facet normal -0.740895 -0.671621 0
    outer loop
      vertex 2.10796 33.9624 5
      vertex 2.37157 33.6716 3
      vertex 2.37157 33.6716 5
    endloop
  endfacet
  facet normal 0.242787 -0.97008 0
    outer loop
      vertex 5.98036 32.5769 3
      vertex 6.36114 32.6722 5
      vertex 5.98036 32.5769 5
    endloop
  endfacet
  facet normal 0.242787 -0.97008 0
    outer loop
      vertex 6.36114 32.6722 5
      vertex 5.98036 32.5769 3
      vertex 6.36114 32.6722 3
    endloop
  endfacet
  facet normal -0.514095 0.857733 0
    outer loop
      vertex 3.31441 40.0277 3
      vertex 2.97772 39.8259 5
      vertex 3.31441 40.0277 5
    endloop
  endfacet
  facet normal -0.514095 0.857733 0
    outer loop
      vertex 2.97772 39.8259 5
      vertex 3.31441 40.0277 3
      vertex 2.97772 39.8259 3
    endloop
  endfacet
  facet normal -0.42748 0.904025 0
    outer loop
      vertex 3.66927 40.1955 3
      vertex 3.31441 40.0277 5
      vertex 3.66927 40.1955 5
    endloop
  endfacet
  facet normal -0.42748 0.904025 0
    outer loop
      vertex 3.31441 40.0277 5
      vertex 3.66927 40.1955 3
      vertex 3.31441 40.0277 3
    endloop
  endfacet
  facet normal -0.941548 -0.336879 0
    outer loop
      vertex 1.50448 34.9693 3
      vertex 1.37224 35.3389 5
      vertex 1.37224 35.3389 3
    endloop
  endfacet
  facet normal -0.941548 -0.336879 0
    outer loop
      vertex 1.37224 35.3389 5
      vertex 1.50448 34.9693 3
      vertex 1.50448 34.9693 5
    endloop
  endfacet
  facet normal -0.514095 -0.857733 0
    outer loop
      vertex 2.97772 33.1741 3
      vertex 3.31441 32.9723 5
      vertex 2.97772 33.1741 5
    endloop
  endfacet
  facet normal -0.514095 -0.857733 -0
    outer loop
      vertex 3.31441 32.9723 5
      vertex 2.97772 33.1741 3
      vertex 3.31441 32.9723 3
    endloop
  endfacet
  facet normal 0.671531 0.740977 -0
    outer loop
      vertex 8.02843 39.3284 3
      vertex 7.73757 39.592 5
      vertex 8.02843 39.3284 5
    endloop
  endfacet
  facet normal 0.671531 0.740977 0
    outer loop
      vertex 7.73757 39.592 5
      vertex 8.02843 39.3284 3
      vertex 7.73757 39.592 3
    endloop
  endfacet
  facet normal -0.970019 0.243027 0
    outer loop
      vertex 1.27686 37.2804 3
      vertex 1.37224 37.6611 5
      vertex 1.37224 37.6611 3
    endloop
  endfacet
  facet normal -0.970019 0.243027 0
    outer loop
      vertex 1.37224 37.6611 5
      vertex 1.27686 37.2804 3
      vertex 1.27686 37.2804 5
    endloop
  endfacet
  facet normal -0.80321 -0.595695 0
    outer loop
      vertex 2.10796 33.9624 3
      vertex 1.87412 34.2777 5
      vertex 1.87412 34.2777 3
    endloop
  endfacet
  facet normal -0.80321 -0.595695 0
    outer loop
      vertex 1.87412 34.2777 5
      vertex 2.10796 33.9624 3
      vertex 2.10796 33.9624 5
    endloop
  endfacet
  facet normal -0.989176 -0.146733 0
    outer loop
      vertex 1.27686 35.7196 3
      vertex 1.21926 36.1079 5
      vertex 1.21926 36.1079 3
    endloop
  endfacet
  facet normal -0.989176 -0.146733 0
    outer loop
      vertex 1.21926 36.1079 5
      vertex 1.27686 35.7196 3
      vertex 1.27686 35.7196 5
    endloop
  endfacet
  facet normal -0.671531 -0.740977 0
    outer loop
      vertex 2.37157 33.6716 3
      vertex 2.66243 33.408 5
      vertex 2.37157 33.6716 5
    endloop
  endfacet
  facet normal -0.671531 -0.740977 -0
    outer loop
      vertex 2.66243 33.408 5
      vertex 2.37157 33.6716 3
      vertex 2.66243 33.408 3
    endloop
  endfacet
  facet normal -0.80321 0.595695 0
    outer loop
      vertex 1.87412 38.7223 3
      vertex 2.10796 39.0376 5
      vertex 2.10796 39.0376 3
    endloop
  endfacet
  facet normal -0.80321 0.595695 0
    outer loop
      vertex 2.10796 39.0376 5
      vertex 1.87412 38.7223 3
      vertex 1.87412 38.7223 5
    endloop
  endfacet
  facet normal -0.85774 0.514084 0
    outer loop
      vertex 1.67232 38.3856 3
      vertex 1.87412 38.7223 5
      vertex 1.87412 38.7223 3
    endloop
  endfacet
  facet normal -0.85774 0.514084 0
    outer loop
      vertex 1.87412 38.7223 5
      vertex 1.67232 38.3856 3
      vertex 1.67232 38.3856 5
    endloop
  endfacet
  facet normal 0 0 1
    outer loop
      vertex 6.8 36.5 5
      vertex 9.2 36.5 5
      vertex 9.18074 36.8921 5
    endloop
  endfacet
  facet normal 0 0 1
    outer loop
      vertex 6.79229 36.6568 5
      vertex 9.18074 36.8921 5
      vertex 9.12314 37.2804 5
    endloop
  endfacet
  facet normal 0 0 1
    outer loop
      vertex 9.2 36.5 5
      vertex 6.8 36.5 5
      vertex 9.18074 36.1079 5
    endloop
  endfacet
  facet normal 0 0 1
    outer loop
      vertex 6.76926 36.8121 5
      vertex 9.12314 37.2804 5
      vertex 9.02776 37.6611 5
    endloop
  endfacet
  facet normal -0 0 1
    outer loop
      vertex 6.79229 36.3432 5
      vertex 9.18074 36.1079 5
      vertex 6.8 36.5 5
    endloop
  endfacet
  facet normal 0 0 1
    outer loop
      vertex 6.7311 36.9645 5
      vertex 9.02776 37.6611 5
      vertex 8.89552 38.0307 5
    endloop
  endfacet
  facet normal 0 0 1
    outer loop
      vertex 9.18074 36.1079 5
      vertex 6.79229 36.3432 5
      vertex 9.12314 35.7196 5
    endloop
  endfacet
  facet normal 0 0 1
    outer loop
      vertex 6.67821 37.1123 5
      vertex 8.89552 38.0307 5
      vertex 8.72768 38.3856 5
    endloop
  endfacet
  facet normal -0 0 1
    outer loop
      vertex 6.76926 36.1879 5
      vertex 9.12314 35.7196 5
      vertex 6.79229 36.3432 5
    endloop
  endfacet
  facet normal 0 0 1
    outer loop
      vertex 6.61107 37.2542 5
      vertex 8.72768 38.3856 5
      vertex 8.52588 38.7223 5
    endloop
  endfacet
  facet normal 0 0 1
    outer loop
      vertex 9.12314 35.7196 5
      vertex 6.76926 36.1879 5
      vertex 9.02776 35.3389 5
    endloop
  endfacet
  facet normal 0 0 1
    outer loop
      vertex 6.53035 37.3889 5
      vertex 8.52588 38.7223 5
      vertex 8.29204 39.0376 5
    endloop
  endfacet
  facet normal -0 0 1
    outer loop
      vertex 6.7311 36.0355 5
      vertex 9.02776 35.3389 5
      vertex 6.76926 36.1879 5
    endloop
  endfacet
  facet normal 0 0 1
    outer loop
      vertex 6.43682 37.515 5
      vertex 8.29204 39.0376 5
      vertex 8.02843 39.3284 5
    endloop
  endfacet
  facet normal 0 0 1
    outer loop
      vertex 9.02776 35.3389 5
      vertex 6.7311 36.0355 5
      vertex 8.89552 34.9693 5
    endloop
  endfacet
  facet normal 0 0 1
    outer loop
      vertex 6.33137 37.6314 5
      vertex 8.02843 39.3284 5
      vertex 7.73757 39.592 5
    endloop
  endfacet
  facet normal -0 0 1
    outer loop
      vertex 6.67821 35.8877 5
      vertex 8.89552 34.9693 5
      vertex 6.7311 36.0355 5
    endloop
  endfacet
  facet normal 0 0 1
    outer loop
      vertex 6.21503 37.7368 5
      vertex 7.73757 39.592 5
      vertex 7.42228 39.8259 5
    endloop
  endfacet
  facet normal 0 0 1
    outer loop
      vertex 8.89552 34.9693 5
      vertex 6.67821 35.8877 5
      vertex 8.72768 34.6144 5
    endloop
  endfacet
  facet normal 0 0 1
    outer loop
      vertex 6.08891 37.8304 5
      vertex 7.42228 39.8259 5
      vertex 7.08559 40.0277 5
    endloop
  endfacet
  facet normal -0 0 1
    outer loop
      vertex 6.61107 35.7458 5
      vertex 8.72768 34.6144 5
      vertex 6.67821 35.8877 5
    endloop
  endfacet
  facet normal 0 0 1
    outer loop
      vertex 8.72768 34.6144 5
      vertex 6.61107 35.7458 5
      vertex 8.52588 34.2777 5
    endloop
  endfacet
  facet normal 0 0 1
    outer loop
      vertex 9.18074 36.8921 5
      vertex 6.79229 36.6568 5
      vertex 6.8 36.5 5
    endloop
  endfacet
  facet normal 0 0 1
    outer loop
      vertex 9.12314 37.2804 5
      vertex 6.76926 36.8121 5
      vertex 6.79229 36.6568 5
    endloop
  endfacet
  facet normal 0 0 1
    outer loop
      vertex 9.02776 37.6611 5
      vertex 6.7311 36.9645 5
      vertex 6.76926 36.8121 5
    endloop
  endfacet
  facet normal 0 0 1
    outer loop
      vertex 5.95423 37.9111 5
      vertex 7.08559 40.0277 5
      vertex 6.73073 40.1955 5
    endloop
  endfacet
  facet normal 0 0 1
    outer loop
      vertex 8.89552 38.0307 5
      vertex 6.67821 37.1123 5
      vertex 6.7311 36.9645 5
    endloop
  endfacet
  facet normal 0 0 1
    outer loop
      vertex 8.72768 38.3856 5
      vertex 6.61107 37.2542 5
      vertex 6.67821 37.1123 5
    endloop
  endfacet
  facet normal 0 0 1
    outer loop
      vertex 8.52588 38.7223 5
      vertex 6.53035 37.3889 5
      vertex 6.61107 37.2542 5
    endloop
  endfacet
  facet normal 0 0 1
    outer loop
      vertex 8.29204 39.0376 5
      vertex 6.43682 37.515 5
      vertex 6.53035 37.3889 5
    endloop
  endfacet
  facet normal 0 0 1
    outer loop
      vertex 5.81229 37.9782 5
      vertex 6.73073 40.1955 5
      vertex 6.36114 40.3278 5
    endloop
  endfacet
  facet normal 0 0 1
    outer loop
      vertex 8.02843 39.3284 5
      vertex 6.33137 37.6314 5
      vertex 6.43682 37.515 5
    endloop
  endfacet
  facet normal 0 0 1
    outer loop
      vertex 7.73757 39.592 5
      vertex 6.21503 37.7368 5
      vertex 6.33137 37.6314 5
    endloop
  endfacet
  facet normal 0 0 1
    outer loop
      vertex 7.42228 39.8259 5
      vertex 6.08891 37.8304 5
      vertex 6.21503 37.7368 5
    endloop
  endfacet
  facet normal 0 0 1
    outer loop
      vertex 5.66445 38.0311 5
      vertex 6.36114 40.3278 5
      vertex 5.98036 40.4231 5
    endloop
  endfacet
  facet normal 0 0 1
    outer loop
      vertex 7.08559 40.0277 5
      vertex 5.95423 37.9111 5
      vertex 6.08891 37.8304 5
    endloop
  endfacet
  facet normal 0 0 1
    outer loop
      vertex 6.73073 40.1955 5
      vertex 5.81229 37.9782 5
      vertex 5.95423 37.9111 5
    endloop
  endfacet
  facet normal 0 0 1
    outer loop
      vertex 6.36114 40.3278 5
      vertex 5.66445 38.0311 5
      vertex 5.81229 37.9782 5
    endloop
  endfacet
  facet normal 0 0 1
    outer loop
      vertex 5.51214 38.0693 5
      vertex 5.98036 40.4231 5
      vertex 5.59207 40.4807 5
    endloop
  endfacet
  facet normal 0 0 1
    outer loop
      vertex 5.98036 40.4231 5
      vertex 5.51214 38.0693 5
      vertex 5.66445 38.0311 5
    endloop
  endfacet
  facet normal 0 0 1
    outer loop
      vertex 5.59207 40.4807 5
      vertex 5.35683 38.0923 5
      vertex 5.51214 38.0693 5
    endloop
  endfacet
  facet normal 0 0 1
    outer loop
      vertex 5.2 40.5 5
      vertex 5.35683 38.0923 5
      vertex 5.59207 40.4807 5
    endloop
  endfacet
  facet normal 0 0 1
    outer loop
      vertex 5.2 40.5 5
      vertex 5.2 38.1 5
      vertex 5.35683 38.0923 5
    endloop
  endfacet
  facet normal 0 0 1
    outer loop
      vertex 5.2 40.5 5
      vertex 5.04317 38.0923 5
      vertex 5.2 38.1 5
    endloop
  endfacet
  facet normal -0 0 1
    outer loop
      vertex 4.80793 40.4807 5
      vertex 5.04317 38.0923 5
      vertex 5.2 40.5 5
    endloop
  endfacet
  facet normal 0 0 1
    outer loop
      vertex 5.04317 38.0923 5
      vertex 4.80793 40.4807 5
      vertex 4.88786 38.0693 5
    endloop
  endfacet
  facet normal -0 0 1
    outer loop
      vertex 4.41964 40.4231 5
      vertex 4.88786 38.0693 5
      vertex 4.80793 40.4807 5
    endloop
  endfacet
  facet normal 0 0 1
    outer loop
      vertex 4.88786 38.0693 5
      vertex 4.41964 40.4231 5
      vertex 4.73555 38.0311 5
    endloop
  endfacet
  facet normal -0 0 1
    outer loop
      vertex 4.03886 40.3278 5
      vertex 4.73555 38.0311 5
      vertex 4.41964 40.4231 5
    endloop
  endfacet
  facet normal 0 0 1
    outer loop
      vertex 4.73555 38.0311 5
      vertex 4.03886 40.3278 5
      vertex 4.58771 37.9782 5
    endloop
  endfacet
  facet normal -0 0 1
    outer loop
      vertex 3.66927 40.1955 5
      vertex 4.58771 37.9782 5
      vertex 4.03886 40.3278 5
    endloop
  endfacet
  facet normal 0 0 1
    outer loop
      vertex 4.58771 37.9782 5
      vertex 3.66927 40.1955 5
      vertex 4.44577 37.9111 5
    endloop
  endfacet
  facet normal -0 0 1
    outer loop
      vertex 3.31441 40.0277 5
      vertex 4.44577 37.9111 5
      vertex 3.66927 40.1955 5
    endloop
  endfacet
  facet normal 0 0 1
    outer loop
      vertex 4.44577 37.9111 5
      vertex 3.31441 40.0277 5
      vertex 4.31109 37.8304 5
    endloop
  endfacet
  facet normal -0 0 1
    outer loop
      vertex 2.97772 39.8259 5
      vertex 4.31109 37.8304 5
      vertex 3.31441 40.0277 5
    endloop
  endfacet
  facet normal 0 0 1
    outer loop
      vertex 4.31109 37.8304 5
      vertex 2.97772 39.8259 5
      vertex 4.18497 37.7368 5
    endloop
  endfacet
  facet normal -0 0 1
    outer loop
      vertex 2.66243 39.592 5
      vertex 4.18497 37.7368 5
      vertex 2.97772 39.8259 5
    endloop
  endfacet
  facet normal 0 0 1
    outer loop
      vertex 4.18497 37.7368 5
      vertex 2.66243 39.592 5
      vertex 4.06863 37.6314 5
    endloop
  endfacet
  facet normal -0 0 1
    outer loop
      vertex 2.37157 39.3284 5
      vertex 4.06863 37.6314 5
      vertex 2.66243 39.592 5
    endloop
  endfacet
  facet normal 0 0 1
    outer loop
      vertex 4.06863 37.6314 5
      vertex 2.37157 39.3284 5
      vertex 3.96318 37.515 5
    endloop
  endfacet
  facet normal -0 0 1
    outer loop
      vertex 2.10796 39.0376 5
      vertex 3.96318 37.515 5
      vertex 2.37157 39.3284 5
    endloop
  endfacet
  facet normal 0 0 1
    outer loop
      vertex 3.96318 37.515 5
      vertex 2.10796 39.0376 5
      vertex 3.86965 37.3889 5
    endloop
  endfacet
  facet normal -0 0 1
    outer loop
      vertex 1.87412 38.7223 5
      vertex 3.86965 37.3889 5
      vertex 2.10796 39.0376 5
    endloop
  endfacet
  facet normal 0 0 1
    outer loop
      vertex 3.86965 37.3889 5
      vertex 1.87412 38.7223 5
      vertex 3.78893 37.2542 5
    endloop
  endfacet
  facet normal -0 0 1
    outer loop
      vertex 6.53035 35.6111 5
      vertex 8.52588 34.2777 5
      vertex 6.61107 35.7458 5
    endloop
  endfacet
  facet normal 0 0 1
    outer loop
      vertex 8.52588 34.2777 5
      vertex 6.53035 35.6111 5
      vertex 8.29204 33.9624 5
    endloop
  endfacet
  facet normal -0 0 1
    outer loop
      vertex 6.43682 35.485 5
      vertex 8.29204 33.9624 5
      vertex 6.53035 35.6111 5
    endloop
  endfacet
  facet normal 0 0 1
    outer loop
      vertex 8.29204 33.9624 5
      vertex 6.43682 35.485 5
      vertex 8.02843 33.6716 5
    endloop
  endfacet
  facet normal -0 0 1
    outer loop
      vertex 6.33137 35.3686 5
      vertex 8.02843 33.6716 5
      vertex 6.43682 35.485 5
    endloop
  endfacet
  facet normal 0 0 1
    outer loop
      vertex 8.02843 33.6716 5
      vertex 6.33137 35.3686 5
      vertex 7.73757 33.408 5
    endloop
  endfacet
  facet normal -0 0 1
    outer loop
      vertex 6.21503 35.2632 5
      vertex 7.73757 33.408 5
      vertex 6.33137 35.3686 5
    endloop
  endfacet
  facet normal 0 0 1
    outer loop
      vertex 7.73757 33.408 5
      vertex 6.21503 35.2632 5
      vertex 7.42228 33.1741 5
    endloop
  endfacet
  facet normal -0 0 1
    outer loop
      vertex 6.08891 35.1696 5
      vertex 7.42228 33.1741 5
      vertex 6.21503 35.2632 5
    endloop
  endfacet
  facet normal 0 0 1
    outer loop
      vertex 7.42228 33.1741 5
      vertex 6.08891 35.1696 5
      vertex 7.08559 32.9723 5
    endloop
  endfacet
  facet normal -0 0 1
    outer loop
      vertex 5.95423 35.0889 5
      vertex 7.08559 32.9723 5
      vertex 6.08891 35.1696 5
    endloop
  endfacet
  facet normal 0 0 1
    outer loop
      vertex 7.08559 32.9723 5
      vertex 5.95423 35.0889 5
      vertex 6.73073 32.8045 5
    endloop
  endfacet
  facet normal -0 0 1
    outer loop
      vertex 5.81229 35.0218 5
      vertex 6.73073 32.8045 5
      vertex 5.95423 35.0889 5
    endloop
  endfacet
  facet normal 0 0 1
    outer loop
      vertex 6.73073 32.8045 5
      vertex 5.81229 35.0218 5
      vertex 6.36114 32.6722 5
    endloop
  endfacet
  facet normal -0 0 1
    outer loop
      vertex 5.66445 34.9689 5
      vertex 6.36114 32.6722 5
      vertex 5.81229 35.0218 5
    endloop
  endfacet
  facet normal 0 0 1
    outer loop
      vertex 6.36114 32.6722 5
      vertex 5.66445 34.9689 5
      vertex 5.98036 32.5769 5
    endloop
  endfacet
  facet normal -0 0 1
    outer loop
      vertex 5.51214 34.9307 5
      vertex 5.98036 32.5769 5
      vertex 5.66445 34.9689 5
    endloop
  endfacet
  facet normal 0 0 1
    outer loop
      vertex 5.98036 32.5769 5
      vertex 5.51214 34.9307 5
      vertex 5.59207 32.5193 5
    endloop
  endfacet
  facet normal -0 0 1
    outer loop
      vertex 5.35683 34.9077 5
      vertex 5.59207 32.5193 5
      vertex 5.51214 34.9307 5
    endloop
  endfacet
  facet normal -0 0 1
    outer loop
      vertex 5.2 34.9 5
      vertex 5.59207 32.5193 5
      vertex 5.35683 34.9077 5
    endloop
  endfacet
  facet normal 0 0 1
    outer loop
      vertex 5.2 34.9 5
      vertex 5.2 32.5 5
      vertex 5.59207 32.5193 5
    endloop
  endfacet
  facet normal 0 0 1
    outer loop
      vertex 5.04317 34.9077 5
      vertex 5.2 32.5 5
      vertex 5.2 34.9 5
    endloop
  endfacet
  facet normal 0 0 1
    outer loop
      vertex 4.80793 32.5193 5
      vertex 5.04317 34.9077 5
      vertex 4.88786 34.9307 5
    endloop
  endfacet
  facet normal 0 0 1
    outer loop
      vertex 5.04317 34.9077 5
      vertex 4.80793 32.5193 5
      vertex 5.2 32.5 5
    endloop
  endfacet
  facet normal 0 0 1
    outer loop
      vertex 4.41964 32.5769 5
      vertex 4.88786 34.9307 5
      vertex 4.73555 34.9689 5
    endloop
  endfacet
  facet normal 0 0 1
    outer loop
      vertex 4.03886 32.6722 5
      vertex 4.73555 34.9689 5
      vertex 4.58771 35.0218 5
    endloop
  endfacet
  facet normal 0 0 1
    outer loop
      vertex 3.66927 32.8045 5
      vertex 4.58771 35.0218 5
      vertex 4.44577 35.0889 5
    endloop
  endfacet
  facet normal 0 0 1
    outer loop
      vertex 4.88786 34.9307 5
      vertex 4.41964 32.5769 5
      vertex 4.80793 32.5193 5
    endloop
  endfacet
  facet normal 0 0 1
    outer loop
      vertex 3.31441 32.9723 5
      vertex 4.44577 35.0889 5
      vertex 4.31109 35.1696 5
    endloop
  endfacet
  facet normal 0 0 1
    outer loop
      vertex 2.97772 33.1741 5
      vertex 4.31109 35.1696 5
      vertex 4.18497 35.2632 5
    endloop
  endfacet
  facet normal 0 0 1
    outer loop
      vertex 2.66243 33.408 5
      vertex 4.18497 35.2632 5
      vertex 4.06863 35.3686 5
    endloop
  endfacet
  facet normal 0 0 1
    outer loop
      vertex 4.73555 34.9689 5
      vertex 4.03886 32.6722 5
      vertex 4.41964 32.5769 5
    endloop
  endfacet
  facet normal 0 0 1
    outer loop
      vertex 2.37157 33.6716 5
      vertex 4.06863 35.3686 5
      vertex 3.96318 35.485 5
    endloop
  endfacet
  facet normal 0 0 1
    outer loop
      vertex 2.10796 33.9624 5
      vertex 3.96318 35.485 5
      vertex 3.86965 35.6111 5
    endloop
  endfacet
  facet normal 0 0 1
    outer loop
      vertex 1.87412 34.2777 5
      vertex 3.86965 35.6111 5
      vertex 3.78893 35.7458 5
    endloop
  endfacet
  facet normal 0 0 1
    outer loop
      vertex 1.67232 34.6144 5
      vertex 3.78893 35.7458 5
      vertex 3.72179 35.8877 5
    endloop
  endfacet
  facet normal 0 0 1
    outer loop
      vertex 4.58771 35.0218 5
      vertex 3.66927 32.8045 5
      vertex 4.03886 32.6722 5
    endloop
  endfacet
  facet normal 0 0 1
    outer loop
      vertex 1.50448 34.9693 5
      vertex 3.72179 35.8877 5
      vertex 3.6689 36.0355 5
    endloop
  endfacet
  facet normal 0 0 1
    outer loop
      vertex 1.37224 35.3389 5
      vertex 3.6689 36.0355 5
      vertex 3.63074 36.1879 5
    endloop
  endfacet
  facet normal 0 0 1
    outer loop
      vertex 1.27686 35.7196 5
      vertex 3.63074 36.1879 5
      vertex 3.60771 36.3432 5
    endloop
  endfacet
  facet normal 0 0 1
    outer loop
      vertex 1.21926 36.1079 5
      vertex 3.60771 36.3432 5
      vertex 3.6 36.5 5
    endloop
  endfacet
  facet normal -0 0 1
    outer loop
      vertex 1.67232 38.3856 5
      vertex 3.78893 37.2542 5
      vertex 1.87412 38.7223 5
    endloop
  endfacet
  facet normal 0 0 1
    outer loop
      vertex 4.44577 35.0889 5
      vertex 3.31441 32.9723 5
      vertex 3.66927 32.8045 5
    endloop
  endfacet
  facet normal 0 0 1
    outer loop
      vertex 3.78893 37.2542 5
      vertex 1.67232 38.3856 5
      vertex 3.72179 37.1123 5
    endloop
  endfacet
  facet normal 0 0 1
    outer loop
      vertex 4.31109 35.1696 5
      vertex 2.97772 33.1741 5
      vertex 3.31441 32.9723 5
    endloop
  endfacet
  facet normal -0 0 1
    outer loop
      vertex 1.50448 38.0307 5
      vertex 3.72179 37.1123 5
      vertex 1.67232 38.3856 5
    endloop
  endfacet
  facet normal 0 0 1
    outer loop
      vertex 4.18497 35.2632 5
      vertex 2.66243 33.408 5
      vertex 2.97772 33.1741 5
    endloop
  endfacet
  facet normal 0 0 1
    outer loop
      vertex 3.72179 37.1123 5
      vertex 1.50448 38.0307 5
      vertex 3.6689 36.9645 5
    endloop
  endfacet
  facet normal 0 0 1
    outer loop
      vertex 4.06863 35.3686 5
      vertex 2.37157 33.6716 5
      vertex 2.66243 33.408 5
    endloop
  endfacet
  facet normal -0 0 1
    outer loop
      vertex 1.37224 37.6611 5
      vertex 3.6689 36.9645 5
      vertex 1.50448 38.0307 5
    endloop
  endfacet
  facet normal 0 0 1
    outer loop
      vertex 3.96318 35.485 5
      vertex 2.10796 33.9624 5
      vertex 2.37157 33.6716 5
    endloop
  endfacet
  facet normal 0 0 1
    outer loop
      vertex 3.6689 36.9645 5
      vertex 1.37224 37.6611 5
      vertex 3.63074 36.8121 5
    endloop
  endfacet
  facet normal 0 0 1
    outer loop
      vertex 3.86965 35.6111 5
      vertex 1.87412 34.2777 5
      vertex 2.10796 33.9624 5
    endloop
  endfacet
  facet normal -0 0 1
    outer loop
      vertex 1.27686 37.2804 5
      vertex 3.63074 36.8121 5
      vertex 1.37224 37.6611 5
    endloop
  endfacet
  facet normal 0 0 1
    outer loop
      vertex 3.78893 35.7458 5
      vertex 1.67232 34.6144 5
      vertex 1.87412 34.2777 5
    endloop
  endfacet
  facet normal 0 0 1
    outer loop
      vertex 3.63074 36.8121 5
      vertex 1.27686 37.2804 5
      vertex 3.60771 36.6568 5
    endloop
  endfacet
  facet normal 0 0 1
    outer loop
      vertex 3.72179 35.8877 5
      vertex 1.50448 34.9693 5
      vertex 1.67232 34.6144 5
    endloop
  endfacet
  facet normal -0 0 1
    outer loop
      vertex 1.21926 36.8921 5
      vertex 3.60771 36.6568 5
      vertex 1.27686 37.2804 5
    endloop
  endfacet
  facet normal 0 0 1
    outer loop
      vertex 3.6689 36.0355 5
      vertex 1.37224 35.3389 5
      vertex 1.50448 34.9693 5
    endloop
  endfacet
  facet normal 0 0 1
    outer loop
      vertex 3.60771 36.6568 5
      vertex 1.21926 36.8921 5
      vertex 3.6 36.5 5
    endloop
  endfacet
  facet normal 0 0 1
    outer loop
      vertex 3.63074 36.1879 5
      vertex 1.27686 35.7196 5
      vertex 1.37224 35.3389 5
    endloop
  endfacet
  facet normal 0 0 1
    outer loop
      vertex 1.2 36.5 5
      vertex 3.6 36.5 5
      vertex 1.21926 36.8921 5
    endloop
  endfacet
  facet normal 0 0 1
    outer loop
      vertex 3.60771 36.3432 5
      vertex 1.21926 36.1079 5
      vertex 1.27686 35.7196 5
    endloop
  endfacet
  facet normal 0 0 1
    outer loop
      vertex 3.6 36.5 5
      vertex 1.2 36.5 5
      vertex 1.21926 36.1079 5
    endloop
  endfacet
  facet normal -0.0491664 -0.998791 0
    outer loop
      vertex 4.80793 32.5193 3
      vertex 5.2 32.5 5
      vertex 4.80793 32.5193 5
    endloop
  endfacet
  facet normal -0.0491664 -0.998791 -0
    outer loop
      vertex 5.2 32.5 5
      vertex 4.80793 32.5193 3
      vertex 5.2 32.5 3
    endloop
  endfacet
  facet normal -0.998796 0.049061 0
    outer loop
      vertex 1.2 36.5 3
      vertex 1.21926 36.8921 5
      vertex 1.21926 36.8921 3
    endloop
  endfacet
  facet normal -0.998796 0.049061 0
    outer loop
      vertex 1.21926 36.8921 5
      vertex 1.2 36.5 3
      vertex 1.2 36.5 5
    endloop
  endfacet
  facet normal -0.337022 -0.941497 0
    outer loop
      vertex 3.66927 32.8045 3
      vertex 4.03886 32.6722 5
      vertex 3.66927 32.8045 5
    endloop
  endfacet
  facet normal -0.337022 -0.941497 -0
    outer loop
      vertex 4.03886 32.6722 5
      vertex 3.66927 32.8045 3
      vertex 4.03886 32.6722 3
    endloop
  endfacet
  facet normal 0.740895 -0.671621 0
    outer loop
      vertex 8.02843 33.6716 5
      vertex 8.29204 33.9624 3
      vertex 8.29204 33.9624 5
    endloop
  endfacet
  facet normal 0.740895 -0.671621 0
    outer loop
      vertex 8.29204 33.9624 3
      vertex 8.02843 33.6716 5
      vertex 8.02843 33.6716 3
    endloop
  endfacet
  facet normal 0.671531 -0.740977 0
    outer loop
      vertex 7.73757 33.408 3
      vertex 8.02843 33.6716 5
      vertex 7.73757 33.408 5
    endloop
  endfacet
  facet normal 0.671531 -0.740977 0
    outer loop
      vertex 8.02843 33.6716 5
      vertex 7.73757 33.408 3
      vertex 8.02843 33.6716 3
    endloop
  endfacet
  facet normal -0.989183 -0.146689 0
    outer loop
      vertex 6.79229 36.6568 3
      vertex 6.76926 36.8121 5
      vertex 6.76926 36.8121 3
    endloop
  endfacet
  facet normal -0.989183 -0.146689 0
    outer loop
      vertex 6.76926 36.8121 5
      vertex 6.79229 36.6568 3
      vertex 6.79229 36.6568 5
    endloop
  endfacet
  facet normal -0.998793 -0.0491116 0
    outer loop
      vertex 6.8 36.5 3
      vertex 6.79229 36.6568 5
      vertex 6.79229 36.6568 3
    endloop
  endfacet
  facet normal -0.998793 -0.0491116 0
    outer loop
      vertex 6.79229 36.6568 5
      vertex 6.8 36.5 3
      vertex 6.8 36.5 5
    endloop
  endfacet
  facet normal -0.970053 -0.242895 0
    outer loop
      vertex 6.76926 36.8121 3
      vertex 6.7311 36.9645 5
      vertex 6.7311 36.9645 3
    endloop
  endfacet
  facet normal -0.970053 -0.242895 0
    outer loop
      vertex 6.7311 36.9645 5
      vertex 6.76926 36.8121 3
      vertex 6.76926 36.8121 5
    endloop
  endfacet
  facet normal -0.427385 -0.90407 0
    outer loop
      vertex 5.81229 37.9782 3
      vertex 5.95423 37.9111 5
      vertex 5.81229 37.9782 5
    endloop
  endfacet
  facet normal -0.427385 -0.90407 -0
    outer loop
      vertex 5.95423 37.9111 5
      vertex 5.81229 37.9782 3
      vertex 5.95423 37.9111 3
    endloop
  endfacet
  facet normal 0.24327 0.969959 -0
    outer loop
      vertex 4.88786 34.9307 3
      vertex 4.73555 34.9689 5
      vertex 4.88786 34.9307 5
    endloop
  endfacet
  facet normal 0.24327 0.969959 0
    outer loop
      vertex 4.73555 34.9689 5
      vertex 4.88786 34.9307 3
      vertex 4.73555 34.9689 3
    endloop
  endfacet
  facet normal 0.857774 0.514027 0
    outer loop
      vertex 3.86965 35.6111 5
      vertex 3.78893 35.7458 3
      vertex 3.78893 35.7458 5
    endloop
  endfacet
  facet normal 0.857774 0.514027 0
    outer loop
      vertex 3.78893 35.7458 3
      vertex 3.86965 35.6111 5
      vertex 3.86965 35.6111 3
    endloop
  endfacet
  facet normal -0.146493 0.989212 0
    outer loop
      vertex 5.51214 34.9307 3
      vertex 5.35683 34.9077 5
      vertex 5.51214 34.9307 5
    endloop
  endfacet
  facet normal -0.146493 0.989212 0
    outer loop
      vertex 5.35683 34.9077 5
      vertex 5.51214 34.9307 3
      vertex 5.35683 34.9077 3
    endloop
  endfacet
  facet normal -0.741106 -0.671388 0
    outer loop
      vertex 6.43682 37.515 3
      vertex 6.33137 37.6314 5
      vertex 6.33137 37.6314 3
    endloop
  endfacet
  facet normal -0.741106 -0.671388 0
    outer loop
      vertex 6.33137 37.6314 5
      vertex 6.43682 37.515 3
      vertex 6.43682 37.515 5
    endloop
  endfacet
  facet normal 0.51399 -0.857796 0
    outer loop
      vertex 4.31109 37.8304 3
      vertex 4.44577 37.9111 5
      vertex 4.31109 37.8304 5
    endloop
  endfacet
  facet normal 0.51399 -0.857796 0
    outer loop
      vertex 4.44577 37.9111 5
      vertex 4.31109 37.8304 3
      vertex 4.44577 37.9111 3
    endloop
  endfacet
  facet normal -0.741106 0.671388 0
    outer loop
      vertex 6.33137 35.3686 3
      vertex 6.43682 35.485 5
      vertex 6.43682 35.485 3
    endloop
  endfacet
  facet normal -0.741106 0.671388 0
    outer loop
      vertex 6.43682 35.485 5
      vertex 6.33137 35.3686 3
      vertex 6.33137 35.3686 5
    endloop
  endfacet
  facet normal -0.51399 0.857796 0
    outer loop
      vertex 6.08891 35.1696 3
      vertex 5.95423 35.0889 5
      vertex 6.08891 35.1696 5
    endloop
  endfacet
  facet normal -0.51399 0.857796 0
    outer loop
      vertex 5.95423 35.0889 5
      vertex 6.08891 35.1696 3
      vertex 5.95423 35.0889 3
    endloop
  endfacet
  facet normal -0.24327 -0.969959 0
    outer loop
      vertex 5.51214 38.0693 3
      vertex 5.66445 38.0311 5
      vertex 5.51214 38.0693 5
    endloop
  endfacet
  facet normal -0.24327 -0.969959 -0
    outer loop
      vertex 5.66445 38.0311 5
      vertex 5.51214 38.0693 3
      vertex 5.66445 38.0311 3
    endloop
  endfacet
  facet normal 0.989183 -0.146689 0
    outer loop
      vertex 3.60771 36.6568 5
      vertex 3.63074 36.8121 3
      vertex 3.63074 36.8121 5
    endloop
  endfacet
  facet normal 0.989183 -0.146689 0
    outer loop
      vertex 3.63074 36.8121 3
      vertex 3.60771 36.6568 5
      vertex 3.60771 36.6568 3
    endloop
  endfacet
  facet normal -0.857774 -0.514027 0
    outer loop
      vertex 6.61107 37.2542 3
      vertex 6.53035 37.3889 5
      vertex 6.53035 37.3889 3
    endloop
  endfacet
  facet normal -0.857774 -0.514027 0
    outer loop
      vertex 6.53035 37.3889 5
      vertex 6.61107 37.2542 3
      vertex 6.61107 37.2542 5
    endloop
  endfacet
  facet normal -0.970053 0.242895 0
    outer loop
      vertex 6.7311 36.0355 3
      vertex 6.76926 36.1879 5
      vertex 6.76926 36.1879 3
    endloop
  endfacet
  facet normal -0.970053 0.242895 0
    outer loop
      vertex 6.76926 36.1879 5
      vertex 6.7311 36.0355 3
      vertex 6.7311 36.0355 5
    endloop
  endfacet
  facet normal 0.146493 0.989212 -0
    outer loop
      vertex 5.04317 34.9077 3
      vertex 4.88786 34.9307 5
      vertex 5.04317 34.9077 5
    endloop
  endfacet
  facet normal 0.146493 0.989212 0
    outer loop
      vertex 4.88786 34.9307 5
      vertex 5.04317 34.9077 3
      vertex 4.88786 34.9307 3
    endloop
  endfacet
  facet normal 0.998793 0.0491116 0
    outer loop
      vertex 3.60771 36.3432 5
      vertex 3.6 36.5 3
      vertex 3.6 36.5 5
    endloop
  endfacet
  facet normal 0.998793 0.0491116 0
    outer loop
      vertex 3.6 36.5 3
      vertex 3.60771 36.3432 5
      vertex 3.60771 36.3432 3
    endloop
  endfacet
  facet normal -0.146493 -0.989212 0
    outer loop
      vertex 5.35683 38.0923 3
      vertex 5.51214 38.0693 5
      vertex 5.35683 38.0923 5
    endloop
  endfacet
  facet normal -0.146493 -0.989212 -0
    outer loop
      vertex 5.51214 38.0693 5
      vertex 5.35683 38.0923 3
      vertex 5.51214 38.0693 3
    endloop
  endfacet
  facet normal -0.941531 -0.336926 0
    outer loop
      vertex 6.7311 36.9645 3
      vertex 6.67821 37.1123 5
      vertex 6.67821 37.1123 3
    endloop
  endfacet
  facet normal -0.941531 -0.336926 0
    outer loop
      vertex 6.67821 37.1123 5
      vertex 6.7311 36.9645 3
      vertex 6.7311 36.9645 5
    endloop
  endfacet
  facet normal -0.671404 -0.741092 0
    outer loop
      vertex 6.21503 37.7368 3
      vertex 6.33137 37.6314 5
      vertex 6.21503 37.7368 5
    endloop
  endfacet
  facet normal -0.671404 -0.741092 -0
    outer loop
      vertex 6.33137 37.6314 5
      vertex 6.21503 37.7368 3
      vertex 6.33137 37.6314 3
    endloop
  endfacet
  facet normal 0.741106 -0.671388 0
    outer loop
      vertex 3.96318 37.515 5
      vertex 4.06863 37.6314 3
      vertex 4.06863 37.6314 5
    endloop
  endfacet
  facet normal 0.741106 -0.671388 0
    outer loop
      vertex 4.06863 37.6314 3
      vertex 3.96318 37.515 5
      vertex 3.96318 37.515 3
    endloop
  endfacet
  facet normal 0.970053 0.242895 0
    outer loop
      vertex 3.6689 36.0355 5
      vertex 3.63074 36.1879 3
      vertex 3.63074 36.1879 5
    endloop
  endfacet
  facet normal 0.970053 0.242895 0
    outer loop
      vertex 3.63074 36.1879 3
      vertex 3.6689 36.0355 5
      vertex 3.6689 36.0355 3
    endloop
  endfacet
  facet normal 0.336901 -0.94154 0
    outer loop
      vertex 4.58771 37.9782 3
      vertex 4.73555 38.0311 5
      vertex 4.58771 37.9782 5
    endloop
  endfacet
  facet normal 0.336901 -0.94154 0
    outer loop
      vertex 4.73555 38.0311 5
      vertex 4.58771 37.9782 3
      vertex 4.73555 38.0311 3
    endloop
  endfacet
  facet normal 0.941531 0.336926 0
    outer loop
      vertex 3.72179 35.8877 5
      vertex 3.6689 36.0355 3
      vertex 3.6689 36.0355 5
    endloop
  endfacet
  facet normal 0.941531 0.336926 0
    outer loop
      vertex 3.6689 36.0355 3
      vertex 3.72179 35.8877 5
      vertex 3.72179 35.8877 3
    endloop
  endfacet
  facet normal -0.336901 -0.94154 0
    outer loop
      vertex 5.66445 38.0311 3
      vertex 5.81229 37.9782 5
      vertex 5.66445 38.0311 5
    endloop
  endfacet
  facet normal -0.336901 -0.94154 -0
    outer loop
      vertex 5.81229 37.9782 5
      vertex 5.66445 38.0311 3
      vertex 5.81229 37.9782 3
    endloop
  endfacet
  facet normal 0.803184 -0.595732 0
    outer loop
      vertex 3.86965 37.3889 5
      vertex 3.96318 37.515 3
      vertex 3.96318 37.515 5
    endloop
  endfacet
  facet normal 0.803184 -0.595732 0
    outer loop
      vertex 3.96318 37.515 3
      vertex 3.86965 37.3889 5
      vertex 3.86965 37.3889 3
    endloop
  endfacet
  facet normal -0.803184 -0.595732 0
    outer loop
      vertex 6.53035 37.3889 3
      vertex 6.43682 37.515 5
      vertex 6.43682 37.515 3
    endloop
  endfacet
  facet normal -0.803184 -0.595732 0
    outer loop
      vertex 6.43682 37.515 5
      vertex 6.53035 37.3889 3
      vertex 6.53035 37.3889 5
    endloop
  endfacet
  facet normal 0.970053 -0.242895 0
    outer loop
      vertex 3.63074 36.8121 5
      vertex 3.6689 36.9645 3
      vertex 3.6689 36.9645 5
    endloop
  endfacet
  facet normal 0.970053 -0.242895 0
    outer loop
      vertex 3.6689 36.9645 3
      vertex 3.63074 36.8121 5
      vertex 3.63074 36.8121 3
    endloop
  endfacet
  facet normal 0.671404 -0.741092 0
    outer loop
      vertex 4.06863 37.6314 3
      vertex 4.18497 37.7368 5
      vertex 4.06863 37.6314 5
    endloop
  endfacet
  facet normal 0.671404 -0.741092 0
    outer loop
      vertex 4.18497 37.7368 5
      vertex 4.06863 37.6314 3
      vertex 4.18497 37.7368 3
    endloop
  endfacet
  facet normal -0.427385 0.90407 0
    outer loop
      vertex 5.95423 35.0889 3
      vertex 5.81229 35.0218 5
      vertex 5.95423 35.0889 5
    endloop
  endfacet
  facet normal -0.427385 0.90407 0
    outer loop
      vertex 5.81229 35.0218 5
      vertex 5.95423 35.0889 3
      vertex 5.81229 35.0218 3
    endloop
  endfacet
  facet normal 0.24327 -0.969959 0
    outer loop
      vertex 4.73555 38.0311 3
      vertex 4.88786 38.0693 5
      vertex 4.73555 38.0311 5
    endloop
  endfacet
  facet normal 0.24327 -0.969959 0
    outer loop
      vertex 4.88786 38.0693 5
      vertex 4.73555 38.0311 3
      vertex 4.88786 38.0693 3
    endloop
  endfacet
  facet normal 0.941531 -0.336926 0
    outer loop
      vertex 3.6689 36.9645 5
      vertex 3.72179 37.1123 3
      vertex 3.72179 37.1123 5
    endloop
  endfacet
  facet normal 0.941531 -0.336926 0
    outer loop
      vertex 3.72179 37.1123 3
      vertex 3.6689 36.9645 5
      vertex 3.6689 36.9645 3
    endloop
  endfacet
  facet normal -0.51399 -0.857796 0
    outer loop
      vertex 5.95423 37.9111 3
      vertex 6.08891 37.8304 5
      vertex 5.95423 37.9111 5
    endloop
  endfacet
  facet normal -0.51399 -0.857796 -0
    outer loop
      vertex 6.08891 37.8304 5
      vertex 5.95423 37.9111 3
      vertex 6.08891 37.8304 3
    endloop
  endfacet
  facet normal 0.51399 0.857796 -0
    outer loop
      vertex 4.44577 35.0889 3
      vertex 4.31109 35.1696 5
      vertex 4.44577 35.0889 5
    endloop
  endfacet
  facet normal 0.51399 0.857796 0
    outer loop
      vertex 4.31109 35.1696 5
      vertex 4.44577 35.0889 3
      vertex 4.31109 35.1696 3
    endloop
  endfacet
  facet normal 0.595958 -0.803015 0
    outer loop
      vertex 4.18497 37.7368 3
      vertex 4.31109 37.8304 5
      vertex 4.18497 37.7368 5
    endloop
  endfacet
  facet normal 0.595958 -0.803015 0
    outer loop
      vertex 4.31109 37.8304 5
      vertex 4.18497 37.7368 3
      vertex 4.31109 37.8304 3
    endloop
  endfacet
  facet normal -0.0490387 0.998797 0
    outer loop
      vertex 5.35683 34.9077 3
      vertex 5.2 34.9 5
      vertex 5.35683 34.9077 5
    endloop
  endfacet
  facet normal -0.0490387 0.998797 0
    outer loop
      vertex 5.2 34.9 5
      vertex 5.35683 34.9077 3
      vertex 5.2 34.9 3
    endloop
  endfacet
  facet normal -0.941531 0.336926 0
    outer loop
      vertex 6.67821 35.8877 3
      vertex 6.7311 36.0355 5
      vertex 6.7311 36.0355 3
    endloop
  endfacet
  facet normal -0.941531 0.336926 0
    outer loop
      vertex 6.7311 36.0355 5
      vertex 6.67821 35.8877 3
      vertex 6.67821 35.8877 5
    endloop
  endfacet
  facet normal -0.803184 0.595732 0
    outer loop
      vertex 6.43682 35.485 3
      vertex 6.53035 35.6111 5
      vertex 6.53035 35.6111 3
    endloop
  endfacet
  facet normal -0.803184 0.595732 0
    outer loop
      vertex 6.53035 35.6111 5
      vertex 6.43682 35.485 3
      vertex 6.43682 35.485 5
    endloop
  endfacet
  facet normal -0.989183 0.146689 0
    outer loop
      vertex 6.76926 36.1879 3
      vertex 6.79229 36.3432 5
      vertex 6.79229 36.3432 3
    endloop
  endfacet
  facet normal -0.989183 0.146689 0
    outer loop
      vertex 6.79229 36.3432 5
      vertex 6.76926 36.1879 3
      vertex 6.76926 36.1879 5
    endloop
  endfacet
  facet normal 0.857774 -0.514027 0
    outer loop
      vertex 3.78893 37.2542 5
      vertex 3.86965 37.3889 3
      vertex 3.86965 37.3889 5
    endloop
  endfacet
  facet normal 0.857774 -0.514027 0
    outer loop
      vertex 3.86965 37.3889 3
      vertex 3.78893 37.2542 5
      vertex 3.78893 37.2542 3
    endloop
  endfacet
  facet normal -0.903925 -0.427692 0
    outer loop
      vertex 6.67821 37.1123 3
      vertex 6.61107 37.2542 5
      vertex 6.61107 37.2542 3
    endloop
  endfacet
  facet normal -0.903925 -0.427692 0
    outer loop
      vertex 6.61107 37.2542 5
      vertex 6.67821 37.1123 3
      vertex 6.67821 37.1123 5
    endloop
  endfacet
  facet normal 0.427385 -0.90407 0
    outer loop
      vertex 4.44577 37.9111 3
      vertex 4.58771 37.9782 5
      vertex 4.44577 37.9111 5
    endloop
  endfacet
  facet normal 0.427385 -0.90407 0
    outer loop
      vertex 4.58771 37.9782 5
      vertex 4.44577 37.9111 3
      vertex 4.58771 37.9782 3
    endloop
  endfacet
  facet normal -0.595958 0.803015 0
    outer loop
      vertex 6.21503 35.2632 3
      vertex 6.08891 35.1696 5
      vertex 6.21503 35.2632 5
    endloop
  endfacet
  facet normal -0.595958 0.803015 0
    outer loop
      vertex 6.08891 35.1696 5
      vertex 6.21503 35.2632 3
      vertex 6.08891 35.1696 3
    endloop
  endfacet
  facet normal -0.595958 -0.803015 0
    outer loop
      vertex 6.08891 37.8304 3
      vertex 6.21503 37.7368 5
      vertex 6.08891 37.8304 5
    endloop
  endfacet
  facet normal -0.595958 -0.803015 -0
    outer loop
      vertex 6.21503 37.7368 5
      vertex 6.08891 37.8304 3
      vertex 6.21503 37.7368 3
    endloop
  endfacet
  facet normal 0.671404 0.741092 -0
    outer loop
      vertex 4.18497 35.2632 3
      vertex 4.06863 35.3686 5
      vertex 4.18497 35.2632 5
    endloop
  endfacet
  facet normal 0.671404 0.741092 0
    outer loop
      vertex 4.06863 35.3686 5
      vertex 4.18497 35.2632 3
      vertex 4.06863 35.3686 3
    endloop
  endfacet
  facet normal -0.998793 0.0491116 0
    outer loop
      vertex 6.79229 36.3432 3
      vertex 6.8 36.5 5
      vertex 6.8 36.5 3
    endloop
  endfacet
  facet normal -0.998793 0.0491116 0
    outer loop
      vertex 6.8 36.5 5
      vertex 6.79229 36.3432 3
      vertex 6.79229 36.3432 5
    endloop
  endfacet
  facet normal 0.803184 0.595732 0
    outer loop
      vertex 3.96318 35.485 5
      vertex 3.86965 35.6111 3
      vertex 3.86965 35.6111 5
    endloop
  endfacet
  facet normal 0.803184 0.595732 0
    outer loop
      vertex 3.86965 35.6111 3
      vertex 3.96318 35.485 5
      vertex 3.96318 35.485 3
    endloop
  endfacet
  facet normal 0.903925 0.427692 0
    outer loop
      vertex 3.78893 35.7458 5
      vertex 3.72179 35.8877 3
      vertex 3.72179 35.8877 5
    endloop
  endfacet
  facet normal 0.903925 0.427692 0
    outer loop
      vertex 3.72179 35.8877 3
      vertex 3.78893 35.7458 5
      vertex 3.78893 35.7458 3
    endloop
  endfacet
  facet normal -0.0490387 -0.998797 0
    outer loop
      vertex 5.2 38.1 3
      vertex 5.35683 38.0923 5
      vertex 5.2 38.1 5
    endloop
  endfacet
  facet normal -0.0490387 -0.998797 -0
    outer loop
      vertex 5.35683 38.0923 5
      vertex 5.2 38.1 3
      vertex 5.35683 38.0923 3
    endloop
  endfacet
  facet normal 0.0490387 -0.998797 0
    outer loop
      vertex 5.04317 38.0923 3
      vertex 5.2 38.1 5
      vertex 5.04317 38.0923 5
    endloop
  endfacet
  facet normal 0.0490387 -0.998797 0
    outer loop
      vertex 5.2 38.1 5
      vertex 5.04317 38.0923 3
      vertex 5.2 38.1 3
    endloop
  endfacet
  facet normal 0.427385 0.90407 -0
    outer loop
      vertex 4.58771 35.0218 3
      vertex 4.44577 35.0889 5
      vertex 4.58771 35.0218 5
    endloop
  endfacet
  facet normal 0.427385 0.90407 0
    outer loop
      vertex 4.44577 35.0889 5
      vertex 4.58771 35.0218 3
      vertex 4.44577 35.0889 3
    endloop
  endfacet
  facet normal 0.146493 -0.989212 0
    outer loop
      vertex 4.88786 38.0693 3
      vertex 5.04317 38.0923 5
      vertex 4.88786 38.0693 5
    endloop
  endfacet
  facet normal 0.146493 -0.989212 0
    outer loop
      vertex 5.04317 38.0923 5
      vertex 4.88786 38.0693 3
      vertex 5.04317 38.0923 3
    endloop
  endfacet
  facet normal 0.989183 0.146689 0
    outer loop
      vertex 3.63074 36.1879 5
      vertex 3.60771 36.3432 3
      vertex 3.60771 36.3432 5
    endloop
  endfacet
  facet normal 0.989183 0.146689 0
    outer loop
      vertex 3.60771 36.3432 3
      vertex 3.63074 36.1879 5
      vertex 3.63074 36.1879 3
    endloop
  endfacet
  facet normal -0.336901 0.94154 0
    outer loop
      vertex 5.81229 35.0218 3
      vertex 5.66445 34.9689 5
      vertex 5.81229 35.0218 5
    endloop
  endfacet
  facet normal -0.336901 0.94154 0
    outer loop
      vertex 5.66445 34.9689 5
      vertex 5.81229 35.0218 3
      vertex 5.66445 34.9689 3
    endloop
  endfacet
  facet normal -0.24327 0.969959 0
    outer loop
      vertex 5.66445 34.9689 3
      vertex 5.51214 34.9307 5
      vertex 5.66445 34.9689 5
    endloop
  endfacet
  facet normal -0.24327 0.969959 0
    outer loop
      vertex 5.51214 34.9307 5
      vertex 5.66445 34.9689 3
      vertex 5.51214 34.9307 3
    endloop
  endfacet
  facet normal 0.903925 -0.427692 0
    outer loop
      vertex 3.72179 37.1123 5
      vertex 3.78893 37.2542 3
      vertex 3.78893 37.2542 5
    endloop
  endfacet
  facet normal 0.903925 -0.427692 0
    outer loop
      vertex 3.78893 37.2542 3
      vertex 3.72179 37.1123 5
      vertex 3.72179 37.1123 3
    endloop
  endfacet
  facet normal 0.741106 0.671388 0
    outer loop
      vertex 4.06863 35.3686 5
      vertex 3.96318 35.485 3
      vertex 3.96318 35.485 5
    endloop
  endfacet
  facet normal 0.741106 0.671388 0
    outer loop
      vertex 3.96318 35.485 3
      vertex 4.06863 35.3686 5
      vertex 4.06863 35.3686 3
    endloop
  endfacet
  facet normal 0.595958 0.803015 -0
    outer loop
      vertex 4.31109 35.1696 3
      vertex 4.18497 35.2632 5
      vertex 4.31109 35.1696 5
    endloop
  endfacet
  facet normal 0.595958 0.803015 0
    outer loop
      vertex 4.18497 35.2632 5
      vertex 4.31109 35.1696 3
      vertex 4.18497 35.2632 3
    endloop
  endfacet
  facet normal -0.903925 0.427692 0
    outer loop
      vertex 6.61107 35.7458 3
      vertex 6.67821 35.8877 5
      vertex 6.67821 35.8877 3
    endloop
  endfacet
  facet normal -0.903925 0.427692 0
    outer loop
      vertex 6.67821 35.8877 5
      vertex 6.61107 35.7458 3
      vertex 6.61107 35.7458 5
    endloop
  endfacet
  facet normal -0.857774 0.514027 0
    outer loop
      vertex 6.53035 35.6111 3
      vertex 6.61107 35.7458 5
      vertex 6.61107 35.7458 3
    endloop
  endfacet
  facet normal -0.857774 0.514027 0
    outer loop
      vertex 6.61107 35.7458 5
      vertex 6.53035 35.6111 3
      vertex 6.53035 35.6111 5
    endloop
  endfacet
  facet normal 0.0490387 0.998797 -0
    outer loop
      vertex 5.2 34.9 3
      vertex 5.04317 34.9077 5
      vertex 5.2 34.9 5
    endloop
  endfacet
  facet normal 0.0490387 0.998797 0
    outer loop
      vertex 5.04317 34.9077 5
      vertex 5.2 34.9 3
      vertex 5.04317 34.9077 3
    endloop
  endfacet
  facet normal 0.998793 -0.0491116 0
    outer loop
      vertex 3.6 36.5 5
      vertex 3.60771 36.6568 3
      vertex 3.60771 36.6568 5
    endloop
  endfacet
  facet normal 0.998793 -0.0491116 0
    outer loop
      vertex 3.60771 36.6568 3
      vertex 3.6 36.5 5
      vertex 3.6 36.5 3
    endloop
  endfacet
  facet normal 0.336901 0.94154 -0
    outer loop
      vertex 4.73555 34.9689 3
      vertex 4.58771 35.0218 5
      vertex 4.73555 34.9689 5
    endloop
  endfacet
  facet normal 0.336901 0.94154 0
    outer loop
      vertex 4.58771 35.0218 5
      vertex 4.73555 34.9689 3
      vertex 4.58771 35.0218 3
    endloop
  endfacet
  facet normal -0.671404 0.741092 0
    outer loop
      vertex 6.33137 35.3686 3
      vertex 6.21503 35.2632 5
      vertex 6.33137 35.3686 5
    endloop
  endfacet
  facet normal -0.671404 0.741092 0
    outer loop
      vertex 6.21503 35.2632 5
      vertex 6.33137 35.3686 3
      vertex 6.21503 35.2632 3
    endloop
  endfacet
  facet normal -0.42744 -0.904044 0
    outer loop
      vertex -54.6856 32.9723 3
      vertex -54.3307 32.8045 5
      vertex -54.6856 32.9723 5
    endloop
  endfacet
  facet normal -0.42744 -0.904044 -0
    outer loop
      vertex -54.3307 32.8045 5
      vertex -54.6856 32.9723 3
      vertex -54.3307 32.8045 3
    endloop
  endfacet
  facet normal 0.989176 0.146733 0
    outer loop
      vertex -48.8193 36.8921 5
      vertex -48.8769 37.2804 3
      vertex -48.8769 37.2804 5
    endloop
  endfacet
  facet normal 0.989176 0.146733 0
    outer loop
      vertex -48.8769 37.2804 3
      vertex -48.8193 36.8921 5
      vertex -48.8193 36.8921 3
    endloop
  endfacet
  facet normal 0.998791 0.0491626 0
    outer loop
      vertex -48.8 36.5 5
      vertex -48.8193 36.8921 3
      vertex -48.8193 36.8921 5
    endloop
  endfacet
  facet normal 0.998791 0.0491626 0
    outer loop
      vertex -48.8193 36.8921 3
      vertex -48.8 36.5 5
      vertex -48.8 36.5 3
    endloop
  endfacet
  facet normal 0.970068 0.242835 0
    outer loop
      vertex -48.8769 37.2804 5
      vertex -48.9722 37.6611 3
      vertex -48.9722 37.6611 5
    endloop
  endfacet
  facet normal 0.970068 0.242835 0
    outer loop
      vertex -48.9722 37.6611 3
      vertex -48.8769 37.2804 5
      vertex -48.8769 37.2804 3
    endloop
  endfacet
  facet normal 0.42744 -0.904044 0
    outer loop
      vertex -51.2693 32.8045 3
      vertex -50.9144 32.9723 5
      vertex -51.2693 32.8045 5
    endloop
  endfacet
  facet normal 0.42744 -0.904044 0
    outer loop
      vertex -50.9144 32.9723 5
      vertex -51.2693 32.8045 3
      vertex -50.9144 32.9723 3
    endloop
  endfacet
  facet normal -0.671607 0.740908 0
    outer loop
      vertex -55.3376 39.592 3
      vertex -55.6284 39.3284 5
      vertex -55.3376 39.592 5
    endloop
  endfacet
  facet normal -0.671607 0.740908 0
    outer loop
      vertex -55.6284 39.3284 5
      vertex -55.3376 39.592 3
      vertex -55.6284 39.3284 3
    endloop
  endfacet
  facet normal -0.970068 -0.242835 0
    outer loop
      vertex -56.6278 35.3389 3
      vertex -56.7231 35.7196 5
      vertex -56.7231 35.7196 3
    endloop
  endfacet
  facet normal -0.970068 -0.242835 0
    outer loop
      vertex -56.7231 35.7196 5
      vertex -56.6278 35.3389 3
      vertex -56.6278 35.3389 5
    endloop
  endfacet
  facet normal 0.42744 0.904044 -0
    outer loop
      vertex -50.9144 40.0277 3
      vertex -51.2693 40.1955 5
      vertex -50.9144 40.0277 5
    endloop
  endfacet
  facet normal 0.42744 0.904044 0
    outer loop
      vertex -51.2693 40.1955 5
      vertex -50.9144 40.0277 3
      vertex -51.2693 40.1955 3
    endloop
  endfacet
  facet normal -0.989176 0.146733 0
    outer loop
      vertex -56.7807 36.8921 3
      vertex -56.7231 37.2804 5
      vertex -56.7231 37.2804 3
    endloop
  endfacet
  facet normal -0.989176 0.146733 0
    outer loop
      vertex -56.7231 37.2804 5
      vertex -56.7807 36.8921 3
      vertex -56.7807 36.8921 5
    endloop
  endfacet
  facet normal -0.146733 -0.989176 0
    outer loop
      vertex -53.5804 32.5769 3
      vertex -53.1921 32.5193 5
      vertex -53.5804 32.5769 5
    endloop
  endfacet
  facet normal -0.146733 -0.989176 -0
    outer loop
      vertex -53.1921 32.5193 5
      vertex -53.5804 32.5769 3
      vertex -53.1921 32.5193 3
    endloop
  endfacet
  facet normal 0.242835 0.970068 -0
    outer loop
      vertex -51.6389 40.3278 3
      vertex -52.0196 40.4231 5
      vertex -51.6389 40.3278 5
    endloop
  endfacet
  facet normal 0.242835 0.970068 0
    outer loop
      vertex -52.0196 40.4231 5
      vertex -51.6389 40.3278 3
      vertex -52.0196 40.4231 3
    endloop
  endfacet
  facet normal -0.740908 0.671607 0
    outer loop
      vertex -55.892 39.0376 3
      vertex -55.6284 39.3284 5
      vertex -55.6284 39.3284 3
    endloop
  endfacet
  facet normal -0.740908 0.671607 0
    outer loop
      vertex -55.6284 39.3284 5
      vertex -55.892 39.0376 3
      vertex -55.892 39.0376 5
    endloop
  endfacet
  facet normal 0.514084 -0.85774 0
    outer loop
      vertex -50.9144 32.9723 3
      vertex -50.5777 33.1741 5
      vertex -50.9144 32.9723 5
    endloop
  endfacet
  facet normal 0.514084 -0.85774 0
    outer loop
      vertex -50.5777 33.1741 5
      vertex -50.9144 32.9723 3
      vertex -50.5777 33.1741 3
    endloop
  endfacet
  facet normal -0.242835 -0.970068 0
    outer loop
      vertex -53.9611 32.6722 3
      vertex -53.5804 32.5769 5
      vertex -53.9611 32.6722 5
    endloop
  endfacet
  facet normal -0.242835 -0.970068 -0
    outer loop
      vertex -53.5804 32.5769 5
      vertex -53.9611 32.6722 3
      vertex -53.5804 32.5769 3
    endloop
  endfacet
  facet normal -0.337014 0.9415 0
    outer loop
      vertex -53.9611 40.3278 3
      vertex -54.3307 40.1955 5
      vertex -53.9611 40.3278 5
    endloop
  endfacet
  facet normal -0.337014 0.9415 0
    outer loop
      vertex -54.3307 40.1955 5
      vertex -53.9611 40.3278 3
      vertex -54.3307 40.1955 3
    endloop
  endfacet
  facet normal 0.0491626 -0.998791 0
    outer loop
      vertex -52.8 32.5 3
      vertex -52.4079 32.5193 5
      vertex -52.8 32.5 5
    endloop
  endfacet
  facet normal 0.0491626 -0.998791 0
    outer loop
      vertex -52.4079 32.5193 5
      vertex -52.8 32.5 3
      vertex -52.4079 32.5193 3
    endloop
  endfacet
  facet normal 0.146733 -0.989176 0
    outer loop
      vertex -52.4079 32.5193 3
      vertex -52.0196 32.5769 5
      vertex -52.4079 32.5193 5
    endloop
  endfacet
  facet normal 0.146733 -0.989176 0
    outer loop
      vertex -52.0196 32.5769 5
      vertex -52.4079 32.5193 3
      vertex -52.0196 32.5769 3
    endloop
  endfacet
  facet normal -0.0491626 0.998791 0
    outer loop
      vertex -52.8 40.5 3
      vertex -53.1921 40.4807 5
      vertex -52.8 40.5 5
    endloop
  endfacet
  facet normal -0.0491626 0.998791 0
    outer loop
      vertex -53.1921 40.4807 5
      vertex -52.8 40.5 3
      vertex -53.1921 40.4807 3
    endloop
  endfacet
  facet normal -0.595794 -0.803137 0
    outer loop
      vertex -55.3376 33.408 3
      vertex -55.0223 33.1741 5
      vertex -55.3376 33.408 5
    endloop
  endfacet
  facet normal -0.595794 -0.803137 -0
    outer loop
      vertex -55.0223 33.1741 5
      vertex -55.3376 33.408 3
      vertex -55.0223 33.1741 3
    endloop
  endfacet
  facet normal -0.904044 -0.42744 0
    outer loop
      vertex -56.3277 34.6144 3
      vertex -56.4955 34.9693 5
      vertex -56.4955 34.9693 3
    endloop
  endfacet
  facet normal -0.904044 -0.42744 0
    outer loop
      vertex -56.4955 34.9693 5
      vertex -56.3277 34.6144 3
      vertex -56.3277 34.6144 5
    endloop
  endfacet
  facet normal -0.146733 0.989176 0
    outer loop
      vertex -53.1921 40.4807 3
      vertex -53.5804 40.4231 5
      vertex -53.1921 40.4807 5
    endloop
  endfacet
  facet normal -0.146733 0.989176 0
    outer loop
      vertex -53.5804 40.4231 5
      vertex -53.1921 40.4807 3
      vertex -53.5804 40.4231 3
    endloop
  endfacet
  facet normal 0.595794 -0.803137 0
    outer loop
      vertex -50.5777 33.1741 3
      vertex -50.2624 33.408 5
      vertex -50.5777 33.1741 5
    endloop
  endfacet
  facet normal 0.595794 -0.803137 0
    outer loop
      vertex -50.2624 33.408 5
      vertex -50.5777 33.1741 3
      vertex -50.2624 33.408 3
    endloop
  endfacet
  facet normal 0.0491626 0.998791 -0
    outer loop
      vertex -52.4079 40.4807 3
      vertex -52.8 40.5 5
      vertex -52.4079 40.4807 5
    endloop
  endfacet
  facet normal 0.0491626 0.998791 0
    outer loop
      vertex -52.8 40.5 5
      vertex -52.4079 40.4807 3
      vertex -52.8 40.5 3
    endloop
  endfacet
  facet normal 0.514084 0.85774 -0
    outer loop
      vertex -50.5777 39.8259 3
      vertex -50.9144 40.0277 5
      vertex -50.5777 39.8259 5
    endloop
  endfacet
  facet normal 0.514084 0.85774 0
    outer loop
      vertex -50.9144 40.0277 5
      vertex -50.5777 39.8259 3
      vertex -50.9144 40.0277 3
    endloop
  endfacet
  facet normal -0.998791 -0.0491626 0
    outer loop
      vertex -56.7807 36.1079 3
      vertex -56.8 36.5 5
      vertex -56.8 36.5 3
    endloop
  endfacet
  facet normal -0.998791 -0.0491626 0
    outer loop
      vertex -56.8 36.5 5
      vertex -56.7807 36.1079 3
      vertex -56.7807 36.1079 5
    endloop
  endfacet
  facet normal 0.970068 -0.242835 0
    outer loop
      vertex -48.9722 35.3389 5
      vertex -48.8769 35.7196 3
      vertex -48.8769 35.7196 5
    endloop
  endfacet
  facet normal 0.970068 -0.242835 0
    outer loop
      vertex -48.8769 35.7196 3
      vertex -48.9722 35.3389 5
      vertex -48.9722 35.3389 3
    endloop
  endfacet
  facet normal 0.740908 0.671607 0
    outer loop
      vertex -49.708 39.0376 5
      vertex -49.9716 39.3284 3
      vertex -49.9716 39.3284 5
    endloop
  endfacet
  facet normal 0.740908 0.671607 0
    outer loop
      vertex -49.9716 39.3284 3
      vertex -49.708 39.0376 5
      vertex -49.708 39.0376 3
    endloop
  endfacet
  facet normal 0.595794 0.803137 -0
    outer loop
      vertex -50.2624 39.592 3
      vertex -50.5777 39.8259 5
      vertex -50.2624 39.592 5
    endloop
  endfacet
  facet normal 0.595794 0.803137 0
    outer loop
      vertex -50.5777 39.8259 5
      vertex -50.2624 39.592 3
      vertex -50.5777 39.8259 3
    endloop
  endfacet
  facet normal -0.595794 0.803137 0
    outer loop
      vertex -55.0223 39.8259 3
      vertex -55.3376 39.592 5
      vertex -55.0223 39.8259 5
    endloop
  endfacet
  facet normal -0.595794 0.803137 0
    outer loop
      vertex -55.3376 39.592 5
      vertex -55.0223 39.8259 3
      vertex -55.3376 39.592 3
    endloop
  endfacet
  facet normal 0.803137 0.595794 0
    outer loop
      vertex -49.4741 38.7223 5
      vertex -49.708 39.0376 3
      vertex -49.708 39.0376 5
    endloop
  endfacet
  facet normal 0.803137 0.595794 0
    outer loop
      vertex -49.708 39.0376 3
      vertex -49.4741 38.7223 5
      vertex -49.4741 38.7223 3
    endloop
  endfacet
  facet normal 0.989176 -0.146733 0
    outer loop
      vertex -48.8769 35.7196 5
      vertex -48.8193 36.1079 3
      vertex -48.8193 36.1079 5
    endloop
  endfacet
  facet normal 0.989176 -0.146733 0
    outer loop
      vertex -48.8193 36.1079 3
      vertex -48.8769 35.7196 5
      vertex -48.8769 35.7196 3
    endloop
  endfacet
  facet normal -0.9415 0.337014 0
    outer loop
      vertex -56.6278 37.6611 3
      vertex -56.4955 38.0307 5
      vertex -56.4955 38.0307 3
    endloop
  endfacet
  facet normal -0.9415 0.337014 0
    outer loop
      vertex -56.4955 38.0307 5
      vertex -56.6278 37.6611 3
      vertex -56.6278 37.6611 5
    endloop
  endfacet
  facet normal 0.904044 -0.42744 0
    outer loop
      vertex -49.2723 34.6144 5
      vertex -49.1045 34.9693 3
      vertex -49.1045 34.9693 5
    endloop
  endfacet
  facet normal 0.904044 -0.42744 0
    outer loop
      vertex -49.1045 34.9693 3
      vertex -49.2723 34.6144 5
      vertex -49.2723 34.6144 3
    endloop
  endfacet
  facet normal 0.337014 0.9415 -0
    outer loop
      vertex -51.2693 40.1955 3
      vertex -51.6389 40.3278 5
      vertex -51.2693 40.1955 5
    endloop
  endfacet
  facet normal 0.337014 0.9415 0
    outer loop
      vertex -51.6389 40.3278 5
      vertex -51.2693 40.1955 3
      vertex -51.6389 40.3278 3
    endloop
  endfacet
  facet normal 0.998791 -0.0491626 0
    outer loop
      vertex -48.8193 36.1079 5
      vertex -48.8 36.5 3
      vertex -48.8 36.5 5
    endloop
  endfacet
  facet normal 0.998791 -0.0491626 0
    outer loop
      vertex -48.8 36.5 3
      vertex -48.8193 36.1079 5
      vertex -48.8193 36.1079 3
    endloop
  endfacet
  facet normal 0.337014 -0.9415 0
    outer loop
      vertex -51.6389 32.6722 3
      vertex -51.2693 32.8045 5
      vertex -51.6389 32.6722 5
    endloop
  endfacet
  facet normal 0.337014 -0.9415 0
    outer loop
      vertex -51.2693 32.8045 5
      vertex -51.6389 32.6722 3
      vertex -51.2693 32.8045 3
    endloop
  endfacet
  facet normal 0.9415 0.337014 0
    outer loop
      vertex -48.9722 37.6611 5
      vertex -49.1045 38.0307 3
      vertex -49.1045 38.0307 5
    endloop
  endfacet
  facet normal 0.9415 0.337014 0
    outer loop
      vertex -49.1045 38.0307 3
      vertex -48.9722 37.6611 5
      vertex -48.9722 37.6611 3
    endloop
  endfacet
  facet normal 0.803137 -0.595794 0
    outer loop
      vertex -49.708 33.9624 5
      vertex -49.4741 34.2777 3
      vertex -49.4741 34.2777 5
    endloop
  endfacet
  facet normal 0.803137 -0.595794 0
    outer loop
      vertex -49.4741 34.2777 3
      vertex -49.708 33.9624 5
      vertex -49.708 33.9624 3
    endloop
  endfacet
  facet normal 0.85774 -0.514084 0
    outer loop
      vertex -49.4741 34.2777 5
      vertex -49.2723 34.6144 3
      vertex -49.2723 34.6144 5
    endloop
  endfacet
  facet normal 0.85774 -0.514084 0
    outer loop
      vertex -49.2723 34.6144 3
      vertex -49.4741 34.2777 5
      vertex -49.4741 34.2777 3
    endloop
  endfacet
  facet normal 0.9415 -0.337014 0
    outer loop
      vertex -49.1045 34.9693 5
      vertex -48.9722 35.3389 3
      vertex -48.9722 35.3389 5
    endloop
  endfacet
  facet normal 0.9415 -0.337014 0
    outer loop
      vertex -48.9722 35.3389 3
      vertex -49.1045 34.9693 5
      vertex -49.1045 34.9693 3
    endloop
  endfacet
  facet normal -0.904044 0.42744 0
    outer loop
      vertex -56.4955 38.0307 3
      vertex -56.3277 38.3856 5
      vertex -56.3277 38.3856 3
    endloop
  endfacet
  facet normal -0.904044 0.42744 0
    outer loop
      vertex -56.3277 38.3856 5
      vertex -56.4955 38.0307 3
      vertex -56.4955 38.0307 5
    endloop
  endfacet
  facet normal -0.242835 0.970068 0
    outer loop
      vertex -53.5804 40.4231 3
      vertex -53.9611 40.3278 5
      vertex -53.5804 40.4231 5
    endloop
  endfacet
  facet normal -0.242835 0.970068 0
    outer loop
      vertex -53.9611 40.3278 5
      vertex -53.5804 40.4231 3
      vertex -53.9611 40.3278 3
    endloop
  endfacet
  facet normal 0.904044 0.42744 0
    outer loop
      vertex -49.1045 38.0307 5
      vertex -49.2723 38.3856 3
      vertex -49.2723 38.3856 5
    endloop
  endfacet
  facet normal 0.904044 0.42744 0
    outer loop
      vertex -49.2723 38.3856 3
      vertex -49.1045 38.0307 5
      vertex -49.1045 38.0307 3
    endloop
  endfacet
  facet normal 0.146733 0.989176 -0
    outer loop
      vertex -52.0196 40.4231 3
      vertex -52.4079 40.4807 5
      vertex -52.0196 40.4231 5
    endloop
  endfacet
  facet normal 0.146733 0.989176 0
    outer loop
      vertex -52.4079 40.4807 5
      vertex -52.0196 40.4231 3
      vertex -52.4079 40.4807 3
    endloop
  endfacet
  facet normal -0.85774 -0.514084 0
    outer loop
      vertex -56.1259 34.2777 3
      vertex -56.3277 34.6144 5
      vertex -56.3277 34.6144 3
    endloop
  endfacet
  facet normal -0.85774 -0.514084 0
    outer loop
      vertex -56.3277 34.6144 5
      vertex -56.1259 34.2777 3
      vertex -56.1259 34.2777 5
    endloop
  endfacet
  facet normal 0.85774 0.514084 0
    outer loop
      vertex -49.2723 38.3856 5
      vertex -49.4741 38.7223 3
      vertex -49.4741 38.7223 5
    endloop
  endfacet
  facet normal 0.85774 0.514084 0
    outer loop
      vertex -49.4741 38.7223 3
      vertex -49.2723 38.3856 5
      vertex -49.2723 38.3856 3
    endloop
  endfacet
  facet normal -0.740908 -0.671607 0
    outer loop
      vertex -55.6284 33.6716 3
      vertex -55.892 33.9624 5
      vertex -55.892 33.9624 3
    endloop
  endfacet
  facet normal -0.740908 -0.671607 0
    outer loop
      vertex -55.892 33.9624 5
      vertex -55.6284 33.6716 3
      vertex -55.6284 33.6716 5
    endloop
  endfacet
  facet normal 0.242835 -0.970068 0
    outer loop
      vertex -52.0196 32.5769 3
      vertex -51.6389 32.6722 5
      vertex -52.0196 32.5769 5
    endloop
  endfacet
  facet normal 0.242835 -0.970068 0
    outer loop
      vertex -51.6389 32.6722 5
      vertex -52.0196 32.5769 3
      vertex -51.6389 32.6722 3
    endloop
  endfacet
  facet normal -0.514084 0.85774 0
    outer loop
      vertex -54.6856 40.0277 3
      vertex -55.0223 39.8259 5
      vertex -54.6856 40.0277 5
    endloop
  endfacet
  facet normal -0.514084 0.85774 0
    outer loop
      vertex -55.0223 39.8259 5
      vertex -54.6856 40.0277 3
      vertex -55.0223 39.8259 3
    endloop
  endfacet
  facet normal -0.42744 0.904044 0
    outer loop
      vertex -54.3307 40.1955 3
      vertex -54.6856 40.0277 5
      vertex -54.3307 40.1955 5
    endloop
  endfacet
  facet normal -0.42744 0.904044 0
    outer loop
      vertex -54.6856 40.0277 5
      vertex -54.3307 40.1955 3
      vertex -54.6856 40.0277 3
    endloop
  endfacet
  facet normal -0.9415 -0.337014 0
    outer loop
      vertex -56.4955 34.9693 3
      vertex -56.6278 35.3389 5
      vertex -56.6278 35.3389 3
    endloop
  endfacet
  facet normal -0.9415 -0.337014 0
    outer loop
      vertex -56.6278 35.3389 5
      vertex -56.4955 34.9693 3
      vertex -56.4955 34.9693 5
    endloop
  endfacet
  facet normal -0.514084 -0.85774 0
    outer loop
      vertex -55.0223 33.1741 3
      vertex -54.6856 32.9723 5
      vertex -55.0223 33.1741 5
    endloop
  endfacet
  facet normal -0.514084 -0.85774 -0
    outer loop
      vertex -54.6856 32.9723 5
      vertex -55.0223 33.1741 3
      vertex -54.6856 32.9723 3
    endloop
  endfacet
  facet normal 0.671607 0.740908 -0
    outer loop
      vertex -49.9716 39.3284 3
      vertex -50.2624 39.592 5
      vertex -49.9716 39.3284 5
    endloop
  endfacet
  facet normal 0.671607 0.740908 0
    outer loop
      vertex -50.2624 39.592 5
      vertex -49.9716 39.3284 3
      vertex -50.2624 39.592 3
    endloop
  endfacet
  facet normal -0.970068 0.242835 0
    outer loop
      vertex -56.7231 37.2804 3
      vertex -56.6278 37.6611 5
      vertex -56.6278 37.6611 3
    endloop
  endfacet
  facet normal -0.970068 0.242835 0
    outer loop
      vertex -56.6278 37.6611 5
      vertex -56.7231 37.2804 3
      vertex -56.7231 37.2804 5
    endloop
  endfacet
  facet normal -0.803137 -0.595794 0
    outer loop
      vertex -55.892 33.9624 3
      vertex -56.1259 34.2777 5
      vertex -56.1259 34.2777 3
    endloop
  endfacet
  facet normal -0.803137 -0.595794 0
    outer loop
      vertex -56.1259 34.2777 5
      vertex -55.892 33.9624 3
      vertex -55.892 33.9624 5
    endloop
  endfacet
  facet normal -0.989176 -0.146733 0
    outer loop
      vertex -56.7231 35.7196 3
      vertex -56.7807 36.1079 5
      vertex -56.7807 36.1079 3
    endloop
  endfacet
  facet normal -0.989176 -0.146733 0
    outer loop
      vertex -56.7807 36.1079 5
      vertex -56.7231 35.7196 3
      vertex -56.7231 35.7196 5
    endloop
  endfacet
  facet normal -0.671607 -0.740908 0
    outer loop
      vertex -55.6284 33.6716 3
      vertex -55.3376 33.408 5
      vertex -55.6284 33.6716 5
    endloop
  endfacet
  facet normal -0.671607 -0.740908 -0
    outer loop
      vertex -55.3376 33.408 5
      vertex -55.6284 33.6716 3
      vertex -55.3376 33.408 3
    endloop
  endfacet
  facet normal -0.803137 0.595794 0
    outer loop
      vertex -56.1259 38.7223 3
      vertex -55.892 39.0376 5
      vertex -55.892 39.0376 3
    endloop
  endfacet
  facet normal -0.803137 0.595794 0
    outer loop
      vertex -55.892 39.0376 5
      vertex -56.1259 38.7223 3
      vertex -56.1259 38.7223 5
    endloop
  endfacet
  facet normal -0.85774 0.514084 0
    outer loop
      vertex -56.3277 38.3856 3
      vertex -56.1259 38.7223 5
      vertex -56.1259 38.7223 3
    endloop
  endfacet
  facet normal -0.85774 0.514084 0
    outer loop
      vertex -56.1259 38.7223 5
      vertex -56.3277 38.3856 3
      vertex -56.3277 38.3856 5
    endloop
  endfacet
  facet normal 0 0 1
    outer loop
      vertex -51.2 36.5 5
      vertex -48.8 36.5 5
      vertex -48.8193 36.8921 5
    endloop
  endfacet
  facet normal 0 0 1
    outer loop
      vertex -51.2077 36.6568 5
      vertex -48.8193 36.8921 5
      vertex -48.8769 37.2804 5
    endloop
  endfacet
  facet normal 0 0 1
    outer loop
      vertex -48.8 36.5 5
      vertex -51.2 36.5 5
      vertex -48.8193 36.1079 5
    endloop
  endfacet
  facet normal 0 0 1
    outer loop
      vertex -51.2307 36.8121 5
      vertex -48.8769 37.2804 5
      vertex -48.9722 37.6611 5
    endloop
  endfacet
  facet normal -0 0 1
    outer loop
      vertex -51.2077 36.3432 5
      vertex -48.8193 36.1079 5
      vertex -51.2 36.5 5
    endloop
  endfacet
  facet normal 0 0 1
    outer loop
      vertex -51.2689 36.9645 5
      vertex -48.9722 37.6611 5
      vertex -49.1045 38.0307 5
    endloop
  endfacet
  facet normal 0 0 1
    outer loop
      vertex -48.8193 36.1079 5
      vertex -51.2077 36.3432 5
      vertex -48.8769 35.7196 5
    endloop
  endfacet
  facet normal 0 0 1
    outer loop
      vertex -51.3218 37.1123 5
      vertex -49.1045 38.0307 5
      vertex -49.2723 38.3856 5
    endloop
  endfacet
  facet normal -0 0 1
    outer loop
      vertex -51.2307 36.1879 5
      vertex -48.8769 35.7196 5
      vertex -51.2077 36.3432 5
    endloop
  endfacet
  facet normal 0 0 1
    outer loop
      vertex -51.3889 37.2542 5
      vertex -49.2723 38.3856 5
      vertex -49.4741 38.7223 5
    endloop
  endfacet
  facet normal 0 0 1
    outer loop
      vertex -48.8769 35.7196 5
      vertex -51.2307 36.1879 5
      vertex -48.9722 35.3389 5
    endloop
  endfacet
  facet normal 0 0 1
    outer loop
      vertex -51.4697 37.3889 5
      vertex -49.4741 38.7223 5
      vertex -49.708 39.0376 5
    endloop
  endfacet
  facet normal -0 0 1
    outer loop
      vertex -51.2689 36.0355 5
      vertex -48.9722 35.3389 5
      vertex -51.2307 36.1879 5
    endloop
  endfacet
  facet normal 0 0 1
    outer loop
      vertex -51.5632 37.515 5
      vertex -49.708 39.0376 5
      vertex -49.9716 39.3284 5
    endloop
  endfacet
  facet normal 0 0 1
    outer loop
      vertex -48.9722 35.3389 5
      vertex -51.2689 36.0355 5
      vertex -49.1045 34.9693 5
    endloop
  endfacet
  facet normal 0 0 1
    outer loop
      vertex -51.6686 37.6314 5
      vertex -49.9716 39.3284 5
      vertex -50.2624 39.592 5
    endloop
  endfacet
  facet normal -0 0 1
    outer loop
      vertex -51.3218 35.8877 5
      vertex -49.1045 34.9693 5
      vertex -51.2689 36.0355 5
    endloop
  endfacet
  facet normal 0 0 1
    outer loop
      vertex -51.785 37.7368 5
      vertex -50.2624 39.592 5
      vertex -50.5777 39.8259 5
    endloop
  endfacet
  facet normal 0 0 1
    outer loop
      vertex -49.1045 34.9693 5
      vertex -51.3218 35.8877 5
      vertex -49.2723 34.6144 5
    endloop
  endfacet
  facet normal 0 0 1
    outer loop
      vertex -51.9111 37.8304 5
      vertex -50.5777 39.8259 5
      vertex -50.9144 40.0277 5
    endloop
  endfacet
  facet normal -0 0 1
    outer loop
      vertex -51.3889 35.7458 5
      vertex -49.2723 34.6144 5
      vertex -51.3218 35.8877 5
    endloop
  endfacet
  facet normal 0 0 1
    outer loop
      vertex -49.2723 34.6144 5
      vertex -51.3889 35.7458 5
      vertex -49.4741 34.2777 5
    endloop
  endfacet
  facet normal 0 0 1
    outer loop
      vertex -48.8193 36.8921 5
      vertex -51.2077 36.6568 5
      vertex -51.2 36.5 5
    endloop
  endfacet
  facet normal 0 0 1
    outer loop
      vertex -48.8769 37.2804 5
      vertex -51.2307 36.8121 5
      vertex -51.2077 36.6568 5
    endloop
  endfacet
  facet normal 0 0 1
    outer loop
      vertex -48.9722 37.6611 5
      vertex -51.2689 36.9645 5
      vertex -51.2307 36.8121 5
    endloop
  endfacet
  facet normal 0 0 1
    outer loop
      vertex -52.0458 37.9111 5
      vertex -50.9144 40.0277 5
      vertex -51.2693 40.1955 5
    endloop
  endfacet
  facet normal 0 0 1
    outer loop
      vertex -49.1045 38.0307 5
      vertex -51.3218 37.1123 5
      vertex -51.2689 36.9645 5
    endloop
  endfacet
  facet normal 0 0 1
    outer loop
      vertex -49.2723 38.3856 5
      vertex -51.3889 37.2542 5
      vertex -51.3218 37.1123 5
    endloop
  endfacet
  facet normal 0 0 1
    outer loop
      vertex -49.4741 38.7223 5
      vertex -51.4697 37.3889 5
      vertex -51.3889 37.2542 5
    endloop
  endfacet
  facet normal 0 0 1
    outer loop
      vertex -49.708 39.0376 5
      vertex -51.5632 37.515 5
      vertex -51.4697 37.3889 5
    endloop
  endfacet
  facet normal 0 0 1
    outer loop
      vertex -52.1877 37.9782 5
      vertex -51.2693 40.1955 5
      vertex -51.6389 40.3278 5
    endloop
  endfacet
  facet normal 0 0 1
    outer loop
      vertex -49.9716 39.3284 5
      vertex -51.6686 37.6314 5
      vertex -51.5632 37.515 5
    endloop
  endfacet
  facet normal 0 0 1
    outer loop
      vertex -50.2624 39.592 5
      vertex -51.785 37.7368 5
      vertex -51.6686 37.6314 5
    endloop
  endfacet
  facet normal 0 0 1
    outer loop
      vertex -50.5777 39.8259 5
      vertex -51.9111 37.8304 5
      vertex -51.785 37.7368 5
    endloop
  endfacet
  facet normal 0 0 1
    outer loop
      vertex -52.3355 38.0311 5
      vertex -51.6389 40.3278 5
      vertex -52.0196 40.4231 5
    endloop
  endfacet
  facet normal 0 0 1
    outer loop
      vertex -50.9144 40.0277 5
      vertex -52.0458 37.9111 5
      vertex -51.9111 37.8304 5
    endloop
  endfacet
  facet normal 0 0 1
    outer loop
      vertex -51.2693 40.1955 5
      vertex -52.1877 37.9782 5
      vertex -52.0458 37.9111 5
    endloop
  endfacet
  facet normal 0 0 1
    outer loop
      vertex -51.6389 40.3278 5
      vertex -52.3355 38.0311 5
      vertex -52.1877 37.9782 5
    endloop
  endfacet
  facet normal 0 0 1
    outer loop
      vertex -52.4879 38.0693 5
      vertex -52.0196 40.4231 5
      vertex -52.4079 40.4807 5
    endloop
  endfacet
  facet normal 0 0 1
    outer loop
      vertex -52.0196 40.4231 5
      vertex -52.4879 38.0693 5
      vertex -52.3355 38.0311 5
    endloop
  endfacet
  facet normal 0 0 1
    outer loop
      vertex -52.4079 40.4807 5
      vertex -52.6432 38.0923 5
      vertex -52.4879 38.0693 5
    endloop
  endfacet
  facet normal 0 0 1
    outer loop
      vertex -52.8 40.5 5
      vertex -52.6432 38.0923 5
      vertex -52.4079 40.4807 5
    endloop
  endfacet
  facet normal 0 0 1
    outer loop
      vertex -52.8 40.5 5
      vertex -52.8 38.1 5
      vertex -52.6432 38.0923 5
    endloop
  endfacet
  facet normal 0 0 1
    outer loop
      vertex -52.8 40.5 5
      vertex -52.9568 38.0923 5
      vertex -52.8 38.1 5
    endloop
  endfacet
  facet normal -0 0 1
    outer loop
      vertex -53.1921 40.4807 5
      vertex -52.9568 38.0923 5
      vertex -52.8 40.5 5
    endloop
  endfacet
  facet normal 0 0 1
    outer loop
      vertex -52.9568 38.0923 5
      vertex -53.1921 40.4807 5
      vertex -53.1121 38.0693 5
    endloop
  endfacet
  facet normal -0 0 1
    outer loop
      vertex -53.5804 40.4231 5
      vertex -53.1121 38.0693 5
      vertex -53.1921 40.4807 5
    endloop
  endfacet
  facet normal 0 0 1
    outer loop
      vertex -53.1121 38.0693 5
      vertex -53.5804 40.4231 5
      vertex -53.2645 38.0311 5
    endloop
  endfacet
  facet normal -0 0 1
    outer loop
      vertex -53.9611 40.3278 5
      vertex -53.2645 38.0311 5
      vertex -53.5804 40.4231 5
    endloop
  endfacet
  facet normal 0 0 1
    outer loop
      vertex -53.2645 38.0311 5
      vertex -53.9611 40.3278 5
      vertex -53.4123 37.9782 5
    endloop
  endfacet
  facet normal -0 0 1
    outer loop
      vertex -54.3307 40.1955 5
      vertex -53.4123 37.9782 5
      vertex -53.9611 40.3278 5
    endloop
  endfacet
  facet normal 0 0 1
    outer loop
      vertex -53.4123 37.9782 5
      vertex -54.3307 40.1955 5
      vertex -53.5542 37.9111 5
    endloop
  endfacet
  facet normal -0 0 1
    outer loop
      vertex -54.6856 40.0277 5
      vertex -53.5542 37.9111 5
      vertex -54.3307 40.1955 5
    endloop
  endfacet
  facet normal 0 0 1
    outer loop
      vertex -53.5542 37.9111 5
      vertex -54.6856 40.0277 5
      vertex -53.6889 37.8304 5
    endloop
  endfacet
  facet normal -0 0 1
    outer loop
      vertex -55.0223 39.8259 5
      vertex -53.6889 37.8304 5
      vertex -54.6856 40.0277 5
    endloop
  endfacet
  facet normal 0 0 1
    outer loop
      vertex -53.6889 37.8304 5
      vertex -55.0223 39.8259 5
      vertex -53.815 37.7368 5
    endloop
  endfacet
  facet normal -0 0 1
    outer loop
      vertex -55.3376 39.592 5
      vertex -53.815 37.7368 5
      vertex -55.0223 39.8259 5
    endloop
  endfacet
  facet normal 0 0 1
    outer loop
      vertex -53.815 37.7368 5
      vertex -55.3376 39.592 5
      vertex -53.9314 37.6314 5
    endloop
  endfacet
  facet normal -0 0 1
    outer loop
      vertex -55.6284 39.3284 5
      vertex -53.9314 37.6314 5
      vertex -55.3376 39.592 5
    endloop
  endfacet
  facet normal 0 0 1
    outer loop
      vertex -53.9314 37.6314 5
      vertex -55.6284 39.3284 5
      vertex -54.0368 37.515 5
    endloop
  endfacet
  facet normal -0 0 1
    outer loop
      vertex -55.892 39.0376 5
      vertex -54.0368 37.515 5
      vertex -55.6284 39.3284 5
    endloop
  endfacet
  facet normal 0 0 1
    outer loop
      vertex -54.0368 37.515 5
      vertex -55.892 39.0376 5
      vertex -54.1304 37.3889 5
    endloop
  endfacet
  facet normal -0 0 1
    outer loop
      vertex -56.1259 38.7223 5
      vertex -54.1304 37.3889 5
      vertex -55.892 39.0376 5
    endloop
  endfacet
  facet normal 0 0 1
    outer loop
      vertex -54.1304 37.3889 5
      vertex -56.1259 38.7223 5
      vertex -54.2111 37.2542 5
    endloop
  endfacet
  facet normal -0 0 1
    outer loop
      vertex -51.4697 35.6111 5
      vertex -49.4741 34.2777 5
      vertex -51.3889 35.7458 5
    endloop
  endfacet
  facet normal 0 0 1
    outer loop
      vertex -49.4741 34.2777 5
      vertex -51.4697 35.6111 5
      vertex -49.708 33.9624 5
    endloop
  endfacet
  facet normal -0 0 1
    outer loop
      vertex -51.5632 35.485 5
      vertex -49.708 33.9624 5
      vertex -51.4697 35.6111 5
    endloop
  endfacet
  facet normal 0 0 1
    outer loop
      vertex -49.708 33.9624 5
      vertex -51.5632 35.485 5
      vertex -49.9716 33.6716 5
    endloop
  endfacet
  facet normal -0 0 1
    outer loop
      vertex -51.6686 35.3686 5
      vertex -49.9716 33.6716 5
      vertex -51.5632 35.485 5
    endloop
  endfacet
  facet normal 0 0 1
    outer loop
      vertex -49.9716 33.6716 5
      vertex -51.6686 35.3686 5
      vertex -50.2624 33.408 5
    endloop
  endfacet
  facet normal -0 0 1
    outer loop
      vertex -51.785 35.2632 5
      vertex -50.2624 33.408 5
      vertex -51.6686 35.3686 5
    endloop
  endfacet
  facet normal 0 0 1
    outer loop
      vertex -50.2624 33.408 5
      vertex -51.785 35.2632 5
      vertex -50.5777 33.1741 5
    endloop
  endfacet
  facet normal -0 0 1
    outer loop
      vertex -51.9111 35.1696 5
      vertex -50.5777 33.1741 5
      vertex -51.785 35.2632 5
    endloop
  endfacet
  facet normal 0 0 1
    outer loop
      vertex -50.5777 33.1741 5
      vertex -51.9111 35.1696 5
      vertex -50.9144 32.9723 5
    endloop
  endfacet
  facet normal -0 0 1
    outer loop
      vertex -52.0458 35.0889 5
      vertex -50.9144 32.9723 5
      vertex -51.9111 35.1696 5
    endloop
  endfacet
  facet normal 0 0 1
    outer loop
      vertex -50.9144 32.9723 5
      vertex -52.0458 35.0889 5
      vertex -51.2693 32.8045 5
    endloop
  endfacet
  facet normal -0 0 1
    outer loop
      vertex -52.1877 35.0218 5
      vertex -51.2693 32.8045 5
      vertex -52.0458 35.0889 5
    endloop
  endfacet
  facet normal 0 0 1
    outer loop
      vertex -51.2693 32.8045 5
      vertex -52.1877 35.0218 5
      vertex -51.6389 32.6722 5
    endloop
  endfacet
  facet normal -0 0 1
    outer loop
      vertex -52.3355 34.9689 5
      vertex -51.6389 32.6722 5
      vertex -52.1877 35.0218 5
    endloop
  endfacet
  facet normal 0 0 1
    outer loop
      vertex -51.6389 32.6722 5
      vertex -52.3355 34.9689 5
      vertex -52.0196 32.5769 5
    endloop
  endfacet
  facet normal -0 0 1
    outer loop
      vertex -52.4879 34.9307 5
      vertex -52.0196 32.5769 5
      vertex -52.3355 34.9689 5
    endloop
  endfacet
  facet normal 0 0 1
    outer loop
      vertex -52.0196 32.5769 5
      vertex -52.4879 34.9307 5
      vertex -52.4079 32.5193 5
    endloop
  endfacet
  facet normal -0 0 1
    outer loop
      vertex -52.6432 34.9077 5
      vertex -52.4079 32.5193 5
      vertex -52.4879 34.9307 5
    endloop
  endfacet
  facet normal -0 0 1
    outer loop
      vertex -52.8 34.9 5
      vertex -52.4079 32.5193 5
      vertex -52.6432 34.9077 5
    endloop
  endfacet
  facet normal 0 0 1
    outer loop
      vertex -52.8 34.9 5
      vertex -52.8 32.5 5
      vertex -52.4079 32.5193 5
    endloop
  endfacet
  facet normal 0 0 1
    outer loop
      vertex -52.9568 34.9077 5
      vertex -52.8 32.5 5
      vertex -52.8 34.9 5
    endloop
  endfacet
  facet normal 0 0 1
    outer loop
      vertex -53.1921 32.5193 5
      vertex -52.9568 34.9077 5
      vertex -53.1121 34.9307 5
    endloop
  endfacet
  facet normal 0 0 1
    outer loop
      vertex -52.9568 34.9077 5
      vertex -53.1921 32.5193 5
      vertex -52.8 32.5 5
    endloop
  endfacet
  facet normal 0 0 1
    outer loop
      vertex -53.5804 32.5769 5
      vertex -53.1121 34.9307 5
      vertex -53.2645 34.9689 5
    endloop
  endfacet
  facet normal 0 0 1
    outer loop
      vertex -53.9611 32.6722 5
      vertex -53.2645 34.9689 5
      vertex -53.4123 35.0218 5
    endloop
  endfacet
  facet normal 0 0 1
    outer loop
      vertex -54.3307 32.8045 5
      vertex -53.4123 35.0218 5
      vertex -53.5542 35.0889 5
    endloop
  endfacet
  facet normal 0 0 1
    outer loop
      vertex -53.1121 34.9307 5
      vertex -53.5804 32.5769 5
      vertex -53.1921 32.5193 5
    endloop
  endfacet
  facet normal 0 0 1
    outer loop
      vertex -54.6856 32.9723 5
      vertex -53.5542 35.0889 5
      vertex -53.6889 35.1696 5
    endloop
  endfacet
  facet normal 0 0 1
    outer loop
      vertex -55.0223 33.1741 5
      vertex -53.6889 35.1696 5
      vertex -53.815 35.2632 5
    endloop
  endfacet
  facet normal 0 0 1
    outer loop
      vertex -55.3376 33.408 5
      vertex -53.815 35.2632 5
      vertex -53.9314 35.3686 5
    endloop
  endfacet
  facet normal 0 0 1
    outer loop
      vertex -53.2645 34.9689 5
      vertex -53.9611 32.6722 5
      vertex -53.5804 32.5769 5
    endloop
  endfacet
  facet normal 0 0 1
    outer loop
      vertex -55.6284 33.6716 5
      vertex -53.9314 35.3686 5
      vertex -54.0368 35.485 5
    endloop
  endfacet
  facet normal 0 0 1
    outer loop
      vertex -55.892 33.9624 5
      vertex -54.0368 35.485 5
      vertex -54.1304 35.6111 5
    endloop
  endfacet
  facet normal 0 0 1
    outer loop
      vertex -56.1259 34.2777 5
      vertex -54.1304 35.6111 5
      vertex -54.2111 35.7458 5
    endloop
  endfacet
  facet normal 0 0 1
    outer loop
      vertex -56.3277 34.6144 5
      vertex -54.2111 35.7458 5
      vertex -54.2782 35.8877 5
    endloop
  endfacet
  facet normal 0 0 1
    outer loop
      vertex -53.4123 35.0218 5
      vertex -54.3307 32.8045 5
      vertex -53.9611 32.6722 5
    endloop
  endfacet
  facet normal 0 0 1
    outer loop
      vertex -56.4955 34.9693 5
      vertex -54.2782 35.8877 5
      vertex -54.3311 36.0355 5
    endloop
  endfacet
  facet normal 0 0 1
    outer loop
      vertex -56.6278 35.3389 5
      vertex -54.3311 36.0355 5
      vertex -54.3693 36.1879 5
    endloop
  endfacet
  facet normal 0 0 1
    outer loop
      vertex -56.7231 35.7196 5
      vertex -54.3693 36.1879 5
      vertex -54.3923 36.3432 5
    endloop
  endfacet
  facet normal 0 0 1
    outer loop
      vertex -56.7807 36.1079 5
      vertex -54.3923 36.3432 5
      vertex -54.4 36.5 5
    endloop
  endfacet
  facet normal -0 0 1
    outer loop
      vertex -56.3277 38.3856 5
      vertex -54.2111 37.2542 5
      vertex -56.1259 38.7223 5
    endloop
  endfacet
  facet normal 0 0 1
    outer loop
      vertex -53.5542 35.0889 5
      vertex -54.6856 32.9723 5
      vertex -54.3307 32.8045 5
    endloop
  endfacet
  facet normal 0 0 1
    outer loop
      vertex -54.2111 37.2542 5
      vertex -56.3277 38.3856 5
      vertex -54.2782 37.1123 5
    endloop
  endfacet
  facet normal 0 0 1
    outer loop
      vertex -53.6889 35.1696 5
      vertex -55.0223 33.1741 5
      vertex -54.6856 32.9723 5
    endloop
  endfacet
  facet normal -0 0 1
    outer loop
      vertex -56.4955 38.0307 5
      vertex -54.2782 37.1123 5
      vertex -56.3277 38.3856 5
    endloop
  endfacet
  facet normal 0 0 1
    outer loop
      vertex -53.815 35.2632 5
      vertex -55.3376 33.408 5
      vertex -55.0223 33.1741 5
    endloop
  endfacet
  facet normal 0 0 1
    outer loop
      vertex -54.2782 37.1123 5
      vertex -56.4955 38.0307 5
      vertex -54.3311 36.9645 5
    endloop
  endfacet
  facet normal 0 0 1
    outer loop
      vertex -53.9314 35.3686 5
      vertex -55.6284 33.6716 5
      vertex -55.3376 33.408 5
    endloop
  endfacet
  facet normal -0 0 1
    outer loop
      vertex -56.6278 37.6611 5
      vertex -54.3311 36.9645 5
      vertex -56.4955 38.0307 5
    endloop
  endfacet
  facet normal 0 0 1
    outer loop
      vertex -54.0368 35.485 5
      vertex -55.892 33.9624 5
      vertex -55.6284 33.6716 5
    endloop
  endfacet
  facet normal 0 0 1
    outer loop
      vertex -54.3311 36.9645 5
      vertex -56.6278 37.6611 5
      vertex -54.3693 36.8121 5
    endloop
  endfacet
  facet normal 0 0 1
    outer loop
      vertex -54.1304 35.6111 5
      vertex -56.1259 34.2777 5
      vertex -55.892 33.9624 5
    endloop
  endfacet
  facet normal -0 0 1
    outer loop
      vertex -56.7231 37.2804 5
      vertex -54.3693 36.8121 5
      vertex -56.6278 37.6611 5
    endloop
  endfacet
  facet normal 0 0 1
    outer loop
      vertex -54.2111 35.7458 5
      vertex -56.3277 34.6144 5
      vertex -56.1259 34.2777 5
    endloop
  endfacet
  facet normal 0 0 1
    outer loop
      vertex -54.3693 36.8121 5
      vertex -56.7231 37.2804 5
      vertex -54.3923 36.6568 5
    endloop
  endfacet
  facet normal 0 0 1
    outer loop
      vertex -54.2782 35.8877 5
      vertex -56.4955 34.9693 5
      vertex -56.3277 34.6144 5
    endloop
  endfacet
  facet normal -0 0 1
    outer loop
      vertex -56.7807 36.8921 5
      vertex -54.3923 36.6568 5
      vertex -56.7231 37.2804 5
    endloop
  endfacet
  facet normal 0 0 1
    outer loop
      vertex -54.3311 36.0355 5
      vertex -56.6278 35.3389 5
      vertex -56.4955 34.9693 5
    endloop
  endfacet
  facet normal 0 0 1
    outer loop
      vertex -54.3923 36.6568 5
      vertex -56.7807 36.8921 5
      vertex -54.4 36.5 5
    endloop
  endfacet
  facet normal 0 0 1
    outer loop
      vertex -54.3693 36.1879 5
      vertex -56.7231 35.7196 5
      vertex -56.6278 35.3389 5
    endloop
  endfacet
  facet normal 0 0 1
    outer loop
      vertex -56.8 36.5 5
      vertex -54.4 36.5 5
      vertex -56.7807 36.8921 5
    endloop
  endfacet
  facet normal 0 0 1
    outer loop
      vertex -54.3923 36.3432 5
      vertex -56.7807 36.1079 5
      vertex -56.7231 35.7196 5
    endloop
  endfacet
  facet normal 0 0 1
    outer loop
      vertex -54.4 36.5 5
      vertex -56.8 36.5 5
      vertex -56.7807 36.1079 5
    endloop
  endfacet
  facet normal -0.0491626 -0.998791 0
    outer loop
      vertex -53.1921 32.5193 3
      vertex -52.8 32.5 5
      vertex -53.1921 32.5193 5
    endloop
  endfacet
  facet normal -0.0491626 -0.998791 -0
    outer loop
      vertex -52.8 32.5 5
      vertex -53.1921 32.5193 3
      vertex -52.8 32.5 3
    endloop
  endfacet
  facet normal -0.998791 0.0491626 0
    outer loop
      vertex -56.8 36.5 3
      vertex -56.7807 36.8921 5
      vertex -56.7807 36.8921 3
    endloop
  endfacet
  facet normal -0.998791 0.0491626 0
    outer loop
      vertex -56.7807 36.8921 5
      vertex -56.8 36.5 3
      vertex -56.8 36.5 5
    endloop
  endfacet
  facet normal -0.337014 -0.9415 0
    outer loop
      vertex -54.3307 32.8045 3
      vertex -53.9611 32.6722 5
      vertex -54.3307 32.8045 5
    endloop
  endfacet
  facet normal -0.337014 -0.9415 -0
    outer loop
      vertex -53.9611 32.6722 5
      vertex -54.3307 32.8045 3
      vertex -53.9611 32.6722 3
    endloop
  endfacet
  facet normal 0.740908 -0.671607 0
    outer loop
      vertex -49.9716 33.6716 5
      vertex -49.708 33.9624 3
      vertex -49.708 33.9624 5
    endloop
  endfacet
  facet normal 0.740908 -0.671607 0
    outer loop
      vertex -49.708 33.9624 3
      vertex -49.9716 33.6716 5
      vertex -49.9716 33.6716 3
    endloop
  endfacet
  facet normal 0.671607 -0.740908 0
    outer loop
      vertex -50.2624 33.408 3
      vertex -49.9716 33.6716 5
      vertex -50.2624 33.408 5
    endloop
  endfacet
  facet normal 0.671607 -0.740908 0
    outer loop
      vertex -49.9716 33.6716 5
      vertex -50.2624 33.408 3
      vertex -49.9716 33.6716 3
    endloop
  endfacet
  facet normal -0.98921 -0.146502 0
    outer loop
      vertex -51.2077 36.6568 3
      vertex -51.2307 36.8121 5
      vertex -51.2307 36.8121 3
    endloop
  endfacet
  facet normal -0.98921 -0.146502 0
    outer loop
      vertex -51.2307 36.8121 5
      vertex -51.2077 36.6568 3
      vertex -51.2077 36.6568 5
    endloop
  endfacet
  facet normal -0.998796 -0.049048 0
    outer loop
      vertex -51.2 36.5 3
      vertex -51.2077 36.6568 5
      vertex -51.2077 36.6568 3
    endloop
  endfacet
  facet normal -0.998796 -0.049048 0
    outer loop
      vertex -51.2077 36.6568 5
      vertex -51.2 36.5 3
      vertex -51.2 36.5 5
    endloop
  endfacet
  facet normal -0.969993 -0.243135 0
    outer loop
      vertex -51.2307 36.8121 3
      vertex -51.2689 36.9645 5
      vertex -51.2689 36.9645 3
    endloop
  endfacet
  facet normal -0.969993 -0.243135 0
    outer loop
      vertex -51.2689 36.9645 5
      vertex -51.2307 36.8121 3
      vertex -51.2307 36.8121 5
    endloop
  endfacet
  facet normal -0.427484 -0.904023 0
    outer loop
      vertex -52.1877 37.9782 3
      vertex -52.0458 37.9111 5
      vertex -52.1877 37.9782 5
    endloop
  endfacet
  facet normal -0.427484 -0.904023 -0
    outer loop
      vertex -52.0458 37.9111 5
      vertex -52.1877 37.9782 3
      vertex -52.0458 37.9111 3
    endloop
  endfacet
  facet normal 0.243135 0.969993 -0
    outer loop
      vertex -53.1121 34.9307 3
      vertex -53.2645 34.9689 5
      vertex -53.1121 34.9307 5
    endloop
  endfacet
  facet normal 0.243135 0.969993 0
    outer loop
      vertex -53.2645 34.9689 5
      vertex -53.1121 34.9307 3
      vertex -53.2645 34.9689 3
    endloop
  endfacet
  facet normal 0.85783 0.513934 0
    outer loop
      vertex -54.1304 35.6111 5
      vertex -54.2111 35.7458 3
      vertex -54.2111 35.7458 5
    endloop
  endfacet
  facet normal 0.85783 0.513934 0
    outer loop
      vertex -54.2111 35.7458 3
      vertex -54.1304 35.6111 5
      vertex -54.1304 35.6111 3
    endloop
  endfacet
  facet normal -0.146502 0.98921 0
    outer loop
      vertex -52.4879 34.9307 3
      vertex -52.6432 34.9077 5
      vertex -52.4879 34.9307 5
    endloop
  endfacet
  facet normal -0.146502 0.98921 0
    outer loop
      vertex -52.6432 34.9077 5
      vertex -52.4879 34.9307 3
      vertex -52.6432 34.9077 3
    endloop
  endfacet
  facet normal -0.741264 -0.671213 0
    outer loop
      vertex -51.5632 37.515 3
      vertex -51.6686 37.6314 5
      vertex -51.6686 37.6314 3
    endloop
  endfacet
  facet normal -0.741264 -0.671213 0
    outer loop
      vertex -51.6686 37.6314 5
      vertex -51.5632 37.515 3
      vertex -51.5632 37.515 5
    endloop
  endfacet
  facet normal 0.513934 -0.85783 0
    outer loop
      vertex -53.6889 37.8304 3
      vertex -53.5542 37.9111 5
      vertex -53.6889 37.8304 5
    endloop
  endfacet
  facet normal 0.513934 -0.85783 0
    outer loop
      vertex -53.5542 37.9111 5
      vertex -53.6889 37.8304 3
      vertex -53.5542 37.9111 3
    endloop
  endfacet
  facet normal -0.741264 0.671213 0
    outer loop
      vertex -51.6686 35.3686 3
      vertex -51.5632 35.485 5
      vertex -51.5632 35.485 3
    endloop
  endfacet
  facet normal -0.741264 0.671213 0
    outer loop
      vertex -51.5632 35.485 5
      vertex -51.6686 35.3686 3
      vertex -51.6686 35.3686 5
    endloop
  endfacet
  facet normal -0.513934 0.85783 0
    outer loop
      vertex -51.9111 35.1696 3
      vertex -52.0458 35.0889 5
      vertex -51.9111 35.1696 5
    endloop
  endfacet
  facet normal -0.513934 0.85783 0
    outer loop
      vertex -52.0458 35.0889 5
      vertex -51.9111 35.1696 3
      vertex -52.0458 35.0889 3
    endloop
  endfacet
  facet normal -0.243135 -0.969993 0
    outer loop
      vertex -52.4879 38.0693 3
      vertex -52.3355 38.0311 5
      vertex -52.4879 38.0693 5
    endloop
  endfacet
  facet normal -0.243135 -0.969993 -0
    outer loop
      vertex -52.3355 38.0311 5
      vertex -52.4879 38.0693 3
      vertex -52.3355 38.0311 3
    endloop
  endfacet
  facet normal 0.98921 -0.146502 0
    outer loop
      vertex -54.3923 36.6568 5
      vertex -54.3693 36.8121 3
      vertex -54.3693 36.8121 5
    endloop
  endfacet
  facet normal 0.98921 -0.146502 0
    outer loop
      vertex -54.3693 36.8121 3
      vertex -54.3923 36.6568 5
      vertex -54.3923 36.6568 3
    endloop
  endfacet
  facet normal -0.857549 -0.514402 0
    outer loop
      vertex -51.3889 37.2542 3
      vertex -51.4697 37.3889 5
      vertex -51.4697 37.3889 3
    endloop
  endfacet
  facet normal -0.857549 -0.514402 0
    outer loop
      vertex -51.4697 37.3889 5
      vertex -51.3889 37.2542 3
      vertex -51.3889 37.2542 5
    endloop
  endfacet
  facet normal -0.969993 0.243135 0
    outer loop
      vertex -51.2689 36.0355 3
      vertex -51.2307 36.1879 5
      vertex -51.2307 36.1879 3
    endloop
  endfacet
  facet normal -0.969993 0.243135 0
    outer loop
      vertex -51.2307 36.1879 5
      vertex -51.2689 36.0355 3
      vertex -51.2689 36.0355 5
    endloop
  endfacet
  facet normal 0.146502 0.98921 -0
    outer loop
      vertex -52.9568 34.9077 3
      vertex -53.1121 34.9307 5
      vertex -52.9568 34.9077 5
    endloop
  endfacet
  facet normal 0.146502 0.98921 0
    outer loop
      vertex -53.1121 34.9307 5
      vertex -52.9568 34.9077 3
      vertex -53.1121 34.9307 3
    endloop
  endfacet
  facet normal 0.998796 0.049048 0
    outer loop
      vertex -54.3923 36.3432 5
      vertex -54.4 36.5 3
      vertex -54.4 36.5 5
    endloop
  endfacet
  facet normal 0.998796 0.049048 0
    outer loop
      vertex -54.4 36.5 3
      vertex -54.3923 36.3432 5
      vertex -54.3923 36.3432 3
    endloop
  endfacet
  facet normal -0.146502 -0.98921 0
    outer loop
      vertex -52.6432 38.0923 3
      vertex -52.4879 38.0693 5
      vertex -52.6432 38.0923 5
    endloop
  endfacet
  facet normal -0.146502 -0.98921 -0
    outer loop
      vertex -52.4879 38.0693 5
      vertex -52.6432 38.0923 3
      vertex -52.4879 38.0693 3
    endloop
  endfacet
  facet normal -0.941511 -0.336982 0
    outer loop
      vertex -51.2689 36.9645 3
      vertex -51.3218 37.1123 5
      vertex -51.3218 37.1123 3
    endloop
  endfacet
  facet normal -0.941511 -0.336982 0
    outer loop
      vertex -51.3218 37.1123 5
      vertex -51.2689 36.9645 3
      vertex -51.2689 36.9645 5
    endloop
  endfacet
  facet normal -0.671213 -0.741264 0
    outer loop
      vertex -51.785 37.7368 3
      vertex -51.6686 37.6314 5
      vertex -51.785 37.7368 5
    endloop
  endfacet
  facet normal -0.671213 -0.741264 -0
    outer loop
      vertex -51.6686 37.6314 5
      vertex -51.785 37.7368 3
      vertex -51.6686 37.6314 3
    endloop
  endfacet
  facet normal 0.741264 -0.671213 0
    outer loop
      vertex -54.0368 37.515 5
      vertex -53.9314 37.6314 3
      vertex -53.9314 37.6314 5
    endloop
  endfacet
  facet normal 0.741264 -0.671213 0
    outer loop
      vertex -53.9314 37.6314 3
      vertex -54.0368 37.515 5
      vertex -54.0368 37.515 3
    endloop
  endfacet
  facet normal 0.969993 0.243135 0
    outer loop
      vertex -54.3311 36.0355 5
      vertex -54.3693 36.1879 3
      vertex -54.3693 36.1879 5
    endloop
  endfacet
  facet normal 0.969993 0.243135 0
    outer loop
      vertex -54.3693 36.1879 3
      vertex -54.3311 36.0355 5
      vertex -54.3311 36.0355 3
    endloop
  endfacet
  facet normal 0.336982 -0.941511 0
    outer loop
      vertex -53.4123 37.9782 3
      vertex -53.2645 38.0311 5
      vertex -53.4123 37.9782 5
    endloop
  endfacet
  facet normal 0.336982 -0.941511 0
    outer loop
      vertex -53.2645 38.0311 5
      vertex -53.4123 37.9782 3
      vertex -53.2645 38.0311 3
    endloop
  endfacet
  facet normal 0.941511 0.336982 0
    outer loop
      vertex -54.2782 35.8877 5
      vertex -54.3311 36.0355 3
      vertex -54.3311 36.0355 5
    endloop
  endfacet
  facet normal 0.941511 0.336982 0
    outer loop
      vertex -54.3311 36.0355 3
      vertex -54.2782 35.8877 5
      vertex -54.2782 35.8877 3
    endloop
  endfacet
  facet normal -0.336982 -0.941511 0
    outer loop
      vertex -52.3355 38.0311 3
      vertex -52.1877 37.9782 5
      vertex -52.3355 38.0311 5
    endloop
  endfacet
  facet normal -0.336982 -0.941511 -0
    outer loop
      vertex -52.1877 37.9782 5
      vertex -52.3355 38.0311 3
      vertex -52.1877 37.9782 3
    endloop
  endfacet
  facet normal 0.80297 -0.596019 0
    outer loop
      vertex -54.1304 37.3889 5
      vertex -54.0368 37.515 3
      vertex -54.0368 37.515 5
    endloop
  endfacet
  facet normal 0.80297 -0.596019 0
    outer loop
      vertex -54.0368 37.515 3
      vertex -54.1304 37.3889 5
      vertex -54.1304 37.3889 3
    endloop
  endfacet
  facet normal -0.803275 -0.595608 0
    outer loop
      vertex -51.4697 37.3889 3
      vertex -51.5632 37.515 5
      vertex -51.5632 37.515 3
    endloop
  endfacet
  facet normal -0.803275 -0.595608 0
    outer loop
      vertex -51.5632 37.515 5
      vertex -51.4697 37.3889 3
      vertex -51.4697 37.3889 5
    endloop
  endfacet
  facet normal 0.969993 -0.243135 0
    outer loop
      vertex -54.3693 36.8121 5
      vertex -54.3311 36.9645 3
      vertex -54.3311 36.9645 5
    endloop
  endfacet
  facet normal 0.969993 -0.243135 0
    outer loop
      vertex -54.3311 36.9645 3
      vertex -54.3693 36.8121 5
      vertex -54.3693 36.8121 3
    endloop
  endfacet
  facet normal 0.671213 -0.741264 0
    outer loop
      vertex -53.9314 37.6314 3
      vertex -53.815 37.7368 5
      vertex -53.9314 37.6314 5
    endloop
  endfacet
  facet normal 0.671213 -0.741264 0
    outer loop
      vertex -53.815 37.7368 5
      vertex -53.9314 37.6314 3
      vertex -53.815 37.7368 3
    endloop
  endfacet
  facet normal -0.427484 0.904023 0
    outer loop
      vertex -52.0458 35.0889 3
      vertex -52.1877 35.0218 5
      vertex -52.0458 35.0889 5
    endloop
  endfacet
  facet normal -0.427484 0.904023 0
    outer loop
      vertex -52.1877 35.0218 5
      vertex -52.0458 35.0889 3
      vertex -52.1877 35.0218 3
    endloop
  endfacet
  facet normal 0.243135 -0.969993 0
    outer loop
      vertex -53.2645 38.0311 3
      vertex -53.1121 38.0693 5
      vertex -53.2645 38.0311 5
    endloop
  endfacet
  facet normal 0.243135 -0.969993 0
    outer loop
      vertex -53.1121 38.0693 5
      vertex -53.2645 38.0311 3
      vertex -53.1121 38.0693 3
    endloop
  endfacet
  facet normal 0.941511 -0.336982 0
    outer loop
      vertex -54.3311 36.9645 5
      vertex -54.2782 37.1123 3
      vertex -54.2782 37.1123 5
    endloop
  endfacet
  facet normal 0.941511 -0.336982 0
    outer loop
      vertex -54.2782 37.1123 3
      vertex -54.3311 36.9645 5
      vertex -54.3311 36.9645 3
    endloop
  endfacet
  facet normal -0.513934 -0.85783 0
    outer loop
      vertex -52.0458 37.9111 3
      vertex -51.9111 37.8304 5
      vertex -52.0458 37.9111 5
    endloop
  endfacet
  facet normal -0.513934 -0.85783 -0
    outer loop
      vertex -51.9111 37.8304 5
      vertex -52.0458 37.9111 3
      vertex -51.9111 37.8304 3
    endloop
  endfacet
  facet normal 0.513934 0.85783 -0
    outer loop
      vertex -53.5542 35.0889 3
      vertex -53.6889 35.1696 5
      vertex -53.5542 35.0889 5
    endloop
  endfacet
  facet normal 0.513934 0.85783 0
    outer loop
      vertex -53.6889 35.1696 5
      vertex -53.5542 35.0889 3
      vertex -53.6889 35.1696 3
    endloop
  endfacet
  facet normal 0.596019 -0.80297 0
    outer loop
      vertex -53.815 37.7368 3
      vertex -53.6889 37.8304 5
      vertex -53.815 37.7368 5
    endloop
  endfacet
  facet normal 0.596019 -0.80297 0
    outer loop
      vertex -53.6889 37.8304 5
      vertex -53.815 37.7368 3
      vertex -53.6889 37.8304 3
    endloop
  endfacet
  facet normal -0.049048 0.998796 0
    outer loop
      vertex -52.6432 34.9077 3
      vertex -52.8 34.9 5
      vertex -52.6432 34.9077 5
    endloop
  endfacet
  facet normal -0.049048 0.998796 0
    outer loop
      vertex -52.8 34.9 5
      vertex -52.6432 34.9077 3
      vertex -52.8 34.9 3
    endloop
  endfacet
  facet normal -0.941511 0.336982 0
    outer loop
      vertex -51.3218 35.8877 3
      vertex -51.2689 36.0355 5
      vertex -51.2689 36.0355 3
    endloop
  endfacet
  facet normal -0.941511 0.336982 0
    outer loop
      vertex -51.2689 36.0355 5
      vertex -51.3218 35.8877 3
      vertex -51.3218 35.8877 5
    endloop
  endfacet
  facet normal -0.803275 0.595608 0
    outer loop
      vertex -51.5632 35.485 3
      vertex -51.4697 35.6111 5
      vertex -51.4697 35.6111 3
    endloop
  endfacet
  facet normal -0.803275 0.595608 0
    outer loop
      vertex -51.4697 35.6111 5
      vertex -51.5632 35.485 3
      vertex -51.5632 35.485 5
    endloop
  endfacet
  facet normal -0.98921 0.146502 0
    outer loop
      vertex -51.2307 36.1879 3
      vertex -51.2077 36.3432 5
      vertex -51.2077 36.3432 3
    endloop
  endfacet
  facet normal -0.98921 0.146502 0
    outer loop
      vertex -51.2077 36.3432 5
      vertex -51.2307 36.1879 3
      vertex -51.2307 36.1879 5
    endloop
  endfacet
  facet normal 0.85783 -0.513934 0
    outer loop
      vertex -54.2111 37.2542 5
      vertex -54.1304 37.3889 3
      vertex -54.1304 37.3889 5
    endloop
  endfacet
  facet normal 0.85783 -0.513934 0
    outer loop
      vertex -54.1304 37.3889 3
      vertex -54.2111 37.2542 5
      vertex -54.2111 37.2542 3
    endloop
  endfacet
  facet normal -0.904023 -0.427484 0
    outer loop
      vertex -51.3218 37.1123 3
      vertex -51.3889 37.2542 5
      vertex -51.3889 37.2542 3
    endloop
  endfacet
  facet normal -0.904023 -0.427484 0
    outer loop
      vertex -51.3889 37.2542 5
      vertex -51.3218 37.1123 3
      vertex -51.3218 37.1123 5
    endloop
  endfacet
  facet normal 0.427484 -0.904023 0
    outer loop
      vertex -53.5542 37.9111 3
      vertex -53.4123 37.9782 5
      vertex -53.5542 37.9111 5
    endloop
  endfacet
  facet normal 0.427484 -0.904023 0
    outer loop
      vertex -53.4123 37.9782 5
      vertex -53.5542 37.9111 3
      vertex -53.4123 37.9782 3
    endloop
  endfacet
  facet normal -0.596019 0.80297 0
    outer loop
      vertex -51.785 35.2632 3
      vertex -51.9111 35.1696 5
      vertex -51.785 35.2632 5
    endloop
  endfacet
  facet normal -0.596019 0.80297 0
    outer loop
      vertex -51.9111 35.1696 5
      vertex -51.785 35.2632 3
      vertex -51.9111 35.1696 3
    endloop
  endfacet
  facet normal -0.596019 -0.80297 0
    outer loop
      vertex -51.9111 37.8304 3
      vertex -51.785 37.7368 5
      vertex -51.9111 37.8304 5
    endloop
  endfacet
  facet normal -0.596019 -0.80297 -0
    outer loop
      vertex -51.785 37.7368 5
      vertex -51.9111 37.8304 3
      vertex -51.785 37.7368 3
    endloop
  endfacet
  facet normal 0.671213 0.741264 -0
    outer loop
      vertex -53.815 35.2632 3
      vertex -53.9314 35.3686 5
      vertex -53.815 35.2632 5
    endloop
  endfacet
  facet normal 0.671213 0.741264 0
    outer loop
      vertex -53.9314 35.3686 5
      vertex -53.815 35.2632 3
      vertex -53.9314 35.3686 3
    endloop
  endfacet
  facet normal -0.998796 0.049048 0
    outer loop
      vertex -51.2077 36.3432 3
      vertex -51.2 36.5 5
      vertex -51.2 36.5 3
    endloop
  endfacet
  facet normal -0.998796 0.049048 0
    outer loop
      vertex -51.2 36.5 5
      vertex -51.2077 36.3432 3
      vertex -51.2077 36.3432 5
    endloop
  endfacet
  facet normal 0.80297 0.596019 0
    outer loop
      vertex -54.0368 35.485 5
      vertex -54.1304 35.6111 3
      vertex -54.1304 35.6111 5
    endloop
  endfacet
  facet normal 0.80297 0.596019 0
    outer loop
      vertex -54.1304 35.6111 3
      vertex -54.0368 35.485 5
      vertex -54.0368 35.485 3
    endloop
  endfacet
  facet normal 0.904023 0.427484 0
    outer loop
      vertex -54.2111 35.7458 5
      vertex -54.2782 35.8877 3
      vertex -54.2782 35.8877 5
    endloop
  endfacet
  facet normal 0.904023 0.427484 0
    outer loop
      vertex -54.2782 35.8877 3
      vertex -54.2111 35.7458 5
      vertex -54.2111 35.7458 3
    endloop
  endfacet
  facet normal -0.049048 -0.998796 0
    outer loop
      vertex -52.8 38.1 3
      vertex -52.6432 38.0923 5
      vertex -52.8 38.1 5
    endloop
  endfacet
  facet normal -0.049048 -0.998796 -0
    outer loop
      vertex -52.6432 38.0923 5
      vertex -52.8 38.1 3
      vertex -52.6432 38.0923 3
    endloop
  endfacet
  facet normal 0.049048 -0.998796 0
    outer loop
      vertex -52.9568 38.0923 3
      vertex -52.8 38.1 5
      vertex -52.9568 38.0923 5
    endloop
  endfacet
  facet normal 0.049048 -0.998796 0
    outer loop
      vertex -52.8 38.1 5
      vertex -52.9568 38.0923 3
      vertex -52.8 38.1 3
    endloop
  endfacet
  facet normal 0.427484 0.904023 -0
    outer loop
      vertex -53.4123 35.0218 3
      vertex -53.5542 35.0889 5
      vertex -53.4123 35.0218 5
    endloop
  endfacet
  facet normal 0.427484 0.904023 0
    outer loop
      vertex -53.5542 35.0889 5
      vertex -53.4123 35.0218 3
      vertex -53.5542 35.0889 3
    endloop
  endfacet
  facet normal 0.146502 -0.98921 0
    outer loop
      vertex -53.1121 38.0693 3
      vertex -52.9568 38.0923 5
      vertex -53.1121 38.0693 5
    endloop
  endfacet
  facet normal 0.146502 -0.98921 0
    outer loop
      vertex -52.9568 38.0923 5
      vertex -53.1121 38.0693 3
      vertex -52.9568 38.0923 3
    endloop
  endfacet
  facet normal 0.98921 0.146502 0
    outer loop
      vertex -54.3693 36.1879 5
      vertex -54.3923 36.3432 3
      vertex -54.3923 36.3432 5
    endloop
  endfacet
  facet normal 0.98921 0.146502 0
    outer loop
      vertex -54.3923 36.3432 3
      vertex -54.3693 36.1879 5
      vertex -54.3693 36.1879 3
    endloop
  endfacet
  facet normal -0.336982 0.941511 0
    outer loop
      vertex -52.1877 35.0218 3
      vertex -52.3355 34.9689 5
      vertex -52.1877 35.0218 5
    endloop
  endfacet
  facet normal -0.336982 0.941511 0
    outer loop
      vertex -52.3355 34.9689 5
      vertex -52.1877 35.0218 3
      vertex -52.3355 34.9689 3
    endloop
  endfacet
  facet normal -0.243135 0.969993 0
    outer loop
      vertex -52.3355 34.9689 3
      vertex -52.4879 34.9307 5
      vertex -52.3355 34.9689 5
    endloop
  endfacet
  facet normal -0.243135 0.969993 0
    outer loop
      vertex -52.4879 34.9307 5
      vertex -52.3355 34.9689 3
      vertex -52.4879 34.9307 3
    endloop
  endfacet
  facet normal 0.904023 -0.427484 0
    outer loop
      vertex -54.2782 37.1123 5
      vertex -54.2111 37.2542 3
      vertex -54.2111 37.2542 5
    endloop
  endfacet
  facet normal 0.904023 -0.427484 0
    outer loop
      vertex -54.2111 37.2542 3
      vertex -54.2782 37.1123 5
      vertex -54.2782 37.1123 3
    endloop
  endfacet
  facet normal 0.741264 0.671213 0
    outer loop
      vertex -53.9314 35.3686 5
      vertex -54.0368 35.485 3
      vertex -54.0368 35.485 5
    endloop
  endfacet
  facet normal 0.741264 0.671213 0
    outer loop
      vertex -54.0368 35.485 3
      vertex -53.9314 35.3686 5
      vertex -53.9314 35.3686 3
    endloop
  endfacet
  facet normal 0.596019 0.80297 -0
    outer loop
      vertex -53.6889 35.1696 3
      vertex -53.815 35.2632 5
      vertex -53.6889 35.1696 5
    endloop
  endfacet
  facet normal 0.596019 0.80297 0
    outer loop
      vertex -53.815 35.2632 5
      vertex -53.6889 35.1696 3
      vertex -53.815 35.2632 3
    endloop
  endfacet
  facet normal -0.904023 0.427484 0
    outer loop
      vertex -51.3889 35.7458 3
      vertex -51.3218 35.8877 5
      vertex -51.3218 35.8877 3
    endloop
  endfacet
  facet normal -0.904023 0.427484 0
    outer loop
      vertex -51.3218 35.8877 5
      vertex -51.3889 35.7458 3
      vertex -51.3889 35.7458 5
    endloop
  endfacet
  facet normal -0.857549 0.514402 0
    outer loop
      vertex -51.4697 35.6111 3
      vertex -51.3889 35.7458 5
      vertex -51.3889 35.7458 3
    endloop
  endfacet
  facet normal -0.857549 0.514402 0
    outer loop
      vertex -51.3889 35.7458 5
      vertex -51.4697 35.6111 3
      vertex -51.4697 35.6111 5
    endloop
  endfacet
  facet normal 0.049048 0.998796 -0
    outer loop
      vertex -52.8 34.9 3
      vertex -52.9568 34.9077 5
      vertex -52.8 34.9 5
    endloop
  endfacet
  facet normal 0.049048 0.998796 0
    outer loop
      vertex -52.9568 34.9077 5
      vertex -52.8 34.9 3
      vertex -52.9568 34.9077 3
    endloop
  endfacet
  facet normal 0.998796 -0.049048 0
    outer loop
      vertex -54.4 36.5 5
      vertex -54.3923 36.6568 3
      vertex -54.3923 36.6568 5
    endloop
  endfacet
  facet normal 0.998796 -0.049048 0
    outer loop
      vertex -54.3923 36.6568 3
      vertex -54.4 36.5 5
      vertex -54.4 36.5 3
    endloop
  endfacet
  facet normal 0.336982 0.941511 -0
    outer loop
      vertex -53.2645 34.9689 3
      vertex -53.4123 35.0218 5
      vertex -53.2645 34.9689 5
    endloop
  endfacet
  facet normal 0.336982 0.941511 0
    outer loop
      vertex -53.4123 35.0218 5
      vertex -53.2645 34.9689 3
      vertex -53.4123 35.0218 3
    endloop
  endfacet
  facet normal -0.671213 0.741264 0
    outer loop
      vertex -51.6686 35.3686 3
      vertex -51.785 35.2632 5
      vertex -51.6686 35.3686 5
    endloop
  endfacet
  facet normal -0.671213 0.741264 0
    outer loop
      vertex -51.785 35.2632 5
      vertex -51.6686 35.3686 3
      vertex -51.785 35.2632 3
    endloop
  endfacet
endsolid OpenSCAD_Model
