solid OpenSCAD_Model
  facet normal 1 -0 0
    outer loop
      vertex 74.5 -83.2 51.5
      vertex 74.5 -81.2 0
      vertex 74.5 -81.2 51.5
    endloop
  endfacet
  facet normal 1 0 0
    outer loop
      vertex 74.5 -81.2 0
      vertex 74.5 -83.2 51.5
      vertex 74.5 -83.2 0
    endloop
  endfacet
  facet normal -0 0 1
    outer loop
      vertex -74.5 -81.2 51.5
      vertex -70.5 -83.2 51.5
      vertex -70.5 -81.2 51.5
    endloop
  endfacet
  facet normal 0 0 1
    outer loop
      vertex -70.5 -83.2 51.5
      vertex -74.5 -81.2 51.5
      vertex -74.5 -83.2 51.5
    endloop
  endfacet
  facet normal -0 0 1
    outer loop
      vertex 70.5 -81.2 51.5
      vertex 74.5 -83.2 51.5
      vertex 74.5 -81.2 51.5
    endloop
  endfacet
  facet normal 0 0 1
    outer loop
      vertex 74.5 -83.2 51.5
      vertex 70.5 -81.2 51.5
      vertex 70.5 -83.2 51.5
    endloop
  endfacet
  facet normal 0 0 -1
    outer loop
      vertex -74.5 -83.2 0
      vertex 74.5 -81.2 0
      vertex 74.5 -83.2 0
    endloop
  endfacet
  facet normal -0 0 -1
    outer loop
      vertex 74.5 -81.2 0
      vertex -74.5 -83.2 0
      vertex -74.5 -81.2 0
    endloop
  endfacet
  facet normal -1 0 0
    outer loop
      vertex -74.5 -83.2 0
      vertex -74.5 -81.2 51.5
      vertex -74.5 -81.2 0
    endloop
  endfacet
  facet normal -1 -0 0
    outer loop
      vertex -74.5 -81.2 51.5
      vertex -74.5 -83.2 0
      vertex -74.5 -83.2 51.5
    endloop
  endfacet
  facet normal 0 1 -0
    outer loop
      vertex 70.7219 -81.2 28.1855
      vertex 70.5 -81.2 51.5
      vertex 74.5 -81.2 51.5
    endloop
  endfacet
  facet normal 0 1 0
    outer loop
      vertex 70.5 -81.2 51.5
      vertex 70.7219 -81.2 28.1855
      vertex 70.5 -81.2 28.2
    endloop
  endfacet
  facet normal 0 1 0
    outer loop
      vertex 74.5 -81.2 51.5
      vertex 70.94 -81.2 28.1421
      vertex 70.7219 -81.2 28.1855
    endloop
  endfacet
  facet normal 0 1 0
    outer loop
      vertex 74.5 -81.2 51.5
      vertex 71.1506 -81.2 28.0706
      vertex 70.94 -81.2 28.1421
    endloop
  endfacet
  facet normal 0 1 0
    outer loop
      vertex 74.5 -81.2 51.5
      vertex 71.35 -81.2 27.9722
      vertex 71.1506 -81.2 28.0706
    endloop
  endfacet
  facet normal 0 1 0
    outer loop
      vertex 74.5 -81.2 51.5
      vertex 71.5349 -81.2 27.8487
      vertex 71.35 -81.2 27.9722
    endloop
  endfacet
  facet normal 0 1 0
    outer loop
      vertex 74.5 -81.2 51.5
      vertex 71.7021 -81.2 27.7021
      vertex 71.5349 -81.2 27.8487
    endloop
  endfacet
  facet normal 0 1 0
    outer loop
      vertex 74.5 -81.2 51.5
      vertex 71.8487 -81.2 27.5349
      vertex 71.7021 -81.2 27.7021
    endloop
  endfacet
  facet normal 0 1 0
    outer loop
      vertex 74.5 -81.2 51.5
      vertex 71.9722 -81.2 27.35
      vertex 71.8487 -81.2 27.5349
    endloop
  endfacet
  facet normal 0 1 0
    outer loop
      vertex 74.5 -81.2 51.5
      vertex 72.0706 -81.2 27.1506
      vertex 71.9722 -81.2 27.35
    endloop
  endfacet
  facet normal 0 1 0
    outer loop
      vertex 74.5 -81.2 51.5
      vertex 72.1421 -81.2 26.94
      vertex 72.0706 -81.2 27.1506
    endloop
  endfacet
  facet normal 0 1 0
    outer loop
      vertex 74.5 -81.2 51.5
      vertex 72.1855 -81.2 26.7219
      vertex 72.1421 -81.2 26.94
    endloop
  endfacet
  facet normal 0 1 0
    outer loop
      vertex 74.5 -81.2 51.5
      vertex 72.2 -81.2 26.5
      vertex 72.1855 -81.2 26.7219
    endloop
  endfacet
  facet normal 0 1 -0
    outer loop
      vertex 74.5 -81.2 0
      vertex 72.2 -81.2 26.5
      vertex 74.5 -81.2 51.5
    endloop
  endfacet
  facet normal 0 1 0
    outer loop
      vertex 70.7219 -81.2 24.8145
      vertex 70.5 -81.2 8.7
      vertex 70.5 -81.2 24.8
    endloop
  endfacet
  facet normal 0 1 0
    outer loop
      vertex 70.7219 -81.2 8.68546
      vertex 70.7219 -81.2 24.8145
      vertex 70.94 -81.2 24.8579
    endloop
  endfacet
  facet normal 0 1 0
    outer loop
      vertex 70.94 -81.2 8.64207
      vertex 70.94 -81.2 24.8579
      vertex 71.1506 -81.2 24.9294
    endloop
  endfacet
  facet normal 0 1 0
    outer loop
      vertex 71.1506 -81.2 8.57059
      vertex 71.1506 -81.2 24.9294
      vertex 71.35 -81.2 25.0278
    endloop
  endfacet
  facet normal 0 1 0
    outer loop
      vertex 71.35 -81.2 8.47224
      vertex 71.35 -81.2 25.0278
      vertex 71.5349 -81.2 25.1513
    endloop
  endfacet
  facet normal 0 1 0
    outer loop
      vertex 71.5349 -81.2 8.3487
      vertex 71.5349 -81.2 25.1513
      vertex 71.7021 -81.2 25.2979
    endloop
  endfacet
  facet normal 0 1 0
    outer loop
      vertex 71.7021 -81.2 8.20208
      vertex 71.7021 -81.2 25.2979
      vertex 71.8487 -81.2 25.4651
    endloop
  endfacet
  facet normal 0 1 0
    outer loop
      vertex 71.8487 -81.2 8.03489
      vertex 71.8487 -81.2 25.4651
      vertex 71.9722 -81.2 25.65
    endloop
  endfacet
  facet normal 0 1 0
    outer loop
      vertex 71.9722 -81.2 7.85
      vertex 71.9722 -81.2 25.65
      vertex 72.0706 -81.2 25.8494
    endloop
  endfacet
  facet normal 0 1 0
    outer loop
      vertex 72.0706 -81.2 7.65056
      vertex 72.0706 -81.2 25.8494
      vertex 72.1421 -81.2 26.06
    endloop
  endfacet
  facet normal 0 1 0
    outer loop
      vertex 74.5 -81.2 0
      vertex 72.1421 -81.2 26.06
      vertex 72.1855 -81.2 26.2781
    endloop
  endfacet
  facet normal 0 1 0
    outer loop
      vertex 70.7219 -81.2 24.8145
      vertex 70.7219 -81.2 8.68546
      vertex 70.5 -81.2 8.7
    endloop
  endfacet
  facet normal 0 1 0
    outer loop
      vertex 72.2 -81.2 26.5
      vertex 74.5 -81.2 0
      vertex 72.1855 -81.2 26.2781
    endloop
  endfacet
  facet normal 0 1 0
    outer loop
      vertex 70.94 -81.2 24.8579
      vertex 70.94 -81.2 8.64207
      vertex 70.7219 -81.2 8.68546
    endloop
  endfacet
  facet normal 0 1 0
    outer loop
      vertex 71.1506 -81.2 24.9294
      vertex 71.1506 -81.2 8.57059
      vertex 70.94 -81.2 8.64207
    endloop
  endfacet
  facet normal 0 1 0
    outer loop
      vertex 71.35 -81.2 25.0278
      vertex 71.35 -81.2 8.47224
      vertex 71.1506 -81.2 8.57059
    endloop
  endfacet
  facet normal 0 1 0
    outer loop
      vertex 71.5349 -81.2 25.1513
      vertex 71.5349 -81.2 8.3487
      vertex 71.35 -81.2 8.47224
    endloop
  endfacet
  facet normal 0 1 0
    outer loop
      vertex 71.7021 -81.2 25.2979
      vertex 71.7021 -81.2 8.20208
      vertex 71.5349 -81.2 8.3487
    endloop
  endfacet
  facet normal 0 1 0
    outer loop
      vertex 71.8487 -81.2 25.4651
      vertex 71.8487 -81.2 8.03489
      vertex 71.7021 -81.2 8.20208
    endloop
  endfacet
  facet normal 0 1 0
    outer loop
      vertex 71.9722 -81.2 25.65
      vertex 71.9722 -81.2 7.85
      vertex 71.8487 -81.2 8.03489
    endloop
  endfacet
  facet normal 0 1 0
    outer loop
      vertex 72.0706 -81.2 25.8494
      vertex 72.0706 -81.2 7.65056
      vertex 71.9722 -81.2 7.85
    endloop
  endfacet
  facet normal 0 1 0
    outer loop
      vertex 72.1421 -81.2 26.06
      vertex 72.1421 -81.2 7.43999
      vertex 72.0706 -81.2 7.65056
    endloop
  endfacet
  facet normal 0 1 0
    outer loop
      vertex 72.1421 -81.2 26.06
      vertex 74.5 -81.2 0
      vertex 72.1421 -81.2 7.43999
    endloop
  endfacet
  facet normal 0 1 0
    outer loop
      vertex 72.1421 -81.2 7.43999
      vertex 74.5 -81.2 0
      vertex 72.1855 -81.2 7.22189
    endloop
  endfacet
  facet normal 0 1 0
    outer loop
      vertex 70.7219 -81.2 5.31454
      vertex 70.5 -81.2 4
      vertex 70.5 -81.2 5.3
    endloop
  endfacet
  facet normal 0 1 0
    outer loop
      vertex 70.94 -81.2 5.35793
      vertex 70.5 -81.2 4
      vertex 70.7219 -81.2 5.31454
    endloop
  endfacet
  facet normal 0 1 0
    outer loop
      vertex 71.1506 -81.2 5.4294
      vertex 70.5 -81.2 4
      vertex 70.94 -81.2 5.35793
    endloop
  endfacet
  facet normal 0 1 0
    outer loop
      vertex 71.35 -81.2 5.52776
      vertex 70.5 -81.2 4
      vertex 71.1506 -81.2 5.4294
    endloop
  endfacet
  facet normal 0 1 0
    outer loop
      vertex 71.5349 -81.2 5.6513
      vertex 70.5 -81.2 4
      vertex 71.35 -81.2 5.52776
    endloop
  endfacet
  facet normal 0 1 0
    outer loop
      vertex 74.5 -81.2 0
      vertex 71.5349 -81.2 5.6513
      vertex 71.7021 -81.2 5.79792
    endloop
  endfacet
  facet normal 0 1 0
    outer loop
      vertex 74.5 -81.2 0
      vertex 71.7021 -81.2 5.79792
      vertex 71.8487 -81.2 5.96511
    endloop
  endfacet
  facet normal 0 1 0
    outer loop
      vertex 70.5 -81.2 4
      vertex 74.5 -81.2 0
      vertex -70.5 -81.2 4
    endloop
  endfacet
  facet normal 0 1 0
    outer loop
      vertex 71.5349 -81.2 5.6513
      vertex 74.5 -81.2 0
      vertex 70.5 -81.2 4
    endloop
  endfacet
  facet normal 0 1 0
    outer loop
      vertex 71.9722 -81.2 6.15
      vertex 74.5 -81.2 0
      vertex 71.8487 -81.2 5.96511
    endloop
  endfacet
  facet normal 0 1 0
    outer loop
      vertex 72.0706 -81.2 6.34944
      vertex 74.5 -81.2 0
      vertex 71.9722 -81.2 6.15
    endloop
  endfacet
  facet normal 0 1 0
    outer loop
      vertex 72.1421 -81.2 6.56001
      vertex 74.5 -81.2 0
      vertex 72.0706 -81.2 6.34944
    endloop
  endfacet
  facet normal 0 1 0
    outer loop
      vertex 72.1855 -81.2 6.7781
      vertex 74.5 -81.2 0
      vertex 72.1421 -81.2 6.56001
    endloop
  endfacet
  facet normal 0 1 0
    outer loop
      vertex 72.2 -81.2 7
      vertex 74.5 -81.2 0
      vertex 72.1855 -81.2 6.7781
    endloop
  endfacet
  facet normal 0 1 0
    outer loop
      vertex 72.1855 -81.2 7.22189
      vertex 74.5 -81.2 0
      vertex 72.2 -81.2 7
    endloop
  endfacet
  facet normal 0 1 0
    outer loop
      vertex -70.7219 -81.2 28.1855
      vertex -70.5 -81.2 51.5
      vertex -70.5 -81.2 28.2
    endloop
  endfacet
  facet normal 0 1 0
    outer loop
      vertex -70.5 -81.2 51.5
      vertex -70.7219 -81.2 28.1855
      vertex -74.5 -81.2 51.5
    endloop
  endfacet
  facet normal 0 1 -0
    outer loop
      vertex -70.94 -81.2 28.1421
      vertex -74.5 -81.2 51.5
      vertex -70.7219 -81.2 28.1855
    endloop
  endfacet
  facet normal 0 1 -0
    outer loop
      vertex -71.1506 -81.2 28.0706
      vertex -74.5 -81.2 51.5
      vertex -70.94 -81.2 28.1421
    endloop
  endfacet
  facet normal 0 1 -0
    outer loop
      vertex -71.35 -81.2 27.9722
      vertex -74.5 -81.2 51.5
      vertex -71.1506 -81.2 28.0706
    endloop
  endfacet
  facet normal 0 1 -0
    outer loop
      vertex -71.5349 -81.2 27.8487
      vertex -74.5 -81.2 51.5
      vertex -71.35 -81.2 27.9722
    endloop
  endfacet
  facet normal 0 1 -0
    outer loop
      vertex -71.7021 -81.2 27.7021
      vertex -74.5 -81.2 51.5
      vertex -71.5349 -81.2 27.8487
    endloop
  endfacet
  facet normal 0 1 -0
    outer loop
      vertex -71.8487 -81.2 27.5349
      vertex -74.5 -81.2 51.5
      vertex -71.7021 -81.2 27.7021
    endloop
  endfacet
  facet normal 0 1 -0
    outer loop
      vertex -71.9722 -81.2 27.35
      vertex -74.5 -81.2 51.5
      vertex -71.8487 -81.2 27.5349
    endloop
  endfacet
  facet normal 0 1 -0
    outer loop
      vertex -72.0706 -81.2 27.1506
      vertex -74.5 -81.2 51.5
      vertex -71.9722 -81.2 27.35
    endloop
  endfacet
  facet normal 0 1 -0
    outer loop
      vertex -72.1421 -81.2 26.94
      vertex -74.5 -81.2 51.5
      vertex -72.0706 -81.2 27.1506
    endloop
  endfacet
  facet normal 0 1 -0
    outer loop
      vertex -72.1855 -81.2 26.7219
      vertex -74.5 -81.2 51.5
      vertex -72.1421 -81.2 26.94
    endloop
  endfacet
  facet normal 0 1 -0
    outer loop
      vertex -72.2 -81.2 26.5
      vertex -74.5 -81.2 51.5
      vertex -72.1855 -81.2 26.7219
    endloop
  endfacet
  facet normal 0 1 0
    outer loop
      vertex -74.5 -81.2 0
      vertex -72.2 -81.2 26.5
      vertex -72.1855 -81.2 26.2781
    endloop
  endfacet
  facet normal 0 1 -0
    outer loop
      vertex -70.5 -81.2 8.7
      vertex -70.7219 -81.2 24.8145
      vertex -70.5 -81.2 24.8
    endloop
  endfacet
  facet normal 0 1 0
    outer loop
      vertex -70.7219 -81.2 8.68546
      vertex -70.7219 -81.2 24.8145
      vertex -70.5 -81.2 8.7
    endloop
  endfacet
  facet normal 0 1 0
    outer loop
      vertex -70.7219 -81.2 24.8145
      vertex -70.7219 -81.2 8.68546
      vertex -70.94 -81.2 24.8579
    endloop
  endfacet
  facet normal 0 1 0
    outer loop
      vertex -70.94 -81.2 8.64207
      vertex -70.94 -81.2 24.8579
      vertex -70.7219 -81.2 8.68546
    endloop
  endfacet
  facet normal 0 1 0
    outer loop
      vertex -70.94 -81.2 24.8579
      vertex -70.94 -81.2 8.64207
      vertex -71.1506 -81.2 24.9294
    endloop
  endfacet
  facet normal 0 1 0
    outer loop
      vertex -71.1506 -81.2 8.57059
      vertex -71.1506 -81.2 24.9294
      vertex -70.94 -81.2 8.64207
    endloop
  endfacet
  facet normal 0 1 0
    outer loop
      vertex -71.1506 -81.2 24.9294
      vertex -71.1506 -81.2 8.57059
      vertex -71.35 -81.2 25.0278
    endloop
  endfacet
  facet normal 0 1 0
    outer loop
      vertex -71.35 -81.2 8.47224
      vertex -71.35 -81.2 25.0278
      vertex -71.1506 -81.2 8.57059
    endloop
  endfacet
  facet normal 0 1 0
    outer loop
      vertex -71.35 -81.2 25.0278
      vertex -71.35 -81.2 8.47224
      vertex -71.5349 -81.2 25.1513
    endloop
  endfacet
  facet normal 0 1 0
    outer loop
      vertex -71.5349 -81.2 8.3487
      vertex -71.5349 -81.2 25.1513
      vertex -71.35 -81.2 8.47224
    endloop
  endfacet
  facet normal 0 1 0
    outer loop
      vertex -71.5349 -81.2 25.1513
      vertex -71.5349 -81.2 8.3487
      vertex -71.7021 -81.2 25.2979
    endloop
  endfacet
  facet normal 0 1 0
    outer loop
      vertex -71.7021 -81.2 8.20208
      vertex -71.7021 -81.2 25.2979
      vertex -71.5349 -81.2 8.3487
    endloop
  endfacet
  facet normal 0 1 0
    outer loop
      vertex -71.7021 -81.2 25.2979
      vertex -71.7021 -81.2 8.20208
      vertex -71.8487 -81.2 25.4651
    endloop
  endfacet
  facet normal 0 1 0
    outer loop
      vertex -71.8487 -81.2 8.03489
      vertex -71.8487 -81.2 25.4651
      vertex -71.7021 -81.2 8.20208
    endloop
  endfacet
  facet normal 0 1 0
    outer loop
      vertex -71.8487 -81.2 25.4651
      vertex -71.8487 -81.2 8.03489
      vertex -71.9722 -81.2 25.65
    endloop
  endfacet
  facet normal 0 1 0
    outer loop
      vertex -71.9722 -81.2 7.85
      vertex -71.9722 -81.2 25.65
      vertex -71.8487 -81.2 8.03489
    endloop
  endfacet
  facet normal 0 1 0
    outer loop
      vertex -71.9722 -81.2 25.65
      vertex -71.9722 -81.2 7.85
      vertex -72.0706 -81.2 25.8494
    endloop
  endfacet
  facet normal 0 1 0
    outer loop
      vertex -72.0706 -81.2 7.65056
      vertex -72.0706 -81.2 25.8494
      vertex -71.9722 -81.2 7.85
    endloop
  endfacet
  facet normal 0 1 0
    outer loop
      vertex -72.0706 -81.2 25.8494
      vertex -72.0706 -81.2 7.65056
      vertex -72.1421 -81.2 26.06
    endloop
  endfacet
  facet normal 0 1 0
    outer loop
      vertex -72.1421 -81.2 7.43999
      vertex -72.1421 -81.2 26.06
      vertex -72.0706 -81.2 7.65056
    endloop
  endfacet
  facet normal 0 1 0
    outer loop
      vertex -74.5 -81.2 0
      vertex -72.1421 -81.2 26.06
      vertex -72.1421 -81.2 7.43999
    endloop
  endfacet
  facet normal 0 1 0
    outer loop
      vertex -72.1421 -81.2 26.06
      vertex -74.5 -81.2 0
      vertex -72.1855 -81.2 26.2781
    endloop
  endfacet
  facet normal 0 1 0
    outer loop
      vertex -74.5 -81.2 0
      vertex -72.1421 -81.2 7.43999
      vertex -72.1855 -81.2 7.22189
    endloop
  endfacet
  facet normal 0 1 0
    outer loop
      vertex -74.5 -81.2 0
      vertex -72.1855 -81.2 7.22189
      vertex -72.2 -81.2 7
    endloop
  endfacet
  facet normal 0 1 -0
    outer loop
      vertex -70.5 -81.2 4
      vertex -70.7219 -81.2 5.31454
      vertex -70.5 -81.2 5.3
    endloop
  endfacet
  facet normal 0 1 0
    outer loop
      vertex -70.5 -81.2 4
      vertex -70.94 -81.2 5.35793
      vertex -70.7219 -81.2 5.31454
    endloop
  endfacet
  facet normal 0 1 0
    outer loop
      vertex -70.5 -81.2 4
      vertex -71.1506 -81.2 5.4294
      vertex -70.94 -81.2 5.35793
    endloop
  endfacet
  facet normal 0 1 0
    outer loop
      vertex -70.5 -81.2 4
      vertex -71.35 -81.2 5.52776
      vertex -71.1506 -81.2 5.4294
    endloop
  endfacet
  facet normal 0 1 0
    outer loop
      vertex -70.5 -81.2 4
      vertex -71.5349 -81.2 5.6513
      vertex -71.35 -81.2 5.52776
    endloop
  endfacet
  facet normal 0 1 0
    outer loop
      vertex -74.5 -81.2 0
      vertex -71.5349 -81.2 5.6513
      vertex -70.5 -81.2 4
    endloop
  endfacet
  facet normal 0 1 0
    outer loop
      vertex -71.5349 -81.2 5.6513
      vertex -74.5 -81.2 0
      vertex -71.7021 -81.2 5.79792
    endloop
  endfacet
  facet normal 0 1 0
    outer loop
      vertex -72.2 -81.2 26.5
      vertex -74.5 -81.2 0
      vertex -74.5 -81.2 51.5
    endloop
  endfacet
  facet normal 0 1 0
    outer loop
      vertex -72.1855 -81.2 6.7781
      vertex -74.5 -81.2 0
      vertex -72.2 -81.2 7
    endloop
  endfacet
  facet normal 0 1 0
    outer loop
      vertex -72.1421 -81.2 6.56001
      vertex -74.5 -81.2 0
      vertex -72.1855 -81.2 6.7781
    endloop
  endfacet
  facet normal 0 1 0
    outer loop
      vertex -72.0706 -81.2 6.34944
      vertex -74.5 -81.2 0
      vertex -72.1421 -81.2 6.56001
    endloop
  endfacet
  facet normal 0 1 0
    outer loop
      vertex -71.9722 -81.2 6.15
      vertex -74.5 -81.2 0
      vertex -72.0706 -81.2 6.34944
    endloop
  endfacet
  facet normal 0 1 0
    outer loop
      vertex -71.8487 -81.2 5.96511
      vertex -74.5 -81.2 0
      vertex -71.9722 -81.2 6.15
    endloop
  endfacet
  facet normal 0 1 0
    outer loop
      vertex -71.7021 -81.2 5.79792
      vertex -74.5 -81.2 0
      vertex -71.8487 -81.2 5.96511
    endloop
  endfacet
  facet normal 0 1 0
    outer loop
      vertex -74.5 -81.2 0
      vertex -70.5 -81.2 4
      vertex 74.5 -81.2 0
    endloop
  endfacet
  facet normal 0 -1 0
    outer loop
      vertex -70.8816 -83.2 29.3985
      vertex -70.5 -83.2 51.5
      vertex -74.5 -83.2 51.5
    endloop
  endfacet
  facet normal 0 -1 -0
    outer loop
      vertex -70.5 -83.2 51.5
      vertex -70.8685 -83.2 29.3994
      vertex -70.5 -83.2 29.4235
    endloop
  endfacet
  facet normal 0 -1 0
    outer loop
      vertex -70.5 -83.2 51.5
      vertex -70.8816 -83.2 29.3985
      vertex -70.8685 -83.2 29.3994
    endloop
  endfacet
  facet normal 0 -1 0
    outer loop
      vertex -74.5 -83.2 51.5
      vertex -70.8944 -83.2 29.396
      vertex -70.8816 -83.2 29.3985
    endloop
  endfacet
  facet normal 0 -1 0
    outer loop
      vertex -74.5 -83.2 51.5
      vertex -71.2567 -83.2 29.3239
      vertex -70.8944 -83.2 29.396
    endloop
  endfacet
  facet normal 0 -1 0
    outer loop
      vertex -74.5 -83.2 51.5
      vertex -71.6064 -83.2 29.2052
      vertex -71.2567 -83.2 29.3239
    endloop
  endfacet
  facet normal 0 -1 0
    outer loop
      vertex -74.5 -83.2 51.5
      vertex -71.6188 -83.2 29.201
      vertex -71.6064 -83.2 29.2052
    endloop
  endfacet
  facet normal 0 -1 0
    outer loop
      vertex -74.5 -83.2 51.5
      vertex -71.95 -83.2 29.0376
      vertex -71.6188 -83.2 29.201
    endloop
  endfacet
  facet normal 0 -1 0
    outer loop
      vertex -74.5 -83.2 51.5
      vertex -71.9618 -83.2 29.0319
      vertex -71.95 -83.2 29.0376
    endloop
  endfacet
  facet normal 0 -1 0
    outer loop
      vertex -74.5 -83.2 51.5
      vertex -71.9726 -83.2 29.0246
      vertex -71.9618 -83.2 29.0319
    endloop
  endfacet
  facet normal 0 -1 0
    outer loop
      vertex -74.5 -83.2 51.5
      vertex -72.2797 -83.2 28.8194
      vertex -71.9726 -83.2 29.0246
    endloop
  endfacet
  facet normal 0 -1 0
    outer loop
      vertex -74.5 -83.2 51.5
      vertex -72.5574 -83.2 28.5759
      vertex -72.2797 -83.2 28.8194
    endloop
  endfacet
  facet normal 0 -1 0
    outer loop
      vertex -74.5 -83.2 51.5
      vertex -72.5672 -83.2 28.5672
      vertex -72.5574 -83.2 28.5759
    endloop
  endfacet
  facet normal 0 -1 0
    outer loop
      vertex -74.5 -83.2 51.5
      vertex -72.5759 -83.2 28.5574
      vertex -72.5672 -83.2 28.5672
    endloop
  endfacet
  facet normal 0 -1 0
    outer loop
      vertex -74.5 -83.2 51.5
      vertex -72.8194 -83.2 28.2797
      vertex -72.5759 -83.2 28.5574
    endloop
  endfacet
  facet normal 0 -1 0
    outer loop
      vertex -74.5 -83.2 51.5
      vertex -73.0246 -83.2 27.9726
      vertex -72.8194 -83.2 28.2797
    endloop
  endfacet
  facet normal 0 -1 0
    outer loop
      vertex -74.5 -83.2 51.5
      vertex -73.0319 -83.2 27.9618
      vertex -73.0246 -83.2 27.9726
    endloop
  endfacet
  facet normal 0 -1 0
    outer loop
      vertex -74.5 -83.2 51.5
      vertex -73.0376 -83.2 27.95
      vertex -73.0319 -83.2 27.9618
    endloop
  endfacet
  facet normal 0 -1 0
    outer loop
      vertex -74.5 -83.2 51.5
      vertex -73.201 -83.2 27.6188
      vertex -73.0376 -83.2 27.95
    endloop
  endfacet
  facet normal 0 -1 0
    outer loop
      vertex -74.5 -83.2 51.5
      vertex -73.2052 -83.2 27.6064
      vertex -73.201 -83.2 27.6188
    endloop
  endfacet
  facet normal 0 -1 0
    outer loop
      vertex -74.5 -83.2 51.5
      vertex -73.3239 -83.2 27.2567
      vertex -73.2052 -83.2 27.6064
    endloop
  endfacet
  facet normal 0 -1 0
    outer loop
      vertex -74.5 -83.2 51.5
      vertex -73.396 -83.2 26.8944
      vertex -73.3239 -83.2 27.2567
    endloop
  endfacet
  facet normal 0 -1 0
    outer loop
      vertex -74.5 -83.2 51.5
      vertex -73.3985 -83.2 26.8816
      vertex -73.396 -83.2 26.8944
    endloop
  endfacet
  facet normal 0 -1 0
    outer loop
      vertex -74.5 -83.2 51.5
      vertex -73.3994 -83.2 26.8685
      vertex -73.3985 -83.2 26.8816
    endloop
  endfacet
  facet normal 0 -1 0
    outer loop
      vertex -74.5 -83.2 51.5
      vertex -73.4235 -83.2 26.5
      vertex -73.3994 -83.2 26.8685
    endloop
  endfacet
  facet normal 0 1 0
    outer loop
      vertex -73.4235 -83.2 26.5
      vertex -73.3985 -83.2 26.1184
      vertex -73.3994 -83.2 26.1315
    endloop
  endfacet
  facet normal 0 1 0
    outer loop
      vertex -73.3985 -83.2 26.1184
      vertex -73.3239 -83.2 25.7433
      vertex -73.396 -83.2 26.1056
    endloop
  endfacet
  facet normal 0 -1 0
    outer loop
      vertex -73.3239 -83.2 25.7433
      vertex -73.201 -83.2 25.3812
      vertex -73.2052 -83.2 25.3936
    endloop
  endfacet
  facet normal 0 -1 0
    outer loop
      vertex -73.201 -83.2 25.3812
      vertex -73.0319 -83.2 25.0382
      vertex -73.0376 -83.2 25.05
    endloop
  endfacet
  facet normal 0 -1 0
    outer loop
      vertex -73.0246 -83.2 8.47264
      vertex -73.0246 -83.2 25.0274
      vertex -73.0319 -83.2 25.0382
    endloop
  endfacet
  facet normal 0 -1 0
    outer loop
      vertex -70.8944 -83.2 9.89597
      vertex -70.8944 -83.2 23.604
      vertex -71.2567 -83.2 23.6761
    endloop
  endfacet
  facet normal 0 -1 0
    outer loop
      vertex -70.8685 -83.2 9.89937
      vertex -70.8685 -83.2 23.6006
      vertex -70.8816 -83.2 23.6015
    endloop
  endfacet
  facet normal 0 -1 0
    outer loop
      vertex -70.8685 -83.2 23.6006
      vertex -70.5 -83.2 9.92353
      vertex -70.5 -83.2 23.5765
    endloop
  endfacet
  facet normal 0 -1 0
    outer loop
      vertex -70.8944 -83.2 23.604
      vertex -70.8944 -83.2 9.89597
      vertex -70.8816 -83.2 23.6015
    endloop
  endfacet
  facet normal 0 -1 0
    outer loop
      vertex -71.2567 -83.2 9.82391
      vertex -71.2567 -83.2 23.6761
      vertex -71.6064 -83.2 23.7948
    endloop
  endfacet
  facet normal 0 -1 0
    outer loop
      vertex -71.6064 -83.2 9.70519
      vertex -71.6064 -83.2 23.7948
      vertex -71.6188 -83.2 23.799
    endloop
  endfacet
  facet normal 0 -1 0
    outer loop
      vertex -71.6188 -83.2 9.70099
      vertex -71.6188 -83.2 23.799
      vertex -71.95 -83.2 23.9624
    endloop
  endfacet
  facet normal 0 -1 0
    outer loop
      vertex -71.95 -83.2 9.53764
      vertex -71.95 -83.2 23.9624
      vertex -71.9618 -83.2 23.9681
    endloop
  endfacet
  facet normal 0 -1 0
    outer loop
      vertex -71.9618 -83.2 9.53185
      vertex -71.9618 -83.2 23.9681
      vertex -71.9726 -83.2 23.9754
    endloop
  endfacet
  facet normal 0 -1 0
    outer loop
      vertex -71.9726 -83.2 9.52458
      vertex -71.9726 -83.2 23.9754
      vertex -72.2797 -83.2 24.1806
    endloop
  endfacet
  facet normal 0 -1 0
    outer loop
      vertex -72.2797 -83.2 9.31939
      vertex -72.2797 -83.2 24.1806
      vertex -72.5574 -83.2 24.4241
    endloop
  endfacet
  facet normal 0 -1 0
    outer loop
      vertex -72.5574 -83.2 9.07587
      vertex -72.5574 -83.2 24.4241
      vertex -72.5672 -83.2 24.4328
    endloop
  endfacet
  facet normal 0 -1 0
    outer loop
      vertex -72.5672 -83.2 9.06725
      vertex -72.5672 -83.2 24.4328
      vertex -72.5759 -83.2 24.4426
    endloop
  endfacet
  facet normal 0 -1 0
    outer loop
      vertex -72.5759 -83.2 9.05741
      vertex -72.5759 -83.2 24.4426
      vertex -72.8194 -83.2 24.7203
    endloop
  endfacet
  facet normal 0 -1 0
    outer loop
      vertex -73.0246 -83.2 25.0274
      vertex -72.8194 -83.2 8.77973
      vertex -72.8194 -83.2 24.7203
    endloop
  endfacet
  facet normal 0 -1 0
    outer loop
      vertex -73.0319 -83.2 8.46177
      vertex -73.0319 -83.2 25.0382
      vertex -73.201 -83.2 25.3812
    endloop
  endfacet
  facet normal 0 -1 0
    outer loop
      vertex -73.201 -83.2 8.11879
      vertex -73.201 -83.2 25.3812
      vertex -73.3239 -83.2 25.7433
    endloop
  endfacet
  facet normal 0 -1 0
    outer loop
      vertex -73.3239 -83.2 7.75666
      vertex -73.3239 -83.2 25.7433
      vertex -73.3985 -83.2 26.1184
    endloop
  endfacet
  facet normal 0 -1 0
    outer loop
      vertex -70.8685 -83.2 23.6006
      vertex -70.8685 -83.2 9.89937
      vertex -70.5 -83.2 9.92353
    endloop
  endfacet
  facet normal 0 -1 0
    outer loop
      vertex -70.8816 -83.2 23.6015
      vertex -70.8816 -83.2 9.89852
      vertex -70.8685 -83.2 9.89937
    endloop
  endfacet
  facet normal 0 -1 -0
    outer loop
      vertex -70.8816 -83.2 23.6015
      vertex -70.8944 -83.2 9.89597
      vertex -70.8816 -83.2 9.89852
    endloop
  endfacet
  facet normal 0 -1 0
    outer loop
      vertex -71.2567 -83.2 23.6761
      vertex -71.2567 -83.2 9.82391
      vertex -70.8944 -83.2 9.89597
    endloop
  endfacet
  facet normal 0 -1 0
    outer loop
      vertex -71.6064 -83.2 23.7948
      vertex -71.6064 -83.2 9.70519
      vertex -71.2567 -83.2 9.82391
    endloop
  endfacet
  facet normal 0 -1 0
    outer loop
      vertex -71.6188 -83.2 23.799
      vertex -71.6188 -83.2 9.70099
      vertex -71.6064 -83.2 9.70519
    endloop
  endfacet
  facet normal 0 -1 0
    outer loop
      vertex -71.95 -83.2 23.9624
      vertex -71.95 -83.2 9.53764
      vertex -71.6188 -83.2 9.70099
    endloop
  endfacet
  facet normal 0 -1 0
    outer loop
      vertex -71.9618 -83.2 23.9681
      vertex -71.9618 -83.2 9.53185
      vertex -71.95 -83.2 9.53764
    endloop
  endfacet
  facet normal 0 -1 0
    outer loop
      vertex -71.9726 -83.2 23.9754
      vertex -71.9726 -83.2 9.52458
      vertex -71.9618 -83.2 9.53185
    endloop
  endfacet
  facet normal 0 -1 0
    outer loop
      vertex -72.2797 -83.2 24.1806
      vertex -72.2797 -83.2 9.31939
      vertex -71.9726 -83.2 9.52458
    endloop
  endfacet
  facet normal 0 -1 0
    outer loop
      vertex -72.5574 -83.2 24.4241
      vertex -72.5574 -83.2 9.07587
      vertex -72.2797 -83.2 9.31939
    endloop
  endfacet
  facet normal 0 -1 0
    outer loop
      vertex -74.5 -83.2 0
      vertex -73.3985 -83.2 26.1184
      vertex -73.4235 -83.2 26.5
    endloop
  endfacet
  facet normal 0 -1 0
    outer loop
      vertex -72.5672 -83.2 24.4328
      vertex -72.5672 -83.2 9.06725
      vertex -72.5574 -83.2 9.07587
    endloop
  endfacet
  facet normal 0 -1 0
    outer loop
      vertex -72.5759 -83.2 24.4426
      vertex -72.5759 -83.2 9.05741
      vertex -72.5672 -83.2 9.06725
    endloop
  endfacet
  facet normal 0 -1 0
    outer loop
      vertex -72.8194 -83.2 24.7203
      vertex -72.8194 -83.2 8.77973
      vertex -72.5759 -83.2 9.05741
    endloop
  endfacet
  facet normal 0 -1 0
    outer loop
      vertex -74.5 -83.2 0
      vertex -73.4235 -83.2 26.5
      vertex -74.5 -83.2 51.5
    endloop
  endfacet
  facet normal 0 -1 0
    outer loop
      vertex -73.0246 -83.2 25.0274
      vertex -73.0246 -83.2 8.47264
      vertex -72.8194 -83.2 8.77973
    endloop
  endfacet
  facet normal 0 -1 0
    outer loop
      vertex -73.0319 -83.2 25.0382
      vertex -73.0319 -83.2 8.46177
      vertex -73.0246 -83.2 8.47264
    endloop
  endfacet
  facet normal 0 -1 0
    outer loop
      vertex -73.201 -83.2 25.3812
      vertex -73.0376 -83.2 8.45003
      vertex -73.0319 -83.2 8.46177
    endloop
  endfacet
  facet normal 0 -1 0
    outer loop
      vertex -73.201 -83.2 25.3812
      vertex -73.201 -83.2 8.11879
      vertex -73.0376 -83.2 8.45003
    endloop
  endfacet
  facet normal 0 -1 0
    outer loop
      vertex -73.3239 -83.2 25.7433
      vertex -73.2052 -83.2 8.1064
      vertex -73.201 -83.2 8.11879
    endloop
  endfacet
  facet normal 0 -1 0
    outer loop
      vertex -73.3239 -83.2 25.7433
      vertex -73.3239 -83.2 7.75666
      vertex -73.2052 -83.2 8.1064
    endloop
  endfacet
  facet normal 0 -1 0
    outer loop
      vertex -73.3985 -83.2 26.1184
      vertex -73.396 -83.2 7.39443
      vertex -73.3239 -83.2 7.75666
    endloop
  endfacet
  facet normal 0 -1 0
    outer loop
      vertex -73.3985 -83.2 26.1184
      vertex -73.3985 -83.2 7.3816
      vertex -73.396 -83.2 7.39443
    endloop
  endfacet
  facet normal 0 -1 -0
    outer loop
      vertex -73.3985 -83.2 26.1184
      vertex -74.5 -83.2 0
      vertex -73.3985 -83.2 7.3816
    endloop
  endfacet
  facet normal 0 -1 0
    outer loop
      vertex -73.3985 -83.2 7.3816
      vertex -74.5 -83.2 0
      vertex -73.3994 -83.2 7.36854
    endloop
  endfacet
  facet normal 0 -1 0
    outer loop
      vertex -74.5 -83.2 0
      vertex -73.3994 -83.2 6.63146
      vertex -73.4235 -83.2 7
    endloop
  endfacet
  facet normal 0 -1 0
    outer loop
      vertex -74.5 -83.2 0
      vertex -73.396 -83.2 6.60557
      vertex -73.3985 -83.2 6.6184
    endloop
  endfacet
  facet normal 0 -1 0
    outer loop
      vertex -74.5 -83.2 0
      vertex -73.2052 -83.2 5.8936
      vertex -73.3239 -83.2 6.24333
    endloop
  endfacet
  facet normal 0 -1 0
    outer loop
      vertex -74.5 -83.2 0
      vertex -73.0376 -83.2 5.54997
      vertex -73.201 -83.2 5.88121
    endloop
  endfacet
  facet normal 0 -1 0
    outer loop
      vertex -74.5 -83.2 0
      vertex -73.0246 -83.2 5.52736
      vertex -73.0319 -83.2 5.53824
    endloop
  endfacet
  facet normal 0 -1 0
    outer loop
      vertex -74.5 -83.2 0
      vertex -70.8944 -83.2 4.10403
      vertex -71.2567 -83.2 4.17609
    endloop
  endfacet
  facet normal 0 -1 0
    outer loop
      vertex -70.5 -83.2 4
      vertex -70.8685 -83.2 4.10063
      vertex -70.8816 -83.2 4.10148
    endloop
  endfacet
  facet normal 0 -1 0
    outer loop
      vertex -70.8685 -83.2 4.10063
      vertex -70.5 -83.2 4
      vertex -70.5 -83.2 4.07647
    endloop
  endfacet
  facet normal 0 -1 -0
    outer loop
      vertex -70.8944 -83.2 4.10403
      vertex -74.5 -83.2 0
      vertex -70.8816 -83.2 4.10148
    endloop
  endfacet
  facet normal 0 -1 -0
    outer loop
      vertex -70.5 -83.2 4
      vertex -74.5 -83.2 0
      vertex 70.5 -83.2 4
    endloop
  endfacet
  facet normal 0 -1 -0
    outer loop
      vertex -70.8816 -83.2 4.10148
      vertex -74.5 -83.2 0
      vertex -70.5 -83.2 4
    endloop
  endfacet
  facet normal 0 -1 -0
    outer loop
      vertex -71.6064 -83.2 4.29481
      vertex -74.5 -83.2 0
      vertex -71.2567 -83.2 4.17609
    endloop
  endfacet
  facet normal 0 -1 -0
    outer loop
      vertex -71.6188 -83.2 4.29901
      vertex -74.5 -83.2 0
      vertex -71.6064 -83.2 4.29481
    endloop
  endfacet
  facet normal 0 -1 -0
    outer loop
      vertex -71.95 -83.2 4.46236
      vertex -74.5 -83.2 0
      vertex -71.6188 -83.2 4.29901
    endloop
  endfacet
  facet normal 0 -1 -0
    outer loop
      vertex -71.9618 -83.2 4.46815
      vertex -74.5 -83.2 0
      vertex -71.95 -83.2 4.46236
    endloop
  endfacet
  facet normal 0 -1 -0
    outer loop
      vertex -71.9726 -83.2 4.47542
      vertex -74.5 -83.2 0
      vertex -71.9618 -83.2 4.46815
    endloop
  endfacet
  facet normal 0 -1 -0
    outer loop
      vertex -72.2797 -83.2 4.68061
      vertex -74.5 -83.2 0
      vertex -71.9726 -83.2 4.47542
    endloop
  endfacet
  facet normal 0 -1 -0
    outer loop
      vertex -72.5574 -83.2 4.92413
      vertex -74.5 -83.2 0
      vertex -72.2797 -83.2 4.68061
    endloop
  endfacet
  facet normal 0 -1 -0
    outer loop
      vertex -72.5672 -83.2 4.93275
      vertex -74.5 -83.2 0
      vertex -72.5574 -83.2 4.92413
    endloop
  endfacet
  facet normal 0 -1 -0
    outer loop
      vertex -72.5759 -83.2 4.94259
      vertex -74.5 -83.2 0
      vertex -72.5672 -83.2 4.93275
    endloop
  endfacet
  facet normal 0 -1 -0
    outer loop
      vertex -72.8194 -83.2 5.22027
      vertex -74.5 -83.2 0
      vertex -72.5759 -83.2 4.94259
    endloop
  endfacet
  facet normal 0 -1 -0
    outer loop
      vertex -73.0246 -83.2 5.52736
      vertex -74.5 -83.2 0
      vertex -72.8194 -83.2 5.22027
    endloop
  endfacet
  facet normal 0 -1 -0
    outer loop
      vertex -73.0376 -83.2 5.54997
      vertex -74.5 -83.2 0
      vertex -73.0319 -83.2 5.53824
    endloop
  endfacet
  facet normal 0 -1 -0
    outer loop
      vertex -73.2052 -83.2 5.8936
      vertex -74.5 -83.2 0
      vertex -73.201 -83.2 5.88121
    endloop
  endfacet
  facet normal 0 -1 -0
    outer loop
      vertex -73.396 -83.2 6.60557
      vertex -74.5 -83.2 0
      vertex -73.3239 -83.2 6.24333
    endloop
  endfacet
  facet normal 0 -1 -0
    outer loop
      vertex -73.3994 -83.2 6.63146
      vertex -74.5 -83.2 0
      vertex -73.3985 -83.2 6.6184
    endloop
  endfacet
  facet normal 0 -1 0
    outer loop
      vertex -73.3994 -83.2 7.36854
      vertex -74.5 -83.2 0
      vertex -73.4235 -83.2 7
    endloop
  endfacet
  facet normal 0 -1 0
    outer loop
      vertex 70.8685 -83.2 29.3994
      vertex 70.5 -83.2 51.5
      vertex 70.5 -83.2 29.4235
    endloop
  endfacet
  facet normal 0 -1 0
    outer loop
      vertex 70.8816 -83.2 29.3985
      vertex 70.5 -83.2 51.5
      vertex 70.8685 -83.2 29.3994
    endloop
  endfacet
  facet normal 0 -1 0
    outer loop
      vertex 70.5 -83.2 51.5
      vertex 70.8816 -83.2 29.3985
      vertex 74.5 -83.2 51.5
    endloop
  endfacet
  facet normal 0 -1 0
    outer loop
      vertex 70.8944 -83.2 29.396
      vertex 74.5 -83.2 51.5
      vertex 70.8816 -83.2 29.3985
    endloop
  endfacet
  facet normal 0 -1 0
    outer loop
      vertex 71.2567 -83.2 29.3239
      vertex 74.5 -83.2 51.5
      vertex 70.8944 -83.2 29.396
    endloop
  endfacet
  facet normal 0 -1 0
    outer loop
      vertex 71.6064 -83.2 29.2052
      vertex 74.5 -83.2 51.5
      vertex 71.2567 -83.2 29.3239
    endloop
  endfacet
  facet normal 0 -1 0
    outer loop
      vertex 71.6188 -83.2 29.201
      vertex 74.5 -83.2 51.5
      vertex 71.6064 -83.2 29.2052
    endloop
  endfacet
  facet normal 0 -1 0
    outer loop
      vertex 71.95 -83.2 29.0376
      vertex 74.5 -83.2 51.5
      vertex 71.6188 -83.2 29.201
    endloop
  endfacet
  facet normal 0 -1 0
    outer loop
      vertex 71.9618 -83.2 29.0319
      vertex 74.5 -83.2 51.5
      vertex 71.95 -83.2 29.0376
    endloop
  endfacet
  facet normal 0 -1 0
    outer loop
      vertex 71.9726 -83.2 29.0246
      vertex 74.5 -83.2 51.5
      vertex 71.9618 -83.2 29.0319
    endloop
  endfacet
  facet normal 0 -1 0
    outer loop
      vertex 72.2797 -83.2 28.8194
      vertex 74.5 -83.2 51.5
      vertex 71.9726 -83.2 29.0246
    endloop
  endfacet
  facet normal 0 -1 0
    outer loop
      vertex 72.5574 -83.2 28.5759
      vertex 74.5 -83.2 51.5
      vertex 72.2797 -83.2 28.8194
    endloop
  endfacet
  facet normal 0 -1 0
    outer loop
      vertex 72.5672 -83.2 28.5672
      vertex 74.5 -83.2 51.5
      vertex 72.5574 -83.2 28.5759
    endloop
  endfacet
  facet normal 0 -1 0
    outer loop
      vertex 72.5759 -83.2 28.5574
      vertex 74.5 -83.2 51.5
      vertex 72.5672 -83.2 28.5672
    endloop
  endfacet
  facet normal 0 -1 0
    outer loop
      vertex 72.8194 -83.2 28.2797
      vertex 74.5 -83.2 51.5
      vertex 72.5759 -83.2 28.5574
    endloop
  endfacet
  facet normal 0 -1 0
    outer loop
      vertex 73.0246 -83.2 27.9726
      vertex 74.5 -83.2 51.5
      vertex 72.8194 -83.2 28.2797
    endloop
  endfacet
  facet normal 0 -1 0
    outer loop
      vertex 73.0319 -83.2 27.9618
      vertex 74.5 -83.2 51.5
      vertex 73.0246 -83.2 27.9726
    endloop
  endfacet
  facet normal 0 -1 0
    outer loop
      vertex 73.0376 -83.2 27.95
      vertex 74.5 -83.2 51.5
      vertex 73.0319 -83.2 27.9618
    endloop
  endfacet
  facet normal 0 -1 0
    outer loop
      vertex 73.201 -83.2 27.6188
      vertex 74.5 -83.2 51.5
      vertex 73.0376 -83.2 27.95
    endloop
  endfacet
  facet normal 0 -1 0
    outer loop
      vertex 73.2052 -83.2 27.6064
      vertex 74.5 -83.2 51.5
      vertex 73.201 -83.2 27.6188
    endloop
  endfacet
  facet normal 0 -1 0
    outer loop
      vertex 73.3239 -83.2 27.2567
      vertex 74.5 -83.2 51.5
      vertex 73.2052 -83.2 27.6064
    endloop
  endfacet
  facet normal 0 -1 0
    outer loop
      vertex 73.396 -83.2 26.8944
      vertex 74.5 -83.2 51.5
      vertex 73.3239 -83.2 27.2567
    endloop
  endfacet
  facet normal 0 -1 0
    outer loop
      vertex 73.3985 -83.2 26.8816
      vertex 74.5 -83.2 51.5
      vertex 73.396 -83.2 26.8944
    endloop
  endfacet
  facet normal 0 -1 0
    outer loop
      vertex 73.3994 -83.2 26.8685
      vertex 74.5 -83.2 51.5
      vertex 73.3985 -83.2 26.8816
    endloop
  endfacet
  facet normal 0 -1 0
    outer loop
      vertex 73.4235 -83.2 26.5
      vertex 74.5 -83.2 51.5
      vertex 73.3994 -83.2 26.8685
    endloop
  endfacet
  facet normal 0 1 0
    outer loop
      vertex 73.3985 -83.2 26.1184
      vertex 73.4235 -83.2 26.5
      vertex 73.3994 -83.2 26.1315
    endloop
  endfacet
  facet normal 0 1 0
    outer loop
      vertex 73.3239 -83.2 25.7433
      vertex 73.3985 -83.2 26.1184
      vertex 73.396 -83.2 26.1056
    endloop
  endfacet
  facet normal 0 -1 0
    outer loop
      vertex 73.201 -83.2 25.3812
      vertex 73.3239 -83.2 25.7433
      vertex 73.2052 -83.2 25.3936
    endloop
  endfacet
  facet normal 0 -1 0
    outer loop
      vertex 73.0319 -83.2 25.0382
      vertex 73.201 -83.2 25.3812
      vertex 73.0376 -83.2 25.05
    endloop
  endfacet
  facet normal 0 -1 0
    outer loop
      vertex 72.8194 -83.2 8.77973
      vertex 73.0246 -83.2 25.0274
      vertex 72.8194 -83.2 24.7203
    endloop
  endfacet
  facet normal 0 -1 0
    outer loop
      vertex 70.8944 -83.2 9.89597
      vertex 70.8944 -83.2 23.604
      vertex 70.8816 -83.2 23.6015
    endloop
  endfacet
  facet normal 0 -1 0
    outer loop
      vertex 70.5 -83.2 9.92353
      vertex 70.8685 -83.2 23.6006
      vertex 70.5 -83.2 23.5765
    endloop
  endfacet
  facet normal 0 -1 0
    outer loop
      vertex 70.8685 -83.2 9.89937
      vertex 70.8685 -83.2 23.6006
      vertex 70.5 -83.2 9.92353
    endloop
  endfacet
  facet normal 0 -1 0
    outer loop
      vertex 70.8685 -83.2 23.6006
      vertex 70.8685 -83.2 9.89937
      vertex 70.8816 -83.2 23.6015
    endloop
  endfacet
  facet normal 0 -1 0
    outer loop
      vertex 70.8816 -83.2 9.89852
      vertex 70.8816 -83.2 23.6015
      vertex 70.8685 -83.2 9.89937
    endloop
  endfacet
  facet normal 0 -1 0
    outer loop
      vertex 70.8944 -83.2 9.89597
      vertex 70.8816 -83.2 23.6015
      vertex 70.8816 -83.2 9.89852
    endloop
  endfacet
  facet normal 0 -1 0
    outer loop
      vertex 70.8944 -83.2 23.604
      vertex 70.8944 -83.2 9.89597
      vertex 71.2567 -83.2 23.6761
    endloop
  endfacet
  facet normal 0 -1 0
    outer loop
      vertex 71.2567 -83.2 9.82391
      vertex 71.2567 -83.2 23.6761
      vertex 70.8944 -83.2 9.89597
    endloop
  endfacet
  facet normal 0 -1 0
    outer loop
      vertex 71.2567 -83.2 23.6761
      vertex 71.2567 -83.2 9.82391
      vertex 71.6064 -83.2 23.7948
    endloop
  endfacet
  facet normal 0 -1 0
    outer loop
      vertex 71.6064 -83.2 9.70519
      vertex 71.6064 -83.2 23.7948
      vertex 71.2567 -83.2 9.82391
    endloop
  endfacet
  facet normal 0 -1 0
    outer loop
      vertex 71.6064 -83.2 23.7948
      vertex 71.6064 -83.2 9.70519
      vertex 71.6188 -83.2 23.799
    endloop
  endfacet
  facet normal 0 -1 0
    outer loop
      vertex 71.6188 -83.2 9.70099
      vertex 71.6188 -83.2 23.799
      vertex 71.6064 -83.2 9.70519
    endloop
  endfacet
  facet normal 0 -1 0
    outer loop
      vertex 71.6188 -83.2 23.799
      vertex 71.6188 -83.2 9.70099
      vertex 71.95 -83.2 23.9624
    endloop
  endfacet
  facet normal 0 -1 0
    outer loop
      vertex 71.95 -83.2 9.53764
      vertex 71.95 -83.2 23.9624
      vertex 71.6188 -83.2 9.70099
    endloop
  endfacet
  facet normal 0 -1 0
    outer loop
      vertex 71.95 -83.2 23.9624
      vertex 71.95 -83.2 9.53764
      vertex 71.9618 -83.2 23.9681
    endloop
  endfacet
  facet normal 0 -1 0
    outer loop
      vertex 71.9618 -83.2 9.53185
      vertex 71.9618 -83.2 23.9681
      vertex 71.95 -83.2 9.53764
    endloop
  endfacet
  facet normal 0 -1 0
    outer loop
      vertex 71.9618 -83.2 23.9681
      vertex 71.9618 -83.2 9.53185
      vertex 71.9726 -83.2 23.9754
    endloop
  endfacet
  facet normal 0 -1 0
    outer loop
      vertex 71.9726 -83.2 9.52458
      vertex 71.9726 -83.2 23.9754
      vertex 71.9618 -83.2 9.53185
    endloop
  endfacet
  facet normal 0 -1 0
    outer loop
      vertex 71.9726 -83.2 23.9754
      vertex 71.9726 -83.2 9.52458
      vertex 72.2797 -83.2 24.1806
    endloop
  endfacet
  facet normal 0 -1 0
    outer loop
      vertex 72.2797 -83.2 9.31939
      vertex 72.2797 -83.2 24.1806
      vertex 71.9726 -83.2 9.52458
    endloop
  endfacet
  facet normal 0 -1 0
    outer loop
      vertex 72.2797 -83.2 24.1806
      vertex 72.2797 -83.2 9.31939
      vertex 72.5574 -83.2 24.4241
    endloop
  endfacet
  facet normal 0 -1 0
    outer loop
      vertex 72.5574 -83.2 9.07587
      vertex 72.5574 -83.2 24.4241
      vertex 72.2797 -83.2 9.31939
    endloop
  endfacet
  facet normal 0 -1 0
    outer loop
      vertex 72.5574 -83.2 24.4241
      vertex 72.5574 -83.2 9.07587
      vertex 72.5672 -83.2 24.4328
    endloop
  endfacet
  facet normal 0 -1 0
    outer loop
      vertex 72.5672 -83.2 9.06725
      vertex 72.5672 -83.2 24.4328
      vertex 72.5574 -83.2 9.07587
    endloop
  endfacet
  facet normal 0 -1 0
    outer loop
      vertex 72.5672 -83.2 24.4328
      vertex 72.5672 -83.2 9.06725
      vertex 72.5759 -83.2 24.4426
    endloop
  endfacet
  facet normal 0 -1 0
    outer loop
      vertex 72.5759 -83.2 9.05741
      vertex 72.5759 -83.2 24.4426
      vertex 72.5672 -83.2 9.06725
    endloop
  endfacet
  facet normal 0 -1 0
    outer loop
      vertex 72.5759 -83.2 24.4426
      vertex 72.5759 -83.2 9.05741
      vertex 72.8194 -83.2 24.7203
    endloop
  endfacet
  facet normal 0 -1 0
    outer loop
      vertex 72.8194 -83.2 8.77973
      vertex 72.8194 -83.2 24.7203
      vertex 72.5759 -83.2 9.05741
    endloop
  endfacet
  facet normal 0 -1 0
    outer loop
      vertex 73.0246 -83.2 8.47264
      vertex 73.0246 -83.2 25.0274
      vertex 72.8194 -83.2 8.77973
    endloop
  endfacet
  facet normal 0 -1 0
    outer loop
      vertex 73.0246 -83.2 25.0274
      vertex 73.0246 -83.2 8.47264
      vertex 73.0319 -83.2 25.0382
    endloop
  endfacet
  facet normal 0 -1 0
    outer loop
      vertex 73.0319 -83.2 8.46177
      vertex 73.0319 -83.2 25.0382
      vertex 73.0246 -83.2 8.47264
    endloop
  endfacet
  facet normal 0 -1 0
    outer loop
      vertex 73.0319 -83.2 25.0382
      vertex 73.0319 -83.2 8.46177
      vertex 73.201 -83.2 25.3812
    endloop
  endfacet
  facet normal 0 -1 0
    outer loop
      vertex 73.0376 -83.2 8.45003
      vertex 73.201 -83.2 25.3812
      vertex 73.0319 -83.2 8.46177
    endloop
  endfacet
  facet normal 0 -1 0
    outer loop
      vertex 73.201 -83.2 8.11879
      vertex 73.201 -83.2 25.3812
      vertex 73.0376 -83.2 8.45003
    endloop
  endfacet
  facet normal 0 -1 0
    outer loop
      vertex 73.201 -83.2 25.3812
      vertex 73.201 -83.2 8.11879
      vertex 73.3239 -83.2 25.7433
    endloop
  endfacet
  facet normal 0 -1 0
    outer loop
      vertex 73.2052 -83.2 8.1064
      vertex 73.3239 -83.2 25.7433
      vertex 73.201 -83.2 8.11879
    endloop
  endfacet
  facet normal 0 -1 0
    outer loop
      vertex 73.3239 -83.2 7.75666
      vertex 73.3239 -83.2 25.7433
      vertex 73.2052 -83.2 8.1064
    endloop
  endfacet
  facet normal 0 -1 0
    outer loop
      vertex 73.3239 -83.2 25.7433
      vertex 73.3239 -83.2 7.75666
      vertex 73.3985 -83.2 26.1184
    endloop
  endfacet
  facet normal 0 -1 0
    outer loop
      vertex 73.396 -83.2 7.39443
      vertex 73.3985 -83.2 26.1184
      vertex 73.3239 -83.2 7.75666
    endloop
  endfacet
  facet normal 0 -1 0
    outer loop
      vertex 73.3985 -83.2 7.3816
      vertex 73.3985 -83.2 26.1184
      vertex 73.396 -83.2 7.39443
    endloop
  endfacet
  facet normal 0 -1 0
    outer loop
      vertex 74.5 -83.2 0
      vertex 73.3985 -83.2 26.1184
      vertex 73.3985 -83.2 7.3816
    endloop
  endfacet
  facet normal 0 -1 0
    outer loop
      vertex 73.3985 -83.2 26.1184
      vertex 74.5 -83.2 0
      vertex 73.4235 -83.2 26.5
    endloop
  endfacet
  facet normal 0 -1 0
    outer loop
      vertex 74.5 -83.2 0
      vertex 73.3985 -83.2 7.3816
      vertex 73.3994 -83.2 7.36854
    endloop
  endfacet
  facet normal 0 -1 0
    outer loop
      vertex 74.5 -83.2 0
      vertex 73.3994 -83.2 7.36854
      vertex 73.4235 -83.2 7
    endloop
  endfacet
  facet normal 0 -1 0
    outer loop
      vertex 74.5 -83.2 0
      vertex 73.3994 -83.2 6.63146
      vertex 73.3985 -83.2 6.6184
    endloop
  endfacet
  facet normal 0 -1 0
    outer loop
      vertex 74.5 -83.2 0
      vertex 73.396 -83.2 6.60557
      vertex 73.3239 -83.2 6.24333
    endloop
  endfacet
  facet normal 0 -1 0
    outer loop
      vertex 74.5 -83.2 0
      vertex 73.2052 -83.2 5.8936
      vertex 73.201 -83.2 5.88121
    endloop
  endfacet
  facet normal 0 -1 0
    outer loop
      vertex 74.5 -83.2 0
      vertex 73.0376 -83.2 5.54997
      vertex 73.0319 -83.2 5.53824
    endloop
  endfacet
  facet normal 0 -1 0
    outer loop
      vertex 74.5 -83.2 0
      vertex 73.0246 -83.2 5.52736
      vertex 72.8194 -83.2 5.22027
    endloop
  endfacet
  facet normal 0 -1 0
    outer loop
      vertex 74.5 -83.2 0
      vertex 70.8944 -83.2 4.10403
      vertex 70.8816 -83.2 4.10148
    endloop
  endfacet
  facet normal 0 -1 0
    outer loop
      vertex 70.5 -83.2 4
      vertex 70.8685 -83.2 4.10063
      vertex 70.5 -83.2 4.07647
    endloop
  endfacet
  facet normal 0 -1 -0
    outer loop
      vertex 70.8685 -83.2 4.10063
      vertex 70.5 -83.2 4
      vertex 70.8816 -83.2 4.10148
    endloop
  endfacet
  facet normal 0 -1 0
    outer loop
      vertex 74.5 -83.2 0
      vertex 70.8816 -83.2 4.10148
      vertex 70.5 -83.2 4
    endloop
  endfacet
  facet normal 0 -1 0
    outer loop
      vertex 73.4235 -83.2 26.5
      vertex 74.5 -83.2 0
      vertex 74.5 -83.2 51.5
    endloop
  endfacet
  facet normal 0 -1 0
    outer loop
      vertex 73.3994 -83.2 6.63146
      vertex 74.5 -83.2 0
      vertex 73.4235 -83.2 7
    endloop
  endfacet
  facet normal 0 -1 0
    outer loop
      vertex 73.396 -83.2 6.60557
      vertex 74.5 -83.2 0
      vertex 73.3985 -83.2 6.6184
    endloop
  endfacet
  facet normal 0 -1 0
    outer loop
      vertex 73.2052 -83.2 5.8936
      vertex 74.5 -83.2 0
      vertex 73.3239 -83.2 6.24333
    endloop
  endfacet
  facet normal 0 -1 0
    outer loop
      vertex 73.0376 -83.2 5.54997
      vertex 74.5 -83.2 0
      vertex 73.201 -83.2 5.88121
    endloop
  endfacet
  facet normal 0 -1 0
    outer loop
      vertex 73.0246 -83.2 5.52736
      vertex 74.5 -83.2 0
      vertex 73.0319 -83.2 5.53824
    endloop
  endfacet
  facet normal 0 -1 0
    outer loop
      vertex 72.5759 -83.2 4.94259
      vertex 74.5 -83.2 0
      vertex 72.8194 -83.2 5.22027
    endloop
  endfacet
  facet normal 0 -1 0
    outer loop
      vertex 72.5672 -83.2 4.93275
      vertex 74.5 -83.2 0
      vertex 72.5759 -83.2 4.94259
    endloop
  endfacet
  facet normal 0 -1 0
    outer loop
      vertex 72.5574 -83.2 4.92413
      vertex 74.5 -83.2 0
      vertex 72.5672 -83.2 4.93275
    endloop
  endfacet
  facet normal 0 -1 0
    outer loop
      vertex 72.2797 -83.2 4.68061
      vertex 74.5 -83.2 0
      vertex 72.5574 -83.2 4.92413
    endloop
  endfacet
  facet normal 0 -1 0
    outer loop
      vertex 71.9726 -83.2 4.47542
      vertex 74.5 -83.2 0
      vertex 72.2797 -83.2 4.68061
    endloop
  endfacet
  facet normal 0 -1 0
    outer loop
      vertex 71.9618 -83.2 4.46815
      vertex 74.5 -83.2 0
      vertex 71.9726 -83.2 4.47542
    endloop
  endfacet
  facet normal 0 -1 0
    outer loop
      vertex 71.95 -83.2 4.46236
      vertex 74.5 -83.2 0
      vertex 71.9618 -83.2 4.46815
    endloop
  endfacet
  facet normal 0 -1 0
    outer loop
      vertex 71.6188 -83.2 4.29901
      vertex 74.5 -83.2 0
      vertex 71.95 -83.2 4.46236
    endloop
  endfacet
  facet normal 0 -1 0
    outer loop
      vertex 71.6064 -83.2 4.29481
      vertex 74.5 -83.2 0
      vertex 71.6188 -83.2 4.29901
    endloop
  endfacet
  facet normal 0 -1 0
    outer loop
      vertex 71.2567 -83.2 4.17609
      vertex 74.5 -83.2 0
      vertex 71.6064 -83.2 4.29481
    endloop
  endfacet
  facet normal 0 -1 0
    outer loop
      vertex 70.8944 -83.2 4.10403
      vertex 74.5 -83.2 0
      vertex 71.2567 -83.2 4.17609
    endloop
  endfacet
  facet normal 0 -1 0
    outer loop
      vertex 74.5 -83.2 0
      vertex 70.5 -83.2 4
      vertex -74.5 -83.2 0
    endloop
  endfacet
  facet normal -1 0 0
    outer loop
      vertex 70.5 -83.2 29.4235
      vertex 70.5 -81.2 28.2
      vertex 70.5 -81.6 28.2
    endloop
  endfacet
  facet normal -1 0 0
    outer loop
      vertex 70.5 -81.2 28.2
      vertex 70.5 -83.2 29.4235
      vertex 70.5 -81.2 51.5
    endloop
  endfacet
  facet normal -1 -0 0
    outer loop
      vertex 70.5 -81.2 51.5
      vertex 70.5 -83.2 29.4235
      vertex 70.5 -83.2 51.5
    endloop
  endfacet
  facet normal -1 0 0
    outer loop
      vertex 70.5 -81.2 4
      vertex 70.5 -81.6 5.3
      vertex 70.5 -81.2 5.3
    endloop
  endfacet
  facet normal -1 0 0
    outer loop
      vertex 70.5 -83.2 4.07647
      vertex 70.5 -81.2 4
      vertex 70.5 -83.2 4
    endloop
  endfacet
  facet normal -1 0 0
    outer loop
      vertex 70.5 -81.2 4
      vertex 70.5 -83.2 4.07647
      vertex 70.5 -81.6 5.3
    endloop
  endfacet
  facet normal -1 0 0
    outer loop
      vertex 70.5 -83.2 9.92353
      vertex 70.5 -81.2 8.7
      vertex 70.5 -81.6 8.7
    endloop
  endfacet
  facet normal -1 0 0
    outer loop
      vertex 70.5 -81.2 8.7
      vertex 70.5 -83.2 9.92353
      vertex 70.5 -81.2 24.8
    endloop
  endfacet
  facet normal -1 0 0
    outer loop
      vertex 70.5 -83.2 23.5765
      vertex 70.5 -81.2 24.8
      vertex 70.5 -83.2 9.92353
    endloop
  endfacet
  facet normal -1 -0 0
    outer loop
      vertex 70.5 -81.2 24.8
      vertex 70.5 -83.2 23.5765
      vertex 70.5 -81.6 24.8
    endloop
  endfacet
  facet normal -0 0 1
    outer loop
      vertex -70.5 -81.2 4
      vertex 70.5 -83.2 4
      vertex 70.5 -81.2 4
    endloop
  endfacet
  facet normal 0 0 1
    outer loop
      vertex 70.5 -83.2 4
      vertex -70.5 -81.2 4
      vertex -70.5 -83.2 4
    endloop
  endfacet
  facet normal 1 -0 0
    outer loop
      vertex -70.5 -83.2 29.4235
      vertex -70.5 -81.2 28.2
      vertex -70.5 -81.2 51.5
    endloop
  endfacet
  facet normal 1 0 0
    outer loop
      vertex -70.5 -83.2 29.4235
      vertex -70.5 -81.2 51.5
      vertex -70.5 -83.2 51.5
    endloop
  endfacet
  facet normal 1 0 0
    outer loop
      vertex -70.5 -81.2 28.2
      vertex -70.5 -83.2 29.4235
      vertex -70.5 -81.6 28.2
    endloop
  endfacet
  facet normal 1 -0 0
    outer loop
      vertex -70.5 -81.6 5.3
      vertex -70.5 -81.2 4
      vertex -70.5 -81.2 5.3
    endloop
  endfacet
  facet normal 1 -0 0
    outer loop
      vertex -70.5 -83.2 4.07647
      vertex -70.5 -81.2 4
      vertex -70.5 -81.6 5.3
    endloop
  endfacet
  facet normal 1 0 0
    outer loop
      vertex -70.5 -81.2 4
      vertex -70.5 -83.2 4.07647
      vertex -70.5 -83.2 4
    endloop
  endfacet
  facet normal 1 0 0
    outer loop
      vertex -70.5 -83.2 23.5765
      vertex -70.5 -81.2 24.8
      vertex -70.5 -81.6 24.8
    endloop
  endfacet
  facet normal 1 0 0
    outer loop
      vertex -70.5 -81.2 24.8
      vertex -70.5 -83.2 23.5765
      vertex -70.5 -81.2 8.7
    endloop
  endfacet
  facet normal 1 -0 0
    outer loop
      vertex -70.5 -83.2 9.92353
      vertex -70.5 -81.2 8.7
      vertex -70.5 -83.2 23.5765
    endloop
  endfacet
  facet normal 1 0 0
    outer loop
      vertex -70.5 -81.2 8.7
      vertex -70.5 -83.2 9.92353
      vertex -70.5 -81.6 8.7
    endloop
  endfacet
  facet normal 1 -0 0
    outer loop
      vertex 74.5 -81.2 51.5
      vertex 74.5 -78.2 0
      vertex 74.5 -78.2 51.5
    endloop
  endfacet
  facet normal 1 0 0
    outer loop
      vertex 74.5 -78.2 0
      vertex 74.5 -81.2 51.5
      vertex 74.5 -81.2 0
    endloop
  endfacet
  facet normal -0 0 1
    outer loop
      vertex -74.5 -78.2 51.5
      vertex 74.5 -81.2 51.5
      vertex 74.5 -78.2 51.5
    endloop
  endfacet
  facet normal 0 0 1
    outer loop
      vertex 74.5 -81.2 51.5
      vertex -74.5 -78.2 51.5
      vertex -74.5 -81.2 51.5
    endloop
  endfacet
  facet normal 0 0 -1
    outer loop
      vertex -74.5 -81.2 0
      vertex 74.5 -78.2 0
      vertex 74.5 -81.2 0
    endloop
  endfacet
  facet normal -0 0 -1
    outer loop
      vertex 74.5 -78.2 0
      vertex -74.5 -81.2 0
      vertex -74.5 -78.2 0
    endloop
  endfacet
  facet normal -1 0 0
    outer loop
      vertex -74.5 -81.2 0
      vertex -74.5 -78.2 51.5
      vertex -74.5 -78.2 0
    endloop
  endfacet
  facet normal -1 -0 0
    outer loop
      vertex -74.5 -78.2 51.5
      vertex -74.5 -81.2 0
      vertex -74.5 -81.2 51.5
    endloop
  endfacet
  facet normal 0 1 0
    outer loop
      vertex -70 -78.2 40.4
      vertex -70.2781 -78.2 28.1855
      vertex -70.5 -78.2 28.2
    endloop
  endfacet
  facet normal 0 1 0
    outer loop
      vertex -70 -78.2 40.4
      vertex -70.06 -78.2 28.1421
      vertex -70.2781 -78.2 28.1855
    endloop
  endfacet
  facet normal 0 1 -0
    outer loop
      vertex -43.8853 -78.2 26.9689
      vertex -70 -78.2 40.4
      vertex -42.8268 -78.2 27.1794
    endloop
  endfacet
  facet normal 0 1 -0
    outer loop
      vertex -44.9071 -78.2 26.622
      vertex -70 -78.2 40.4
      vertex -43.8853 -78.2 26.9689
    endloop
  endfacet
  facet normal 0 1 0
    outer loop
      vertex -70 -78.2 40.4
      vertex -69.8494 -78.2 28.0706
      vertex -70.06 -78.2 28.1421
    endloop
  endfacet
  facet normal 0 1 -0
    outer loop
      vertex -45.875 -78.2 26.1447
      vertex -70 -78.2 40.4
      vertex -44.9071 -78.2 26.622
    endloop
  endfacet
  facet normal 0 1 0
    outer loop
      vertex -70 -78.2 40.4
      vertex -69.65 -78.2 27.9722
      vertex -69.8494 -78.2 28.0706
    endloop
  endfacet
  facet normal 0 1 0
    outer loop
      vertex -70 -78.2 40.4
      vertex -69.4651 -78.2 27.8487
      vertex -69.65 -78.2 27.9722
    endloop
  endfacet
  facet normal 0 1 0
    outer loop
      vertex -70 -78.2 40.4
      vertex -41.75 -78.2 27.25
      vertex -42.8268 -78.2 27.1794
    endloop
  endfacet
  facet normal 0 1 0
    outer loop
      vertex -22.2 -78.2 32.7
      vertex -40.6732 -78.2 27.1794
      vertex -41.75 -78.2 27.25
    endloop
  endfacet
  facet normal 0 1 0
    outer loop
      vertex -22.2 -78.2 32.7
      vertex -39.6147 -78.2 26.9689
      vertex -40.6732 -78.2 27.1794
    endloop
  endfacet
  facet normal 0 1 0
    outer loop
      vertex -22.2 -78.2 32.7
      vertex -38.5929 -78.2 26.622
      vertex -39.6147 -78.2 26.9689
    endloop
  endfacet
  facet normal 0 1 0
    outer loop
      vertex -22.2 -78.2 32.7
      vertex -37.625 -78.2 26.1447
      vertex -38.5929 -78.2 26.622
    endloop
  endfacet
  facet normal 0 1 0
    outer loop
      vertex -22.2 -78.2 32.7
      vertex -36.7277 -78.2 25.5452
      vertex -37.625 -78.2 26.1447
    endloop
  endfacet
  facet normal 0 1 0
    outer loop
      vertex -22.2 -78.2 32.7
      vertex -35.9164 -78.2 24.8336
      vertex -36.7277 -78.2 25.5452
    endloop
  endfacet
  facet normal 0 1 0
    outer loop
      vertex -22.2 -78.2 32.7
      vertex -35.2048 -78.2 24.0223
      vertex -35.9164 -78.2 24.8336
    endloop
  endfacet
  facet normal 0 1 0
    outer loop
      vertex -22.2 -78.2 32.7
      vertex -34.6053 -78.2 23.125
      vertex -35.2048 -78.2 24.0223
    endloop
  endfacet
  facet normal 0 1 0
    outer loop
      vertex -22.2 -78.2 32.7
      vertex -34.128 -78.2 22.1571
      vertex -34.6053 -78.2 23.125
    endloop
  endfacet
  facet normal 0 1 0
    outer loop
      vertex -22.2 -78.2 32.7
      vertex -33.7811 -78.2 21.1353
      vertex -34.128 -78.2 22.1571
    endloop
  endfacet
  facet normal 0 1 0
    outer loop
      vertex -22.2 -78.2 32.7
      vertex -33.5706 -78.2 20.0768
      vertex -33.7811 -78.2 21.1353
    endloop
  endfacet
  facet normal 0 1 0
    outer loop
      vertex -22.2 -78.2 32.7
      vertex -33.5 -78.2 19
      vertex -33.5706 -78.2 20.0768
    endloop
  endfacet
  facet normal 0 1 -0
    outer loop
      vertex -22.2 -78.2 5.3
      vertex -33.5 -78.2 19
      vertex -22.2 -78.2 32.7
    endloop
  endfacet
  facet normal 0 1 0
    outer loop
      vertex -33.5 -78.2 19
      vertex -22.2 -78.2 5.3
      vertex -33.5706 -78.2 17.9232
    endloop
  endfacet
  facet normal 0 1 0
    outer loop
      vertex -33.5706 -78.2 17.9232
      vertex -22.2 -78.2 5.3
      vertex -33.7811 -78.2 16.8647
    endloop
  endfacet
  facet normal 0 1 0
    outer loop
      vertex -33.7811 -78.2 16.8647
      vertex -22.2 -78.2 5.3
      vertex -34.128 -78.2 15.8429
    endloop
  endfacet
  facet normal 0 1 0
    outer loop
      vertex -34.128 -78.2 15.8429
      vertex -22.2 -78.2 5.3
      vertex -34.6053 -78.2 14.875
    endloop
  endfacet
  facet normal 0 1 0
    outer loop
      vertex -22.2 -78.2 5.3
      vertex -41.75 -78.2 10.75
      vertex -40.6732 -78.2 10.8206
    endloop
  endfacet
  facet normal 0 1 0
    outer loop
      vertex -41.75 -78.2 10.75
      vertex -70.2781 -78.2 8.68546
      vertex -70.5 -78.2 8.7
    endloop
  endfacet
  facet normal 0 1 0
    outer loop
      vertex -41.75 -78.2 10.75
      vertex -70.06 -78.2 8.64207
      vertex -70.2781 -78.2 8.68546
    endloop
  endfacet
  facet normal 0 1 0
    outer loop
      vertex -41.75 -78.2 10.75
      vertex -69.8494 -78.2 8.57059
      vertex -70.06 -78.2 8.64207
    endloop
  endfacet
  facet normal 0 1 0
    outer loop
      vertex -41.75 -78.2 10.75
      vertex -69.65 -78.2 8.47224
      vertex -69.8494 -78.2 8.57059
    endloop
  endfacet
  facet normal 0 1 0
    outer loop
      vertex -41.75 -78.2 10.75
      vertex -69.4651 -78.2 8.3487
      vertex -69.65 -78.2 8.47224
    endloop
  endfacet
  facet normal 0 1 0
    outer loop
      vertex -41.75 -78.2 10.75
      vertex -69.2979 -78.2 8.20208
      vertex -69.4651 -78.2 8.3487
    endloop
  endfacet
  facet normal 0 1 0
    outer loop
      vertex -41.75 -78.2 10.75
      vertex -69.1513 -78.2 8.03489
      vertex -69.2979 -78.2 8.20208
    endloop
  endfacet
  facet normal 0 1 0
    outer loop
      vertex -41.75 -78.2 10.75
      vertex -69.0278 -78.2 7.85
      vertex -69.1513 -78.2 8.03489
    endloop
  endfacet
  facet normal 0 1 0
    outer loop
      vertex -41.75 -78.2 10.75
      vertex -68.9294 -78.2 7.65056
      vertex -69.0278 -78.2 7.85
    endloop
  endfacet
  facet normal 0 1 0
    outer loop
      vertex -41.75 -78.2 10.75
      vertex -68.8579 -78.2 7.43999
      vertex -68.9294 -78.2 7.65056
    endloop
  endfacet
  facet normal 0 1 0
    outer loop
      vertex -41.75 -78.2 10.75
      vertex -68.8145 -78.2 7.22189
      vertex -68.8579 -78.2 7.43999
    endloop
  endfacet
  facet normal 0 1 0
    outer loop
      vertex -41.75 -78.2 10.75
      vertex -68.8 -78.2 7
      vertex -68.8145 -78.2 7.22189
    endloop
  endfacet
  facet normal 0 1 0
    outer loop
      vertex -41.75 -78.2 10.75
      vertex -68.8145 -78.2 6.7781
      vertex -68.8 -78.2 7
    endloop
  endfacet
  facet normal 0 1 0
    outer loop
      vertex -41.75 -78.2 10.75
      vertex -68.8579 -78.2 6.56001
      vertex -68.8145 -78.2 6.7781
    endloop
  endfacet
  facet normal 0 1 0
    outer loop
      vertex -41.75 -78.2 10.75
      vertex -68.9294 -78.2 6.34944
      vertex -68.8579 -78.2 6.56001
    endloop
  endfacet
  facet normal 0 1 0
    outer loop
      vertex -41.75 -78.2 10.75
      vertex -69.0278 -78.2 6.15
      vertex -68.9294 -78.2 6.34944
    endloop
  endfacet
  facet normal 0 1 0
    outer loop
      vertex -41.75 -78.2 10.75
      vertex -69.1513 -78.2 5.96511
      vertex -69.0278 -78.2 6.15
    endloop
  endfacet
  facet normal 0 1 0
    outer loop
      vertex -41.75 -78.2 10.75
      vertex -69.2979 -78.2 5.79792
      vertex -69.1513 -78.2 5.96511
    endloop
  endfacet
  facet normal 0 1 0
    outer loop
      vertex -41.75 -78.2 10.75
      vertex -69.4651 -78.2 5.6513
      vertex -69.2979 -78.2 5.79792
    endloop
  endfacet
  facet normal 0 1 0
    outer loop
      vertex -41.75 -78.2 10.75
      vertex -74.5 -78.2 0
      vertex -69.4651 -78.2 5.6513
    endloop
  endfacet
  facet normal 0 1 0
    outer loop
      vertex -69.4651 -78.2 5.6513
      vertex -74.5 -78.2 0
      vertex -69.65 -78.2 5.52776
    endloop
  endfacet
  facet normal 0 1 0
    outer loop
      vertex -69.65 -78.2 5.52776
      vertex -74.5 -78.2 0
      vertex -69.8494 -78.2 5.4294
    endloop
  endfacet
  facet normal 0 1 0
    outer loop
      vertex -69.8494 -78.2 5.4294
      vertex -74.5 -78.2 0
      vertex -70.06 -78.2 5.35793
    endloop
  endfacet
  facet normal 0 1 0
    outer loop
      vertex -34.6053 -78.2 14.875
      vertex -22.2 -78.2 5.3
      vertex -35.2048 -78.2 13.9777
    endloop
  endfacet
  facet normal 0 1 0
    outer loop
      vertex -22.2 -78.2 5.3
      vertex -35.9164 -78.2 13.1664
      vertex -35.2048 -78.2 13.9777
    endloop
  endfacet
  facet normal 0 1 0
    outer loop
      vertex -22.2 -78.2 5.3
      vertex -36.7277 -78.2 12.4548
      vertex -35.9164 -78.2 13.1664
    endloop
  endfacet
  facet normal 0 1 0
    outer loop
      vertex -22.2 -78.2 5.3
      vertex -37.625 -78.2 11.8553
      vertex -36.7277 -78.2 12.4548
    endloop
  endfacet
  facet normal 0 1 0
    outer loop
      vertex -22.2 -78.2 5.3
      vertex -38.5929 -78.2 11.378
      vertex -37.625 -78.2 11.8553
    endloop
  endfacet
  facet normal 0 1 0
    outer loop
      vertex -22.2 -78.2 5.3
      vertex -39.6147 -78.2 11.0311
      vertex -38.5929 -78.2 11.378
    endloop
  endfacet
  facet normal 0 1 0
    outer loop
      vertex -22.2 -78.2 5.3
      vertex -40.6732 -78.2 10.8206
      vertex -39.6147 -78.2 11.0311
    endloop
  endfacet
  facet normal 0 1 0
    outer loop
      vertex -41.75 -78.2 10.75
      vertex -22.2 -78.2 5.3
      vertex -74.5 -78.2 0
    endloop
  endfacet
  facet normal 0 1 0
    outer loop
      vertex -70.06 -78.2 5.35793
      vertex -74.5 -78.2 0
      vertex -70.2781 -78.2 5.31454
    endloop
  endfacet
  facet normal 0 1 -0
    outer loop
      vertex 21.8934 -78.2 31.6066
      vertex 5.2 -78.2 32.7
      vertex 23.3686 -78.2 32.9003
    endloop
  endfacet
  facet normal 0 1 -0
    outer loop
      vertex 20.5997 -78.2 30.1314
      vertex 5.2 -78.2 32.7
      vertex 21.8934 -78.2 31.6066
    endloop
  endfacet
  facet normal 0 1 -0
    outer loop
      vertex 19.5096 -78.2 28.5
      vertex 5.2 -78.2 32.7
      vertex 20.5997 -78.2 30.1314
    endloop
  endfacet
  facet normal 0 1 -0
    outer loop
      vertex 18.6418 -78.2 26.7402
      vertex 5.2 -78.2 32.7
      vertex 19.5096 -78.2 28.5
    endloop
  endfacet
  facet normal 0 1 -0
    outer loop
      vertex 18.0111 -78.2 24.8823
      vertex 5.2 -78.2 32.7
      vertex 18.6418 -78.2 26.7402
    endloop
  endfacet
  facet normal 0 1 -0
    outer loop
      vertex 17.6283 -78.2 22.9579
      vertex 5.2 -78.2 32.7
      vertex 18.0111 -78.2 24.8823
    endloop
  endfacet
  facet normal 0 1 -0
    outer loop
      vertex 17.5 -78.2 21
      vertex 5.2 -78.2 32.7
      vertex 17.6283 -78.2 22.9579
    endloop
  endfacet
  facet normal 0 1 0
    outer loop
      vertex 17.6283 -78.2 19.0421
      vertex 5.2 -78.2 32.7
      vertex 17.5 -78.2 21
    endloop
  endfacet
  facet normal 0 1 0
    outer loop
      vertex 5.2 -78.2 5.3
      vertex 17.6283 -78.2 19.0421
      vertex 18.0111 -78.2 17.1177
    endloop
  endfacet
  facet normal 0 1 0
    outer loop
      vertex 5.2 -78.2 5.3
      vertex 18.0111 -78.2 17.1177
      vertex 18.6418 -78.2 15.2597
    endloop
  endfacet
  facet normal 0 1 0
    outer loop
      vertex 5.2 -78.2 5.3
      vertex 18.6418 -78.2 15.2597
      vertex 19.5096 -78.2 13.5
    endloop
  endfacet
  facet normal 0 1 0
    outer loop
      vertex 5.2 -78.2 5.3
      vertex 19.5096 -78.2 13.5
      vertex 20.5997 -78.2 11.8686
    endloop
  endfacet
  facet normal 0 1 0
    outer loop
      vertex 38.2402 -78.2 7.14181
      vertex 74.5 -78.2 0
      vertex 36.3823 -78.2 6.51111
    endloop
  endfacet
  facet normal 0 1 0
    outer loop
      vertex 36.3823 -78.2 6.51111
      vertex 74.5 -78.2 0
      vertex 34.4579 -78.2 6.12833
    endloop
  endfacet
  facet normal 0 1 0
    outer loop
      vertex 74.5 -78.2 0
      vertex 69.4651 -78.2 5.6513
      vertex 69.65 -78.2 5.52776
    endloop
  endfacet
  facet normal 0 1 0
    outer loop
      vertex 74.5 -78.2 0
      vertex 69.65 -78.2 5.52776
      vertex 69.8494 -78.2 5.4294
    endloop
  endfacet
  facet normal 0 1 0
    outer loop
      vertex 74.5 -78.2 0
      vertex 69.8494 -78.2 5.4294
      vertex 70.06 -78.2 5.35793
    endloop
  endfacet
  facet normal 0 1 0
    outer loop
      vertex 74.5 -78.2 0
      vertex 70.06 -78.2 5.35793
      vertex 70.2781 -78.2 5.31454
    endloop
  endfacet
  facet normal 0 1 0
    outer loop
      vertex 74.5 -78.2 0
      vertex 70.2781 -78.2 5.31454
      vertex 70.5 -78.2 5.3
    endloop
  endfacet
  facet normal 0 1 0
    outer loop
      vertex 17.6283 -78.2 19.0421
      vertex 5.2 -78.2 5.3
      vertex 5.2 -78.2 32.7
    endloop
  endfacet
  facet normal 0 1 0
    outer loop
      vertex 21.8934 -78.2 10.3934
      vertex 5.2 -78.2 5.3
      vertex 20.5997 -78.2 11.8686
    endloop
  endfacet
  facet normal 0 1 0
    outer loop
      vertex 23.3686 -78.2 9.0997
      vertex 5.2 -78.2 5.3
      vertex 21.8934 -78.2 10.3934
    endloop
  endfacet
  facet normal 0 1 0
    outer loop
      vertex 25 -78.2 8.00962
      vertex 5.2 -78.2 5.3
      vertex 23.3686 -78.2 9.0997
    endloop
  endfacet
  facet normal 0 1 0
    outer loop
      vertex 26.7597 -78.2 7.14181
      vertex 5.2 -78.2 5.3
      vertex 25 -78.2 8.00962
    endloop
  endfacet
  facet normal 0 1 0
    outer loop
      vertex 28.6177 -78.2 6.51111
      vertex 5.2 -78.2 5.3
      vertex 26.7597 -78.2 7.14181
    endloop
  endfacet
  facet normal 0 1 0
    outer loop
      vertex 30.5421 -78.2 6.12833
      vertex 5.2 -78.2 5.3
      vertex 28.6177 -78.2 6.51111
    endloop
  endfacet
  facet normal 0 1 0
    outer loop
      vertex 32.5 -78.2 6
      vertex 5.2 -78.2 5.3
      vertex 30.5421 -78.2 6.12833
    endloop
  endfacet
  facet normal 0 1 0
    outer loop
      vertex 34.4579 -78.2 6.12833
      vertex 74.5 -78.2 0
      vertex 32.5 -78.2 6
    endloop
  endfacet
  facet normal 0 1 0
    outer loop
      vertex 74.5 -78.2 51.5
      vertex 70 -78.2 47
      vertex -74.5 -78.2 51.5
    endloop
  endfacet
  facet normal 0 1 0
    outer loop
      vertex 74.5 -78.2 51.5
      vertex 70 -78.2 44
      vertex 70 -78.2 47
    endloop
  endfacet
  facet normal 0 1 0
    outer loop
      vertex 74.5 -78.2 51.5
      vertex 70 -78.2 40.4
      vertex 70 -78.2 44
    endloop
  endfacet
  facet normal 0 1 0
    outer loop
      vertex 70 -78.2 40.4
      vertex 32.5 -78.2 36
      vertex -70 -78.2 40.4
    endloop
  endfacet
  facet normal 0 1 0
    outer loop
      vertex 70 -78.2 40.4
      vertex 34.4579 -78.2 35.8717
      vertex 32.5 -78.2 36
    endloop
  endfacet
  facet normal 0 1 0
    outer loop
      vertex 70 -78.2 40.4
      vertex 36.3823 -78.2 35.4889
      vertex 34.4579 -78.2 35.8717
    endloop
  endfacet
  facet normal 0 1 0
    outer loop
      vertex 70 -78.2 40.4
      vertex 38.2402 -78.2 34.8582
      vertex 36.3823 -78.2 35.4889
    endloop
  endfacet
  facet normal 0 1 0
    outer loop
      vertex 70 -78.2 40.4
      vertex 40 -78.2 33.9904
      vertex 38.2402 -78.2 34.8582
    endloop
  endfacet
  facet normal 0 1 0
    outer loop
      vertex 70 -78.2 40.4
      vertex 41.6314 -78.2 32.9003
      vertex 40 -78.2 33.9904
    endloop
  endfacet
  facet normal 0 1 0
    outer loop
      vertex 70 -78.2 40.4
      vertex 43.1066 -78.2 31.6066
      vertex 41.6314 -78.2 32.9003
    endloop
  endfacet
  facet normal 0 1 0
    outer loop
      vertex 70 -78.2 40.4
      vertex 44.4003 -78.2 30.1314
      vertex 43.1066 -78.2 31.6066
    endloop
  endfacet
  facet normal 0 1 0
    outer loop
      vertex 70 -78.2 40.4
      vertex 45.4904 -78.2 28.5
      vertex 44.4003 -78.2 30.1314
    endloop
  endfacet
  facet normal 0 1 -0
    outer loop
      vertex 70.2781 -78.2 28.1855
      vertex 70 -78.2 40.4
      vertex 70.5 -78.2 28.2
    endloop
  endfacet
  facet normal 0 1 -0
    outer loop
      vertex 72.0706 -78.2 27.1506
      vertex 70 -78.2 40.4
      vertex 74.5 -78.2 51.5
    endloop
  endfacet
  facet normal 0 1 0
    outer loop
      vertex 70 -78.2 40.4
      vertex 70.7219 -78.2 28.1855
      vertex 70.5 -78.2 28.2
    endloop
  endfacet
  facet normal 0 1 0
    outer loop
      vertex 70 -78.2 40.4
      vertex 70.94 -78.2 28.1421
      vertex 70.7219 -78.2 28.1855
    endloop
  endfacet
  facet normal 0 1 0
    outer loop
      vertex 70 -78.2 40.4
      vertex 71.1506 -78.2 28.0706
      vertex 70.94 -78.2 28.1421
    endloop
  endfacet
  facet normal 0 1 0
    outer loop
      vertex 70 -78.2 40.4
      vertex 71.35 -78.2 27.9722
      vertex 71.1506 -78.2 28.0706
    endloop
  endfacet
  facet normal 0 1 0
    outer loop
      vertex 70 -78.2 40.4
      vertex 71.5349 -78.2 27.8487
      vertex 71.35 -78.2 27.9722
    endloop
  endfacet
  facet normal 0 1 0
    outer loop
      vertex 70 -78.2 40.4
      vertex 71.7021 -78.2 27.7021
      vertex 71.5349 -78.2 27.8487
    endloop
  endfacet
  facet normal 0 1 0
    outer loop
      vertex 70 -78.2 40.4
      vertex 71.8487 -78.2 27.5349
      vertex 71.7021 -78.2 27.7021
    endloop
  endfacet
  facet normal 0 1 0
    outer loop
      vertex 70 -78.2 40.4
      vertex 71.9722 -78.2 27.35
      vertex 71.8487 -78.2 27.5349
    endloop
  endfacet
  facet normal 0 1 0
    outer loop
      vertex 70 -78.2 40.4
      vertex 72.0706 -78.2 27.1506
      vertex 71.9722 -78.2 27.35
    endloop
  endfacet
  facet normal 0 1 0
    outer loop
      vertex 74.5 -78.2 51.5
      vertex 72.1421 -78.2 26.94
      vertex 72.0706 -78.2 27.1506
    endloop
  endfacet
  facet normal 0 1 0
    outer loop
      vertex 74.5 -78.2 51.5
      vertex 72.1855 -78.2 26.7219
      vertex 72.1421 -78.2 26.94
    endloop
  endfacet
  facet normal 0 1 0
    outer loop
      vertex 74.5 -78.2 51.5
      vertex 72.2 -78.2 26.5
      vertex 72.1855 -78.2 26.7219
    endloop
  endfacet
  facet normal 0 1 -0
    outer loop
      vertex 74.5 -78.2 0
      vertex 72.2 -78.2 26.5
      vertex 74.5 -78.2 51.5
    endloop
  endfacet
  facet normal 0 1 0
    outer loop
      vertex 70.5 -78.2 8.7
      vertex 70.5 -78.2 24.8
      vertex 70.7219 -78.2 24.8145
    endloop
  endfacet
  facet normal 0 1 0
    outer loop
      vertex 70.5 -78.2 24.8
      vertex 47.5 -78.2 21
      vertex 47.3717 -78.2 22.9579
    endloop
  endfacet
  facet normal 0 1 0
    outer loop
      vertex 70.5 -78.2 24.8
      vertex 47.3717 -78.2 19.0421
      vertex 47.5 -78.2 21
    endloop
  endfacet
  facet normal 0 1 0
    outer loop
      vertex 70.7219 -78.2 8.68546
      vertex 70.7219 -78.2 24.8145
      vertex 70.94 -78.2 24.8579
    endloop
  endfacet
  facet normal 0 1 0
    outer loop
      vertex 70.5 -78.2 24.8
      vertex 69.2979 -78.2 8.20208
      vertex 47.3717 -78.2 19.0421
    endloop
  endfacet
  facet normal 0 1 -0
    outer loop
      vertex 69.1513 -78.2 8.03489
      vertex 47.3717 -78.2 19.0421
      vertex 69.2979 -78.2 8.20208
    endloop
  endfacet
  facet normal 0 1 0
    outer loop
      vertex 70.94 -78.2 8.64207
      vertex 70.94 -78.2 24.8579
      vertex 71.1506 -78.2 24.9294
    endloop
  endfacet
  facet normal 0 1 0
    outer loop
      vertex 47.3717 -78.2 19.0421
      vertex 69.1513 -78.2 8.03489
      vertex 46.9889 -78.2 17.1177
    endloop
  endfacet
  facet normal 0 1 -0
    outer loop
      vertex 69.0278 -78.2 7.85
      vertex 46.9889 -78.2 17.1177
      vertex 69.1513 -78.2 8.03489
    endloop
  endfacet
  facet normal 0 1 0
    outer loop
      vertex 46.9889 -78.2 17.1177
      vertex 68.9294 -78.2 7.65056
      vertex 46.3582 -78.2 15.2597
    endloop
  endfacet
  facet normal 0 1 0
    outer loop
      vertex 71.1506 -78.2 8.57059
      vertex 71.1506 -78.2 24.9294
      vertex 71.35 -78.2 25.0278
    endloop
  endfacet
  facet normal 0 1 -0
    outer loop
      vertex 68.8579 -78.2 7.43999
      vertex 46.3582 -78.2 15.2597
      vertex 68.9294 -78.2 7.65056
    endloop
  endfacet
  facet normal 0 1 0
    outer loop
      vertex 70.5 -78.2 24.8
      vertex 70.5 -78.2 8.7
      vertex 70.2781 -78.2 8.68546
    endloop
  endfacet
  facet normal 0 1 0
    outer loop
      vertex 71.35 -78.2 8.47224
      vertex 71.35 -78.2 25.0278
      vertex 71.5349 -78.2 25.1513
    endloop
  endfacet
  facet normal 0 1 0
    outer loop
      vertex 71.5349 -78.2 8.3487
      vertex 71.5349 -78.2 25.1513
      vertex 71.7021 -78.2 25.2979
    endloop
  endfacet
  facet normal 0 1 0
    outer loop
      vertex 71.7021 -78.2 8.20208
      vertex 71.7021 -78.2 25.2979
      vertex 71.8487 -78.2 25.4651
    endloop
  endfacet
  facet normal 0 1 0
    outer loop
      vertex 71.8487 -78.2 8.03489
      vertex 71.8487 -78.2 25.4651
      vertex 71.9722 -78.2 25.65
    endloop
  endfacet
  facet normal 0 1 0
    outer loop
      vertex 71.9722 -78.2 7.85
      vertex 71.9722 -78.2 25.65
      vertex 72.0706 -78.2 25.8494
    endloop
  endfacet
  facet normal 0 1 0
    outer loop
      vertex 72.0706 -78.2 7.65056
      vertex 72.0706 -78.2 25.8494
      vertex 72.1421 -78.2 26.06
    endloop
  endfacet
  facet normal 0 1 0
    outer loop
      vertex 74.5 -78.2 0
      vertex 72.1421 -78.2 26.06
      vertex 72.1855 -78.2 26.2781
    endloop
  endfacet
  facet normal 0 1 0
    outer loop
      vertex 70.7219 -78.2 24.8145
      vertex 70.7219 -78.2 8.68546
      vertex 70.5 -78.2 8.7
    endloop
  endfacet
  facet normal 0 1 0
    outer loop
      vertex 72.2 -78.2 26.5
      vertex 74.5 -78.2 0
      vertex 72.1855 -78.2 26.2781
    endloop
  endfacet
  facet normal 0 1 0
    outer loop
      vertex 70.94 -78.2 24.8579
      vertex 70.94 -78.2 8.64207
      vertex 70.7219 -78.2 8.68546
    endloop
  endfacet
  facet normal 0 1 0
    outer loop
      vertex 71.1506 -78.2 24.9294
      vertex 71.1506 -78.2 8.57059
      vertex 70.94 -78.2 8.64207
    endloop
  endfacet
  facet normal 0 1 0
    outer loop
      vertex 71.35 -78.2 25.0278
      vertex 71.35 -78.2 8.47224
      vertex 71.1506 -78.2 8.57059
    endloop
  endfacet
  facet normal 0 1 0
    outer loop
      vertex 71.5349 -78.2 25.1513
      vertex 71.5349 -78.2 8.3487
      vertex 71.35 -78.2 8.47224
    endloop
  endfacet
  facet normal 0 1 0
    outer loop
      vertex 71.7021 -78.2 25.2979
      vertex 71.7021 -78.2 8.20208
      vertex 71.5349 -78.2 8.3487
    endloop
  endfacet
  facet normal 0 1 0
    outer loop
      vertex 71.8487 -78.2 25.4651
      vertex 71.8487 -78.2 8.03489
      vertex 71.7021 -78.2 8.20208
    endloop
  endfacet
  facet normal 0 1 0
    outer loop
      vertex 71.9722 -78.2 25.65
      vertex 71.9722 -78.2 7.85
      vertex 71.8487 -78.2 8.03489
    endloop
  endfacet
  facet normal 0 1 0
    outer loop
      vertex 72.0706 -78.2 25.8494
      vertex 72.0706 -78.2 7.65056
      vertex 71.9722 -78.2 7.85
    endloop
  endfacet
  facet normal 0 1 0
    outer loop
      vertex 72.1421 -78.2 26.06
      vertex 72.1421 -78.2 7.43999
      vertex 72.0706 -78.2 7.65056
    endloop
  endfacet
  facet normal 0 1 0
    outer loop
      vertex 72.1421 -78.2 26.06
      vertex 74.5 -78.2 0
      vertex 72.1421 -78.2 7.43999
    endloop
  endfacet
  facet normal 0 1 0
    outer loop
      vertex 72.1421 -78.2 7.43999
      vertex 74.5 -78.2 0
      vertex 72.1855 -78.2 7.22189
    endloop
  endfacet
  facet normal 0 1 0
    outer loop
      vertex 32.5 -78.2 6
      vertex 74.5 -78.2 0
      vertex 5.2 -78.2 5.3
    endloop
  endfacet
  facet normal 0 1 0
    outer loop
      vertex -74.5 -78.2 0
      vertex 5.2 -78.2 5.3
      vertex 74.5 -78.2 0
    endloop
  endfacet
  facet normal 0 1 0
    outer loop
      vertex 5.2 -78.2 5.3
      vertex -74.5 -78.2 0
      vertex -22.2 -78.2 5.3
    endloop
  endfacet
  facet normal 0 1 0
    outer loop
      vertex 70.7219 -78.2 5.31454
      vertex 74.5 -78.2 0
      vertex 70.5 -78.2 5.3
    endloop
  endfacet
  facet normal 0 1 0
    outer loop
      vertex 70.94 -78.2 5.35793
      vertex 74.5 -78.2 0
      vertex 70.7219 -78.2 5.31454
    endloop
  endfacet
  facet normal 0 1 0
    outer loop
      vertex 71.1506 -78.2 5.4294
      vertex 74.5 -78.2 0
      vertex 70.94 -78.2 5.35793
    endloop
  endfacet
  facet normal 0 1 0
    outer loop
      vertex 71.35 -78.2 5.52776
      vertex 74.5 -78.2 0
      vertex 71.1506 -78.2 5.4294
    endloop
  endfacet
  facet normal 0 1 0
    outer loop
      vertex 71.5349 -78.2 5.6513
      vertex 74.5 -78.2 0
      vertex 71.35 -78.2 5.52776
    endloop
  endfacet
  facet normal 0 1 0
    outer loop
      vertex 71.7021 -78.2 5.79792
      vertex 74.5 -78.2 0
      vertex 71.5349 -78.2 5.6513
    endloop
  endfacet
  facet normal 0 1 0
    outer loop
      vertex 71.8487 -78.2 5.96511
      vertex 74.5 -78.2 0
      vertex 71.7021 -78.2 5.79792
    endloop
  endfacet
  facet normal 0 1 0
    outer loop
      vertex 71.9722 -78.2 6.15
      vertex 74.5 -78.2 0
      vertex 71.8487 -78.2 5.96511
    endloop
  endfacet
  facet normal 0 1 0
    outer loop
      vertex 72.0706 -78.2 6.34944
      vertex 74.5 -78.2 0
      vertex 71.9722 -78.2 6.15
    endloop
  endfacet
  facet normal 0 1 0
    outer loop
      vertex 72.1421 -78.2 6.56001
      vertex 74.5 -78.2 0
      vertex 72.0706 -78.2 6.34944
    endloop
  endfacet
  facet normal 0 1 0
    outer loop
      vertex 72.1855 -78.2 6.7781
      vertex 74.5 -78.2 0
      vertex 72.1421 -78.2 6.56001
    endloop
  endfacet
  facet normal 0 1 0
    outer loop
      vertex 72.2 -78.2 7
      vertex 74.5 -78.2 0
      vertex 72.1855 -78.2 6.7781
    endloop
  endfacet
  facet normal 0 1 0
    outer loop
      vertex 72.1855 -78.2 7.22189
      vertex 74.5 -78.2 0
      vertex 72.2 -78.2 7
    endloop
  endfacet
  facet normal 0 1 -0
    outer loop
      vertex -70 -78.2 47
      vertex -74.5 -78.2 51.5
      vertex 70 -78.2 47
    endloop
  endfacet
  facet normal 0 1 -0
    outer loop
      vertex -70 -78.2 44
      vertex -74.5 -78.2 51.5
      vertex -70 -78.2 47
    endloop
  endfacet
  facet normal 0 1 -0
    outer loop
      vertex -70 -78.2 40.4
      vertex -74.5 -78.2 51.5
      vertex -70 -78.2 44
    endloop
  endfacet
  facet normal 0 1 -0
    outer loop
      vertex 30.5421 -78.2 35.8717
      vertex -70 -78.2 40.4
      vertex 32.5 -78.2 36
    endloop
  endfacet
  facet normal 0 1 0
    outer loop
      vertex 5.2 -78.2 32.7
      vertex 30.5421 -78.2 35.8717
      vertex 28.6177 -78.2 35.4889
    endloop
  endfacet
  facet normal 0 1 0
    outer loop
      vertex 5.2 -78.2 32.7
      vertex 28.6177 -78.2 35.4889
      vertex 26.7597 -78.2 34.8582
    endloop
  endfacet
  facet normal 0 1 0
    outer loop
      vertex 5.2 -78.2 32.7
      vertex 26.7597 -78.2 34.8582
      vertex 25 -78.2 33.9904
    endloop
  endfacet
  facet normal 0 1 0
    outer loop
      vertex 5.2 -78.2 32.7
      vertex 25 -78.2 33.9904
      vertex 23.3686 -78.2 32.9003
    endloop
  endfacet
  facet normal 0 1 0
    outer loop
      vertex 30.5421 -78.2 35.8717
      vertex 5.2 -78.2 32.7
      vertex -70 -78.2 40.4
    endloop
  endfacet
  facet normal 0 1 -0
    outer loop
      vertex -22.2 -78.2 32.7
      vertex -70 -78.2 40.4
      vertex 5.2 -78.2 32.7
    endloop
  endfacet
  facet normal 0 1 -0
    outer loop
      vertex -41.75 -78.2 27.25
      vertex -70 -78.2 40.4
      vertex -22.2 -78.2 32.7
    endloop
  endfacet
  facet normal 0 1 0
    outer loop
      vertex -70.7219 -78.2 28.1855
      vertex -70 -78.2 40.4
      vertex -70.5 -78.2 28.2
    endloop
  endfacet
  facet normal 0 1 0
    outer loop
      vertex -70.94 -78.2 28.1421
      vertex -70 -78.2 40.4
      vertex -70.7219 -78.2 28.1855
    endloop
  endfacet
  facet normal 0 1 0
    outer loop
      vertex -71.1506 -78.2 28.0706
      vertex -70 -78.2 40.4
      vertex -70.94 -78.2 28.1421
    endloop
  endfacet
  facet normal 0 1 0
    outer loop
      vertex -71.35 -78.2 27.9722
      vertex -70 -78.2 40.4
      vertex -71.1506 -78.2 28.0706
    endloop
  endfacet
  facet normal 0 1 0
    outer loop
      vertex -71.5349 -78.2 27.8487
      vertex -70 -78.2 40.4
      vertex -71.35 -78.2 27.9722
    endloop
  endfacet
  facet normal 0 1 0
    outer loop
      vertex -71.7021 -78.2 27.7021
      vertex -70 -78.2 40.4
      vertex -71.5349 -78.2 27.8487
    endloop
  endfacet
  facet normal 0 1 0
    outer loop
      vertex -71.8487 -78.2 27.5349
      vertex -70 -78.2 40.4
      vertex -71.7021 -78.2 27.7021
    endloop
  endfacet
  facet normal 0 1 0
    outer loop
      vertex -71.9722 -78.2 27.35
      vertex -70 -78.2 40.4
      vertex -71.8487 -78.2 27.5349
    endloop
  endfacet
  facet normal 0 1 0
    outer loop
      vertex -72.0706 -78.2 27.1506
      vertex -70 -78.2 40.4
      vertex -71.9722 -78.2 27.35
    endloop
  endfacet
  facet normal 0 1 0
    outer loop
      vertex -70 -78.2 40.4
      vertex -72.0706 -78.2 27.1506
      vertex -74.5 -78.2 51.5
    endloop
  endfacet
  facet normal 0 1 -0
    outer loop
      vertex -72.1421 -78.2 26.94
      vertex -74.5 -78.2 51.5
      vertex -72.0706 -78.2 27.1506
    endloop
  endfacet
  facet normal 0 1 -0
    outer loop
      vertex -72.1855 -78.2 26.7219
      vertex -74.5 -78.2 51.5
      vertex -72.1421 -78.2 26.94
    endloop
  endfacet
  facet normal 0 1 -0
    outer loop
      vertex -72.2 -78.2 26.5
      vertex -74.5 -78.2 51.5
      vertex -72.1855 -78.2 26.7219
    endloop
  endfacet
  facet normal 0 1 0
    outer loop
      vertex -74.5 -78.2 0
      vertex -72.2 -78.2 26.5
      vertex -72.1855 -78.2 26.2781
    endloop
  endfacet
  facet normal 0 1 0
    outer loop
      vertex -69.2979 -78.2 25.2979
      vertex -49.9294 -78.2 17.9232
      vertex -69.4651 -78.2 25.1513
    endloop
  endfacet
  facet normal 0 1 0
    outer loop
      vertex -70.5 -78.2 8.7
      vertex -69.4651 -78.2 25.1513
      vertex -49.9294 -78.2 17.9232
    endloop
  endfacet
  facet normal 0 1 0
    outer loop
      vertex -69.4651 -78.2 25.1513
      vertex -70.5 -78.2 8.7
      vertex -69.65 -78.2 25.0278
    endloop
  endfacet
  facet normal 0 1 0
    outer loop
      vertex -69.65 -78.2 25.0278
      vertex -70.5 -78.2 8.7
      vertex -69.8494 -78.2 24.9294
    endloop
  endfacet
  facet normal 0 1 0
    outer loop
      vertex -69.8494 -78.2 24.9294
      vertex -70.5 -78.2 8.7
      vertex -70.06 -78.2 24.8579
    endloop
  endfacet
  facet normal 0 1 0
    outer loop
      vertex -70.06 -78.2 24.8579
      vertex -70.5 -78.2 8.7
      vertex -70.2781 -78.2 24.8145
    endloop
  endfacet
  facet normal 0 1 0
    outer loop
      vertex -70.2781 -78.2 24.8145
      vertex -70.5 -78.2 8.7
      vertex -70.5 -78.2 24.8
    endloop
  endfacet
  facet normal 0 1 0
    outer loop
      vertex -70.5 -78.2 24.8
      vertex -70.5 -78.2 8.7
      vertex -70.7219 -78.2 24.8145
    endloop
  endfacet
  facet normal 0 1 0
    outer loop
      vertex -70.5 -78.2 8.7
      vertex -49.9294 -78.2 17.9232
      vertex -49.7189 -78.2 16.8647
    endloop
  endfacet
  facet normal 0 1 0
    outer loop
      vertex -70.7219 -78.2 8.68546
      vertex -70.7219 -78.2 24.8145
      vertex -70.5 -78.2 8.7
    endloop
  endfacet
  facet normal 0 1 0
    outer loop
      vertex -70.5 -78.2 8.7
      vertex -49.7189 -78.2 16.8647
      vertex -49.372 -78.2 15.8429
    endloop
  endfacet
  facet normal 0 1 0
    outer loop
      vertex -70.5 -78.2 8.7
      vertex -49.372 -78.2 15.8429
      vertex -48.8947 -78.2 14.875
    endloop
  endfacet
  facet normal 0 1 0
    outer loop
      vertex -70.5 -78.2 8.7
      vertex -48.8947 -78.2 14.875
      vertex -48.2952 -78.2 13.9777
    endloop
  endfacet
  facet normal 0 1 0
    outer loop
      vertex -70.5 -78.2 8.7
      vertex -48.2952 -78.2 13.9777
      vertex -47.5836 -78.2 13.1664
    endloop
  endfacet
  facet normal 0 1 0
    outer loop
      vertex -70.7219 -78.2 24.8145
      vertex -70.7219 -78.2 8.68546
      vertex -70.94 -78.2 24.8579
    endloop
  endfacet
  facet normal 0 1 0
    outer loop
      vertex -70.5 -78.2 8.7
      vertex -47.5836 -78.2 13.1664
      vertex -46.7723 -78.2 12.4548
    endloop
  endfacet
  facet normal 0 1 0
    outer loop
      vertex -70.5 -78.2 8.7
      vertex -46.7723 -78.2 12.4548
      vertex -45.875 -78.2 11.8553
    endloop
  endfacet
  facet normal 0 1 0
    outer loop
      vertex -70.5 -78.2 8.7
      vertex -42.8268 -78.2 10.8206
      vertex -41.75 -78.2 10.75
    endloop
  endfacet
  facet normal 0 1 0
    outer loop
      vertex -70.5 -78.2 8.7
      vertex -43.8853 -78.2 11.0311
      vertex -42.8268 -78.2 10.8206
    endloop
  endfacet
  facet normal 0 1 0
    outer loop
      vertex -70.5 -78.2 8.7
      vertex -44.9071 -78.2 11.378
      vertex -43.8853 -78.2 11.0311
    endloop
  endfacet
  facet normal 0 1 0
    outer loop
      vertex -70.5 -78.2 8.7
      vertex -45.875 -78.2 11.8553
      vertex -44.9071 -78.2 11.378
    endloop
  endfacet
  facet normal 0 1 0
    outer loop
      vertex -70.94 -78.2 8.64207
      vertex -70.94 -78.2 24.8579
      vertex -70.7219 -78.2 8.68546
    endloop
  endfacet
  facet normal 0 1 0
    outer loop
      vertex -70.94 -78.2 24.8579
      vertex -70.94 -78.2 8.64207
      vertex -71.1506 -78.2 24.9294
    endloop
  endfacet
  facet normal 0 1 0
    outer loop
      vertex -71.1506 -78.2 8.57059
      vertex -71.1506 -78.2 24.9294
      vertex -70.94 -78.2 8.64207
    endloop
  endfacet
  facet normal 0 1 0
    outer loop
      vertex -71.1506 -78.2 24.9294
      vertex -71.1506 -78.2 8.57059
      vertex -71.35 -78.2 25.0278
    endloop
  endfacet
  facet normal 0 1 0
    outer loop
      vertex -71.35 -78.2 8.47224
      vertex -71.35 -78.2 25.0278
      vertex -71.1506 -78.2 8.57059
    endloop
  endfacet
  facet normal 0 1 0
    outer loop
      vertex -71.35 -78.2 25.0278
      vertex -71.35 -78.2 8.47224
      vertex -71.5349 -78.2 25.1513
    endloop
  endfacet
  facet normal 0 1 0
    outer loop
      vertex -71.5349 -78.2 8.3487
      vertex -71.5349 -78.2 25.1513
      vertex -71.35 -78.2 8.47224
    endloop
  endfacet
  facet normal 0 1 0
    outer loop
      vertex -71.5349 -78.2 25.1513
      vertex -71.5349 -78.2 8.3487
      vertex -71.7021 -78.2 25.2979
    endloop
  endfacet
  facet normal 0 1 0
    outer loop
      vertex -71.7021 -78.2 8.20208
      vertex -71.7021 -78.2 25.2979
      vertex -71.5349 -78.2 8.3487
    endloop
  endfacet
  facet normal 0 1 0
    outer loop
      vertex -71.7021 -78.2 25.2979
      vertex -71.7021 -78.2 8.20208
      vertex -71.8487 -78.2 25.4651
    endloop
  endfacet
  facet normal 0 1 0
    outer loop
      vertex -71.8487 -78.2 8.03489
      vertex -71.8487 -78.2 25.4651
      vertex -71.7021 -78.2 8.20208
    endloop
  endfacet
  facet normal 0 1 0
    outer loop
      vertex -71.8487 -78.2 25.4651
      vertex -71.8487 -78.2 8.03489
      vertex -71.9722 -78.2 25.65
    endloop
  endfacet
  facet normal 0 1 0
    outer loop
      vertex -71.9722 -78.2 7.85
      vertex -71.9722 -78.2 25.65
      vertex -71.8487 -78.2 8.03489
    endloop
  endfacet
  facet normal 0 1 0
    outer loop
      vertex -71.9722 -78.2 25.65
      vertex -71.9722 -78.2 7.85
      vertex -72.0706 -78.2 25.8494
    endloop
  endfacet
  facet normal 0 1 0
    outer loop
      vertex -72.0706 -78.2 7.65056
      vertex -72.0706 -78.2 25.8494
      vertex -71.9722 -78.2 7.85
    endloop
  endfacet
  facet normal 0 1 0
    outer loop
      vertex -72.0706 -78.2 25.8494
      vertex -72.0706 -78.2 7.65056
      vertex -72.1421 -78.2 26.06
    endloop
  endfacet
  facet normal 0 1 0
    outer loop
      vertex -72.1421 -78.2 7.43999
      vertex -72.1421 -78.2 26.06
      vertex -72.0706 -78.2 7.65056
    endloop
  endfacet
  facet normal 0 1 0
    outer loop
      vertex -74.5 -78.2 0
      vertex -72.1421 -78.2 26.06
      vertex -72.1421 -78.2 7.43999
    endloop
  endfacet
  facet normal 0 1 0
    outer loop
      vertex -72.1421 -78.2 26.06
      vertex -74.5 -78.2 0
      vertex -72.1855 -78.2 26.2781
    endloop
  endfacet
  facet normal 0 1 0
    outer loop
      vertex -74.5 -78.2 0
      vertex -72.1421 -78.2 7.43999
      vertex -72.1855 -78.2 7.22189
    endloop
  endfacet
  facet normal 0 1 0
    outer loop
      vertex -74.5 -78.2 0
      vertex -72.1855 -78.2 7.22189
      vertex -72.2 -78.2 7
    endloop
  endfacet
  facet normal 0 1 0
    outer loop
      vertex -72.2 -78.2 26.5
      vertex -74.5 -78.2 0
      vertex -74.5 -78.2 51.5
    endloop
  endfacet
  facet normal 0 1 0
    outer loop
      vertex -72.1855 -78.2 6.7781
      vertex -74.5 -78.2 0
      vertex -72.2 -78.2 7
    endloop
  endfacet
  facet normal 0 1 0
    outer loop
      vertex -72.1421 -78.2 6.56001
      vertex -74.5 -78.2 0
      vertex -72.1855 -78.2 6.7781
    endloop
  endfacet
  facet normal 0 1 0
    outer loop
      vertex -72.0706 -78.2 6.34944
      vertex -74.5 -78.2 0
      vertex -72.1421 -78.2 6.56001
    endloop
  endfacet
  facet normal 0 1 0
    outer loop
      vertex -71.9722 -78.2 6.15
      vertex -74.5 -78.2 0
      vertex -72.0706 -78.2 6.34944
    endloop
  endfacet
  facet normal 0 1 0
    outer loop
      vertex -71.8487 -78.2 5.96511
      vertex -74.5 -78.2 0
      vertex -71.9722 -78.2 6.15
    endloop
  endfacet
  facet normal 0 1 0
    outer loop
      vertex -71.7021 -78.2 5.79792
      vertex -74.5 -78.2 0
      vertex -71.8487 -78.2 5.96511
    endloop
  endfacet
  facet normal 0 1 0
    outer loop
      vertex -71.5349 -78.2 5.6513
      vertex -74.5 -78.2 0
      vertex -71.7021 -78.2 5.79792
    endloop
  endfacet
  facet normal 0 1 0
    outer loop
      vertex -71.35 -78.2 5.52776
      vertex -74.5 -78.2 0
      vertex -71.5349 -78.2 5.6513
    endloop
  endfacet
  facet normal 0 1 0
    outer loop
      vertex -71.1506 -78.2 5.4294
      vertex -74.5 -78.2 0
      vertex -71.35 -78.2 5.52776
    endloop
  endfacet
  facet normal 0 1 0
    outer loop
      vertex -70.94 -78.2 5.35793
      vertex -74.5 -78.2 0
      vertex -71.1506 -78.2 5.4294
    endloop
  endfacet
  facet normal 0 1 0
    outer loop
      vertex -70.7219 -78.2 5.31454
      vertex -74.5 -78.2 0
      vertex -70.94 -78.2 5.35793
    endloop
  endfacet
  facet normal 0 1 0
    outer loop
      vertex -70.5 -78.2 5.3
      vertex -74.5 -78.2 0
      vertex -70.7219 -78.2 5.31454
    endloop
  endfacet
  facet normal 0 1 0
    outer loop
      vertex -70.2781 -78.2 5.31454
      vertex -74.5 -78.2 0
      vertex -70.5 -78.2 5.3
    endloop
  endfacet
  facet normal 0 1 -0
    outer loop
      vertex 70.06 -78.2 28.1421
      vertex 70 -78.2 40.4
      vertex 70.2781 -78.2 28.1855
    endloop
  endfacet
  facet normal 0 1 0
    outer loop
      vertex 69.8494 -78.2 28.0706
      vertex 70 -78.2 40.4
      vertex 70.06 -78.2 28.1421
    endloop
  endfacet
  facet normal 0 1 0
    outer loop
      vertex 69.65 -78.2 27.9722
      vertex 70 -78.2 40.4
      vertex 69.8494 -78.2 28.0706
    endloop
  endfacet
  facet normal 0 1 0
    outer loop
      vertex 69.4651 -78.2 27.8487
      vertex 70 -78.2 40.4
      vertex 69.65 -78.2 27.9722
    endloop
  endfacet
  facet normal 0 1 0
    outer loop
      vertex 69.2979 -78.2 27.7021
      vertex 70 -78.2 40.4
      vertex 69.4651 -78.2 27.8487
    endloop
  endfacet
  facet normal 0 1 0
    outer loop
      vertex 69.1513 -78.2 27.5349
      vertex 70 -78.2 40.4
      vertex 69.2979 -78.2 27.7021
    endloop
  endfacet
  facet normal 0 1 0
    outer loop
      vertex 69.0278 -78.2 27.35
      vertex 70 -78.2 40.4
      vertex 69.1513 -78.2 27.5349
    endloop
  endfacet
  facet normal 0 1 0
    outer loop
      vertex 70 -78.2 40.4
      vertex 69.0278 -78.2 27.35
      vertex 45.4904 -78.2 28.5
    endloop
  endfacet
  facet normal 0 1 0
    outer loop
      vertex 46.3582 -78.2 26.7402
      vertex 69.0278 -78.2 27.35
      vertex 68.9294 -78.2 27.1506
    endloop
  endfacet
  facet normal 0 1 0
    outer loop
      vertex 46.3582 -78.2 26.7402
      vertex 68.9294 -78.2 27.1506
      vertex 68.8579 -78.2 26.94
    endloop
  endfacet
  facet normal 0 1 0
    outer loop
      vertex 69.0278 -78.2 27.35
      vertex 46.3582 -78.2 26.7402
      vertex 45.4904 -78.2 28.5
    endloop
  endfacet
  facet normal 0 1 0
    outer loop
      vertex 46.9889 -78.2 24.8823
      vertex 68.8579 -78.2 26.94
      vertex 68.8145 -78.2 26.7219
    endloop
  endfacet
  facet normal 0 1 0
    outer loop
      vertex 46.9889 -78.2 24.8823
      vertex 68.8145 -78.2 26.7219
      vertex 68.8 -78.2 26.5
    endloop
  endfacet
  facet normal 0 1 0
    outer loop
      vertex 47.3717 -78.2 22.9579
      vertex 68.8 -78.2 26.5
      vertex 68.8145 -78.2 26.2781
    endloop
  endfacet
  facet normal 0 1 0
    outer loop
      vertex 47.3717 -78.2 22.9579
      vertex 68.8145 -78.2 26.2781
      vertex 68.8579 -78.2 26.06
    endloop
  endfacet
  facet normal 0 1 0
    outer loop
      vertex 47.3717 -78.2 22.9579
      vertex 68.8579 -78.2 26.06
      vertex 68.9294 -78.2 25.8494
    endloop
  endfacet
  facet normal 0 1 0
    outer loop
      vertex 47.3717 -78.2 22.9579
      vertex 68.9294 -78.2 25.8494
      vertex 69.0278 -78.2 25.65
    endloop
  endfacet
  facet normal 0 1 0
    outer loop
      vertex 47.3717 -78.2 22.9579
      vertex 69.0278 -78.2 25.65
      vertex 69.1513 -78.2 25.4651
    endloop
  endfacet
  facet normal 0 1 0
    outer loop
      vertex 47.3717 -78.2 22.9579
      vertex 69.1513 -78.2 25.4651
      vertex 69.2979 -78.2 25.2979
    endloop
  endfacet
  facet normal 0 1 0
    outer loop
      vertex 47.3717 -78.2 22.9579
      vertex 69.2979 -78.2 25.2979
      vertex 69.4651 -78.2 25.1513
    endloop
  endfacet
  facet normal 0 1 0
    outer loop
      vertex 47.3717 -78.2 22.9579
      vertex 69.4651 -78.2 25.1513
      vertex 69.65 -78.2 25.0278
    endloop
  endfacet
  facet normal 0 1 0
    outer loop
      vertex 47.3717 -78.2 22.9579
      vertex 69.65 -78.2 25.0278
      vertex 69.8494 -78.2 24.9294
    endloop
  endfacet
  facet normal 0 1 0
    outer loop
      vertex 68.8579 -78.2 26.94
      vertex 46.9889 -78.2 24.8823
      vertex 46.3582 -78.2 26.7402
    endloop
  endfacet
  facet normal 0 1 0
    outer loop
      vertex 47.3717 -78.2 22.9579
      vertex 69.8494 -78.2 24.9294
      vertex 70.06 -78.2 24.8579
    endloop
  endfacet
  facet normal 0 1 0
    outer loop
      vertex 47.3717 -78.2 22.9579
      vertex 70.06 -78.2 24.8579
      vertex 70.2781 -78.2 24.8145
    endloop
  endfacet
  facet normal 0 1 0
    outer loop
      vertex 47.3717 -78.2 22.9579
      vertex 70.2781 -78.2 24.8145
      vertex 70.5 -78.2 24.8
    endloop
  endfacet
  facet normal 0 1 0
    outer loop
      vertex 68.8 -78.2 26.5
      vertex 47.3717 -78.2 22.9579
      vertex 46.9889 -78.2 24.8823
    endloop
  endfacet
  facet normal 0 1 -0
    outer loop
      vertex -46.7723 -78.2 25.5452
      vertex -70 -78.2 40.4
      vertex -45.875 -78.2 26.1447
    endloop
  endfacet
  facet normal 0 1 0
    outer loop
      vertex -70 -78.2 40.4
      vertex -69.2979 -78.2 27.7021
      vertex -69.4651 -78.2 27.8487
    endloop
  endfacet
  facet normal 0 1 -0
    outer loop
      vertex -47.5836 -78.2 24.8336
      vertex -70 -78.2 40.4
      vertex -46.7723 -78.2 25.5452
    endloop
  endfacet
  facet normal 0 1 0
    outer loop
      vertex -70 -78.2 40.4
      vertex -69.1513 -78.2 27.5349
      vertex -69.2979 -78.2 27.7021
    endloop
  endfacet
  facet normal -0 1 -0
    outer loop
      vertex -69.0278 -78.2 27.35
      vertex -70 -78.2 40.4
      vertex -47.5836 -78.2 24.8336
    endloop
  endfacet
  facet normal 0 1 0
    outer loop
      vertex -70 -78.2 40.4
      vertex -69.0278 -78.2 27.35
      vertex -69.1513 -78.2 27.5349
    endloop
  endfacet
  facet normal 0 1 0
    outer loop
      vertex -69.0278 -78.2 27.35
      vertex -47.5836 -78.2 24.8336
      vertex -68.9294 -78.2 27.1506
    endloop
  endfacet
  facet normal 0 1 -0
    outer loop
      vertex -48.2952 -78.2 24.0223
      vertex -68.9294 -78.2 27.1506
      vertex -47.5836 -78.2 24.8336
    endloop
  endfacet
  facet normal 0 1 0
    outer loop
      vertex -68.9294 -78.2 27.1506
      vertex -48.2952 -78.2 24.0223
      vertex -68.8579 -78.2 26.94
    endloop
  endfacet
  facet normal 0 1 -0
    outer loop
      vertex -48.8947 -78.2 23.125
      vertex -68.8579 -78.2 26.94
      vertex -48.2952 -78.2 24.0223
    endloop
  endfacet
  facet normal 0 1 0
    outer loop
      vertex -68.8579 -78.2 26.94
      vertex -48.8947 -78.2 23.125
      vertex -68.8145 -78.2 26.7219
    endloop
  endfacet
  facet normal 0 1 0
    outer loop
      vertex -68.8145 -78.2 26.7219
      vertex -48.8947 -78.2 23.125
      vertex -68.8 -78.2 26.5
    endloop
  endfacet
  facet normal 0 1 -0
    outer loop
      vertex -49.372 -78.2 22.1571
      vertex -68.8 -78.2 26.5
      vertex -48.8947 -78.2 23.125
    endloop
  endfacet
  facet normal 0 1 0
    outer loop
      vertex -68.8 -78.2 26.5
      vertex -49.372 -78.2 22.1571
      vertex -68.8145 -78.2 26.2781
    endloop
  endfacet
  facet normal 0 1 -0
    outer loop
      vertex -49.7189 -78.2 21.1353
      vertex -68.8145 -78.2 26.2781
      vertex -49.372 -78.2 22.1571
    endloop
  endfacet
  facet normal 0 1 0
    outer loop
      vertex -68.8145 -78.2 26.2781
      vertex -49.7189 -78.2 21.1353
      vertex -68.8579 -78.2 26.06
    endloop
  endfacet
  facet normal 0 1 0
    outer loop
      vertex -68.8579 -78.2 26.06
      vertex -49.7189 -78.2 21.1353
      vertex -68.9294 -78.2 25.8494
    endloop
  endfacet
  facet normal 0 1 -0
    outer loop
      vertex -49.9294 -78.2 20.0768
      vertex -68.9294 -78.2 25.8494
      vertex -49.7189 -78.2 21.1353
    endloop
  endfacet
  facet normal 0 1 0
    outer loop
      vertex -68.9294 -78.2 25.8494
      vertex -49.9294 -78.2 20.0768
      vertex -69.0278 -78.2 25.65
    endloop
  endfacet
  facet normal 0 1 -0
    outer loop
      vertex -50 -78.2 19
      vertex -69.0278 -78.2 25.65
      vertex -49.9294 -78.2 20.0768
    endloop
  endfacet
  facet normal 0 1 0
    outer loop
      vertex -69.0278 -78.2 25.65
      vertex -50 -78.2 19
      vertex -69.1513 -78.2 25.4651
    endloop
  endfacet
  facet normal 0 1 0
    outer loop
      vertex -69.1513 -78.2 25.4651
      vertex -50 -78.2 19
      vertex -69.2979 -78.2 25.2979
    endloop
  endfacet
  facet normal 0 1 0
    outer loop
      vertex -49.9294 -78.2 17.9232
      vertex -69.2979 -78.2 25.2979
      vertex -50 -78.2 19
    endloop
  endfacet
  facet normal 0 1 0
    outer loop
      vertex 70.5 -78.2 24.8
      vertex 70.2781 -78.2 8.68546
      vertex 70.06 -78.2 8.64207
    endloop
  endfacet
  facet normal 0 1 0
    outer loop
      vertex 70.5 -78.2 24.8
      vertex 70.06 -78.2 8.64207
      vertex 69.8494 -78.2 8.57059
    endloop
  endfacet
  facet normal 0 1 0
    outer loop
      vertex 70.5 -78.2 24.8
      vertex 69.8494 -78.2 8.57059
      vertex 69.65 -78.2 8.47224
    endloop
  endfacet
  facet normal 0 1 0
    outer loop
      vertex 70.5 -78.2 24.8
      vertex 69.65 -78.2 8.47224
      vertex 69.4651 -78.2 8.3487
    endloop
  endfacet
  facet normal 0 1 0
    outer loop
      vertex 70.5 -78.2 24.8
      vertex 69.4651 -78.2 8.3487
      vertex 69.2979 -78.2 8.20208
    endloop
  endfacet
  facet normal 0 1 -0
    outer loop
      vertex 68.9294 -78.2 7.65056
      vertex 46.9889 -78.2 17.1177
      vertex 69.0278 -78.2 7.85
    endloop
  endfacet
  facet normal 0 1 -0
    outer loop
      vertex 68.8145 -78.2 7.22189
      vertex 46.3582 -78.2 15.2597
      vertex 68.8579 -78.2 7.43999
    endloop
  endfacet
  facet normal 0 1 0
    outer loop
      vertex 46.3582 -78.2 15.2597
      vertex 68.8145 -78.2 7.22189
      vertex 45.4904 -78.2 13.5
    endloop
  endfacet
  facet normal 0 1 -0
    outer loop
      vertex 68.8 -78.2 7
      vertex 45.4904 -78.2 13.5
      vertex 68.8145 -78.2 7.22189
    endloop
  endfacet
  facet normal 0 1 0
    outer loop
      vertex 68.8145 -78.2 6.7781
      vertex 45.4904 -78.2 13.5
      vertex 68.8 -78.2 7
    endloop
  endfacet
  facet normal 0 1 0
    outer loop
      vertex 45.4904 -78.2 13.5
      vertex 68.8145 -78.2 6.7781
      vertex 44.4003 -78.2 11.8686
    endloop
  endfacet
  facet normal 0 1 0
    outer loop
      vertex 68.8579 -78.2 6.56001
      vertex 44.4003 -78.2 11.8686
      vertex 68.8145 -78.2 6.7781
    endloop
  endfacet
  facet normal 0 1 0
    outer loop
      vertex 68.9294 -78.2 6.34944
      vertex 44.4003 -78.2 11.8686
      vertex 68.8579 -78.2 6.56001
    endloop
  endfacet
  facet normal 0 1 0
    outer loop
      vertex 44.4003 -78.2 11.8686
      vertex 68.9294 -78.2 6.34944
      vertex 43.1066 -78.2 10.3934
    endloop
  endfacet
  facet normal 0 1 0
    outer loop
      vertex 69.0278 -78.2 6.15
      vertex 43.1066 -78.2 10.3934
      vertex 68.9294 -78.2 6.34944
    endloop
  endfacet
  facet normal 0 1 0
    outer loop
      vertex 43.1066 -78.2 10.3934
      vertex 69.0278 -78.2 6.15
      vertex 41.6314 -78.2 9.0997
    endloop
  endfacet
  facet normal 0 1 0
    outer loop
      vertex 69.1513 -78.2 5.96511
      vertex 41.6314 -78.2 9.0997
      vertex 69.0278 -78.2 6.15
    endloop
  endfacet
  facet normal 0 1 0
    outer loop
      vertex 69.2979 -78.2 5.79792
      vertex 41.6314 -78.2 9.0997
      vertex 69.1513 -78.2 5.96511
    endloop
  endfacet
  facet normal 0 1 0
    outer loop
      vertex 41.6314 -78.2 9.0997
      vertex 69.2979 -78.2 5.79792
      vertex 40 -78.2 8.00962
    endloop
  endfacet
  facet normal 0 1 0
    outer loop
      vertex 69.4651 -78.2 5.6513
      vertex 40 -78.2 8.00962
      vertex 69.2979 -78.2 5.79792
    endloop
  endfacet
  facet normal 0 1 0
    outer loop
      vertex 74.5 -78.2 0
      vertex 40 -78.2 8.00962
      vertex 69.4651 -78.2 5.6513
    endloop
  endfacet
  facet normal 0 1 0
    outer loop
      vertex 40 -78.2 8.00962
      vertex 74.5 -78.2 0
      vertex 38.2402 -78.2 7.14181
    endloop
  endfacet
  facet normal 0 -1 0
    outer loop
      vertex -19.8564 -81.2 8.59059
      vertex 3 -81.2 8.6
      vertex -20 -81.2 8.6
    endloop
  endfacet
  facet normal 0 -1 0
    outer loop
      vertex -19.8564 -81.2 8.59059
      vertex 2.85642 -81.2 8.59059
      vertex 3 -81.2 8.6
    endloop
  endfacet
  facet normal 0 -1 0
    outer loop
      vertex -19.7153 -81.2 8.56252
      vertex 2.85642 -81.2 8.59059
      vertex -19.8564 -81.2 8.59059
    endloop
  endfacet
  facet normal 0 -1 0
    outer loop
      vertex -19.7153 -81.2 8.56252
      vertex 2.7153 -81.2 8.56252
      vertex 2.85642 -81.2 8.59059
    endloop
  endfacet
  facet normal 0 -1 0
    outer loop
      vertex -19.579 -81.2 8.51627
      vertex 2.7153 -81.2 8.56252
      vertex -19.7153 -81.2 8.56252
    endloop
  endfacet
  facet normal 0 -1 0
    outer loop
      vertex -19.579 -81.2 8.51627
      vertex 2.57905 -81.2 8.51627
      vertex 2.7153 -81.2 8.56252
    endloop
  endfacet
  facet normal 0 -1 0
    outer loop
      vertex -19.45 -81.2 8.45263
      vertex 2.57905 -81.2 8.51627
      vertex -19.579 -81.2 8.51627
    endloop
  endfacet
  facet normal 0 -1 0
    outer loop
      vertex -19.45 -81.2 8.45263
      vertex 2.45 -81.2 8.45263
      vertex 2.57905 -81.2 8.51627
    endloop
  endfacet
  facet normal 0 -1 0
    outer loop
      vertex -19.3304 -81.2 8.37269
      vertex 2.45 -81.2 8.45263
      vertex -19.45 -81.2 8.45263
    endloop
  endfacet
  facet normal 0 -1 0
    outer loop
      vertex -19.3304 -81.2 8.37269
      vertex 2.33036 -81.2 8.37269
      vertex 2.45 -81.2 8.45263
    endloop
  endfacet
  facet normal 0 -1 0
    outer loop
      vertex -19.2222 -81.2 8.27782
      vertex 2.33036 -81.2 8.37269
      vertex -19.3304 -81.2 8.37269
    endloop
  endfacet
  facet normal 0 -1 0
    outer loop
      vertex -19.2222 -81.2 8.27782
      vertex 2.22218 -81.2 8.27782
      vertex 2.33036 -81.2 8.37269
    endloop
  endfacet
  facet normal 0 -1 0
    outer loop
      vertex -19.1273 -81.2 8.16964
      vertex 2.22218 -81.2 8.27782
      vertex -19.2222 -81.2 8.27782
    endloop
  endfacet
  facet normal 0 -1 0
    outer loop
      vertex -19.1273 -81.2 8.16964
      vertex 2.12731 -81.2 8.16964
      vertex 2.22218 -81.2 8.27782
    endloop
  endfacet
  facet normal 0 -1 0
    outer loop
      vertex -19.0474 -81.2 8.05
      vertex 2.12731 -81.2 8.16964
      vertex -19.1273 -81.2 8.16964
    endloop
  endfacet
  facet normal 0 -1 0
    outer loop
      vertex -19.0474 -81.2 8.05
      vertex 2.04737 -81.2 8.05
      vertex 2.12731 -81.2 8.16964
    endloop
  endfacet
  facet normal 0 -1 0
    outer loop
      vertex -18.9837 -81.2 7.92095
      vertex 2.04737 -81.2 8.05
      vertex -19.0474 -81.2 8.05
    endloop
  endfacet
  facet normal 0 -1 0
    outer loop
      vertex -18.9837 -81.2 7.92095
      vertex 1.98373 -81.2 7.92095
      vertex 2.04737 -81.2 8.05
    endloop
  endfacet
  facet normal 0 -1 0
    outer loop
      vertex -18.9375 -81.2 7.7847
      vertex 1.98373 -81.2 7.92095
      vertex -18.9837 -81.2 7.92095
    endloop
  endfacet
  facet normal 0 -1 0
    outer loop
      vertex -18.9375 -81.2 7.7847
      vertex 1.93748 -81.2 7.7847
      vertex 1.98373 -81.2 7.92095
    endloop
  endfacet
  facet normal 0 -1 0
    outer loop
      vertex -18.9094 -81.2 7.64358
      vertex 1.93748 -81.2 7.7847
      vertex -18.9375 -81.2 7.7847
    endloop
  endfacet
  facet normal 0 -1 0
    outer loop
      vertex -18.9094 -81.2 7.64358
      vertex 1.90941 -81.2 7.64358
      vertex 1.93748 -81.2 7.7847
    endloop
  endfacet
  facet normal 0 -1 0
    outer loop
      vertex -18.9 -81.2 7.5
      vertex 1.90941 -81.2 7.64358
      vertex -18.9094 -81.2 7.64358
    endloop
  endfacet
  facet normal 0 -1 0
    outer loop
      vertex -18.9 -81.2 7.5
      vertex 1.9 -81.2 7.5
      vertex 1.90941 -81.2 7.64358
    endloop
  endfacet
  facet normal 0 -1 0
    outer loop
      vertex -18.9094 -81.2 7.35642
      vertex 1.9 -81.2 7.5
      vertex -18.9 -81.2 7.5
    endloop
  endfacet
  facet normal 0 -1 0
    outer loop
      vertex -18.9094 -81.2 7.35642
      vertex 1.90941 -81.2 7.35642
      vertex 1.9 -81.2 7.5
    endloop
  endfacet
  facet normal 0 -1 0
    outer loop
      vertex -18.9375 -81.2 7.2153
      vertex 1.90941 -81.2 7.35642
      vertex -18.9094 -81.2 7.35642
    endloop
  endfacet
  facet normal 0 -1 0
    outer loop
      vertex -18.9375 -81.2 7.2153
      vertex 1.93748 -81.2 7.2153
      vertex 1.90941 -81.2 7.35642
    endloop
  endfacet
  facet normal 0 -1 0
    outer loop
      vertex -18.9837 -81.2 7.07905
      vertex 1.93748 -81.2 7.2153
      vertex -18.9375 -81.2 7.2153
    endloop
  endfacet
  facet normal 0 -1 0
    outer loop
      vertex -18.9837 -81.2 7.07905
      vertex 1.98373 -81.2 7.07905
      vertex 1.93748 -81.2 7.2153
    endloop
  endfacet
  facet normal 0 -1 0
    outer loop
      vertex -19.0474 -81.2 6.95
      vertex 1.98373 -81.2 7.07905
      vertex -18.9837 -81.2 7.07905
    endloop
  endfacet
  facet normal 0 -1 0
    outer loop
      vertex -19.0474 -81.2 6.95
      vertex 2.04737 -81.2 6.95
      vertex 1.98373 -81.2 7.07905
    endloop
  endfacet
  facet normal 0 -1 0
    outer loop
      vertex -19.1273 -81.2 6.83036
      vertex 2.04737 -81.2 6.95
      vertex -19.0474 -81.2 6.95
    endloop
  endfacet
  facet normal 0 -1 0
    outer loop
      vertex -19.1273 -81.2 6.83036
      vertex 2.12731 -81.2 6.83036
      vertex 2.04737 -81.2 6.95
    endloop
  endfacet
  facet normal 0 -1 0
    outer loop
      vertex -19.2222 -81.2 6.72218
      vertex 2.12731 -81.2 6.83036
      vertex -19.1273 -81.2 6.83036
    endloop
  endfacet
  facet normal 0 -1 0
    outer loop
      vertex -19.2222 -81.2 6.72218
      vertex 2.22218 -81.2 6.72218
      vertex 2.12731 -81.2 6.83036
    endloop
  endfacet
  facet normal 0 -1 0
    outer loop
      vertex -19.3304 -81.2 6.62731
      vertex 2.22218 -81.2 6.72218
      vertex -19.2222 -81.2 6.72218
    endloop
  endfacet
  facet normal 0 -1 0
    outer loop
      vertex -19.3304 -81.2 6.62731
      vertex 2.33036 -81.2 6.62731
      vertex 2.22218 -81.2 6.72218
    endloop
  endfacet
  facet normal 0 -1 0
    outer loop
      vertex -19.45 -81.2 6.54737
      vertex 2.33036 -81.2 6.62731
      vertex -19.3304 -81.2 6.62731
    endloop
  endfacet
  facet normal 0 -1 0
    outer loop
      vertex -19.45 -81.2 6.54737
      vertex 2.45 -81.2 6.54737
      vertex 2.33036 -81.2 6.62731
    endloop
  endfacet
  facet normal 0 -1 0
    outer loop
      vertex -19.579 -81.2 6.48373
      vertex 2.45 -81.2 6.54737
      vertex -19.45 -81.2 6.54737
    endloop
  endfacet
  facet normal 0 -1 0
    outer loop
      vertex -19.579 -81.2 6.48373
      vertex 2.57905 -81.2 6.48373
      vertex 2.45 -81.2 6.54737
    endloop
  endfacet
  facet normal 0 -1 0
    outer loop
      vertex -19.7153 -81.2 6.43748
      vertex 2.57905 -81.2 6.48373
      vertex -19.579 -81.2 6.48373
    endloop
  endfacet
  facet normal 0 -1 0
    outer loop
      vertex -19.7153 -81.2 6.43748
      vertex 2.7153 -81.2 6.43748
      vertex 2.57905 -81.2 6.48373
    endloop
  endfacet
  facet normal 0 -1 0
    outer loop
      vertex -19.8564 -81.2 6.40941
      vertex 2.7153 -81.2 6.43748
      vertex -19.7153 -81.2 6.43748
    endloop
  endfacet
  facet normal 0 -1 0
    outer loop
      vertex -19.8564 -81.2 6.40941
      vertex 2.85642 -81.2 6.40941
      vertex 2.7153 -81.2 6.43748
    endloop
  endfacet
  facet normal 0 -1 0
    outer loop
      vertex -20 -81.2 6.4
      vertex 2.85642 -81.2 6.40941
      vertex -19.8564 -81.2 6.40941
    endloop
  endfacet
  facet normal 0 -1 -0
    outer loop
      vertex 2.85642 -81.2 6.40941
      vertex -20 -81.2 6.4
      vertex 3 -81.2 6.4
    endloop
  endfacet
  facet normal 0 -1 0
    outer loop
      vertex -41.75 -81.2 10.75
      vertex -20.1436 -81.2 8.59059
      vertex -20 -81.2 8.6
    endloop
  endfacet
  facet normal 0 -1 -0
    outer loop
      vertex -48.8947 -81.2 14.875
      vertex -68.8145 -81.2 7.22189
      vertex -48.2952 -81.2 13.9777
    endloop
  endfacet
  facet normal 0 -1 0
    outer loop
      vertex -41.75 -81.2 10.75
      vertex -20.2847 -81.2 8.56252
      vertex -20.1436 -81.2 8.59059
    endloop
  endfacet
  facet normal 0 -1 0
    outer loop
      vertex -41.75 -81.2 10.75
      vertex -20.421 -81.2 8.51627
      vertex -20.2847 -81.2 8.56252
    endloop
  endfacet
  facet normal 0 -1 0
    outer loop
      vertex -68.8 -81.2 7
      vertex -48.2952 -81.2 13.9777
      vertex -68.8145 -81.2 7.22189
    endloop
  endfacet
  facet normal 0 -1 0
    outer loop
      vertex -41.75 -81.2 10.75
      vertex -20.55 -81.2 8.45263
      vertex -20.421 -81.2 8.51627
    endloop
  endfacet
  facet normal 0 -1 0
    outer loop
      vertex -41.75 -81.2 10.75
      vertex -20.6696 -81.2 8.37269
      vertex -20.55 -81.2 8.45263
    endloop
  endfacet
  facet normal 0 -1 0
    outer loop
      vertex -68.8145 -81.2 6.7781
      vertex -48.2952 -81.2 13.9777
      vertex -68.8 -81.2 7
    endloop
  endfacet
  facet normal 0 -1 0
    outer loop
      vertex -41.75 -81.2 10.75
      vertex -20.7778 -81.2 8.27782
      vertex -20.6696 -81.2 8.37269
    endloop
  endfacet
  facet normal 0 -1 -0
    outer loop
      vertex -48.2952 -81.2 13.9777
      vertex -68.8145 -81.2 6.7781
      vertex -47.5836 -81.2 13.1664
    endloop
  endfacet
  facet normal 0 -1 0
    outer loop
      vertex -41.75 -81.2 10.75
      vertex -20.8727 -81.2 8.16964
      vertex -20.7778 -81.2 8.27782
    endloop
  endfacet
  facet normal 0 -1 0
    outer loop
      vertex -68.8579 -81.2 6.56001
      vertex -47.5836 -81.2 13.1664
      vertex -68.8145 -81.2 6.7781
    endloop
  endfacet
  facet normal 0 -1 0
    outer loop
      vertex -41.75 -81.2 10.75
      vertex -20.9526 -81.2 8.05
      vertex -20.8727 -81.2 8.16964
    endloop
  endfacet
  facet normal 0 -1 -0
    outer loop
      vertex -47.5836 -81.2 13.1664
      vertex -68.8579 -81.2 6.56001
      vertex -46.7723 -81.2 12.4548
    endloop
  endfacet
  facet normal 0 -1 0
    outer loop
      vertex -41.75 -81.2 10.75
      vertex -21.0163 -81.2 7.92095
      vertex -20.9526 -81.2 8.05
    endloop
  endfacet
  facet normal 0 -1 0
    outer loop
      vertex -68.9294 -81.2 6.34944
      vertex -46.7723 -81.2 12.4548
      vertex -68.8579 -81.2 6.56001
    endloop
  endfacet
  facet normal 0 -1 0
    outer loop
      vertex -41.75 -81.2 10.75
      vertex -21.0625 -81.2 7.7847
      vertex -21.0163 -81.2 7.92095
    endloop
  endfacet
  facet normal 0 -1 0
    outer loop
      vertex -69.0278 -81.2 6.15
      vertex -46.7723 -81.2 12.4548
      vertex -68.9294 -81.2 6.34944
    endloop
  endfacet
  facet normal 0 -1 0
    outer loop
      vertex -41.75 -81.2 10.75
      vertex -21.0906 -81.2 7.64358
      vertex -21.0625 -81.2 7.7847
    endloop
  endfacet
  facet normal 0 -1 -0
    outer loop
      vertex -46.7723 -81.2 12.4548
      vertex -69.0278 -81.2 6.15
      vertex -45.875 -81.2 11.8553
    endloop
  endfacet
  facet normal 0 -1 0
    outer loop
      vertex -41.75 -81.2 10.75
      vertex -21.1 -81.2 7.5
      vertex -21.0906 -81.2 7.64358
    endloop
  endfacet
  facet normal 0 -1 0
    outer loop
      vertex -69.1513 -81.2 5.96511
      vertex -45.875 -81.2 11.8553
      vertex -69.0278 -81.2 6.15
    endloop
  endfacet
  facet normal 0 -1 0
    outer loop
      vertex -41.75 -81.2 10.75
      vertex -21.0906 -81.2 7.35642
      vertex -21.1 -81.2 7.5
    endloop
  endfacet
  facet normal 0 -1 -0
    outer loop
      vertex -45.875 -81.2 11.8553
      vertex -69.1513 -81.2 5.96511
      vertex -44.9071 -81.2 11.378
    endloop
  endfacet
  facet normal 0 -1 0
    outer loop
      vertex -41.75 -81.2 10.75
      vertex -21.0625 -81.2 7.2153
      vertex -21.0906 -81.2 7.35642
    endloop
  endfacet
  facet normal 0 -1 0
    outer loop
      vertex -69.2979 -81.2 5.79792
      vertex -44.9071 -81.2 11.378
      vertex -69.1513 -81.2 5.96511
    endloop
  endfacet
  facet normal 0 -1 0
    outer loop
      vertex -41.75 -81.2 10.75
      vertex -21.0163 -81.2 7.07905
      vertex -21.0625 -81.2 7.2153
    endloop
  endfacet
  facet normal 0 -1 -0
    outer loop
      vertex -44.9071 -81.2 11.378
      vertex -69.2979 -81.2 5.79792
      vertex -43.8853 -81.2 11.0311
    endloop
  endfacet
  facet normal 0 -1 0
    outer loop
      vertex -41.75 -81.2 10.75
      vertex -20.9526 -81.2 6.95
      vertex -21.0163 -81.2 7.07905
    endloop
  endfacet
  facet normal 0 -1 0
    outer loop
      vertex -69.4651 -81.2 5.6513
      vertex -43.8853 -81.2 11.0311
      vertex -69.2979 -81.2 5.79792
    endloop
  endfacet
  facet normal 0 -1 0
    outer loop
      vertex -41.75 -81.2 10.75
      vertex -20.8727 -81.2 6.83036
      vertex -20.9526 -81.2 6.95
    endloop
  endfacet
  facet normal 0 -1 0
    outer loop
      vertex -74.5 -81.2 0
      vertex -43.8853 -81.2 11.0311
      vertex -69.4651 -81.2 5.6513
    endloop
  endfacet
  facet normal 0 -1 0
    outer loop
      vertex -41.75 -81.2 10.75
      vertex -20.7778 -81.2 6.72218
      vertex -20.8727 -81.2 6.83036
    endloop
  endfacet
  facet normal 0 -1 -0
    outer loop
      vertex -43.8853 -81.2 11.0311
      vertex -74.5 -81.2 0
      vertex -42.8268 -81.2 10.8206
    endloop
  endfacet
  facet normal 0 -1 0
    outer loop
      vertex -41.75 -81.2 10.75
      vertex -20.6696 -81.2 6.62731
      vertex -20.7778 -81.2 6.72218
    endloop
  endfacet
  facet normal -0 -1 0
    outer loop
      vertex -20.421 -81.2 6.48373
      vertex -41.75 -81.2 10.75
      vertex -74.5 -81.2 0
    endloop
  endfacet
  facet normal 0 -1 0
    outer loop
      vertex -41.75 -81.2 10.75
      vertex -20.421 -81.2 6.48373
      vertex -20.55 -81.2 6.54737
    endloop
  endfacet
  facet normal 0 -1 0
    outer loop
      vertex -41.75 -81.2 10.75
      vertex -20.55 -81.2 6.54737
      vertex -20.6696 -81.2 6.62731
    endloop
  endfacet
  facet normal 0 -1 0
    outer loop
      vertex 70.2781 -81.2 24.8145
      vertex 70.2781 -81.2 8.68546
      vertex 70.5 -81.2 8.7
    endloop
  endfacet
  facet normal 0 -1 0
    outer loop
      vertex 43.1066 -81.2 10.3934
      vertex 70.06 -81.2 8.64207
      vertex 70.2781 -81.2 8.68546
    endloop
  endfacet
  facet normal 0 -1 0
    outer loop
      vertex 43.1066 -81.2 10.3934
      vertex 69.8494 -81.2 8.57059
      vertex 70.06 -81.2 8.64207
    endloop
  endfacet
  facet normal 0 -1 0
    outer loop
      vertex 43.1066 -81.2 10.3934
      vertex 69.65 -81.2 8.47224
      vertex 69.8494 -81.2 8.57059
    endloop
  endfacet
  facet normal 0 -1 0
    outer loop
      vertex 43.1066 -81.2 10.3934
      vertex 69.4651 -81.2 8.3487
      vertex 69.65 -81.2 8.47224
    endloop
  endfacet
  facet normal 0 -1 0
    outer loop
      vertex 43.1066 -81.2 10.3934
      vertex 69.2979 -81.2 8.20208
      vertex 69.4651 -81.2 8.3487
    endloop
  endfacet
  facet normal 0 -1 0
    outer loop
      vertex 43.1066 -81.2 10.3934
      vertex 69.1513 -81.2 8.03489
      vertex 69.2979 -81.2 8.20208
    endloop
  endfacet
  facet normal 0 -1 0
    outer loop
      vertex 69.2979 -81.2 5.79792
      vertex 41.6314 -81.2 9.0997
      vertex 40 -81.2 8.00962
    endloop
  endfacet
  facet normal 0 -1 0
    outer loop
      vertex 43.1066 -81.2 10.3934
      vertex 69.0278 -81.2 7.85
      vertex 69.1513 -81.2 8.03489
    endloop
  endfacet
  facet normal 0 -1 0
    outer loop
      vertex 43.1066 -81.2 10.3934
      vertex 68.9294 -81.2 7.65056
      vertex 69.0278 -81.2 7.85
    endloop
  endfacet
  facet normal 0 -1 0
    outer loop
      vertex 43.1066 -81.2 10.3934
      vertex 68.8579 -81.2 7.43999
      vertex 68.9294 -81.2 7.65056
    endloop
  endfacet
  facet normal 0 -1 0
    outer loop
      vertex 43.1066 -81.2 10.3934
      vertex 68.8145 -81.2 7.22189
      vertex 68.8579 -81.2 7.43999
    endloop
  endfacet
  facet normal 0 -1 0
    outer loop
      vertex 74.5 -81.2 0
      vertex 40 -81.2 8.00962
      vertex 38.2402 -81.2 7.14181
    endloop
  endfacet
  facet normal 0 -1 0
    outer loop
      vertex 43.1066 -81.2 10.3934
      vertex 68.8 -81.2 7
      vertex 68.8145 -81.2 7.22189
    endloop
  endfacet
  facet normal 0 -1 0
    outer loop
      vertex 43.1066 -81.2 10.3934
      vertex 68.8145 -81.2 6.7781
      vertex 68.8 -81.2 7
    endloop
  endfacet
  facet normal 0 -1 0
    outer loop
      vertex 43.1066 -81.2 10.3934
      vertex 68.8579 -81.2 6.56001
      vertex 68.8145 -81.2 6.7781
    endloop
  endfacet
  facet normal 0 -1 0
    outer loop
      vertex 74.5 -81.2 0
      vertex 38.2402 -81.2 7.14181
      vertex 36.3823 -81.2 6.51111
    endloop
  endfacet
  facet normal 0 -1 0
    outer loop
      vertex 43.1066 -81.2 10.3934
      vertex 68.9294 -81.2 6.34944
      vertex 68.8579 -81.2 6.56001
    endloop
  endfacet
  facet normal 0 -1 0
    outer loop
      vertex 43.1066 -81.2 10.3934
      vertex 69.0278 -81.2 6.15
      vertex 68.9294 -81.2 6.34944
    endloop
  endfacet
  facet normal 0 -1 0
    outer loop
      vertex 74.5 -81.2 0
      vertex 36.3823 -81.2 6.51111
      vertex 34.4579 -81.2 6.12833
    endloop
  endfacet
  facet normal 0 -1 0
    outer loop
      vertex 74.5 -81.2 0
      vertex 34.4579 -81.2 6.12833
      vertex 32.5 -81.2 6
    endloop
  endfacet
  facet normal 0 -1 0
    outer loop
      vertex 41.6314 -81.2 9.0997
      vertex 69.1513 -81.2 5.96511
      vertex 69.0278 -81.2 6.15
    endloop
  endfacet
  facet normal 0 -1 -0
    outer loop
      vertex -20 -81.2 6.4
      vertex -74.5 -81.2 0
      vertex 3 -81.2 6.4
    endloop
  endfacet
  facet normal 0 -1 0
    outer loop
      vertex 74.5 -81.2 0
      vertex 3 -81.2 6.4
      vertex -74.5 -81.2 0
    endloop
  endfacet
  facet normal 0 -1 0
    outer loop
      vertex 41.6314 -81.2 9.0997
      vertex 69.2979 -81.2 5.79792
      vertex 69.1513 -81.2 5.96511
    endloop
  endfacet
  facet normal 0 -1 -0
    outer loop
      vertex -42.8268 -81.2 10.8206
      vertex -74.5 -81.2 0
      vertex -41.75 -81.2 10.75
    endloop
  endfacet
  facet normal 0 -1 0
    outer loop
      vertex 3 -81.2 6.4
      vertex 74.5 -81.2 0
      vertex 32.5 -81.2 6
    endloop
  endfacet
  facet normal 0 -1 0
    outer loop
      vertex -74.5 -81.2 0
      vertex -69.4651 -81.2 5.6513
      vertex -69.65 -81.2 5.52776
    endloop
  endfacet
  facet normal 0 -1 0
    outer loop
      vertex 40 -81.2 8.00962
      vertex 74.5 -81.2 0
      vertex 69.4651 -81.2 5.6513
    endloop
  endfacet
  facet normal 0 -1 0
    outer loop
      vertex -74.5 -81.2 0
      vertex -69.65 -81.2 5.52776
      vertex -69.8494 -81.2 5.4294
    endloop
  endfacet
  facet normal 0 -1 0
    outer loop
      vertex 40 -81.2 8.00962
      vertex 69.4651 -81.2 5.6513
      vertex 69.2979 -81.2 5.79792
    endloop
  endfacet
  facet normal 0 -1 0
    outer loop
      vertex -74.5 -81.2 0
      vertex -69.8494 -81.2 5.4294
      vertex -70.06 -81.2 5.35793
    endloop
  endfacet
  facet normal 0 -1 0
    outer loop
      vertex 69.4651 -81.2 5.6513
      vertex 74.5 -81.2 0
      vertex 69.65 -81.2 5.52776
    endloop
  endfacet
  facet normal 0 -1 0
    outer loop
      vertex -74.5 -81.2 0
      vertex -70.06 -81.2 5.35793
      vertex -70.2781 -81.2 5.31454
    endloop
  endfacet
  facet normal 0 -1 0
    outer loop
      vertex 69.65 -81.2 5.52776
      vertex 74.5 -81.2 0
      vertex 69.8494 -81.2 5.4294
    endloop
  endfacet
  facet normal 0 -1 0
    outer loop
      vertex -74.5 -81.2 0
      vertex -70.2781 -81.2 5.31454
      vertex -70.5 -81.2 5.3
    endloop
  endfacet
  facet normal 0 -1 0
    outer loop
      vertex 69.8494 -81.2 5.4294
      vertex 74.5 -81.2 0
      vertex 70.06 -81.2 5.35793
    endloop
  endfacet
  facet normal 0 -1 -0
    outer loop
      vertex -49.372 -81.2 15.8429
      vertex -68.8579 -81.2 7.43999
      vertex -48.8947 -81.2 14.875
    endloop
  endfacet
  facet normal 0 -1 0
    outer loop
      vertex -68.8145 -81.2 7.22189
      vertex -48.8947 -81.2 14.875
      vertex -68.8579 -81.2 7.43999
    endloop
  endfacet
  facet normal 0 -1 0
    outer loop
      vertex 3 -81.2 8.6
      vertex -41.75 -81.2 10.75
      vertex -20 -81.2 8.6
    endloop
  endfacet
  facet normal 0 -1 0
    outer loop
      vertex -41.75 -81.2 10.75
      vertex 3 -81.2 8.6
      vertex 23.3686 -81.2 9.0997
    endloop
  endfacet
  facet normal 0 -1 0
    outer loop
      vertex 3.14358 -81.2 8.59059
      vertex 23.3686 -81.2 9.0997
      vertex 3 -81.2 8.6
    endloop
  endfacet
  facet normal 0 -1 0
    outer loop
      vertex 3.2847 -81.2 8.56252
      vertex 23.3686 -81.2 9.0997
      vertex 3.14358 -81.2 8.59059
    endloop
  endfacet
  facet normal 0 -1 0
    outer loop
      vertex 3.42095 -81.2 8.51627
      vertex 23.3686 -81.2 9.0997
      vertex 3.2847 -81.2 8.56252
    endloop
  endfacet
  facet normal 0 -1 0
    outer loop
      vertex 3.55 -81.2 8.45263
      vertex 23.3686 -81.2 9.0997
      vertex 3.42095 -81.2 8.51627
    endloop
  endfacet
  facet normal 0 -1 0
    outer loop
      vertex 3.66964 -81.2 8.37269
      vertex 23.3686 -81.2 9.0997
      vertex 3.55 -81.2 8.45263
    endloop
  endfacet
  facet normal 0 -1 0
    outer loop
      vertex 3.77782 -81.2 8.27782
      vertex 23.3686 -81.2 9.0997
      vertex 3.66964 -81.2 8.37269
    endloop
  endfacet
  facet normal 0 -1 0
    outer loop
      vertex 3.87269 -81.2 8.16964
      vertex 23.3686 -81.2 9.0997
      vertex 3.77782 -81.2 8.27782
    endloop
  endfacet
  facet normal 0 -1 0
    outer loop
      vertex 3.95263 -81.2 8.05
      vertex 23.3686 -81.2 9.0997
      vertex 3.87269 -81.2 8.16964
    endloop
  endfacet
  facet normal 0 -1 0
    outer loop
      vertex 4.01627 -81.2 7.92095
      vertex 23.3686 -81.2 9.0997
      vertex 3.95263 -81.2 8.05
    endloop
  endfacet
  facet normal 0 -1 0
    outer loop
      vertex 4.06252 -81.2 7.7847
      vertex 23.3686 -81.2 9.0997
      vertex 4.01627 -81.2 7.92095
    endloop
  endfacet
  facet normal 0 -1 0
    outer loop
      vertex 4.09059 -81.2 7.64358
      vertex 23.3686 -81.2 9.0997
      vertex 4.06252 -81.2 7.7847
    endloop
  endfacet
  facet normal 0 -1 0
    outer loop
      vertex 4.1 -81.2 7.5
      vertex 23.3686 -81.2 9.0997
      vertex 4.09059 -81.2 7.64358
    endloop
  endfacet
  facet normal 0 -1 0
    outer loop
      vertex 4.09059 -81.2 7.35642
      vertex 23.3686 -81.2 9.0997
      vertex 4.1 -81.2 7.5
    endloop
  endfacet
  facet normal 0 -1 0
    outer loop
      vertex 4.06252 -81.2 7.2153
      vertex 23.3686 -81.2 9.0997
      vertex 4.09059 -81.2 7.35642
    endloop
  endfacet
  facet normal 0 -1 0
    outer loop
      vertex 4.01627 -81.2 7.07905
      vertex 23.3686 -81.2 9.0997
      vertex 4.06252 -81.2 7.2153
    endloop
  endfacet
  facet normal 0 -1 0
    outer loop
      vertex 3.95263 -81.2 6.95
      vertex 23.3686 -81.2 9.0997
      vertex 4.01627 -81.2 7.07905
    endloop
  endfacet
  facet normal 0 -1 0
    outer loop
      vertex 3.87269 -81.2 6.83036
      vertex 23.3686 -81.2 9.0997
      vertex 3.95263 -81.2 6.95
    endloop
  endfacet
  facet normal 0 -1 0
    outer loop
      vertex 3.77782 -81.2 6.72218
      vertex 23.3686 -81.2 9.0997
      vertex 3.87269 -81.2 6.83036
    endloop
  endfacet
  facet normal 0 -1 -0
    outer loop
      vertex 23.3686 -81.2 9.0997
      vertex 3.77782 -81.2 6.72218
      vertex 25 -81.2 8.00962
    endloop
  endfacet
  facet normal 0 -1 0
    outer loop
      vertex 3.66964 -81.2 6.62731
      vertex 25 -81.2 8.00962
      vertex 3.77782 -81.2 6.72218
    endloop
  endfacet
  facet normal 0 -1 0
    outer loop
      vertex 3.55 -81.2 6.54737
      vertex 25 -81.2 8.00962
      vertex 3.66964 -81.2 6.62731
    endloop
  endfacet
  facet normal 0 -1 -0
    outer loop
      vertex 25 -81.2 8.00962
      vertex 3.55 -81.2 6.54737
      vertex 26.7597 -81.2 7.14181
    endloop
  endfacet
  facet normal 0 -1 0
    outer loop
      vertex 3.42095 -81.2 6.48373
      vertex 26.7597 -81.2 7.14181
      vertex 3.55 -81.2 6.54737
    endloop
  endfacet
  facet normal 0 -1 -0
    outer loop
      vertex 26.7597 -81.2 7.14181
      vertex 3.42095 -81.2 6.48373
      vertex 28.6177 -81.2 6.51111
    endloop
  endfacet
  facet normal 0 -1 0
    outer loop
      vertex 3.2847 -81.2 6.43748
      vertex 28.6177 -81.2 6.51111
      vertex 3.42095 -81.2 6.48373
    endloop
  endfacet
  facet normal 0 -1 0
    outer loop
      vertex 3.14358 -81.2 6.40941
      vertex 28.6177 -81.2 6.51111
      vertex 3.2847 -81.2 6.43748
    endloop
  endfacet
  facet normal 0 -1 0
    outer loop
      vertex 30.5421 -81.2 6.12833
      vertex 3.14358 -81.2 6.40941
      vertex 3 -81.2 6.4
    endloop
  endfacet
  facet normal 0 -1 -0
    outer loop
      vertex -20.421 -81.2 6.48373
      vertex -74.5 -81.2 0
      vertex -20.2847 -81.2 6.43748
    endloop
  endfacet
  facet normal 0 -1 0
    outer loop
      vertex 3.14358 -81.2 6.40941
      vertex 30.5421 -81.2 6.12833
      vertex 28.6177 -81.2 6.51111
    endloop
  endfacet
  facet normal 0 -1 -0
    outer loop
      vertex -20.2847 -81.2 6.43748
      vertex -74.5 -81.2 0
      vertex -20.1436 -81.2 6.40941
    endloop
  endfacet
  facet normal 0 -1 -0
    outer loop
      vertex -20.1436 -81.2 6.40941
      vertex -74.5 -81.2 0
      vertex -20 -81.2 6.4
    endloop
  endfacet
  facet normal 0 -1 0
    outer loop
      vertex 3 -81.2 6.4
      vertex 32.5 -81.2 6
      vertex 30.5421 -81.2 6.12833
    endloop
  endfacet
  facet normal 0 -1 0
    outer loop
      vertex -21.0906 -81.2 30.6436
      vertex -35.9164 -81.2 24.8336
      vertex -21.1 -81.2 30.5
    endloop
  endfacet
  facet normal 0 -1 -0
    outer loop
      vertex -21.1 -81.2 30.5
      vertex -35.9164 -81.2 24.8336
      vertex -21.0906 -81.2 30.3564
    endloop
  endfacet
  facet normal 0 -1 0
    outer loop
      vertex -35.2048 -81.2 24.0223
      vertex -21.0906 -81.2 30.3564
      vertex -35.9164 -81.2 24.8336
    endloop
  endfacet
  facet normal 0 -1 0
    outer loop
      vertex -21.0906 -81.2 30.3564
      vertex -35.2048 -81.2 24.0223
      vertex -21.55 -81.2 26.3
    endloop
  endfacet
  facet normal 0 -1 0
    outer loop
      vertex -34.6053 -81.2 23.125
      vertex -21.55 -81.2 26.3
      vertex -35.2048 -81.2 24.0223
    endloop
  endfacet
  facet normal 0 -1 0
    outer loop
      vertex -34.128 -81.2 22.1571
      vertex -21.55 -81.2 26.3
      vertex -34.6053 -81.2 23.125
    endloop
  endfacet
  facet normal 0 -1 0
    outer loop
      vertex -33.7811 -81.2 21.1353
      vertex -21.55 -81.2 26.3
      vertex -34.128 -81.2 22.1571
    endloop
  endfacet
  facet normal 0 -1 0
    outer loop
      vertex -33.5706 -81.2 20.0768
      vertex -21.55 -81.2 26.3
      vertex -33.7811 -81.2 21.1353
    endloop
  endfacet
  facet normal 0 -1 0
    outer loop
      vertex -33.5 -81.2 19
      vertex -21.55 -81.2 26.3
      vertex -33.5706 -81.2 20.0768
    endloop
  endfacet
  facet normal 0 -1 0
    outer loop
      vertex -21.55 -81.2 11.7
      vertex -33.5 -81.2 19
      vertex -33.5706 -81.2 17.9232
    endloop
  endfacet
  facet normal 0 -1 0
    outer loop
      vertex -21.55 -81.2 11.7
      vertex -33.5706 -81.2 17.9232
      vertex -33.7811 -81.2 16.8647
    endloop
  endfacet
  facet normal 0 -1 0
    outer loop
      vertex -21.55 -81.2 11.7
      vertex -33.7811 -81.2 16.8647
      vertex -34.128 -81.2 15.8429
    endloop
  endfacet
  facet normal 0 -1 0
    outer loop
      vertex -21.55 -81.2 11.7
      vertex -34.128 -81.2 15.8429
      vertex -34.6053 -81.2 14.875
    endloop
  endfacet
  facet normal 0 -1 0
    outer loop
      vertex -21.55 -81.2 11.7
      vertex -34.6053 -81.2 14.875
      vertex -35.2048 -81.2 13.9777
    endloop
  endfacet
  facet normal 0 -1 0
    outer loop
      vertex -21.55 -81.2 11.7
      vertex -35.2048 -81.2 13.9777
      vertex -35.9164 -81.2 13.1664
    endloop
  endfacet
  facet normal 0 -1 0
    outer loop
      vertex -33.5 -81.2 19
      vertex -21.55 -81.2 11.7
      vertex -21.55 -81.2 26.3
    endloop
  endfacet
  facet normal 0 -1 0
    outer loop
      vertex -36.7277 -81.2 12.4548
      vertex -21.55 -81.2 11.7
      vertex -35.9164 -81.2 13.1664
    endloop
  endfacet
  facet normal 0 -1 0
    outer loop
      vertex -37.625 -81.2 11.8553
      vertex -21.55 -81.2 11.7
      vertex -36.7277 -81.2 12.4548
    endloop
  endfacet
  facet normal 0 -1 0
    outer loop
      vertex -39.6147 -81.2 11.0311
      vertex -21.55 -81.2 11.7
      vertex -38.5929 -81.2 11.378
    endloop
  endfacet
  facet normal 0 -1 0
    outer loop
      vertex -38.5929 -81.2 11.378
      vertex -21.55 -81.2 11.7
      vertex -37.625 -81.2 11.8553
    endloop
  endfacet
  facet normal 0 -1 0
    outer loop
      vertex -74.5 -81.2 51.5
      vertex -42.8268 -81.2 27.1794
      vertex -41.75 -81.2 27.25
    endloop
  endfacet
  facet normal 0 -1 0
    outer loop
      vertex -47.5836 -81.2 24.8336
      vertex -69.0278 -81.2 27.35
      vertex -68.9294 -81.2 27.1506
    endloop
  endfacet
  facet normal 0 -1 0
    outer loop
      vertex -69.1513 -81.2 27.5349
      vertex -43.8853 -81.2 26.9689
      vertex -42.8268 -81.2 27.1794
    endloop
  endfacet
  facet normal 0 -1 0
    outer loop
      vertex -48.2952 -81.2 24.0223
      vertex -68.9294 -81.2 27.1506
      vertex -68.8579 -81.2 26.94
    endloop
  endfacet
  facet normal 0 -1 0
    outer loop
      vertex -48.8947 -81.2 23.125
      vertex -68.8579 -81.2 26.94
      vertex -68.8145 -81.2 26.7219
    endloop
  endfacet
  facet normal 0 -1 0
    outer loop
      vertex -69.1513 -81.2 27.5349
      vertex -44.9071 -81.2 26.622
      vertex -43.8853 -81.2 26.9689
    endloop
  endfacet
  facet normal 0 -1 0
    outer loop
      vertex -48.8947 -81.2 23.125
      vertex -68.8145 -81.2 26.7219
      vertex -68.8 -81.2 26.5
    endloop
  endfacet
  facet normal 0 -1 0
    outer loop
      vertex -49.372 -81.2 22.1571
      vertex -68.8 -81.2 26.5
      vertex -68.8145 -81.2 26.2781
    endloop
  endfacet
  facet normal 0 -1 0
    outer loop
      vertex -69.1513 -81.2 27.5349
      vertex -45.875 -81.2 26.1447
      vertex -44.9071 -81.2 26.622
    endloop
  endfacet
  facet normal 0 -1 0
    outer loop
      vertex -49.7189 -81.2 21.1353
      vertex -68.8145 -81.2 26.2781
      vertex -68.8579 -81.2 26.06
    endloop
  endfacet
  facet normal 0 -1 0
    outer loop
      vertex -49.7189 -81.2 21.1353
      vertex -68.8579 -81.2 26.06
      vertex -68.9294 -81.2 25.8494
    endloop
  endfacet
  facet normal 0 -1 0
    outer loop
      vertex -49.9294 -81.2 20.0768
      vertex -68.9294 -81.2 25.8494
      vertex -69.0278 -81.2 25.65
    endloop
  endfacet
  facet normal 0 -1 0
    outer loop
      vertex -69.1513 -81.2 27.5349
      vertex -46.7723 -81.2 25.5452
      vertex -45.875 -81.2 26.1447
    endloop
  endfacet
  facet normal 0 -1 0
    outer loop
      vertex -50 -81.2 19
      vertex -69.0278 -81.2 25.65
      vertex -69.1513 -81.2 25.4651
    endloop
  endfacet
  facet normal 0 -1 0
    outer loop
      vertex -50 -81.2 19
      vertex -69.1513 -81.2 25.4651
      vertex -69.2979 -81.2 25.2979
    endloop
  endfacet
  facet normal 0 -1 0
    outer loop
      vertex -69.8494 -81.2 24.9294
      vertex -69.8494 -81.2 8.57059
      vertex -69.65 -81.2 25.0278
    endloop
  endfacet
  facet normal 0 -1 0
    outer loop
      vertex -70.06 -81.2 24.8579
      vertex -70.06 -81.2 8.64207
      vertex -69.8494 -81.2 24.9294
    endloop
  endfacet
  facet normal 0 -1 0
    outer loop
      vertex -70.06 -81.2 8.64207
      vertex -70.06 -81.2 24.8579
      vertex -70.2781 -81.2 8.68546
    endloop
  endfacet
  facet normal 0 -1 0
    outer loop
      vertex -70.2781 -81.2 24.8145
      vertex -70.2781 -81.2 8.68546
      vertex -70.06 -81.2 24.8579
    endloop
  endfacet
  facet normal 0 -1 0
    outer loop
      vertex -69.1513 -81.2 27.5349
      vertex -47.5836 -81.2 24.8336
      vertex -46.7723 -81.2 25.5452
    endloop
  endfacet
  facet normal 0 -1 0
    outer loop
      vertex -70.2781 -81.2 8.68546
      vertex -70.2781 -81.2 24.8145
      vertex -70.5 -81.2 8.7
    endloop
  endfacet
  facet normal 0 -1 0
    outer loop
      vertex -70.5 -81.2 8.7
      vertex -70.2781 -81.2 24.8145
      vertex -70.5 -81.2 24.8
    endloop
  endfacet
  facet normal 0 -1 0
    outer loop
      vertex -68.9294 -81.2 27.1506
      vertex -48.2952 -81.2 24.0223
      vertex -47.5836 -81.2 24.8336
    endloop
  endfacet
  facet normal 0 -1 0
    outer loop
      vertex 74.5 -81.2 51.5
      vertex 70.2781 -81.2 28.1855
      vertex 70.5 -81.2 28.2
    endloop
  endfacet
  facet normal 0 -1 0
    outer loop
      vertex 44.4003 -81.2 30.1314
      vertex 70.06 -81.2 28.1421
      vertex 70.2781 -81.2 28.1855
    endloop
  endfacet
  facet normal 0 -1 0
    outer loop
      vertex 44.4003 -81.2 30.1314
      vertex 69.8494 -81.2 28.0706
      vertex 70.06 -81.2 28.1421
    endloop
  endfacet
  facet normal 0 -1 0
    outer loop
      vertex 44.4003 -81.2 30.1314
      vertex 69.65 -81.2 27.9722
      vertex 69.8494 -81.2 28.0706
    endloop
  endfacet
  facet normal 0 -1 0
    outer loop
      vertex 44.4003 -81.2 30.1314
      vertex 69.4651 -81.2 27.8487
      vertex 69.65 -81.2 27.9722
    endloop
  endfacet
  facet normal 0 -1 0
    outer loop
      vertex 44.4003 -81.2 30.1314
      vertex 69.2979 -81.2 27.7021
      vertex 69.4651 -81.2 27.8487
    endloop
  endfacet
  facet normal 0 -1 0
    outer loop
      vertex 45.4904 -81.2 28.5
      vertex 69.1513 -81.2 27.5349
      vertex 69.2979 -81.2 27.7021
    endloop
  endfacet
  facet normal 0 -1 0
    outer loop
      vertex 45.4904 -81.2 28.5
      vertex 69.0278 -81.2 27.35
      vertex 69.1513 -81.2 27.5349
    endloop
  endfacet
  facet normal 0 -1 0
    outer loop
      vertex 46.3582 -81.2 26.7402
      vertex 69.0278 -81.2 27.35
      vertex 45.4904 -81.2 28.5
    endloop
  endfacet
  facet normal 0 -1 0
    outer loop
      vertex 69.0278 -81.2 27.35
      vertex 46.3582 -81.2 26.7402
      vertex 68.9294 -81.2 27.1506
    endloop
  endfacet
  facet normal 0 -1 0
    outer loop
      vertex 68.9294 -81.2 27.1506
      vertex 46.3582 -81.2 26.7402
      vertex 68.8579 -81.2 26.94
    endloop
  endfacet
  facet normal 0 -1 0
    outer loop
      vertex 46.9889 -81.2 24.8823
      vertex 68.8579 -81.2 26.94
      vertex 46.3582 -81.2 26.7402
    endloop
  endfacet
  facet normal 0 -1 0
    outer loop
      vertex 68.8579 -81.2 26.94
      vertex 46.9889 -81.2 24.8823
      vertex 68.8145 -81.2 26.7219
    endloop
  endfacet
  facet normal 0 -1 0
    outer loop
      vertex 68.8145 -81.2 26.7219
      vertex 46.9889 -81.2 24.8823
      vertex 68.8 -81.2 26.5
    endloop
  endfacet
  facet normal 0 -1 0
    outer loop
      vertex 47.3717 -81.2 22.9579
      vertex 68.8 -81.2 26.5
      vertex 46.9889 -81.2 24.8823
    endloop
  endfacet
  facet normal 0 -1 -0
    outer loop
      vertex 68.8 -81.2 26.5
      vertex 47.3717 -81.2 22.9579
      vertex 68.8145 -81.2 26.2781
    endloop
  endfacet
  facet normal 0 -1 -0
    outer loop
      vertex 68.8145 -81.2 26.2781
      vertex 47.3717 -81.2 22.9579
      vertex 68.8579 -81.2 26.06
    endloop
  endfacet
  facet normal 0 -1 0
    outer loop
      vertex 47.5 -81.2 21
      vertex 68.8579 -81.2 26.06
      vertex 47.3717 -81.2 22.9579
    endloop
  endfacet
  facet normal 0 -1 -0
    outer loop
      vertex 68.8579 -81.2 26.06
      vertex 47.5 -81.2 21
      vertex 68.9294 -81.2 25.8494
    endloop
  endfacet
  facet normal 0 -1 -0
    outer loop
      vertex 68.9294 -81.2 25.8494
      vertex 47.5 -81.2 21
      vertex 69.0278 -81.2 25.65
    endloop
  endfacet
  facet normal 0 -1 0
    outer loop
      vertex 47.3717 -81.2 19.0421
      vertex 69.0278 -81.2 25.65
      vertex 47.5 -81.2 21
    endloop
  endfacet
  facet normal 0 -1 -0
    outer loop
      vertex 69.0278 -81.2 25.65
      vertex 47.3717 -81.2 19.0421
      vertex 69.1513 -81.2 25.4651
    endloop
  endfacet
  facet normal 0 -1 -0
    outer loop
      vertex 69.1513 -81.2 25.4651
      vertex 47.3717 -81.2 19.0421
      vertex 69.2979 -81.2 25.2979
    endloop
  endfacet
  facet normal 0 -1 0
    outer loop
      vertex 70.2781 -81.2 8.68546
      vertex 69.2979 -81.2 25.2979
      vertex 47.3717 -81.2 19.0421
    endloop
  endfacet
  facet normal 0 -1 0
    outer loop
      vertex 70.2781 -81.2 8.68546
      vertex 69.4651 -81.2 25.1513
      vertex 69.2979 -81.2 25.2979
    endloop
  endfacet
  facet normal 0 -1 0
    outer loop
      vertex 70.2781 -81.2 8.68546
      vertex 69.65 -81.2 25.0278
      vertex 69.4651 -81.2 25.1513
    endloop
  endfacet
  facet normal 0 -1 0
    outer loop
      vertex 70.2781 -81.2 8.68546
      vertex 69.8494 -81.2 24.9294
      vertex 69.65 -81.2 25.0278
    endloop
  endfacet
  facet normal 0 -1 0
    outer loop
      vertex 2.85642 -81.2 31.5906
      vertex -74.5 -81.2 51.5
      vertex -19.8564 -81.2 31.5906
    endloop
  endfacet
  facet normal 0 -1 0
    outer loop
      vertex -74.5 -81.2 51.5
      vertex 2.85642 -81.2 31.5906
      vertex 3 -81.2 31.6
    endloop
  endfacet
  facet normal 0 -1 0
    outer loop
      vertex -19.7153 -81.2 31.5625
      vertex 2.85642 -81.2 31.5906
      vertex -19.8564 -81.2 31.5906
    endloop
  endfacet
  facet normal 0 -1 0
    outer loop
      vertex -19.7153 -81.2 31.5625
      vertex 2.7153 -81.2 31.5625
      vertex 2.85642 -81.2 31.5906
    endloop
  endfacet
  facet normal 0 -1 0
    outer loop
      vertex -19.579 -81.2 31.5163
      vertex 2.7153 -81.2 31.5625
      vertex -19.7153 -81.2 31.5625
    endloop
  endfacet
  facet normal 0 -1 0
    outer loop
      vertex -19.579 -81.2 31.5163
      vertex 2.57905 -81.2 31.5163
      vertex 2.7153 -81.2 31.5625
    endloop
  endfacet
  facet normal 0 -1 0
    outer loop
      vertex -19.45 -81.2 31.4526
      vertex 2.57905 -81.2 31.5163
      vertex -19.579 -81.2 31.5163
    endloop
  endfacet
  facet normal 0 -1 0
    outer loop
      vertex -19.45 -81.2 31.4526
      vertex 2.45 -81.2 31.4526
      vertex 2.57905 -81.2 31.5163
    endloop
  endfacet
  facet normal 0 -1 0
    outer loop
      vertex -19.3304 -81.2 31.3727
      vertex 2.45 -81.2 31.4526
      vertex -19.45 -81.2 31.4526
    endloop
  endfacet
  facet normal 0 -1 0
    outer loop
      vertex -19.3304 -81.2 31.3727
      vertex 2.33036 -81.2 31.3727
      vertex 2.45 -81.2 31.4526
    endloop
  endfacet
  facet normal 0 -1 0
    outer loop
      vertex -19.2222 -81.2 31.2778
      vertex 2.33036 -81.2 31.3727
      vertex -19.3304 -81.2 31.3727
    endloop
  endfacet
  facet normal 0 -1 0
    outer loop
      vertex -19.2222 -81.2 31.2778
      vertex 2.22218 -81.2 31.2778
      vertex 2.33036 -81.2 31.3727
    endloop
  endfacet
  facet normal 0 -1 0
    outer loop
      vertex -19.1273 -81.2 31.1696
      vertex 2.22218 -81.2 31.2778
      vertex -19.2222 -81.2 31.2778
    endloop
  endfacet
  facet normal 0 -1 0
    outer loop
      vertex -19.1273 -81.2 31.1696
      vertex 2.12731 -81.2 31.1696
      vertex 2.22218 -81.2 31.2778
    endloop
  endfacet
  facet normal 0 -1 0
    outer loop
      vertex -19.0474 -81.2 31.05
      vertex 2.12731 -81.2 31.1696
      vertex -19.1273 -81.2 31.1696
    endloop
  endfacet
  facet normal 0 -1 0
    outer loop
      vertex -19.0474 -81.2 31.05
      vertex 2.04737 -81.2 31.05
      vertex 2.12731 -81.2 31.1696
    endloop
  endfacet
  facet normal 0 -1 0
    outer loop
      vertex -18.9837 -81.2 30.921
      vertex 2.04737 -81.2 31.05
      vertex -19.0474 -81.2 31.05
    endloop
  endfacet
  facet normal 0 -1 0
    outer loop
      vertex -18.9837 -81.2 30.921
      vertex 1.98373 -81.2 30.921
      vertex 2.04737 -81.2 31.05
    endloop
  endfacet
  facet normal 0 -1 0
    outer loop
      vertex -18.9375 -81.2 30.7847
      vertex 1.98373 -81.2 30.921
      vertex -18.9837 -81.2 30.921
    endloop
  endfacet
  facet normal 0 -1 0
    outer loop
      vertex -18.9375 -81.2 30.7847
      vertex 1.93748 -81.2 30.7847
      vertex 1.98373 -81.2 30.921
    endloop
  endfacet
  facet normal 0 -1 0
    outer loop
      vertex -18.9094 -81.2 30.6436
      vertex 1.93748 -81.2 30.7847
      vertex -18.9375 -81.2 30.7847
    endloop
  endfacet
  facet normal 0 -1 0
    outer loop
      vertex -18.9094 -81.2 30.6436
      vertex 1.90941 -81.2 30.6436
      vertex 1.93748 -81.2 30.7847
    endloop
  endfacet
  facet normal 0 -1 0
    outer loop
      vertex -18.9 -81.2 30.5
      vertex 1.90941 -81.2 30.6436
      vertex -18.9094 -81.2 30.6436
    endloop
  endfacet
  facet normal 0 -1 0
    outer loop
      vertex -18.9 -81.2 30.5
      vertex 1.9 -81.2 30.5
      vertex 1.90941 -81.2 30.6436
    endloop
  endfacet
  facet normal 0 -1 0
    outer loop
      vertex -18.9094 -81.2 30.3564
      vertex 1.9 -81.2 30.5
      vertex -18.9 -81.2 30.5
    endloop
  endfacet
  facet normal 0 -1 0
    outer loop
      vertex -18.9094 -81.2 30.3564
      vertex 1.90941 -81.2 30.3564
      vertex 1.9 -81.2 30.5
    endloop
  endfacet
  facet normal 0 -1 0
    outer loop
      vertex -18.9375 -81.2 30.2153
      vertex 1.90941 -81.2 30.3564
      vertex -18.9094 -81.2 30.3564
    endloop
  endfacet
  facet normal 0 -1 0
    outer loop
      vertex -18.9375 -81.2 30.2153
      vertex 1.93748 -81.2 30.2153
      vertex 1.90941 -81.2 30.3564
    endloop
  endfacet
  facet normal 0 -1 0
    outer loop
      vertex -18.9837 -81.2 30.079
      vertex 1.93748 -81.2 30.2153
      vertex -18.9375 -81.2 30.2153
    endloop
  endfacet
  facet normal 0 -1 0
    outer loop
      vertex -18.9837 -81.2 30.079
      vertex 1.98373 -81.2 30.079
      vertex 1.93748 -81.2 30.2153
    endloop
  endfacet
  facet normal 0 -1 0
    outer loop
      vertex -19.0474 -81.2 29.95
      vertex 1.98373 -81.2 30.079
      vertex -18.9837 -81.2 30.079
    endloop
  endfacet
  facet normal 0 -1 0
    outer loop
      vertex -19.0474 -81.2 29.95
      vertex 2.04737 -81.2 29.95
      vertex 1.98373 -81.2 30.079
    endloop
  endfacet
  facet normal 0 -1 0
    outer loop
      vertex -19.1273 -81.2 29.8304
      vertex 2.04737 -81.2 29.95
      vertex -19.0474 -81.2 29.95
    endloop
  endfacet
  facet normal 0 -1 0
    outer loop
      vertex -19.1273 -81.2 29.8304
      vertex 2.12731 -81.2 29.8304
      vertex 2.04737 -81.2 29.95
    endloop
  endfacet
  facet normal 0 -1 0
    outer loop
      vertex -19.2222 -81.2 29.7222
      vertex 2.12731 -81.2 29.8304
      vertex -19.1273 -81.2 29.8304
    endloop
  endfacet
  facet normal 0 -1 0
    outer loop
      vertex -19.2222 -81.2 29.7222
      vertex 2.22218 -81.2 29.7222
      vertex 2.12731 -81.2 29.8304
    endloop
  endfacet
  facet normal 0 -1 0
    outer loop
      vertex -21.55 -81.2 26.3
      vertex -19.2222 -81.2 29.7222
      vertex -19.3304 -81.2 29.6273
    endloop
  endfacet
  facet normal 0 -1 -0
    outer loop
      vertex -19.2222 -81.2 29.7222
      vertex -21.55 -81.2 26.3
      vertex 2.22218 -81.2 29.7222
    endloop
  endfacet
  facet normal 0 -1 0
    outer loop
      vertex -21.55 -81.2 26.3
      vertex -19.3304 -81.2 29.6273
      vertex -19.45 -81.2 29.5474
    endloop
  endfacet
  facet normal 0 -1 0
    outer loop
      vertex 4.55 -81.2 26.3
      vertex 2.22218 -81.2 29.7222
      vertex -21.55 -81.2 26.3
    endloop
  endfacet
  facet normal 0 -1 0
    outer loop
      vertex -21.55 -81.2 26.3
      vertex -19.45 -81.2 29.5474
      vertex -19.579 -81.2 29.4837
    endloop
  endfacet
  facet normal 0 -1 0
    outer loop
      vertex 2.22218 -81.2 29.7222
      vertex 4.55 -81.2 26.3
      vertex 2.33036 -81.2 29.6273
    endloop
  endfacet
  facet normal 0 -1 0
    outer loop
      vertex -21.55 -81.2 26.3
      vertex -19.579 -81.2 29.4837
      vertex -19.7153 -81.2 29.4375
    endloop
  endfacet
  facet normal 0 -1 0
    outer loop
      vertex 2.33036 -81.2 29.6273
      vertex 4.55 -81.2 26.3
      vertex 2.45 -81.2 29.5474
    endloop
  endfacet
  facet normal 0 -1 0
    outer loop
      vertex -21.55 -81.2 26.3
      vertex -19.7153 -81.2 29.4375
      vertex -19.8564 -81.2 29.4094
    endloop
  endfacet
  facet normal 0 -1 0
    outer loop
      vertex 2.45 -81.2 29.5474
      vertex 4.55 -81.2 26.3
      vertex 2.57905 -81.2 29.4837
    endloop
  endfacet
  facet normal 0 -1 0
    outer loop
      vertex -21.55 -81.2 26.3
      vertex -19.8564 -81.2 29.4094
      vertex -20 -81.2 29.4
    endloop
  endfacet
  facet normal 0 -1 0
    outer loop
      vertex 2.57905 -81.2 29.4837
      vertex 4.55 -81.2 26.3
      vertex 2.7153 -81.2 29.4375
    endloop
  endfacet
  facet normal 0 -1 0
    outer loop
      vertex 30.5421 -81.2 35.8717
      vertex 74.5 -81.2 51.5
      vertex -74.5 -81.2 51.5
    endloop
  endfacet
  facet normal 0 -1 0
    outer loop
      vertex 74.5 -81.2 51.5
      vertex 30.5421 -81.2 35.8717
      vertex 32.5 -81.2 36
    endloop
  endfacet
  facet normal 0 -1 0
    outer loop
      vertex -74.5 -81.2 51.5
      vertex 28.6177 -81.2 35.4889
      vertex 30.5421 -81.2 35.8717
    endloop
  endfacet
  facet normal 0 -1 0
    outer loop
      vertex 3 -81.2 31.6
      vertex 28.6177 -81.2 35.4889
      vertex -74.5 -81.2 51.5
    endloop
  endfacet
  facet normal 0 -1 0
    outer loop
      vertex 28.6177 -81.2 35.4889
      vertex 3 -81.2 31.6
      vertex 26.7597 -81.2 34.8582
    endloop
  endfacet
  facet normal 0 -1 0
    outer loop
      vertex 3.14358 -81.2 31.5906
      vertex 26.7597 -81.2 34.8582
      vertex 3 -81.2 31.6
    endloop
  endfacet
  facet normal 0 -1 0
    outer loop
      vertex 3.2847 -81.2 31.5625
      vertex 26.7597 -81.2 34.8582
      vertex 3.14358 -81.2 31.5906
    endloop
  endfacet
  facet normal 0 -1 0
    outer loop
      vertex -19.8564 -81.2 31.5906
      vertex -74.5 -81.2 51.5
      vertex -20 -81.2 31.6
    endloop
  endfacet
  facet normal 0 -1 0
    outer loop
      vertex -74.5 -81.2 51.5
      vertex -20.1436 -81.2 31.5906
      vertex -20 -81.2 31.6
    endloop
  endfacet
  facet normal 0 -1 0
    outer loop
      vertex -74.5 -81.2 51.5
      vertex -20.2847 -81.2 31.5625
      vertex -20.1436 -81.2 31.5906
    endloop
  endfacet
  facet normal 0 -1 0
    outer loop
      vertex -74.5 -81.2 51.5
      vertex -20.421 -81.2 31.5163
      vertex -20.2847 -81.2 31.5625
    endloop
  endfacet
  facet normal 0 -1 0
    outer loop
      vertex -74.5 -81.2 51.5
      vertex -20.55 -81.2 31.4526
      vertex -20.421 -81.2 31.5163
    endloop
  endfacet
  facet normal 0 -1 0
    outer loop
      vertex -40.6732 -81.2 27.1794
      vertex -20.55 -81.2 31.4526
      vertex -74.5 -81.2 51.5
    endloop
  endfacet
  facet normal 0 -1 0
    outer loop
      vertex -20.55 -81.2 31.4526
      vertex -40.6732 -81.2 27.1794
      vertex -20.6696 -81.2 31.3727
    endloop
  endfacet
  facet normal 0 -1 0
    outer loop
      vertex -39.6147 -81.2 26.9689
      vertex -20.6696 -81.2 31.3727
      vertex -40.6732 -81.2 27.1794
    endloop
  endfacet
  facet normal 0 -1 0
    outer loop
      vertex -20.6696 -81.2 31.3727
      vertex -39.6147 -81.2 26.9689
      vertex -20.7778 -81.2 31.2778
    endloop
  endfacet
  facet normal 0 -1 0
    outer loop
      vertex -38.5929 -81.2 26.622
      vertex -20.7778 -81.2 31.2778
      vertex -39.6147 -81.2 26.9689
    endloop
  endfacet
  facet normal 0 -1 0
    outer loop
      vertex -20.7778 -81.2 31.2778
      vertex -38.5929 -81.2 26.622
      vertex -20.8727 -81.2 31.1696
    endloop
  endfacet
  facet normal 0 -1 0
    outer loop
      vertex -20.8727 -81.2 31.1696
      vertex -38.5929 -81.2 26.622
      vertex -20.9526 -81.2 31.05
    endloop
  endfacet
  facet normal 0 -1 0
    outer loop
      vertex -37.625 -81.2 26.1447
      vertex -20.9526 -81.2 31.05
      vertex -38.5929 -81.2 26.622
    endloop
  endfacet
  facet normal 0 -1 0
    outer loop
      vertex -20.9526 -81.2 31.05
      vertex -37.625 -81.2 26.1447
      vertex -21.0163 -81.2 30.921
    endloop
  endfacet
  facet normal 0 -1 0
    outer loop
      vertex -36.7277 -81.2 25.5452
      vertex -21.0163 -81.2 30.921
      vertex -37.625 -81.2 26.1447
    endloop
  endfacet
  facet normal 0 -1 0
    outer loop
      vertex -21.0163 -81.2 30.921
      vertex -36.7277 -81.2 25.5452
      vertex -21.0625 -81.2 30.7847
    endloop
  endfacet
  facet normal 0 -1 0
    outer loop
      vertex -21.0625 -81.2 30.7847
      vertex -36.7277 -81.2 25.5452
      vertex -21.0906 -81.2 30.6436
    endloop
  endfacet
  facet normal 0 -1 0
    outer loop
      vertex -35.9164 -81.2 24.8336
      vertex -21.0906 -81.2 30.6436
      vertex -36.7277 -81.2 25.5452
    endloop
  endfacet
  facet normal 0 -1 -0
    outer loop
      vertex -21.0906 -81.2 30.3564
      vertex -21.55 -81.2 26.3
      vertex -21.0625 -81.2 30.2153
    endloop
  endfacet
  facet normal 0 -1 -0
    outer loop
      vertex -21.0625 -81.2 30.2153
      vertex -21.55 -81.2 26.3
      vertex -21.0163 -81.2 30.079
    endloop
  endfacet
  facet normal 0 -1 -0
    outer loop
      vertex -21.0163 -81.2 30.079
      vertex -21.55 -81.2 26.3
      vertex -20.9526 -81.2 29.95
    endloop
  endfacet
  facet normal 0 -1 -0
    outer loop
      vertex -20.9526 -81.2 29.95
      vertex -21.55 -81.2 26.3
      vertex -20.8727 -81.2 29.8304
    endloop
  endfacet
  facet normal 0 -1 0
    outer loop
      vertex 2.85642 -81.2 29.4094
      vertex 4.55 -81.2 26.3
      vertex 3 -81.2 29.4
    endloop
  endfacet
  facet normal 0 -1 -0
    outer loop
      vertex -20.7778 -81.2 29.7222
      vertex -21.55 -81.2 26.3
      vertex -20.6696 -81.2 29.6273
    endloop
  endfacet
  facet normal 0 -1 -0
    outer loop
      vertex -20.8727 -81.2 29.8304
      vertex -21.55 -81.2 26.3
      vertex -20.7778 -81.2 29.7222
    endloop
  endfacet
  facet normal 0 -1 0
    outer loop
      vertex -40.6732 -81.2 27.1794
      vertex -74.5 -81.2 51.5
      vertex -41.75 -81.2 27.25
    endloop
  endfacet
  facet normal 0 -1 0
    outer loop
      vertex -42.8268 -81.2 27.1794
      vertex -74.5 -81.2 51.5
      vertex -70.2781 -81.2 28.1855
    endloop
  endfacet
  facet normal 0 -1 0
    outer loop
      vertex -70.2781 -81.2 28.1855
      vertex -74.5 -81.2 51.5
      vertex -70.5 -81.2 28.2
    endloop
  endfacet
  facet normal 0 -1 0
    outer loop
      vertex -74.5 -81.2 51.5
      vertex -70.7219 -81.2 28.1855
      vertex -70.5 -81.2 28.2
    endloop
  endfacet
  facet normal 0 -1 0
    outer loop
      vertex -74.5 -81.2 51.5
      vertex -70.94 -81.2 28.1421
      vertex -70.7219 -81.2 28.1855
    endloop
  endfacet
  facet normal 0 -1 0
    outer loop
      vertex -74.5 -81.2 51.5
      vertex -71.1506 -81.2 28.0706
      vertex -70.94 -81.2 28.1421
    endloop
  endfacet
  facet normal 0 -1 0
    outer loop
      vertex -74.5 -81.2 51.5
      vertex -71.35 -81.2 27.9722
      vertex -71.1506 -81.2 28.0706
    endloop
  endfacet
  facet normal 0 -1 0
    outer loop
      vertex -74.5 -81.2 51.5
      vertex -71.5349 -81.2 27.8487
      vertex -71.35 -81.2 27.9722
    endloop
  endfacet
  facet normal 0 -1 0
    outer loop
      vertex -74.5 -81.2 51.5
      vertex -71.7021 -81.2 27.7021
      vertex -71.5349 -81.2 27.8487
    endloop
  endfacet
  facet normal 0 -1 0
    outer loop
      vertex -74.5 -81.2 51.5
      vertex -71.8487 -81.2 27.5349
      vertex -71.7021 -81.2 27.7021
    endloop
  endfacet
  facet normal 0 -1 0
    outer loop
      vertex -74.5 -81.2 51.5
      vertex -71.9722 -81.2 27.35
      vertex -71.8487 -81.2 27.5349
    endloop
  endfacet
  facet normal 0 -1 0
    outer loop
      vertex -74.5 -81.2 51.5
      vertex -72.0706 -81.2 27.1506
      vertex -71.9722 -81.2 27.35
    endloop
  endfacet
  facet normal 0 -1 0
    outer loop
      vertex -74.5 -81.2 51.5
      vertex -72.1421 -81.2 26.94
      vertex -72.0706 -81.2 27.1506
    endloop
  endfacet
  facet normal 0 -1 0
    outer loop
      vertex -74.5 -81.2 51.5
      vertex -72.1855 -81.2 26.7219
      vertex -72.1421 -81.2 26.94
    endloop
  endfacet
  facet normal 0 -1 0
    outer loop
      vertex -74.5 -81.2 51.5
      vertex -72.2 -81.2 26.5
      vertex -72.1855 -81.2 26.7219
    endloop
  endfacet
  facet normal 0 -1 0
    outer loop
      vertex -74.5 -81.2 0
      vertex -72.2 -81.2 26.5
      vertex -74.5 -81.2 51.5
    endloop
  endfacet
  facet normal 0 -1 0
    outer loop
      vertex -68.8579 -81.2 26.94
      vertex -48.8947 -81.2 23.125
      vertex -48.2952 -81.2 24.0223
    endloop
  endfacet
  facet normal 0 -1 0
    outer loop
      vertex -70.5 -81.2 8.7
      vertex -70.5 -81.2 24.8
      vertex -70.7219 -81.2 24.8145
    endloop
  endfacet
  facet normal 0 -1 0
    outer loop
      vertex -68.8 -81.2 26.5
      vertex -49.372 -81.2 22.1571
      vertex -48.8947 -81.2 23.125
    endloop
  endfacet
  facet normal 0 -1 0
    outer loop
      vertex -68.8145 -81.2 26.2781
      vertex -49.7189 -81.2 21.1353
      vertex -49.372 -81.2 22.1571
    endloop
  endfacet
  facet normal 0 -1 0
    outer loop
      vertex -68.9294 -81.2 25.8494
      vertex -49.9294 -81.2 20.0768
      vertex -49.7189 -81.2 21.1353
    endloop
  endfacet
  facet normal 0 -1 0
    outer loop
      vertex -70.7219 -81.2 8.68546
      vertex -70.7219 -81.2 24.8145
      vertex -70.94 -81.2 24.8579
    endloop
  endfacet
  facet normal 0 -1 0
    outer loop
      vertex -69.0278 -81.2 25.65
      vertex -50 -81.2 19
      vertex -49.9294 -81.2 20.0768
    endloop
  endfacet
  facet normal 0 -1 0
    outer loop
      vertex -69.2979 -81.2 25.2979
      vertex -49.9294 -81.2 17.9232
      vertex -50 -81.2 19
    endloop
  endfacet
  facet normal 0 -1 0
    outer loop
      vertex -69.8494 -81.2 8.57059
      vertex -69.8494 -81.2 24.9294
      vertex -70.06 -81.2 8.64207
    endloop
  endfacet
  facet normal 0 -1 0
    outer loop
      vertex -70.94 -81.2 8.64207
      vertex -70.94 -81.2 24.8579
      vertex -71.1506 -81.2 24.9294
    endloop
  endfacet
  facet normal 0 -1 0
    outer loop
      vertex -69.65 -81.2 8.47224
      vertex -69.65 -81.2 25.0278
      vertex -69.8494 -81.2 8.57059
    endloop
  endfacet
  facet normal 0 -1 0
    outer loop
      vertex -69.65 -81.2 25.0278
      vertex -69.65 -81.2 8.47224
      vertex -69.4651 -81.2 25.1513
    endloop
  endfacet
  facet normal 0 -1 0
    outer loop
      vertex -69.4651 -81.2 8.3487
      vertex -69.4651 -81.2 25.1513
      vertex -69.65 -81.2 8.47224
    endloop
  endfacet
  facet normal 0 -1 0
    outer loop
      vertex -69.4651 -81.2 25.1513
      vertex -69.4651 -81.2 8.3487
      vertex -69.2979 -81.2 25.2979
    endloop
  endfacet
  facet normal 0 -1 0
    outer loop
      vertex -71.1506 -81.2 8.57059
      vertex -71.1506 -81.2 24.9294
      vertex -71.35 -81.2 25.0278
    endloop
  endfacet
  facet normal 0 -1 0
    outer loop
      vertex -69.2979 -81.2 8.20208
      vertex -69.2979 -81.2 25.2979
      vertex -69.4651 -81.2 8.3487
    endloop
  endfacet
  facet normal 0 -1 0
    outer loop
      vertex -69.2979 -81.2 25.2979
      vertex -69.2979 -81.2 8.20208
      vertex -49.9294 -81.2 17.9232
    endloop
  endfacet
  facet normal 0 -1 0
    outer loop
      vertex 4.55 -81.2 11.7
      vertex 23.3686 -81.2 9.0997
      vertex 21.8934 -81.2 10.3934
    endloop
  endfacet
  facet normal 0 -1 0
    outer loop
      vertex -68.8579 -81.2 7.43999
      vertex -49.372 -81.2 15.8429
      vertex -68.9294 -81.2 7.65056
    endloop
  endfacet
  facet normal 0 -1 0
    outer loop
      vertex -68.9294 -81.2 7.65056
      vertex -49.372 -81.2 15.8429
      vertex -69.0278 -81.2 7.85
    endloop
  endfacet
  facet normal 0 -1 -0
    outer loop
      vertex -49.7189 -81.2 16.8647
      vertex -69.0278 -81.2 7.85
      vertex -49.372 -81.2 15.8429
    endloop
  endfacet
  facet normal 0 -1 0
    outer loop
      vertex -69.0278 -81.2 7.85
      vertex -49.7189 -81.2 16.8647
      vertex -69.1513 -81.2 8.03489
    endloop
  endfacet
  facet normal 0 -1 -0
    outer loop
      vertex -49.9294 -81.2 17.9232
      vertex -69.1513 -81.2 8.03489
      vertex -49.7189 -81.2 16.8647
    endloop
  endfacet
  facet normal 0 -1 0
    outer loop
      vertex -69.1513 -81.2 8.03489
      vertex -49.9294 -81.2 17.9232
      vertex -69.2979 -81.2 8.20208
    endloop
  endfacet
  facet normal 0 -1 0
    outer loop
      vertex -71.35 -81.2 8.47224
      vertex -71.35 -81.2 25.0278
      vertex -71.5349 -81.2 25.1513
    endloop
  endfacet
  facet normal 0 -1 0
    outer loop
      vertex -71.5349 -81.2 8.3487
      vertex -71.5349 -81.2 25.1513
      vertex -71.7021 -81.2 25.2979
    endloop
  endfacet
  facet normal 0 -1 0
    outer loop
      vertex -71.7021 -81.2 8.20208
      vertex -71.7021 -81.2 25.2979
      vertex -71.8487 -81.2 25.4651
    endloop
  endfacet
  facet normal 0 -1 0
    outer loop
      vertex -71.8487 -81.2 8.03489
      vertex -71.8487 -81.2 25.4651
      vertex -71.9722 -81.2 25.65
    endloop
  endfacet
  facet normal 0 -1 0
    outer loop
      vertex -71.9722 -81.2 7.85
      vertex -71.9722 -81.2 25.65
      vertex -72.0706 -81.2 25.8494
    endloop
  endfacet
  facet normal 0 -1 0
    outer loop
      vertex -72.0706 -81.2 7.65056
      vertex -72.0706 -81.2 25.8494
      vertex -72.1421 -81.2 26.06
    endloop
  endfacet
  facet normal 0 -1 0
    outer loop
      vertex -74.5 -81.2 0
      vertex -72.1421 -81.2 26.06
      vertex -72.1855 -81.2 26.2781
    endloop
  endfacet
  facet normal 0 -1 0
    outer loop
      vertex -70.7219 -81.2 24.8145
      vertex -70.7219 -81.2 8.68546
      vertex -70.5 -81.2 8.7
    endloop
  endfacet
  facet normal 0 -1 -0
    outer loop
      vertex -72.2 -81.2 26.5
      vertex -74.5 -81.2 0
      vertex -72.1855 -81.2 26.2781
    endloop
  endfacet
  facet normal 0 -1 0
    outer loop
      vertex -70.94 -81.2 24.8579
      vertex -70.94 -81.2 8.64207
      vertex -70.7219 -81.2 8.68546
    endloop
  endfacet
  facet normal 0 -1 0
    outer loop
      vertex -71.1506 -81.2 24.9294
      vertex -71.1506 -81.2 8.57059
      vertex -70.94 -81.2 8.64207
    endloop
  endfacet
  facet normal 0 -1 0
    outer loop
      vertex -71.35 -81.2 25.0278
      vertex -71.35 -81.2 8.47224
      vertex -71.1506 -81.2 8.57059
    endloop
  endfacet
  facet normal 0 -1 0
    outer loop
      vertex -71.5349 -81.2 25.1513
      vertex -71.5349 -81.2 8.3487
      vertex -71.35 -81.2 8.47224
    endloop
  endfacet
  facet normal 0 -1 0
    outer loop
      vertex -71.7021 -81.2 25.2979
      vertex -71.7021 -81.2 8.20208
      vertex -71.5349 -81.2 8.3487
    endloop
  endfacet
  facet normal 0 -1 0
    outer loop
      vertex -71.8487 -81.2 25.4651
      vertex -71.8487 -81.2 8.03489
      vertex -71.7021 -81.2 8.20208
    endloop
  endfacet
  facet normal 0 -1 0
    outer loop
      vertex -71.9722 -81.2 25.65
      vertex -71.9722 -81.2 7.85
      vertex -71.8487 -81.2 8.03489
    endloop
  endfacet
  facet normal 0 -1 0
    outer loop
      vertex -72.0706 -81.2 25.8494
      vertex -72.0706 -81.2 7.65056
      vertex -71.9722 -81.2 7.85
    endloop
  endfacet
  facet normal 0 -1 0
    outer loop
      vertex -72.1421 -81.2 26.06
      vertex -72.1421 -81.2 7.43999
      vertex -72.0706 -81.2 7.65056
    endloop
  endfacet
  facet normal 0 -1 -0
    outer loop
      vertex -72.1421 -81.2 26.06
      vertex -74.5 -81.2 0
      vertex -72.1421 -81.2 7.43999
    endloop
  endfacet
  facet normal 0 -1 0
    outer loop
      vertex -72.1421 -81.2 7.43999
      vertex -74.5 -81.2 0
      vertex -72.1855 -81.2 7.22189
    endloop
  endfacet
  facet normal 0 -1 0
    outer loop
      vertex 70.06 -81.2 5.35793
      vertex 74.5 -81.2 0
      vertex 70.2781 -81.2 5.31454
    endloop
  endfacet
  facet normal 0 -1 -0
    outer loop
      vertex -70.7219 -81.2 5.31454
      vertex -74.5 -81.2 0
      vertex -70.5 -81.2 5.3
    endloop
  endfacet
  facet normal 0 -1 -0
    outer loop
      vertex -70.94 -81.2 5.35793
      vertex -74.5 -81.2 0
      vertex -70.7219 -81.2 5.31454
    endloop
  endfacet
  facet normal 0 -1 -0
    outer loop
      vertex -71.1506 -81.2 5.4294
      vertex -74.5 -81.2 0
      vertex -70.94 -81.2 5.35793
    endloop
  endfacet
  facet normal 0 -1 -0
    outer loop
      vertex -71.35 -81.2 5.52776
      vertex -74.5 -81.2 0
      vertex -71.1506 -81.2 5.4294
    endloop
  endfacet
  facet normal 0 -1 -0
    outer loop
      vertex -71.5349 -81.2 5.6513
      vertex -74.5 -81.2 0
      vertex -71.35 -81.2 5.52776
    endloop
  endfacet
  facet normal 0 -1 -0
    outer loop
      vertex -71.7021 -81.2 5.79792
      vertex -74.5 -81.2 0
      vertex -71.5349 -81.2 5.6513
    endloop
  endfacet
  facet normal 0 -1 -0
    outer loop
      vertex -71.8487 -81.2 5.96511
      vertex -74.5 -81.2 0
      vertex -71.7021 -81.2 5.79792
    endloop
  endfacet
  facet normal 0 -1 -0
    outer loop
      vertex -71.9722 -81.2 6.15
      vertex -74.5 -81.2 0
      vertex -71.8487 -81.2 5.96511
    endloop
  endfacet
  facet normal 0 -1 -0
    outer loop
      vertex -72.0706 -81.2 6.34944
      vertex -74.5 -81.2 0
      vertex -71.9722 -81.2 6.15
    endloop
  endfacet
  facet normal 0 -1 -0
    outer loop
      vertex -72.1421 -81.2 6.56001
      vertex -74.5 -81.2 0
      vertex -72.0706 -81.2 6.34944
    endloop
  endfacet
  facet normal 0 -1 -0
    outer loop
      vertex -72.1855 -81.2 6.7781
      vertex -74.5 -81.2 0
      vertex -72.1421 -81.2 6.56001
    endloop
  endfacet
  facet normal 0 -1 -0
    outer loop
      vertex -72.2 -81.2 7
      vertex -74.5 -81.2 0
      vertex -72.1855 -81.2 6.7781
    endloop
  endfacet
  facet normal 0 -1 0
    outer loop
      vertex -72.1855 -81.2 7.22189
      vertex -74.5 -81.2 0
      vertex -72.2 -81.2 7
    endloop
  endfacet
  facet normal 0 -1 0
    outer loop
      vertex 34.4579 -81.2 35.8717
      vertex 74.5 -81.2 51.5
      vertex 32.5 -81.2 36
    endloop
  endfacet
  facet normal 0 -1 0
    outer loop
      vertex 36.3823 -81.2 35.4889
      vertex 74.5 -81.2 51.5
      vertex 34.4579 -81.2 35.8717
    endloop
  endfacet
  facet normal 0 -1 0
    outer loop
      vertex 38.2402 -81.2 34.8582
      vertex 74.5 -81.2 51.5
      vertex 36.3823 -81.2 35.4889
    endloop
  endfacet
  facet normal 0 -1 0
    outer loop
      vertex 40 -81.2 33.9904
      vertex 74.5 -81.2 51.5
      vertex 38.2402 -81.2 34.8582
    endloop
  endfacet
  facet normal 0 -1 0
    outer loop
      vertex 41.6314 -81.2 32.9003
      vertex 74.5 -81.2 51.5
      vertex 40 -81.2 33.9904
    endloop
  endfacet
  facet normal 0 -1 0
    outer loop
      vertex 43.1066 -81.2 31.6066
      vertex 74.5 -81.2 51.5
      vertex 41.6314 -81.2 32.9003
    endloop
  endfacet
  facet normal 0 -1 0
    outer loop
      vertex 44.4003 -81.2 30.1314
      vertex 74.5 -81.2 51.5
      vertex 43.1066 -81.2 31.6066
    endloop
  endfacet
  facet normal 0 -1 0
    outer loop
      vertex 69.2979 -81.2 27.7021
      vertex 44.4003 -81.2 30.1314
      vertex 45.4904 -81.2 28.5
    endloop
  endfacet
  facet normal 0 -1 0
    outer loop
      vertex 70.2781 -81.2 28.1855
      vertex 74.5 -81.2 51.5
      vertex 44.4003 -81.2 30.1314
    endloop
  endfacet
  facet normal 0 -1 0
    outer loop
      vertex 70.7219 -81.2 28.1855
      vertex 74.5 -81.2 51.5
      vertex 70.5 -81.2 28.2
    endloop
  endfacet
  facet normal 0 -1 0
    outer loop
      vertex 70.94 -81.2 28.1421
      vertex 74.5 -81.2 51.5
      vertex 70.7219 -81.2 28.1855
    endloop
  endfacet
  facet normal 0 -1 0
    outer loop
      vertex 71.1506 -81.2 28.0706
      vertex 74.5 -81.2 51.5
      vertex 70.94 -81.2 28.1421
    endloop
  endfacet
  facet normal 0 -1 0
    outer loop
      vertex 71.35 -81.2 27.9722
      vertex 74.5 -81.2 51.5
      vertex 71.1506 -81.2 28.0706
    endloop
  endfacet
  facet normal 0 -1 0
    outer loop
      vertex 71.5349 -81.2 27.8487
      vertex 74.5 -81.2 51.5
      vertex 71.35 -81.2 27.9722
    endloop
  endfacet
  facet normal 0 -1 0
    outer loop
      vertex 71.7021 -81.2 27.7021
      vertex 74.5 -81.2 51.5
      vertex 71.5349 -81.2 27.8487
    endloop
  endfacet
  facet normal 0 -1 0
    outer loop
      vertex 71.8487 -81.2 27.5349
      vertex 74.5 -81.2 51.5
      vertex 71.7021 -81.2 27.7021
    endloop
  endfacet
  facet normal 0 -1 0
    outer loop
      vertex 71.9722 -81.2 27.35
      vertex 74.5 -81.2 51.5
      vertex 71.8487 -81.2 27.5349
    endloop
  endfacet
  facet normal 0 -1 0
    outer loop
      vertex 72.0706 -81.2 27.1506
      vertex 74.5 -81.2 51.5
      vertex 71.9722 -81.2 27.35
    endloop
  endfacet
  facet normal 0 -1 0
    outer loop
      vertex 72.1421 -81.2 26.94
      vertex 74.5 -81.2 51.5
      vertex 72.0706 -81.2 27.1506
    endloop
  endfacet
  facet normal 0 -1 0
    outer loop
      vertex 72.1855 -81.2 26.7219
      vertex 74.5 -81.2 51.5
      vertex 72.1421 -81.2 26.94
    endloop
  endfacet
  facet normal 0 -1 0
    outer loop
      vertex 72.2 -81.2 26.5
      vertex 74.5 -81.2 51.5
      vertex 72.1855 -81.2 26.7219
    endloop
  endfacet
  facet normal 0 -1 0
    outer loop
      vertex 74.5 -81.2 0
      vertex 72.2 -81.2 26.5
      vertex 72.1855 -81.2 26.2781
    endloop
  endfacet
  facet normal 0 -1 0
    outer loop
      vertex 70.2781 -81.2 8.68546
      vertex 70.06 -81.2 24.8579
      vertex 69.8494 -81.2 24.9294
    endloop
  endfacet
  facet normal 0 -1 0
    outer loop
      vertex 70.2781 -81.2 8.68546
      vertex 70.2781 -81.2 24.8145
      vertex 70.06 -81.2 24.8579
    endloop
  endfacet
  facet normal 0 -1 0
    outer loop
      vertex 70.2781 -81.2 24.8145
      vertex 70.5 -81.2 8.7
      vertex 70.5 -81.2 24.8
    endloop
  endfacet
  facet normal 0 -1 0
    outer loop
      vertex 70.5 -81.2 24.8
      vertex 70.5 -81.2 8.7
      vertex 70.7219 -81.2 24.8145
    endloop
  endfacet
  facet normal 0 -1 0
    outer loop
      vertex 70.2781 -81.2 8.68546
      vertex 47.3717 -81.2 19.0421
      vertex 46.9889 -81.2 17.1177
    endloop
  endfacet
  facet normal 0 -1 0
    outer loop
      vertex 70.2781 -81.2 8.68546
      vertex 46.9889 -81.2 17.1177
      vertex 46.3582 -81.2 15.2597
    endloop
  endfacet
  facet normal 0 -1 0
    outer loop
      vertex 70.7219 -81.2 8.68546
      vertex 70.7219 -81.2 24.8145
      vertex 70.5 -81.2 8.7
    endloop
  endfacet
  facet normal 0 -1 0
    outer loop
      vertex 70.2781 -81.2 8.68546
      vertex 46.3582 -81.2 15.2597
      vertex 45.4904 -81.2 13.5
    endloop
  endfacet
  facet normal 0 -1 0
    outer loop
      vertex 70.2781 -81.2 8.68546
      vertex 45.4904 -81.2 13.5
      vertex 44.4003 -81.2 11.8686
    endloop
  endfacet
  facet normal 0 -1 0
    outer loop
      vertex 70.2781 -81.2 8.68546
      vertex 44.4003 -81.2 11.8686
      vertex 43.1066 -81.2 10.3934
    endloop
  endfacet
  facet normal 0 -1 0
    outer loop
      vertex 70.7219 -81.2 24.8145
      vertex 70.7219 -81.2 8.68546
      vertex 70.94 -81.2 24.8579
    endloop
  endfacet
  facet normal 0 -1 0
    outer loop
      vertex 69.0278 -81.2 6.15
      vertex 43.1066 -81.2 10.3934
      vertex 41.6314 -81.2 9.0997
    endloop
  endfacet
  facet normal 0 -1 0
    outer loop
      vertex 70.94 -81.2 8.64207
      vertex 70.94 -81.2 24.8579
      vertex 70.7219 -81.2 8.68546
    endloop
  endfacet
  facet normal 0 -1 0
    outer loop
      vertex 70.94 -81.2 24.8579
      vertex 70.94 -81.2 8.64207
      vertex 71.1506 -81.2 24.9294
    endloop
  endfacet
  facet normal 0 -1 0
    outer loop
      vertex 71.1506 -81.2 8.57059
      vertex 71.1506 -81.2 24.9294
      vertex 70.94 -81.2 8.64207
    endloop
  endfacet
  facet normal 0 -1 0
    outer loop
      vertex 71.1506 -81.2 24.9294
      vertex 71.1506 -81.2 8.57059
      vertex 71.35 -81.2 25.0278
    endloop
  endfacet
  facet normal 0 -1 0
    outer loop
      vertex 71.35 -81.2 8.47224
      vertex 71.35 -81.2 25.0278
      vertex 71.1506 -81.2 8.57059
    endloop
  endfacet
  facet normal 0 -1 0
    outer loop
      vertex 71.35 -81.2 25.0278
      vertex 71.35 -81.2 8.47224
      vertex 71.5349 -81.2 25.1513
    endloop
  endfacet
  facet normal 0 -1 0
    outer loop
      vertex 71.5349 -81.2 8.3487
      vertex 71.5349 -81.2 25.1513
      vertex 71.35 -81.2 8.47224
    endloop
  endfacet
  facet normal 0 -1 0
    outer loop
      vertex 71.5349 -81.2 25.1513
      vertex 71.5349 -81.2 8.3487
      vertex 71.7021 -81.2 25.2979
    endloop
  endfacet
  facet normal 0 -1 0
    outer loop
      vertex 71.7021 -81.2 8.20208
      vertex 71.7021 -81.2 25.2979
      vertex 71.5349 -81.2 8.3487
    endloop
  endfacet
  facet normal 0 -1 0
    outer loop
      vertex 71.7021 -81.2 25.2979
      vertex 71.7021 -81.2 8.20208
      vertex 71.8487 -81.2 25.4651
    endloop
  endfacet
  facet normal 0 -1 0
    outer loop
      vertex 71.8487 -81.2 8.03489
      vertex 71.8487 -81.2 25.4651
      vertex 71.7021 -81.2 8.20208
    endloop
  endfacet
  facet normal 0 -1 0
    outer loop
      vertex 71.8487 -81.2 25.4651
      vertex 71.8487 -81.2 8.03489
      vertex 71.9722 -81.2 25.65
    endloop
  endfacet
  facet normal 0 -1 0
    outer loop
      vertex 71.9722 -81.2 7.85
      vertex 71.9722 -81.2 25.65
      vertex 71.8487 -81.2 8.03489
    endloop
  endfacet
  facet normal 0 -1 0
    outer loop
      vertex 71.9722 -81.2 25.65
      vertex 71.9722 -81.2 7.85
      vertex 72.0706 -81.2 25.8494
    endloop
  endfacet
  facet normal 0 -1 0
    outer loop
      vertex 72.0706 -81.2 7.65056
      vertex 72.0706 -81.2 25.8494
      vertex 71.9722 -81.2 7.85
    endloop
  endfacet
  facet normal 0 -1 0
    outer loop
      vertex 72.0706 -81.2 25.8494
      vertex 72.0706 -81.2 7.65056
      vertex 72.1421 -81.2 26.06
    endloop
  endfacet
  facet normal 0 -1 0
    outer loop
      vertex 72.1421 -81.2 7.43999
      vertex 72.1421 -81.2 26.06
      vertex 72.0706 -81.2 7.65056
    endloop
  endfacet
  facet normal 0 -1 0
    outer loop
      vertex 74.5 -81.2 0
      vertex 72.1421 -81.2 26.06
      vertex 72.1421 -81.2 7.43999
    endloop
  endfacet
  facet normal 0 -1 0
    outer loop
      vertex 72.1421 -81.2 26.06
      vertex 74.5 -81.2 0
      vertex 72.1855 -81.2 26.2781
    endloop
  endfacet
  facet normal 0 -1 0
    outer loop
      vertex 74.5 -81.2 0
      vertex 72.1421 -81.2 7.43999
      vertex 72.1855 -81.2 7.22189
    endloop
  endfacet
  facet normal 0 -1 0
    outer loop
      vertex 74.5 -81.2 0
      vertex 72.1855 -81.2 7.22189
      vertex 72.2 -81.2 7
    endloop
  endfacet
  facet normal 0 -1 0
    outer loop
      vertex 72.2 -81.2 26.5
      vertex 74.5 -81.2 0
      vertex 74.5 -81.2 51.5
    endloop
  endfacet
  facet normal 0 -1 0
    outer loop
      vertex 72.1855 -81.2 6.7781
      vertex 74.5 -81.2 0
      vertex 72.2 -81.2 7
    endloop
  endfacet
  facet normal 0 -1 0
    outer loop
      vertex 72.1421 -81.2 6.56001
      vertex 74.5 -81.2 0
      vertex 72.1855 -81.2 6.7781
    endloop
  endfacet
  facet normal 0 -1 0
    outer loop
      vertex 72.0706 -81.2 6.34944
      vertex 74.5 -81.2 0
      vertex 72.1421 -81.2 6.56001
    endloop
  endfacet
  facet normal 0 -1 0
    outer loop
      vertex 71.9722 -81.2 6.15
      vertex 74.5 -81.2 0
      vertex 72.0706 -81.2 6.34944
    endloop
  endfacet
  facet normal 0 -1 0
    outer loop
      vertex 71.8487 -81.2 5.96511
      vertex 74.5 -81.2 0
      vertex 71.9722 -81.2 6.15
    endloop
  endfacet
  facet normal 0 -1 0
    outer loop
      vertex 71.7021 -81.2 5.79792
      vertex 74.5 -81.2 0
      vertex 71.8487 -81.2 5.96511
    endloop
  endfacet
  facet normal 0 -1 0
    outer loop
      vertex 71.5349 -81.2 5.6513
      vertex 74.5 -81.2 0
      vertex 71.7021 -81.2 5.79792
    endloop
  endfacet
  facet normal 0 -1 0
    outer loop
      vertex 71.35 -81.2 5.52776
      vertex 74.5 -81.2 0
      vertex 71.5349 -81.2 5.6513
    endloop
  endfacet
  facet normal 0 -1 0
    outer loop
      vertex 71.1506 -81.2 5.4294
      vertex 74.5 -81.2 0
      vertex 71.35 -81.2 5.52776
    endloop
  endfacet
  facet normal 0 -1 0
    outer loop
      vertex 70.94 -81.2 5.35793
      vertex 74.5 -81.2 0
      vertex 71.1506 -81.2 5.4294
    endloop
  endfacet
  facet normal 0 -1 0
    outer loop
      vertex 70.7219 -81.2 5.31454
      vertex 74.5 -81.2 0
      vertex 70.94 -81.2 5.35793
    endloop
  endfacet
  facet normal 0 -1 0
    outer loop
      vertex 70.5 -81.2 5.3
      vertex 74.5 -81.2 0
      vertex 70.7219 -81.2 5.31454
    endloop
  endfacet
  facet normal 0 -1 0
    outer loop
      vertex 70.2781 -81.2 5.31454
      vertex 74.5 -81.2 0
      vertex 70.5 -81.2 5.3
    endloop
  endfacet
  facet normal 0 -1 0
    outer loop
      vertex 26.7597 -81.2 34.8582
      vertex 3.2847 -81.2 31.5625
      vertex 25 -81.2 33.9904
    endloop
  endfacet
  facet normal 0 -1 0
    outer loop
      vertex 3.42095 -81.2 31.5163
      vertex 25 -81.2 33.9904
      vertex 3.2847 -81.2 31.5625
    endloop
  endfacet
  facet normal 0 -1 0
    outer loop
      vertex 25 -81.2 33.9904
      vertex 3.42095 -81.2 31.5163
      vertex 23.3686 -81.2 32.9003
    endloop
  endfacet
  facet normal 0 -1 0
    outer loop
      vertex 3.55 -81.2 31.4526
      vertex 23.3686 -81.2 32.9003
      vertex 3.42095 -81.2 31.5163
    endloop
  endfacet
  facet normal 0 -1 0
    outer loop
      vertex 3.66964 -81.2 31.3727
      vertex 23.3686 -81.2 32.9003
      vertex 3.55 -81.2 31.4526
    endloop
  endfacet
  facet normal 0 -1 0
    outer loop
      vertex 23.3686 -81.2 32.9003
      vertex 3.66964 -81.2 31.3727
      vertex 21.8934 -81.2 31.6066
    endloop
  endfacet
  facet normal 0 -1 0
    outer loop
      vertex 3.77782 -81.2 31.2778
      vertex 21.8934 -81.2 31.6066
      vertex 3.66964 -81.2 31.3727
    endloop
  endfacet
  facet normal 0 -1 0
    outer loop
      vertex 3.87269 -81.2 31.1696
      vertex 21.8934 -81.2 31.6066
      vertex 3.77782 -81.2 31.2778
    endloop
  endfacet
  facet normal 0 -1 0
    outer loop
      vertex 20.5997 -81.2 30.1314
      vertex 3.87269 -81.2 31.1696
      vertex 3.95263 -81.2 31.05
    endloop
  endfacet
  facet normal 0 -1 0
    outer loop
      vertex 20.5997 -81.2 30.1314
      vertex 3.95263 -81.2 31.05
      vertex 4.01627 -81.2 30.921
    endloop
  endfacet
  facet normal 0 -1 0
    outer loop
      vertex 19.5096 -81.2 28.5
      vertex 4.01627 -81.2 30.921
      vertex 4.06252 -81.2 30.7847
    endloop
  endfacet
  facet normal 0 -1 0
    outer loop
      vertex 19.5096 -81.2 28.5
      vertex 4.06252 -81.2 30.7847
      vertex 4.09059 -81.2 30.6436
    endloop
  endfacet
  facet normal 0 -1 0
    outer loop
      vertex 19.5096 -81.2 28.5
      vertex 4.09059 -81.2 30.6436
      vertex 4.1 -81.2 30.5
    endloop
  endfacet
  facet normal 0 -1 0
    outer loop
      vertex 19.5096 -81.2 28.5
      vertex 4.1 -81.2 30.5
      vertex 4.09059 -81.2 30.3564
    endloop
  endfacet
  facet normal 0 -1 0
    outer loop
      vertex 19.5096 -81.2 28.5
      vertex 4.09059 -81.2 30.3564
      vertex 4.06252 -81.2 30.2153
    endloop
  endfacet
  facet normal 0 -1 0
    outer loop
      vertex 3.87269 -81.2 31.1696
      vertex 20.5997 -81.2 30.1314
      vertex 21.8934 -81.2 31.6066
    endloop
  endfacet
  facet normal 0 -1 0
    outer loop
      vertex 19.5096 -81.2 28.5
      vertex 4.06252 -81.2 30.2153
      vertex 4.01627 -81.2 30.079
    endloop
  endfacet
  facet normal 0 -1 0
    outer loop
      vertex 19.5096 -81.2 28.5
      vertex 4.01627 -81.2 30.079
      vertex 3.95263 -81.2 29.95
    endloop
  endfacet
  facet normal 0 -1 0
    outer loop
      vertex 19.5096 -81.2 28.5
      vertex 3.95263 -81.2 29.95
      vertex 3.87269 -81.2 29.8304
    endloop
  endfacet
  facet normal 0 -1 0
    outer loop
      vertex 19.5096 -81.2 28.5
      vertex 3.87269 -81.2 29.8304
      vertex 3.77782 -81.2 29.7222
    endloop
  endfacet
  facet normal 0 -1 0
    outer loop
      vertex 19.5096 -81.2 28.5
      vertex 3.77782 -81.2 29.7222
      vertex 3.66964 -81.2 29.6273
    endloop
  endfacet
  facet normal 0 -1 0
    outer loop
      vertex 19.5096 -81.2 28.5
      vertex 3.66964 -81.2 29.6273
      vertex 3.55 -81.2 29.5474
    endloop
  endfacet
  facet normal 0 -1 0
    outer loop
      vertex 19.5096 -81.2 28.5
      vertex 3.55 -81.2 29.5474
      vertex 3.42095 -81.2 29.4837
    endloop
  endfacet
  facet normal 0 -1 0
    outer loop
      vertex 19.5096 -81.2 28.5
      vertex 3.42095 -81.2 29.4837
      vertex 3.2847 -81.2 29.4375
    endloop
  endfacet
  facet normal 0 -1 0
    outer loop
      vertex 19.5096 -81.2 28.5
      vertex 3.2847 -81.2 29.4375
      vertex 3.14358 -81.2 29.4094
    endloop
  endfacet
  facet normal 0 -1 0
    outer loop
      vertex 19.5096 -81.2 28.5
      vertex 3.14358 -81.2 29.4094
      vertex 3 -81.2 29.4
    endloop
  endfacet
  facet normal 0 -1 0
    outer loop
      vertex 4.01627 -81.2 30.921
      vertex 19.5096 -81.2 28.5
      vertex 20.5997 -81.2 30.1314
    endloop
  endfacet
  facet normal 0 -1 -0
    outer loop
      vertex -20.6696 -81.2 29.6273
      vertex -21.55 -81.2 26.3
      vertex -20.55 -81.2 29.5474
    endloop
  endfacet
  facet normal 0 -1 0
    outer loop
      vertex -42.8268 -81.2 27.1794
      vertex -70.2781 -81.2 28.1855
      vertex -70.06 -81.2 28.1421
    endloop
  endfacet
  facet normal 0 -1 0
    outer loop
      vertex -42.8268 -81.2 27.1794
      vertex -70.06 -81.2 28.1421
      vertex -69.8494 -81.2 28.0706
    endloop
  endfacet
  facet normal 0 -1 0
    outer loop
      vertex -42.8268 -81.2 27.1794
      vertex -69.8494 -81.2 28.0706
      vertex -69.65 -81.2 27.9722
    endloop
  endfacet
  facet normal 0 -1 0
    outer loop
      vertex -42.8268 -81.2 27.1794
      vertex -69.65 -81.2 27.9722
      vertex -69.4651 -81.2 27.8487
    endloop
  endfacet
  facet normal 0 -1 0
    outer loop
      vertex -42.8268 -81.2 27.1794
      vertex -69.4651 -81.2 27.8487
      vertex -69.2979 -81.2 27.7021
    endloop
  endfacet
  facet normal 0 -1 0
    outer loop
      vertex -42.8268 -81.2 27.1794
      vertex -69.2979 -81.2 27.7021
      vertex -69.1513 -81.2 27.5349
    endloop
  endfacet
  facet normal 0 -1 0
    outer loop
      vertex -47.5836 -81.2 24.8336
      vertex -69.1513 -81.2 27.5349
      vertex -69.0278 -81.2 27.35
    endloop
  endfacet
  facet normal 0 -1 -0
    outer loop
      vertex -20.55 -81.2 29.5474
      vertex -21.55 -81.2 26.3
      vertex -20.421 -81.2 29.4837
    endloop
  endfacet
  facet normal 0 -1 -0
    outer loop
      vertex -20.421 -81.2 29.4837
      vertex -21.55 -81.2 26.3
      vertex -20.2847 -81.2 29.4375
    endloop
  endfacet
  facet normal 0 -1 -0
    outer loop
      vertex -20.2847 -81.2 29.4375
      vertex -21.55 -81.2 26.3
      vertex -20.1436 -81.2 29.4094
    endloop
  endfacet
  facet normal 0 -1 0
    outer loop
      vertex 2.7153 -81.2 29.4375
      vertex 4.55 -81.2 26.3
      vertex 2.85642 -81.2 29.4094
    endloop
  endfacet
  facet normal 0 -1 -0
    outer loop
      vertex -20.1436 -81.2 29.4094
      vertex -21.55 -81.2 26.3
      vertex -20 -81.2 29.4
    endloop
  endfacet
  facet normal 0 -1 0
    outer loop
      vertex 3 -81.2 29.4
      vertex 4.55 -81.2 26.3
      vertex 19.5096 -81.2 28.5
    endloop
  endfacet
  facet normal 0 -1 0
    outer loop
      vertex 19.5096 -81.2 28.5
      vertex 4.55 -81.2 26.3
      vertex 18.6418 -81.2 26.7402
    endloop
  endfacet
  facet normal 0 -1 0
    outer loop
      vertex 4.55 -81.2 26.3
      vertex 18.0111 -81.2 24.8823
      vertex 18.6418 -81.2 26.7402
    endloop
  endfacet
  facet normal 0 -1 0
    outer loop
      vertex 4.55 -81.2 26.3
      vertex 17.6283 -81.2 22.9579
      vertex 18.0111 -81.2 24.8823
    endloop
  endfacet
  facet normal 0 -1 0
    outer loop
      vertex 4.55 -81.2 26.3
      vertex 17.5 -81.2 21
      vertex 17.6283 -81.2 22.9579
    endloop
  endfacet
  facet normal 0 -1 0
    outer loop
      vertex 4.55 -81.2 26.3
      vertex 17.6283 -81.2 19.0421
      vertex 17.5 -81.2 21
    endloop
  endfacet
  facet normal 0 -1 0
    outer loop
      vertex 4.55 -81.2 11.7
      vertex 17.6283 -81.2 19.0421
      vertex 4.55 -81.2 26.3
    endloop
  endfacet
  facet normal 0 -1 -0
    outer loop
      vertex 17.6283 -81.2 19.0421
      vertex 4.55 -81.2 11.7
      vertex 18.0111 -81.2 17.1177
    endloop
  endfacet
  facet normal 0 -1 -0
    outer loop
      vertex 18.0111 -81.2 17.1177
      vertex 4.55 -81.2 11.7
      vertex 18.6418 -81.2 15.2597
    endloop
  endfacet
  facet normal 0 -1 -0
    outer loop
      vertex 18.6418 -81.2 15.2597
      vertex 4.55 -81.2 11.7
      vertex 19.5096 -81.2 13.5
    endloop
  endfacet
  facet normal 0 -1 -0
    outer loop
      vertex 19.5096 -81.2 13.5
      vertex 4.55 -81.2 11.7
      vertex 20.5997 -81.2 11.8686
    endloop
  endfacet
  facet normal 0 -1 0
    outer loop
      vertex -40.6732 -81.2 10.8206
      vertex -21.55 -81.2 11.7
      vertex -39.6147 -81.2 11.0311
    endloop
  endfacet
  facet normal 0 -1 0
    outer loop
      vertex 23.3686 -81.2 9.0997
      vertex -21.55 -81.2 11.7
      vertex -40.6732 -81.2 10.8206
    endloop
  endfacet
  facet normal 0 -1 0
    outer loop
      vertex -21.55 -81.2 11.7
      vertex 23.3686 -81.2 9.0997
      vertex 4.55 -81.2 11.7
    endloop
  endfacet
  facet normal 0 -1 0
    outer loop
      vertex 23.3686 -81.2 9.0997
      vertex -40.6732 -81.2 10.8206
      vertex -41.75 -81.2 10.75
    endloop
  endfacet
  facet normal 0 -1 0
    outer loop
      vertex 4.55 -81.2 11.7
      vertex 21.8934 -81.2 10.3934
      vertex 20.5997 -81.2 11.8686
    endloop
  endfacet
  facet normal 0 -0.707107 -0.707107
    outer loop
      vertex -21.5 -81.15 26.25
      vertex 4.55 -81.2 26.3
      vertex -21.55 -81.2 26.3
    endloop
  endfacet
  facet normal 0 -0.707107 -0.707107
    outer loop
      vertex 4.55 -81.2 26.3
      vertex -21.5 -81.15 26.25
      vertex 4.5 -81.15 26.25
    endloop
  endfacet
  facet normal -0.707107 -0.707107 0
    outer loop
      vertex 4.5 -81.15 11.75
      vertex 4.55 -81.2 26.3
      vertex 4.5 -81.15 26.25
    endloop
  endfacet
  facet normal -0.707107 -0.707107 -0
    outer loop
      vertex 4.55 -81.2 26.3
      vertex 4.5 -81.15 11.75
      vertex 4.55 -81.2 11.7
    endloop
  endfacet
  facet normal 0 -0.707107 0.707107
    outer loop
      vertex -21.55 -81.2 11.7
      vertex 4.5 -81.15 11.75
      vertex -21.5 -81.15 11.75
    endloop
  endfacet
  facet normal 0 -0.707107 0.707107
    outer loop
      vertex 4.5 -81.15 11.75
      vertex -21.55 -81.2 11.7
      vertex 4.55 -81.2 11.7
    endloop
  endfacet
  facet normal 0.707107 -0.707107 0
    outer loop
      vertex -21.55 -81.2 26.3
      vertex -21.5 -81.15 11.75
      vertex -21.5 -81.15 26.25
    endloop
  endfacet
  facet normal 0.707107 -0.707107 0
    outer loop
      vertex -21.5 -81.15 11.75
      vertex -21.55 -81.2 26.3
      vertex -21.55 -81.2 11.7
    endloop
  endfacet
  facet normal -1 0 0
    outer loop
      vertex 4.5 -78.3 11.75
      vertex 4.5 -79.7 26.25
      vertex 4.5 -78.3 29.25
    endloop
  endfacet
  facet normal -1 0 0
    outer loop
      vertex 4.5 -81.15 11.75
      vertex 4.5 -79.7 26.25
      vertex 4.5 -78.3 11.75
    endloop
  endfacet
  facet normal -1 -0 0
    outer loop
      vertex 4.5 -79.7 26.25
      vertex 4.5 -81.15 11.75
      vertex 4.5 -81.15 26.25
    endloop
  endfacet
  facet normal -1 -0 0
    outer loop
      vertex 4.5 -78.3 29.25
      vertex 4.5 -79.7 26.25
      vertex 4.5 -79.7 29.25
    endloop
  endfacet
  facet normal 0 0 -1
    outer loop
      vertex -21.5 -81.15 26.25
      vertex 4.5 -79.7 26.25
      vertex 4.5 -81.15 26.25
    endloop
  endfacet
  facet normal -0 0 -1
    outer loop
      vertex 4.5 -79.7 26.25
      vertex -21.5 -81.15 26.25
      vertex -21.5 -79.7 26.25
    endloop
  endfacet
  facet normal -0 0 1
    outer loop
      vertex -21.5 -78.3 11.75
      vertex 4.5 -81.15 11.75
      vertex 4.5 -78.3 11.75
    endloop
  endfacet
  facet normal 0 0 1
    outer loop
      vertex 4.5 -81.15 11.75
      vertex -21.5 -78.3 11.75
      vertex -21.5 -81.15 11.75
    endloop
  endfacet
  facet normal 1 0 0
    outer loop
      vertex -21.5 -79.7 26.25
      vertex -21.5 -78.3 29.25
      vertex -21.5 -79.7 29.25
    endloop
  endfacet
  facet normal 1 0 0
    outer loop
      vertex -21.5 -78.3 29.25
      vertex -21.5 -79.7 26.25
      vertex -21.5 -78.3 11.75
    endloop
  endfacet
  facet normal 1 0 0
    outer loop
      vertex -21.5 -81.15 11.75
      vertex -21.5 -79.7 26.25
      vertex -21.5 -81.15 26.25
    endloop
  endfacet
  facet normal 1 0 0
    outer loop
      vertex -21.5 -79.7 26.25
      vertex -21.5 -81.15 11.75
      vertex -21.5 -78.3 11.75
    endloop
  endfacet
  facet normal 0 0 -1
    outer loop
      vertex -21.5 -79.7 29.25
      vertex 4.5 -78.3 29.25
      vertex 4.5 -79.7 29.25
    endloop
  endfacet
  facet normal -0 0 -1
    outer loop
      vertex 4.5 -78.3 29.25
      vertex -21.5 -79.7 29.25
      vertex -21.5 -78.3 29.25
    endloop
  endfacet
  facet normal 0 1 -0
    outer loop
      vertex 4.5 -79.7 26.25
      vertex -21.5 -79.7 29.25
      vertex 4.5 -79.7 29.25
    endloop
  endfacet
  facet normal 0 1 0
    outer loop
      vertex -21.5 -79.7 29.25
      vertex 4.5 -79.7 26.25
      vertex -21.5 -79.7 26.25
    endloop
  endfacet
  facet normal -1 0 0
    outer loop
      vertex 5.2 -78.3 5.3
      vertex 5.2 -78.2 32.7
      vertex 5.2 -78.2 5.3
    endloop
  endfacet
  facet normal -1 -0 0
    outer loop
      vertex 5.2 -78.2 32.7
      vertex 5.2 -78.3 5.3
      vertex 5.2 -78.3 32.7
    endloop
  endfacet
  facet normal 0 0 -1
    outer loop
      vertex -22.2 -78.3 32.7
      vertex 5.2 -78.2 32.7
      vertex 5.2 -78.3 32.7
    endloop
  endfacet
  facet normal -0 0 -1
    outer loop
      vertex 5.2 -78.2 32.7
      vertex -22.2 -78.3 32.7
      vertex -22.2 -78.2 32.7
    endloop
  endfacet
  facet normal -0 0 1
    outer loop
      vertex -22.2 -78.2 5.3
      vertex 5.2 -78.3 5.3
      vertex 5.2 -78.2 5.3
    endloop
  endfacet
  facet normal 0 0 1
    outer loop
      vertex 5.2 -78.3 5.3
      vertex -22.2 -78.2 5.3
      vertex -22.2 -78.3 5.3
    endloop
  endfacet
  facet normal 1 -0 0
    outer loop
      vertex -22.2 -78.3 32.7
      vertex -22.2 -78.2 5.3
      vertex -22.2 -78.2 32.7
    endloop
  endfacet
  facet normal 1 0 0
    outer loop
      vertex -22.2 -78.2 5.3
      vertex -22.2 -78.3 32.7
      vertex -22.2 -78.3 5.3
    endloop
  endfacet
  facet normal 0 1 0
    outer loop
      vertex 2.57905 -78.3 8.51627
      vertex 4.5 -78.3 11.75
      vertex 2.7153 -78.3 8.56252
    endloop
  endfacet
  facet normal 0 1 0
    outer loop
      vertex -21.5 -78.3 11.75
      vertex -19.8564 -78.3 8.59059
      vertex -20 -78.3 8.6
    endloop
  endfacet
  facet normal 0 1 0
    outer loop
      vertex 2.45 -78.3 8.45263
      vertex 4.5 -78.3 11.75
      vertex 2.57905 -78.3 8.51627
    endloop
  endfacet
  facet normal 0 1 0
    outer loop
      vertex -21.5 -78.3 11.75
      vertex -19.7153 -78.3 8.56252
      vertex -19.8564 -78.3 8.59059
    endloop
  endfacet
  facet normal 0 1 0
    outer loop
      vertex 2.33036 -78.3 8.37269
      vertex 4.5 -78.3 11.75
      vertex 2.45 -78.3 8.45263
    endloop
  endfacet
  facet normal 0 1 0
    outer loop
      vertex -21.5 -78.3 11.75
      vertex -19.579 -78.3 8.51627
      vertex -19.7153 -78.3 8.56252
    endloop
  endfacet
  facet normal 0 1 0
    outer loop
      vertex 2.22218 -78.3 8.27782
      vertex 4.5 -78.3 11.75
      vertex 2.33036 -78.3 8.37269
    endloop
  endfacet
  facet normal 0 1 0
    outer loop
      vertex -21.5 -78.3 11.75
      vertex -19.45 -78.3 8.45263
      vertex -19.579 -78.3 8.51627
    endloop
  endfacet
  facet normal 0 1 0
    outer loop
      vertex 4.5 -78.3 11.75
      vertex 2.22218 -78.3 8.27782
      vertex -21.5 -78.3 11.75
    endloop
  endfacet
  facet normal 0 1 0
    outer loop
      vertex -21.5 -78.3 11.75
      vertex -19.3304 -78.3 8.37269
      vertex -19.45 -78.3 8.45263
    endloop
  endfacet
  facet normal 0 1 -0
    outer loop
      vertex -19.2222 -78.3 8.27782
      vertex -21.5 -78.3 11.75
      vertex 2.22218 -78.3 8.27782
    endloop
  endfacet
  facet normal 0 1 0
    outer loop
      vertex -21.5 -78.3 11.75
      vertex -19.2222 -78.3 8.27782
      vertex -19.3304 -78.3 8.37269
    endloop
  endfacet
  facet normal 0 1 -0
    outer loop
      vertex 2.12731 -78.3 8.16964
      vertex -19.2222 -78.3 8.27782
      vertex 2.22218 -78.3 8.27782
    endloop
  endfacet
  facet normal 0 1 0
    outer loop
      vertex 2.12731 -78.3 8.16964
      vertex -19.1273 -78.3 8.16964
      vertex -19.2222 -78.3 8.27782
    endloop
  endfacet
  facet normal 0 1 -0
    outer loop
      vertex 2.04737 -78.3 8.05
      vertex -19.1273 -78.3 8.16964
      vertex 2.12731 -78.3 8.16964
    endloop
  endfacet
  facet normal 0 1 0
    outer loop
      vertex 2.04737 -78.3 8.05
      vertex -19.0474 -78.3 8.05
      vertex -19.1273 -78.3 8.16964
    endloop
  endfacet
  facet normal 0 1 -0
    outer loop
      vertex 1.98373 -78.3 7.92095
      vertex -19.0474 -78.3 8.05
      vertex 2.04737 -78.3 8.05
    endloop
  endfacet
  facet normal 0 1 0
    outer loop
      vertex 1.98373 -78.3 7.92095
      vertex -18.9837 -78.3 7.92095
      vertex -19.0474 -78.3 8.05
    endloop
  endfacet
  facet normal 0 1 -0
    outer loop
      vertex 1.93748 -78.3 7.7847
      vertex -18.9837 -78.3 7.92095
      vertex 1.98373 -78.3 7.92095
    endloop
  endfacet
  facet normal 0 1 0
    outer loop
      vertex 1.93748 -78.3 7.7847
      vertex -18.9375 -78.3 7.7847
      vertex -18.9837 -78.3 7.92095
    endloop
  endfacet
  facet normal 0 1 -0
    outer loop
      vertex 1.90941 -78.3 7.64358
      vertex -18.9375 -78.3 7.7847
      vertex 1.93748 -78.3 7.7847
    endloop
  endfacet
  facet normal 0 1 0
    outer loop
      vertex 1.90941 -78.3 7.64358
      vertex -18.9094 -78.3 7.64358
      vertex -18.9375 -78.3 7.7847
    endloop
  endfacet
  facet normal 0 1 -0
    outer loop
      vertex 1.9 -78.3 7.5
      vertex -18.9094 -78.3 7.64358
      vertex 1.90941 -78.3 7.64358
    endloop
  endfacet
  facet normal 0 1 0
    outer loop
      vertex 1.9 -78.3 7.5
      vertex -18.9 -78.3 7.5
      vertex -18.9094 -78.3 7.64358
    endloop
  endfacet
  facet normal 0 1 0
    outer loop
      vertex 1.90941 -78.3 7.35642
      vertex -18.9 -78.3 7.5
      vertex 1.9 -78.3 7.5
    endloop
  endfacet
  facet normal 0 1 0
    outer loop
      vertex 1.90941 -78.3 7.35642
      vertex -18.9094 -78.3 7.35642
      vertex -18.9 -78.3 7.5
    endloop
  endfacet
  facet normal 0 1 0
    outer loop
      vertex 1.93748 -78.3 7.2153
      vertex -18.9094 -78.3 7.35642
      vertex 1.90941 -78.3 7.35642
    endloop
  endfacet
  facet normal 0 1 0
    outer loop
      vertex 1.93748 -78.3 7.2153
      vertex -18.9375 -78.3 7.2153
      vertex -18.9094 -78.3 7.35642
    endloop
  endfacet
  facet normal 0 1 0
    outer loop
      vertex 1.98373 -78.3 7.07905
      vertex -18.9375 -78.3 7.2153
      vertex 1.93748 -78.3 7.2153
    endloop
  endfacet
  facet normal 0 1 0
    outer loop
      vertex 1.98373 -78.3 7.07905
      vertex -18.9837 -78.3 7.07905
      vertex -18.9375 -78.3 7.2153
    endloop
  endfacet
  facet normal 0 1 0
    outer loop
      vertex 2.04737 -78.3 6.95
      vertex -18.9837 -78.3 7.07905
      vertex 1.98373 -78.3 7.07905
    endloop
  endfacet
  facet normal 0 1 0
    outer loop
      vertex 2.04737 -78.3 6.95
      vertex -19.0474 -78.3 6.95
      vertex -18.9837 -78.3 7.07905
    endloop
  endfacet
  facet normal 0 1 0
    outer loop
      vertex 2.12731 -78.3 6.83036
      vertex -19.0474 -78.3 6.95
      vertex 2.04737 -78.3 6.95
    endloop
  endfacet
  facet normal 0 1 0
    outer loop
      vertex 2.12731 -78.3 6.83036
      vertex -19.1273 -78.3 6.83036
      vertex -19.0474 -78.3 6.95
    endloop
  endfacet
  facet normal 0 1 0
    outer loop
      vertex 2.22218 -78.3 6.72218
      vertex -19.1273 -78.3 6.83036
      vertex 2.12731 -78.3 6.83036
    endloop
  endfacet
  facet normal 0 1 0
    outer loop
      vertex 2.22218 -78.3 6.72218
      vertex -19.2222 -78.3 6.72218
      vertex -19.1273 -78.3 6.83036
    endloop
  endfacet
  facet normal 0 1 0
    outer loop
      vertex 2.33036 -78.3 6.62731
      vertex -19.2222 -78.3 6.72218
      vertex 2.22218 -78.3 6.72218
    endloop
  endfacet
  facet normal 0 1 0
    outer loop
      vertex 2.33036 -78.3 6.62731
      vertex -19.3304 -78.3 6.62731
      vertex -19.2222 -78.3 6.72218
    endloop
  endfacet
  facet normal 0 1 0
    outer loop
      vertex 2.45 -78.3 6.54737
      vertex -19.3304 -78.3 6.62731
      vertex 2.33036 -78.3 6.62731
    endloop
  endfacet
  facet normal 0 1 0
    outer loop
      vertex 2.45 -78.3 6.54737
      vertex -19.45 -78.3 6.54737
      vertex -19.3304 -78.3 6.62731
    endloop
  endfacet
  facet normal 0 1 0
    outer loop
      vertex 2.57905 -78.3 6.48373
      vertex -19.45 -78.3 6.54737
      vertex 2.45 -78.3 6.54737
    endloop
  endfacet
  facet normal 0 1 0
    outer loop
      vertex 2.57905 -78.3 6.48373
      vertex -19.579 -78.3 6.48373
      vertex -19.45 -78.3 6.54737
    endloop
  endfacet
  facet normal 0 1 0
    outer loop
      vertex 5.2 -78.3 5.3
      vertex 2.57905 -78.3 6.48373
      vertex 2.7153 -78.3 6.43748
    endloop
  endfacet
  facet normal 0 1 0
    outer loop
      vertex 2.57905 -78.3 6.48373
      vertex 5.2 -78.3 5.3
      vertex -19.579 -78.3 6.48373
    endloop
  endfacet
  facet normal 0 1 0
    outer loop
      vertex 5.2 -78.3 5.3
      vertex 2.7153 -78.3 6.43748
      vertex 2.85642 -78.3 6.40941
    endloop
  endfacet
  facet normal 0 1 0
    outer loop
      vertex -22.2 -78.3 5.3
      vertex -19.579 -78.3 6.48373
      vertex 5.2 -78.3 5.3
    endloop
  endfacet
  facet normal 0 1 0
    outer loop
      vertex 5.2 -78.3 5.3
      vertex 2.85642 -78.3 6.40941
      vertex 3 -78.3 6.4
    endloop
  endfacet
  facet normal 0 1 0
    outer loop
      vertex -19.579 -78.3 6.48373
      vertex -22.2 -78.3 5.3
      vertex -19.7153 -78.3 6.43748
    endloop
  endfacet
  facet normal 0 1 0
    outer loop
      vertex 2.57905 -78.3 31.5163
      vertex 5.2 -78.3 32.7
      vertex 2.7153 -78.3 31.5625
    endloop
  endfacet
  facet normal 0 1 0
    outer loop
      vertex -22.2 -78.3 32.7
      vertex -19.8564 -78.3 31.5906
      vertex -20 -78.3 31.6
    endloop
  endfacet
  facet normal 0 1 0
    outer loop
      vertex 5.2 -78.3 32.7
      vertex 2.57905 -78.3 31.5163
      vertex -22.2 -78.3 32.7
    endloop
  endfacet
  facet normal 0 1 0
    outer loop
      vertex -22.2 -78.3 32.7
      vertex -19.7153 -78.3 31.5625
      vertex -19.8564 -78.3 31.5906
    endloop
  endfacet
  facet normal 0 1 -0
    outer loop
      vertex -19.579 -78.3 31.5163
      vertex -22.2 -78.3 32.7
      vertex 2.57905 -78.3 31.5163
    endloop
  endfacet
  facet normal 0 1 0
    outer loop
      vertex -22.2 -78.3 32.7
      vertex -19.579 -78.3 31.5163
      vertex -19.7153 -78.3 31.5625
    endloop
  endfacet
  facet normal 0 1 -0
    outer loop
      vertex 2.45 -78.3 31.4526
      vertex -19.579 -78.3 31.5163
      vertex 2.57905 -78.3 31.5163
    endloop
  endfacet
  facet normal 0 1 0
    outer loop
      vertex 2.45 -78.3 31.4526
      vertex -19.45 -78.3 31.4526
      vertex -19.579 -78.3 31.5163
    endloop
  endfacet
  facet normal 0 1 -0
    outer loop
      vertex 2.33036 -78.3 31.3727
      vertex -19.45 -78.3 31.4526
      vertex 2.45 -78.3 31.4526
    endloop
  endfacet
  facet normal 0 1 0
    outer loop
      vertex 2.33036 -78.3 31.3727
      vertex -19.3304 -78.3 31.3727
      vertex -19.45 -78.3 31.4526
    endloop
  endfacet
  facet normal 0 1 -0
    outer loop
      vertex 2.22218 -78.3 31.2778
      vertex -19.3304 -78.3 31.3727
      vertex 2.33036 -78.3 31.3727
    endloop
  endfacet
  facet normal 0 1 0
    outer loop
      vertex 2.22218 -78.3 31.2778
      vertex -19.2222 -78.3 31.2778
      vertex -19.3304 -78.3 31.3727
    endloop
  endfacet
  facet normal 0 1 -0
    outer loop
      vertex 2.12731 -78.3 31.1696
      vertex -19.2222 -78.3 31.2778
      vertex 2.22218 -78.3 31.2778
    endloop
  endfacet
  facet normal 0 1 0
    outer loop
      vertex 2.12731 -78.3 31.1696
      vertex -19.1273 -78.3 31.1696
      vertex -19.2222 -78.3 31.2778
    endloop
  endfacet
  facet normal 0 1 -0
    outer loop
      vertex 2.04737 -78.3 31.05
      vertex -19.1273 -78.3 31.1696
      vertex 2.12731 -78.3 31.1696
    endloop
  endfacet
  facet normal 0 1 0
    outer loop
      vertex 2.04737 -78.3 31.05
      vertex -19.0474 -78.3 31.05
      vertex -19.1273 -78.3 31.1696
    endloop
  endfacet
  facet normal 0 1 -0
    outer loop
      vertex 1.98373 -78.3 30.921
      vertex -19.0474 -78.3 31.05
      vertex 2.04737 -78.3 31.05
    endloop
  endfacet
  facet normal 0 1 0
    outer loop
      vertex 1.98373 -78.3 30.921
      vertex -18.9837 -78.3 30.921
      vertex -19.0474 -78.3 31.05
    endloop
  endfacet
  facet normal 0 1 -0
    outer loop
      vertex 1.93748 -78.3 30.7847
      vertex -18.9837 -78.3 30.921
      vertex 1.98373 -78.3 30.921
    endloop
  endfacet
  facet normal 0 1 0
    outer loop
      vertex 1.93748 -78.3 30.7847
      vertex -18.9375 -78.3 30.7847
      vertex -18.9837 -78.3 30.921
    endloop
  endfacet
  facet normal 0 1 -0
    outer loop
      vertex 1.90941 -78.3 30.6436
      vertex -18.9375 -78.3 30.7847
      vertex 1.93748 -78.3 30.7847
    endloop
  endfacet
  facet normal 0 1 0
    outer loop
      vertex 1.90941 -78.3 30.6436
      vertex -18.9094 -78.3 30.6436
      vertex -18.9375 -78.3 30.7847
    endloop
  endfacet
  facet normal 0 1 -0
    outer loop
      vertex 1.9 -78.3 30.5
      vertex -18.9094 -78.3 30.6436
      vertex 1.90941 -78.3 30.6436
    endloop
  endfacet
  facet normal 0 1 0
    outer loop
      vertex 1.9 -78.3 30.5
      vertex -18.9 -78.3 30.5
      vertex -18.9094 -78.3 30.6436
    endloop
  endfacet
  facet normal 0 1 0
    outer loop
      vertex 1.90941 -78.3 30.3564
      vertex -18.9 -78.3 30.5
      vertex 1.9 -78.3 30.5
    endloop
  endfacet
  facet normal 0 1 0
    outer loop
      vertex 1.90941 -78.3 30.3564
      vertex -18.9094 -78.3 30.3564
      vertex -18.9 -78.3 30.5
    endloop
  endfacet
  facet normal 0 1 0
    outer loop
      vertex 1.93748 -78.3 30.2153
      vertex -18.9094 -78.3 30.3564
      vertex 1.90941 -78.3 30.3564
    endloop
  endfacet
  facet normal 0 1 0
    outer loop
      vertex 1.93748 -78.3 30.2153
      vertex -18.9375 -78.3 30.2153
      vertex -18.9094 -78.3 30.3564
    endloop
  endfacet
  facet normal 0 1 0
    outer loop
      vertex 1.98373 -78.3 30.079
      vertex -18.9375 -78.3 30.2153
      vertex 1.93748 -78.3 30.2153
    endloop
  endfacet
  facet normal 0 1 0
    outer loop
      vertex 1.98373 -78.3 30.079
      vertex -18.9837 -78.3 30.079
      vertex -18.9375 -78.3 30.2153
    endloop
  endfacet
  facet normal 0 1 0
    outer loop
      vertex 2.04737 -78.3 29.95
      vertex -18.9837 -78.3 30.079
      vertex 1.98373 -78.3 30.079
    endloop
  endfacet
  facet normal 0 1 0
    outer loop
      vertex 2.04737 -78.3 29.95
      vertex -19.0474 -78.3 29.95
      vertex -18.9837 -78.3 30.079
    endloop
  endfacet
  facet normal 0 1 0
    outer loop
      vertex 2.12731 -78.3 29.8304
      vertex -19.0474 -78.3 29.95
      vertex 2.04737 -78.3 29.95
    endloop
  endfacet
  facet normal 0 1 0
    outer loop
      vertex 2.12731 -78.3 29.8304
      vertex -19.1273 -78.3 29.8304
      vertex -19.0474 -78.3 29.95
    endloop
  endfacet
  facet normal 0 1 0
    outer loop
      vertex 2.22218 -78.3 29.7222
      vertex -19.1273 -78.3 29.8304
      vertex 2.12731 -78.3 29.8304
    endloop
  endfacet
  facet normal 0 1 0
    outer loop
      vertex 2.22218 -78.3 29.7222
      vertex -19.2222 -78.3 29.7222
      vertex -19.1273 -78.3 29.8304
    endloop
  endfacet
  facet normal 0 1 0
    outer loop
      vertex 2.33036 -78.3 29.6273
      vertex -19.2222 -78.3 29.7222
      vertex 2.22218 -78.3 29.7222
    endloop
  endfacet
  facet normal 0 1 0
    outer loop
      vertex 2.33036 -78.3 29.6273
      vertex -19.3304 -78.3 29.6273
      vertex -19.2222 -78.3 29.7222
    endloop
  endfacet
  facet normal 0 1 0
    outer loop
      vertex 2.45 -78.3 29.5474
      vertex -19.3304 -78.3 29.6273
      vertex 2.33036 -78.3 29.6273
    endloop
  endfacet
  facet normal 0 1 0
    outer loop
      vertex 2.45 -78.3 29.5474
      vertex -19.45 -78.3 29.5474
      vertex -19.3304 -78.3 29.6273
    endloop
  endfacet
  facet normal 0 1 0
    outer loop
      vertex 2.57905 -78.3 29.4837
      vertex -19.45 -78.3 29.5474
      vertex 2.45 -78.3 29.5474
    endloop
  endfacet
  facet normal 0 1 0
    outer loop
      vertex 2.57905 -78.3 29.4837
      vertex -19.579 -78.3 29.4837
      vertex -19.45 -78.3 29.5474
    endloop
  endfacet
  facet normal 0 1 0
    outer loop
      vertex 2.7153 -78.3 29.4375
      vertex -19.579 -78.3 29.4837
      vertex 2.57905 -78.3 29.4837
    endloop
  endfacet
  facet normal 0 1 0
    outer loop
      vertex 2.7153 -78.3 29.4375
      vertex -19.7153 -78.3 29.4375
      vertex -19.579 -78.3 29.4837
    endloop
  endfacet
  facet normal 0 1 0
    outer loop
      vertex 2.85642 -78.3 29.4094
      vertex -19.7153 -78.3 29.4375
      vertex 2.7153 -78.3 29.4375
    endloop
  endfacet
  facet normal 0 1 0
    outer loop
      vertex 2.85642 -78.3 29.4094
      vertex -19.8564 -78.3 29.4094
      vertex -19.7153 -78.3 29.4375
    endloop
  endfacet
  facet normal 0 1 0
    outer loop
      vertex 4.5 -78.3 29.25
      vertex 2.85642 -78.3 29.4094
      vertex 3 -78.3 29.4
    endloop
  endfacet
  facet normal 0 1 0
    outer loop
      vertex 2.85642 -78.3 29.4094
      vertex 4.5 -78.3 29.25
      vertex -19.8564 -78.3 29.4094
    endloop
  endfacet
  facet normal 0 1 0
    outer loop
      vertex 2.85642 -78.3 31.5906
      vertex 5.2 -78.3 32.7
      vertex 3 -78.3 31.6
    endloop
  endfacet
  facet normal 0 1 0
    outer loop
      vertex 5.2 -78.3 32.7
      vertex 3.14358 -78.3 31.5906
      vertex 3 -78.3 31.6
    endloop
  endfacet
  facet normal 0 1 0
    outer loop
      vertex 5.2 -78.3 32.7
      vertex 3.2847 -78.3 31.5625
      vertex 3.14358 -78.3 31.5906
    endloop
  endfacet
  facet normal 0 1 0
    outer loop
      vertex 5.2 -78.3 32.7
      vertex 3.42095 -78.3 31.5163
      vertex 3.2847 -78.3 31.5625
    endloop
  endfacet
  facet normal 0 1 0
    outer loop
      vertex 5.2 -78.3 32.7
      vertex 3.55 -78.3 31.4526
      vertex 3.42095 -78.3 31.5163
    endloop
  endfacet
  facet normal 0 1 0
    outer loop
      vertex 5.2 -78.3 32.7
      vertex 3.66964 -78.3 31.3727
      vertex 3.55 -78.3 31.4526
    endloop
  endfacet
  facet normal 0 1 0
    outer loop
      vertex 5.2 -78.3 32.7
      vertex 3.77782 -78.3 31.2778
      vertex 3.66964 -78.3 31.3727
    endloop
  endfacet
  facet normal 0 1 0
    outer loop
      vertex 5.2 -78.3 32.7
      vertex 3.87269 -78.3 31.1696
      vertex 3.77782 -78.3 31.2778
    endloop
  endfacet
  facet normal 0 1 0
    outer loop
      vertex 5.2 -78.3 32.7
      vertex 3.95263 -78.3 31.05
      vertex 3.87269 -78.3 31.1696
    endloop
  endfacet
  facet normal 0 1 0
    outer loop
      vertex 5.2 -78.3 32.7
      vertex 4.01627 -78.3 30.921
      vertex 3.95263 -78.3 31.05
    endloop
  endfacet
  facet normal 0 1 0
    outer loop
      vertex 5.2 -78.3 32.7
      vertex 4.06252 -78.3 30.7847
      vertex 4.01627 -78.3 30.921
    endloop
  endfacet
  facet normal 0 1 0
    outer loop
      vertex 5.2 -78.3 32.7
      vertex 4.09059 -78.3 30.6436
      vertex 4.06252 -78.3 30.7847
    endloop
  endfacet
  facet normal 0 1 0
    outer loop
      vertex 5.2 -78.3 32.7
      vertex 4.1 -78.3 30.5
      vertex 4.09059 -78.3 30.6436
    endloop
  endfacet
  facet normal 0 1 -0
    outer loop
      vertex 4.5 -78.3 29.25
      vertex 4.1 -78.3 30.5
      vertex 5.2 -78.3 32.7
    endloop
  endfacet
  facet normal 0 1 0
    outer loop
      vertex 4.1 -78.3 30.5
      vertex 4.5 -78.3 29.25
      vertex 4.09059 -78.3 30.3564
    endloop
  endfacet
  facet normal 0 1 0
    outer loop
      vertex 4.09059 -78.3 30.3564
      vertex 4.5 -78.3 29.25
      vertex 4.06252 -78.3 30.2153
    endloop
  endfacet
  facet normal 0 1 0
    outer loop
      vertex -21.5 -78.3 29.25
      vertex -19.8564 -78.3 29.4094
      vertex 4.5 -78.3 29.25
    endloop
  endfacet
  facet normal 0 1 0
    outer loop
      vertex 3.14358 -78.3 29.4094
      vertex 4.5 -78.3 29.25
      vertex 3 -78.3 29.4
    endloop
  endfacet
  facet normal 0 1 0
    outer loop
      vertex 3.2847 -78.3 29.4375
      vertex 4.5 -78.3 29.25
      vertex 3.14358 -78.3 29.4094
    endloop
  endfacet
  facet normal 0 1 0
    outer loop
      vertex 3.42095 -78.3 29.4837
      vertex 4.5 -78.3 29.25
      vertex 3.2847 -78.3 29.4375
    endloop
  endfacet
  facet normal 0 1 0
    outer loop
      vertex 3.55 -78.3 29.5474
      vertex 4.5 -78.3 29.25
      vertex 3.42095 -78.3 29.4837
    endloop
  endfacet
  facet normal 0 1 0
    outer loop
      vertex 3.66964 -78.3 29.6273
      vertex 4.5 -78.3 29.25
      vertex 3.55 -78.3 29.5474
    endloop
  endfacet
  facet normal 0 1 0
    outer loop
      vertex 3.77782 -78.3 29.7222
      vertex 4.5 -78.3 29.25
      vertex 3.66964 -78.3 29.6273
    endloop
  endfacet
  facet normal 0 1 0
    outer loop
      vertex 3.87269 -78.3 29.8304
      vertex 4.5 -78.3 29.25
      vertex 3.77782 -78.3 29.7222
    endloop
  endfacet
  facet normal 0 1 0
    outer loop
      vertex 3.95263 -78.3 29.95
      vertex 4.5 -78.3 29.25
      vertex 3.87269 -78.3 29.8304
    endloop
  endfacet
  facet normal 0 1 0
    outer loop
      vertex 4.01627 -78.3 30.079
      vertex 4.5 -78.3 29.25
      vertex 3.95263 -78.3 29.95
    endloop
  endfacet
  facet normal 0 1 0
    outer loop
      vertex 4.06252 -78.3 30.2153
      vertex 4.5 -78.3 29.25
      vertex 4.01627 -78.3 30.079
    endloop
  endfacet
  facet normal 0 1 0
    outer loop
      vertex 5.2 -78.3 32.7
      vertex 4.5 -78.3 11.75
      vertex 4.5 -78.3 29.25
    endloop
  endfacet
  facet normal 0 1 0
    outer loop
      vertex 2.85642 -78.3 8.59059
      vertex 4.5 -78.3 11.75
      vertex 3 -78.3 8.6
    endloop
  endfacet
  facet normal 0 1 0
    outer loop
      vertex 4.5 -78.3 11.75
      vertex 3.14358 -78.3 8.59059
      vertex 3 -78.3 8.6
    endloop
  endfacet
  facet normal 0 1 0
    outer loop
      vertex 4.5 -78.3 11.75
      vertex 3.2847 -78.3 8.56252
      vertex 3.14358 -78.3 8.59059
    endloop
  endfacet
  facet normal 0 1 0
    outer loop
      vertex 4.5 -78.3 11.75
      vertex 3.42095 -78.3 8.51627
      vertex 3.2847 -78.3 8.56252
    endloop
  endfacet
  facet normal 0 1 0
    outer loop
      vertex 4.5 -78.3 11.75
      vertex 3.55 -78.3 8.45263
      vertex 3.42095 -78.3 8.51627
    endloop
  endfacet
  facet normal 0 1 0
    outer loop
      vertex 4.5 -78.3 11.75
      vertex 3.66964 -78.3 8.37269
      vertex 3.55 -78.3 8.45263
    endloop
  endfacet
  facet normal 0 1 0
    outer loop
      vertex 4.5 -78.3 11.75
      vertex 3.77782 -78.3 8.27782
      vertex 3.66964 -78.3 8.37269
    endloop
  endfacet
  facet normal 0 1 0
    outer loop
      vertex 4.5 -78.3 11.75
      vertex 3.87269 -78.3 8.16964
      vertex 3.77782 -78.3 8.27782
    endloop
  endfacet
  facet normal 0 1 0
    outer loop
      vertex 4.5 -78.3 11.75
      vertex 3.95263 -78.3 8.05
      vertex 3.87269 -78.3 8.16964
    endloop
  endfacet
  facet normal 0 1 0
    outer loop
      vertex 4.5 -78.3 11.75
      vertex 4.01627 -78.3 7.92095
      vertex 3.95263 -78.3 8.05
    endloop
  endfacet
  facet normal 0 1 0
    outer loop
      vertex 4.5 -78.3 11.75
      vertex 4.06252 -78.3 7.7847
      vertex 4.01627 -78.3 7.92095
    endloop
  endfacet
  facet normal 0 1 0
    outer loop
      vertex 5.2 -78.3 5.3
      vertex 4.06252 -78.3 7.7847
      vertex 4.5 -78.3 11.75
    endloop
  endfacet
  facet normal 0 1 0
    outer loop
      vertex 4.06252 -78.3 7.7847
      vertex 5.2 -78.3 5.3
      vertex 4.09059 -78.3 7.64358
    endloop
  endfacet
  facet normal 0 1 0
    outer loop
      vertex 4.09059 -78.3 7.64358
      vertex 5.2 -78.3 5.3
      vertex 4.1 -78.3 7.5
    endloop
  endfacet
  facet normal 0 1 0
    outer loop
      vertex -19.7153 -78.3 6.43748
      vertex -22.2 -78.3 5.3
      vertex -19.8564 -78.3 6.40941
    endloop
  endfacet
  facet normal 0 1 0
    outer loop
      vertex 3.14358 -78.3 6.40941
      vertex 5.2 -78.3 5.3
      vertex 3 -78.3 6.4
    endloop
  endfacet
  facet normal 0 1 0
    outer loop
      vertex 3.2847 -78.3 6.43748
      vertex 5.2 -78.3 5.3
      vertex 3.14358 -78.3 6.40941
    endloop
  endfacet
  facet normal 0 1 0
    outer loop
      vertex 3.42095 -78.3 6.48373
      vertex 5.2 -78.3 5.3
      vertex 3.2847 -78.3 6.43748
    endloop
  endfacet
  facet normal 0 1 0
    outer loop
      vertex 3.55 -78.3 6.54737
      vertex 5.2 -78.3 5.3
      vertex 3.42095 -78.3 6.48373
    endloop
  endfacet
  facet normal 0 1 0
    outer loop
      vertex 3.66964 -78.3 6.62731
      vertex 5.2 -78.3 5.3
      vertex 3.55 -78.3 6.54737
    endloop
  endfacet
  facet normal 0 1 0
    outer loop
      vertex 3.77782 -78.3 6.72218
      vertex 5.2 -78.3 5.3
      vertex 3.66964 -78.3 6.62731
    endloop
  endfacet
  facet normal 0 1 0
    outer loop
      vertex 3.87269 -78.3 6.83036
      vertex 5.2 -78.3 5.3
      vertex 3.77782 -78.3 6.72218
    endloop
  endfacet
  facet normal 0 1 0
    outer loop
      vertex 3.95263 -78.3 6.95
      vertex 5.2 -78.3 5.3
      vertex 3.87269 -78.3 6.83036
    endloop
  endfacet
  facet normal 0 1 0
    outer loop
      vertex 4.01627 -78.3 7.07905
      vertex 5.2 -78.3 5.3
      vertex 3.95263 -78.3 6.95
    endloop
  endfacet
  facet normal 0 1 0
    outer loop
      vertex 4.06252 -78.3 7.2153
      vertex 5.2 -78.3 5.3
      vertex 4.01627 -78.3 7.07905
    endloop
  endfacet
  facet normal 0 1 0
    outer loop
      vertex 4.09059 -78.3 7.35642
      vertex 5.2 -78.3 5.3
      vertex 4.06252 -78.3 7.2153
    endloop
  endfacet
  facet normal 0 1 0
    outer loop
      vertex 4.1 -78.3 7.5
      vertex 5.2 -78.3 5.3
      vertex 4.09059 -78.3 7.35642
    endloop
  endfacet
  facet normal 0 1 -0
    outer loop
      vertex 5.2 -78.3 5.3
      vertex 4.5 -78.3 11.75
      vertex 5.2 -78.3 32.7
    endloop
  endfacet
  facet normal 0 1 0
    outer loop
      vertex 2.7153 -78.3 31.5625
      vertex 5.2 -78.3 32.7
      vertex 2.85642 -78.3 31.5906
    endloop
  endfacet
  facet normal 0 1 -0
    outer loop
      vertex -20.1436 -78.3 31.5906
      vertex -22.2 -78.3 32.7
      vertex -20 -78.3 31.6
    endloop
  endfacet
  facet normal 0 1 -0
    outer loop
      vertex -20.2847 -78.3 31.5625
      vertex -22.2 -78.3 32.7
      vertex -20.1436 -78.3 31.5906
    endloop
  endfacet
  facet normal 0 1 -0
    outer loop
      vertex -20.421 -78.3 31.5163
      vertex -22.2 -78.3 32.7
      vertex -20.2847 -78.3 31.5625
    endloop
  endfacet
  facet normal 0 1 -0
    outer loop
      vertex -20.55 -78.3 31.4526
      vertex -22.2 -78.3 32.7
      vertex -20.421 -78.3 31.5163
    endloop
  endfacet
  facet normal 0 1 -0
    outer loop
      vertex -20.6696 -78.3 31.3727
      vertex -22.2 -78.3 32.7
      vertex -20.55 -78.3 31.4526
    endloop
  endfacet
  facet normal 0 1 -0
    outer loop
      vertex -20.7778 -78.3 31.2778
      vertex -22.2 -78.3 32.7
      vertex -20.6696 -78.3 31.3727
    endloop
  endfacet
  facet normal 0 1 -0
    outer loop
      vertex -20.8727 -78.3 31.1696
      vertex -22.2 -78.3 32.7
      vertex -20.7778 -78.3 31.2778
    endloop
  endfacet
  facet normal 0 1 -0
    outer loop
      vertex -20.9526 -78.3 31.05
      vertex -22.2 -78.3 32.7
      vertex -20.8727 -78.3 31.1696
    endloop
  endfacet
  facet normal 0 1 -0
    outer loop
      vertex -21.0163 -78.3 30.921
      vertex -22.2 -78.3 32.7
      vertex -20.9526 -78.3 31.05
    endloop
  endfacet
  facet normal 0 1 -0
    outer loop
      vertex -21.0625 -78.3 30.7847
      vertex -22.2 -78.3 32.7
      vertex -21.0163 -78.3 30.921
    endloop
  endfacet
  facet normal 0 1 -0
    outer loop
      vertex -21.0906 -78.3 30.6436
      vertex -22.2 -78.3 32.7
      vertex -21.0625 -78.3 30.7847
    endloop
  endfacet
  facet normal 0 1 -0
    outer loop
      vertex -21.1 -78.3 30.5
      vertex -22.2 -78.3 32.7
      vertex -21.0906 -78.3 30.6436
    endloop
  endfacet
  facet normal 0 1 0
    outer loop
      vertex -21.5 -78.3 29.25
      vertex -21.1 -78.3 30.5
      vertex -21.0906 -78.3 30.3564
    endloop
  endfacet
  facet normal 0 1 0
    outer loop
      vertex -21.5 -78.3 29.25
      vertex -21.0906 -78.3 30.3564
      vertex -21.0625 -78.3 30.2153
    endloop
  endfacet
  facet normal 0 1 0
    outer loop
      vertex -21.5 -78.3 29.25
      vertex -21.0625 -78.3 30.2153
      vertex -21.0163 -78.3 30.079
    endloop
  endfacet
  facet normal 0 1 0
    outer loop
      vertex -19.8564 -78.3 29.4094
      vertex -21.5 -78.3 29.25
      vertex -20 -78.3 29.4
    endloop
  endfacet
  facet normal 0 1 0
    outer loop
      vertex -21.5 -78.3 29.25
      vertex -20.1436 -78.3 29.4094
      vertex -20 -78.3 29.4
    endloop
  endfacet
  facet normal 0 1 0
    outer loop
      vertex -21.5 -78.3 29.25
      vertex -20.2847 -78.3 29.4375
      vertex -20.1436 -78.3 29.4094
    endloop
  endfacet
  facet normal 0 1 0
    outer loop
      vertex -21.5 -78.3 29.25
      vertex -20.421 -78.3 29.4837
      vertex -20.2847 -78.3 29.4375
    endloop
  endfacet
  facet normal 0 1 0
    outer loop
      vertex -21.5 -78.3 29.25
      vertex -20.55 -78.3 29.5474
      vertex -20.421 -78.3 29.4837
    endloop
  endfacet
  facet normal 0 1 0
    outer loop
      vertex -21.5 -78.3 29.25
      vertex -20.6696 -78.3 29.6273
      vertex -20.55 -78.3 29.5474
    endloop
  endfacet
  facet normal 0 1 0
    outer loop
      vertex -21.5 -78.3 29.25
      vertex -20.7778 -78.3 29.7222
      vertex -20.6696 -78.3 29.6273
    endloop
  endfacet
  facet normal 0 1 0
    outer loop
      vertex -21.5 -78.3 29.25
      vertex -20.8727 -78.3 29.8304
      vertex -20.7778 -78.3 29.7222
    endloop
  endfacet
  facet normal 0 1 0
    outer loop
      vertex -21.5 -78.3 29.25
      vertex -20.9526 -78.3 29.95
      vertex -20.8727 -78.3 29.8304
    endloop
  endfacet
  facet normal 0 1 0
    outer loop
      vertex -21.5 -78.3 29.25
      vertex -21.0163 -78.3 30.079
      vertex -20.9526 -78.3 29.95
    endloop
  endfacet
  facet normal 0 1 0
    outer loop
      vertex -21.1 -78.3 30.5
      vertex -21.5 -78.3 29.25
      vertex -22.2 -78.3 32.7
    endloop
  endfacet
  facet normal 0 1 -0
    outer loop
      vertex -21.5 -78.3 11.75
      vertex -22.2 -78.3 32.7
      vertex -21.5 -78.3 29.25
    endloop
  endfacet
  facet normal 0 1 0
    outer loop
      vertex 2.7153 -78.3 8.56252
      vertex 4.5 -78.3 11.75
      vertex 2.85642 -78.3 8.59059
    endloop
  endfacet
  facet normal 0 1 -0
    outer loop
      vertex -20.1436 -78.3 8.59059
      vertex -21.5 -78.3 11.75
      vertex -20 -78.3 8.6
    endloop
  endfacet
  facet normal 0 1 -0
    outer loop
      vertex -20.2847 -78.3 8.56252
      vertex -21.5 -78.3 11.75
      vertex -20.1436 -78.3 8.59059
    endloop
  endfacet
  facet normal 0 1 -0
    outer loop
      vertex -20.421 -78.3 8.51627
      vertex -21.5 -78.3 11.75
      vertex -20.2847 -78.3 8.56252
    endloop
  endfacet
  facet normal 0 1 -0
    outer loop
      vertex -20.55 -78.3 8.45263
      vertex -21.5 -78.3 11.75
      vertex -20.421 -78.3 8.51627
    endloop
  endfacet
  facet normal 0 1 -0
    outer loop
      vertex -20.6696 -78.3 8.37269
      vertex -21.5 -78.3 11.75
      vertex -20.55 -78.3 8.45263
    endloop
  endfacet
  facet normal 0 1 -0
    outer loop
      vertex -20.7778 -78.3 8.27782
      vertex -21.5 -78.3 11.75
      vertex -20.6696 -78.3 8.37269
    endloop
  endfacet
  facet normal 0 1 -0
    outer loop
      vertex -20.8727 -78.3 8.16964
      vertex -21.5 -78.3 11.75
      vertex -20.7778 -78.3 8.27782
    endloop
  endfacet
  facet normal 0 1 -0
    outer loop
      vertex -20.9526 -78.3 8.05
      vertex -21.5 -78.3 11.75
      vertex -20.8727 -78.3 8.16964
    endloop
  endfacet
  facet normal 0 1 -0
    outer loop
      vertex -21.0163 -78.3 7.92095
      vertex -21.5 -78.3 11.75
      vertex -20.9526 -78.3 8.05
    endloop
  endfacet
  facet normal 0 1 -0
    outer loop
      vertex -21.0625 -78.3 7.7847
      vertex -21.5 -78.3 11.75
      vertex -21.0163 -78.3 7.92095
    endloop
  endfacet
  facet normal 0 1 0
    outer loop
      vertex -22.2 -78.3 5.3
      vertex -21.0625 -78.3 7.7847
      vertex -21.0906 -78.3 7.64358
    endloop
  endfacet
  facet normal 0 1 0
    outer loop
      vertex -22.2 -78.3 5.3
      vertex -21.0906 -78.3 7.64358
      vertex -21.1 -78.3 7.5
    endloop
  endfacet
  facet normal 0 1 0
    outer loop
      vertex -22.2 -78.3 5.3
      vertex -21.1 -78.3 7.5
      vertex -21.0906 -78.3 7.35642
    endloop
  endfacet
  facet normal 0 1 0
    outer loop
      vertex -21.5 -78.3 11.75
      vertex -22.2 -78.3 5.3
      vertex -22.2 -78.3 32.7
    endloop
  endfacet
  facet normal 0 1 0
    outer loop
      vertex -21.0625 -78.3 7.7847
      vertex -22.2 -78.3 5.3
      vertex -21.5 -78.3 11.75
    endloop
  endfacet
  facet normal 0 1 0
    outer loop
      vertex -21.0625 -78.3 7.2153
      vertex -22.2 -78.3 5.3
      vertex -21.0906 -78.3 7.35642
    endloop
  endfacet
  facet normal 0 1 0
    outer loop
      vertex -21.0163 -78.3 7.07905
      vertex -22.2 -78.3 5.3
      vertex -21.0625 -78.3 7.2153
    endloop
  endfacet
  facet normal 0 1 0
    outer loop
      vertex -20.9526 -78.3 6.95
      vertex -22.2 -78.3 5.3
      vertex -21.0163 -78.3 7.07905
    endloop
  endfacet
  facet normal 0 1 0
    outer loop
      vertex -20.8727 -78.3 6.83036
      vertex -22.2 -78.3 5.3
      vertex -20.9526 -78.3 6.95
    endloop
  endfacet
  facet normal 0 1 0
    outer loop
      vertex -20.7778 -78.3 6.72218
      vertex -22.2 -78.3 5.3
      vertex -20.8727 -78.3 6.83036
    endloop
  endfacet
  facet normal 0 1 0
    outer loop
      vertex -20.6696 -78.3 6.62731
      vertex -22.2 -78.3 5.3
      vertex -20.7778 -78.3 6.72218
    endloop
  endfacet
  facet normal 0 1 0
    outer loop
      vertex -20.55 -78.3 6.54737
      vertex -22.2 -78.3 5.3
      vertex -20.6696 -78.3 6.62731
    endloop
  endfacet
  facet normal 0 1 0
    outer loop
      vertex -20.421 -78.3 6.48373
      vertex -22.2 -78.3 5.3
      vertex -20.55 -78.3 6.54737
    endloop
  endfacet
  facet normal 0 1 0
    outer loop
      vertex -20.2847 -78.3 6.43748
      vertex -22.2 -78.3 5.3
      vertex -20.421 -78.3 6.48373
    endloop
  endfacet
  facet normal 0 1 0
    outer loop
      vertex -20.1436 -78.3 6.40941
      vertex -22.2 -78.3 5.3
      vertex -20.2847 -78.3 6.43748
    endloop
  endfacet
  facet normal 0 1 0
    outer loop
      vertex -20 -78.3 6.4
      vertex -22.2 -78.3 5.3
      vertex -20.1436 -78.3 6.40941
    endloop
  endfacet
  facet normal 0 1 0
    outer loop
      vertex -19.8564 -78.3 6.40941
      vertex -22.2 -78.3 5.3
      vertex -20 -78.3 6.4
    endloop
  endfacet
  facet normal -0.980746 0 0.195287
    outer loop
      vertex -18.9375 -81.2 7.2153
      vertex -18.9094 -78.3 7.35642
      vertex -18.9375 -78.3 7.2153
    endloop
  endfacet
  facet normal -0.980746 0 0.195287
    outer loop
      vertex -18.9094 -78.3 7.35642
      vertex -18.9375 -81.2 7.2153
      vertex -18.9094 -81.2 7.35642
    endloop
  endfacet
  facet normal -0.997864 0 0.0653289
    outer loop
      vertex -18.9094 -81.2 7.35642
      vertex -18.9 -78.3 7.5
      vertex -18.9094 -78.3 7.35642
    endloop
  endfacet
  facet normal -0.997864 0 0.0653289
    outer loop
      vertex -18.9 -78.3 7.5
      vertex -18.9094 -81.2 7.35642
      vertex -18.9 -81.2 7.5
    endloop
  endfacet
  facet normal -0.32133 0 0.946967
    outer loop
      vertex -19.7153 -78.3 6.43748
      vertex -19.579 -81.2 6.48373
      vertex -19.579 -78.3 6.48373
    endloop
  endfacet
  facet normal -0.32133 0 0.946967
    outer loop
      vertex -19.579 -81.2 6.48373
      vertex -19.7153 -78.3 6.43748
      vertex -19.7153 -81.2 6.43748
    endloop
  endfacet
  facet normal 0.195113 0 -0.980781
    outer loop
      vertex -20.2847 -81.2 8.56252
      vertex -20.1436 -78.3 8.59059
      vertex -20.1436 -81.2 8.59059
    endloop
  endfacet
  facet normal 0.195113 0 -0.980781
    outer loop
      vertex -20.1436 -78.3 8.59059
      vertex -20.2847 -81.2 8.56252
      vertex -20.2847 -78.3 8.56252
    endloop
  endfacet
  facet normal 0.659272 0 -0.751905
    outer loop
      vertex -20.7778 -81.2 8.27782
      vertex -20.6696 -78.3 8.37269
      vertex -20.6696 -81.2 8.37269
    endloop
  endfacet
  facet normal 0.659272 0 -0.751905
    outer loop
      vertex -20.6696 -78.3 8.37269
      vertex -20.7778 -81.2 8.27782
      vertex -20.7778 -78.3 8.27782
    endloop
  endfacet
  facet normal -0.751741 0 -0.659458
    outer loop
      vertex -19.1273 -81.2 8.16964
      vertex -19.2222 -78.3 8.27782
      vertex -19.1273 -78.3 8.16964
    endloop
  endfacet
  facet normal -0.751741 -0 -0.659458
    outer loop
      vertex -19.2222 -78.3 8.27782
      vertex -19.1273 -81.2 8.16964
      vertex -19.2222 -81.2 8.27782
    endloop
  endfacet
  facet normal 0.947037 -0 0.321124
    outer loop
      vertex -21.0625 -81.2 7.2153
      vertex -21.0163 -78.3 7.07905
      vertex -21.0625 -78.3 7.2153
    endloop
  endfacet
  facet normal 0.947037 0 0.321124
    outer loop
      vertex -21.0163 -78.3 7.07905
      vertex -21.0625 -81.2 7.2153
      vertex -21.0163 -81.2 7.07905
    endloop
  endfacet
  facet normal -0.32133 0 -0.946967
    outer loop
      vertex -19.7153 -81.2 8.56252
      vertex -19.579 -78.3 8.51627
      vertex -19.579 -81.2 8.51627
    endloop
  endfacet
  facet normal -0.32133 0 -0.946967
    outer loop
      vertex -19.579 -78.3 8.51627
      vertex -19.7153 -81.2 8.56252
      vertex -19.7153 -78.3 8.56252
    endloop
  endfacet
  facet normal 0.32133 0 0.946967
    outer loop
      vertex -20.421 -78.3 6.48373
      vertex -20.2847 -81.2 6.43748
      vertex -20.2847 -78.3 6.43748
    endloop
  endfacet
  facet normal 0.32133 0 0.946967
    outer loop
      vertex -20.2847 -81.2 6.43748
      vertex -20.421 -78.3 6.48373
      vertex -20.421 -81.2 6.48373
    endloop
  endfacet
  facet normal -0.659272 0 0.751905
    outer loop
      vertex -19.3304 -78.3 6.62731
      vertex -19.2222 -81.2 6.72218
      vertex -19.2222 -78.3 6.72218
    endloop
  endfacet
  facet normal -0.659272 0 0.751905
    outer loop
      vertex -19.2222 -81.2 6.72218
      vertex -19.3304 -78.3 6.62731
      vertex -19.3304 -81.2 6.62731
    endloop
  endfacet
  facet normal 0.997864 0 -0.0653289
    outer loop
      vertex -21.0906 -81.2 7.64358
      vertex -21.1 -78.3 7.5
      vertex -21.0906 -78.3 7.64358
    endloop
  endfacet
  facet normal 0.997864 0 -0.0653289
    outer loop
      vertex -21.1 -78.3 7.5
      vertex -21.0906 -81.2 7.64358
      vertex -21.1 -81.2 7.5
    endloop
  endfacet
  facet normal 0.065389 0 -0.99786
    outer loop
      vertex -20.1436 -81.2 8.59059
      vertex -20 -78.3 8.6
      vertex -20 -81.2 8.6
    endloop
  endfacet
  facet normal 0.065389 0 -0.99786
    outer loop
      vertex -20 -78.3 8.6
      vertex -20.1436 -81.2 8.59059
      vertex -20.1436 -78.3 8.59059
    endloop
  endfacet
  facet normal -0.980746 0 -0.195287
    outer loop
      vertex -18.9094 -81.2 7.64358
      vertex -18.9375 -78.3 7.7847
      vertex -18.9094 -78.3 7.64358
    endloop
  endfacet
  facet normal -0.980746 -0 -0.195287
    outer loop
      vertex -18.9375 -78.3 7.7847
      vertex -18.9094 -81.2 7.64358
      vertex -18.9375 -81.2 7.7847
    endloop
  endfacet
  facet normal -0.751741 0 0.659458
    outer loop
      vertex -19.2222 -81.2 6.72218
      vertex -19.1273 -78.3 6.83036
      vertex -19.2222 -78.3 6.72218
    endloop
  endfacet
  facet normal -0.751741 0 0.659458
    outer loop
      vertex -19.1273 -78.3 6.83036
      vertex -19.2222 -81.2 6.72218
      vertex -19.1273 -81.2 6.83036
    endloop
  endfacet
  facet normal 0.980746 -0 0.195287
    outer loop
      vertex -21.0906 -81.2 7.35642
      vertex -21.0625 -78.3 7.2153
      vertex -21.0906 -78.3 7.35642
    endloop
  endfacet
  facet normal 0.980746 0 0.195287
    outer loop
      vertex -21.0625 -78.3 7.2153
      vertex -21.0906 -81.2 7.35642
      vertex -21.0625 -81.2 7.2153
    endloop
  endfacet
  facet normal -0.896708 0 -0.442622
    outer loop
      vertex -18.9837 -81.2 7.92095
      vertex -19.0474 -78.3 8.05
      vertex -18.9837 -78.3 7.92095
    endloop
  endfacet
  facet normal -0.896708 -0 -0.442622
    outer loop
      vertex -19.0474 -78.3 8.05
      vertex -18.9837 -81.2 7.92095
      vertex -19.0474 -81.2 8.05
    endloop
  endfacet
  facet normal 0.947037 0 -0.321124
    outer loop
      vertex -21.0163 -81.2 7.92095
      vertex -21.0625 -78.3 7.7847
      vertex -21.0163 -78.3 7.92095
    endloop
  endfacet
  facet normal 0.947037 0 -0.321124
    outer loop
      vertex -21.0625 -78.3 7.7847
      vertex -21.0163 -81.2 7.92095
      vertex -21.0625 -81.2 7.7847
    endloop
  endfacet
  facet normal 0.980746 0 -0.195287
    outer loop
      vertex -21.0625 -81.2 7.7847
      vertex -21.0906 -78.3 7.64358
      vertex -21.0625 -78.3 7.7847
    endloop
  endfacet
  facet normal 0.980746 0 -0.195287
    outer loop
      vertex -21.0906 -78.3 7.64358
      vertex -21.0625 -81.2 7.7847
      vertex -21.0906 -81.2 7.64358
    endloop
  endfacet
  facet normal -0.195113 0 0.980781
    outer loop
      vertex -19.8564 -78.3 6.40941
      vertex -19.7153 -81.2 6.43748
      vertex -19.7153 -78.3 6.43748
    endloop
  endfacet
  facet normal -0.195113 0 0.980781
    outer loop
      vertex -19.7153 -81.2 6.43748
      vertex -19.8564 -78.3 6.40941
      vertex -19.8564 -81.2 6.40941
    endloop
  endfacet
  facet normal 0.751741 0 -0.659458
    outer loop
      vertex -20.7778 -81.2 8.27782
      vertex -20.8727 -78.3 8.16964
      vertex -20.7778 -78.3 8.27782
    endloop
  endfacet
  facet normal 0.751741 0 -0.659458
    outer loop
      vertex -20.8727 -78.3 8.16964
      vertex -20.7778 -81.2 8.27782
      vertex -20.8727 -81.2 8.16964
    endloop
  endfacet
  facet normal 0.659272 0 0.751905
    outer loop
      vertex -20.7778 -78.3 6.72218
      vertex -20.6696 -81.2 6.62731
      vertex -20.6696 -78.3 6.62731
    endloop
  endfacet
  facet normal 0.659272 0 0.751905
    outer loop
      vertex -20.6696 -81.2 6.62731
      vertex -20.7778 -78.3 6.72218
      vertex -20.7778 -81.2 6.72218
    endloop
  endfacet
  facet normal 0.896708 -0 0.442622
    outer loop
      vertex -21.0163 -81.2 7.07905
      vertex -20.9526 -78.3 6.95
      vertex -21.0163 -78.3 7.07905
    endloop
  endfacet
  facet normal 0.896708 0 0.442622
    outer loop
      vertex -20.9526 -78.3 6.95
      vertex -21.0163 -81.2 7.07905
      vertex -20.9526 -81.2 6.95
    endloop
  endfacet
  facet normal -0.831601 0 -0.555374
    outer loop
      vertex -19.0474 -81.2 8.05
      vertex -19.1273 -78.3 8.16964
      vertex -19.0474 -78.3 8.05
    endloop
  endfacet
  facet normal -0.831601 -0 -0.555374
    outer loop
      vertex -19.1273 -78.3 8.16964
      vertex -19.0474 -81.2 8.05
      vertex -19.1273 -81.2 8.16964
    endloop
  endfacet
  facet normal -0.831601 0 0.555374
    outer loop
      vertex -19.1273 -81.2 6.83036
      vertex -19.0474 -78.3 6.95
      vertex -19.1273 -78.3 6.83036
    endloop
  endfacet
  facet normal -0.831601 0 0.555374
    outer loop
      vertex -19.0474 -78.3 6.95
      vertex -19.1273 -81.2 6.83036
      vertex -19.0474 -81.2 6.95
    endloop
  endfacet
  facet normal -0.659272 0 -0.751905
    outer loop
      vertex -19.3304 -81.2 8.37269
      vertex -19.2222 -78.3 8.27782
      vertex -19.2222 -81.2 8.27782
    endloop
  endfacet
  facet normal -0.659272 0 -0.751905
    outer loop
      vertex -19.2222 -78.3 8.27782
      vertex -19.3304 -81.2 8.37269
      vertex -19.3304 -78.3 8.37269
    endloop
  endfacet
  facet normal 0.831601 0 -0.555374
    outer loop
      vertex -20.8727 -81.2 8.16964
      vertex -20.9526 -78.3 8.05
      vertex -20.8727 -78.3 8.16964
    endloop
  endfacet
  facet normal 0.831601 0 -0.555374
    outer loop
      vertex -20.9526 -78.3 8.05
      vertex -20.8727 -81.2 8.16964
      vertex -20.9526 -81.2 8.05
    endloop
  endfacet
  facet normal -0.997864 0 -0.0653289
    outer loop
      vertex -18.9 -81.2 7.5
      vertex -18.9094 -78.3 7.64358
      vertex -18.9 -78.3 7.5
    endloop
  endfacet
  facet normal -0.997864 -0 -0.0653289
    outer loop
      vertex -18.9094 -78.3 7.64358
      vertex -18.9 -81.2 7.5
      vertex -18.9094 -81.2 7.64358
    endloop
  endfacet
  facet normal 0.195113 0 0.980781
    outer loop
      vertex -20.2847 -78.3 6.43748
      vertex -20.1436 -81.2 6.40941
      vertex -20.1436 -78.3 6.40941
    endloop
  endfacet
  facet normal 0.195113 0 0.980781
    outer loop
      vertex -20.1436 -81.2 6.40941
      vertex -20.2847 -78.3 6.43748
      vertex -20.2847 -81.2 6.43748
    endloop
  endfacet
  facet normal -0.555694 0 0.831387
    outer loop
      vertex -19.45 -78.3 6.54737
      vertex -19.3304 -81.2 6.62731
      vertex -19.3304 -78.3 6.62731
    endloop
  endfacet
  facet normal -0.555694 0 0.831387
    outer loop
      vertex -19.3304 -81.2 6.62731
      vertex -19.45 -78.3 6.54737
      vertex -19.45 -81.2 6.54737
    endloop
  endfacet
  facet normal -0.442424 0 0.896806
    outer loop
      vertex -19.579 -78.3 6.48373
      vertex -19.45 -81.2 6.54737
      vertex -19.45 -78.3 6.54737
    endloop
  endfacet
  facet normal -0.442424 0 0.896806
    outer loop
      vertex -19.45 -81.2 6.54737
      vertex -19.579 -78.3 6.48373
      vertex -19.579 -81.2 6.48373
    endloop
  endfacet
  facet normal 0.065389 0 0.99786
    outer loop
      vertex -20.1436 -78.3 6.40941
      vertex -20 -81.2 6.4
      vertex -20 -78.3 6.4
    endloop
  endfacet
  facet normal 0.065389 0 0.99786
    outer loop
      vertex -20 -81.2 6.4
      vertex -20.1436 -78.3 6.40941
      vertex -20.1436 -81.2 6.40941
    endloop
  endfacet
  facet normal -0.065389 0 -0.99786
    outer loop
      vertex -20 -81.2 8.6
      vertex -19.8564 -78.3 8.59059
      vertex -19.8564 -81.2 8.59059
    endloop
  endfacet
  facet normal -0.065389 0 -0.99786
    outer loop
      vertex -19.8564 -78.3 8.59059
      vertex -20 -81.2 8.6
      vertex -20 -78.3 8.6
    endloop
  endfacet
  facet normal 0.896708 0 -0.442622
    outer loop
      vertex -20.9526 -81.2 8.05
      vertex -21.0163 -78.3 7.92095
      vertex -20.9526 -78.3 8.05
    endloop
  endfacet
  facet normal 0.896708 0 -0.442622
    outer loop
      vertex -21.0163 -78.3 7.92095
      vertex -20.9526 -81.2 8.05
      vertex -21.0163 -81.2 7.92095
    endloop
  endfacet
  facet normal -0.896708 0 0.442622
    outer loop
      vertex -19.0474 -81.2 6.95
      vertex -18.9837 -78.3 7.07905
      vertex -19.0474 -78.3 6.95
    endloop
  endfacet
  facet normal -0.896708 0 0.442622
    outer loop
      vertex -18.9837 -78.3 7.07905
      vertex -19.0474 -81.2 6.95
      vertex -18.9837 -81.2 7.07905
    endloop
  endfacet
  facet normal -0.195113 0 -0.980781
    outer loop
      vertex -19.8564 -81.2 8.59059
      vertex -19.7153 -78.3 8.56252
      vertex -19.7153 -81.2 8.56252
    endloop
  endfacet
  facet normal -0.195113 0 -0.980781
    outer loop
      vertex -19.7153 -78.3 8.56252
      vertex -19.8564 -81.2 8.59059
      vertex -19.8564 -78.3 8.59059
    endloop
  endfacet
  facet normal 0.751741 -0 0.659458
    outer loop
      vertex -20.8727 -81.2 6.83036
      vertex -20.7778 -78.3 6.72218
      vertex -20.8727 -78.3 6.83036
    endloop
  endfacet
  facet normal 0.751741 0 0.659458
    outer loop
      vertex -20.7778 -78.3 6.72218
      vertex -20.8727 -81.2 6.83036
      vertex -20.7778 -81.2 6.72218
    endloop
  endfacet
  facet normal -0.065389 0 0.99786
    outer loop
      vertex -20 -78.3 6.4
      vertex -19.8564 -81.2 6.40941
      vertex -19.8564 -78.3 6.40941
    endloop
  endfacet
  facet normal -0.065389 0 0.99786
    outer loop
      vertex -19.8564 -81.2 6.40941
      vertex -20 -78.3 6.4
      vertex -20 -81.2 6.4
    endloop
  endfacet
  facet normal -0.947037 0 0.321124
    outer loop
      vertex -18.9837 -81.2 7.07905
      vertex -18.9375 -78.3 7.2153
      vertex -18.9837 -78.3 7.07905
    endloop
  endfacet
  facet normal -0.947037 0 0.321124
    outer loop
      vertex -18.9375 -78.3 7.2153
      vertex -18.9837 -81.2 7.07905
      vertex -18.9375 -81.2 7.2153
    endloop
  endfacet
  facet normal -0.555694 0 -0.831387
    outer loop
      vertex -19.45 -81.2 8.45263
      vertex -19.3304 -78.3 8.37269
      vertex -19.3304 -81.2 8.37269
    endloop
  endfacet
  facet normal -0.555694 0 -0.831387
    outer loop
      vertex -19.3304 -78.3 8.37269
      vertex -19.45 -81.2 8.45263
      vertex -19.45 -78.3 8.45263
    endloop
  endfacet
  facet normal -0.947037 0 -0.321124
    outer loop
      vertex -18.9375 -81.2 7.7847
      vertex -18.9837 -78.3 7.92095
      vertex -18.9375 -78.3 7.7847
    endloop
  endfacet
  facet normal -0.947037 -0 -0.321124
    outer loop
      vertex -18.9837 -78.3 7.92095
      vertex -18.9375 -81.2 7.7847
      vertex -18.9837 -81.2 7.92095
    endloop
  endfacet
  facet normal 0.997864 -0 0.0653289
    outer loop
      vertex -21.1 -81.2 7.5
      vertex -21.0906 -78.3 7.35642
      vertex -21.1 -78.3 7.5
    endloop
  endfacet
  facet normal 0.997864 0 0.0653289
    outer loop
      vertex -21.0906 -78.3 7.35642
      vertex -21.1 -81.2 7.5
      vertex -21.0906 -81.2 7.35642
    endloop
  endfacet
  facet normal 0.32133 0 -0.946967
    outer loop
      vertex -20.421 -81.2 8.51627
      vertex -20.2847 -78.3 8.56252
      vertex -20.2847 -81.2 8.56252
    endloop
  endfacet
  facet normal 0.32133 0 -0.946967
    outer loop
      vertex -20.2847 -78.3 8.56252
      vertex -20.421 -81.2 8.51627
      vertex -20.421 -78.3 8.51627
    endloop
  endfacet
  facet normal 0.442424 0 0.896806
    outer loop
      vertex -20.55 -78.3 6.54737
      vertex -20.421 -81.2 6.48373
      vertex -20.421 -78.3 6.48373
    endloop
  endfacet
  facet normal 0.442424 0 0.896806
    outer loop
      vertex -20.421 -81.2 6.48373
      vertex -20.55 -78.3 6.54737
      vertex -20.55 -81.2 6.54737
    endloop
  endfacet
  facet normal -0.442424 0 -0.896806
    outer loop
      vertex -19.579 -81.2 8.51627
      vertex -19.45 -78.3 8.45263
      vertex -19.45 -81.2 8.45263
    endloop
  endfacet
  facet normal -0.442424 0 -0.896806
    outer loop
      vertex -19.45 -78.3 8.45263
      vertex -19.579 -81.2 8.51627
      vertex -19.579 -78.3 8.51627
    endloop
  endfacet
  facet normal 0.442424 0 -0.896806
    outer loop
      vertex -20.55 -81.2 8.45263
      vertex -20.421 -78.3 8.51627
      vertex -20.421 -81.2 8.51627
    endloop
  endfacet
  facet normal 0.442424 0 -0.896806
    outer loop
      vertex -20.421 -78.3 8.51627
      vertex -20.55 -81.2 8.45263
      vertex -20.55 -78.3 8.45263
    endloop
  endfacet
  facet normal 0.555694 0 0.831387
    outer loop
      vertex -20.6696 -78.3 6.62731
      vertex -20.55 -81.2 6.54737
      vertex -20.55 -78.3 6.54737
    endloop
  endfacet
  facet normal 0.555694 0 0.831387
    outer loop
      vertex -20.55 -81.2 6.54737
      vertex -20.6696 -78.3 6.62731
      vertex -20.6696 -81.2 6.62731
    endloop
  endfacet
  facet normal 0.831601 -0 0.555374
    outer loop
      vertex -20.9526 -81.2 6.95
      vertex -20.8727 -78.3 6.83036
      vertex -20.9526 -78.3 6.95
    endloop
  endfacet
  facet normal 0.831601 0 0.555374
    outer loop
      vertex -20.8727 -78.3 6.83036
      vertex -20.9526 -81.2 6.95
      vertex -20.8727 -81.2 6.83036
    endloop
  endfacet
  facet normal 0.555694 0 -0.831387
    outer loop
      vertex -20.6696 -81.2 8.37269
      vertex -20.55 -78.3 8.45263
      vertex -20.55 -81.2 8.45263
    endloop
  endfacet
  facet normal 0.555694 0 -0.831387
    outer loop
      vertex -20.55 -78.3 8.45263
      vertex -20.6696 -81.2 8.37269
      vertex -20.6696 -78.3 8.37269
    endloop
  endfacet
  facet normal -0.980741 0 0.195314
    outer loop
      vertex -18.9375 -81.2 30.2153
      vertex -18.9094 -78.3 30.3564
      vertex -18.9375 -78.3 30.2153
    endloop
  endfacet
  facet normal -0.980741 0 0.195314
    outer loop
      vertex -18.9094 -78.3 30.3564
      vertex -18.9375 -81.2 30.2153
      vertex -18.9094 -81.2 30.3564
    endloop
  endfacet
  facet normal -0.997864 0 0.0653198
    outer loop
      vertex -18.9094 -81.2 30.3564
      vertex -18.9 -78.3 30.5
      vertex -18.9094 -78.3 30.3564
    endloop
  endfacet
  facet normal -0.997864 0 0.0653198
    outer loop
      vertex -18.9 -78.3 30.5
      vertex -18.9094 -81.2 30.3564
      vertex -18.9 -81.2 30.5
    endloop
  endfacet
  facet normal -0.321018 0 0.947073
    outer loop
      vertex -19.7153 -78.3 29.4375
      vertex -19.579 -81.2 29.4837
      vertex -19.579 -78.3 29.4837
    endloop
  endfacet
  facet normal -0.321018 0 0.947073
    outer loop
      vertex -19.579 -81.2 29.4837
      vertex -19.7153 -78.3 29.4375
      vertex -19.7153 -81.2 29.4375
    endloop
  endfacet
  facet normal 0.195314 0 -0.980741
    outer loop
      vertex -20.2847 -81.2 31.5625
      vertex -20.1436 -78.3 31.5906
      vertex -20.1436 -81.2 31.5906
    endloop
  endfacet
  facet normal 0.195314 0 -0.980741
    outer loop
      vertex -20.1436 -78.3 31.5906
      vertex -20.2847 -81.2 31.5625
      vertex -20.2847 -78.3 31.5625
    endloop
  endfacet
  facet normal 0.65939 0 -0.751801
    outer loop
      vertex -20.7778 -81.2 31.2778
      vertex -20.6696 -78.3 31.3727
      vertex -20.6696 -81.2 31.3727
    endloop
  endfacet
  facet normal 0.65939 0 -0.751801
    outer loop
      vertex -20.6696 -78.3 31.3727
      vertex -20.7778 -81.2 31.2778
      vertex -20.7778 -78.3 31.2778
    endloop
  endfacet
  facet normal -0.751801 0 -0.65939
    outer loop
      vertex -19.1273 -81.2 31.1696
      vertex -19.2222 -78.3 31.2778
      vertex -19.1273 -78.3 31.1696
    endloop
  endfacet
  facet normal -0.751801 -0 -0.65939
    outer loop
      vertex -19.2222 -78.3 31.2778
      vertex -19.1273 -81.2 31.1696
      vertex -19.2222 -81.2 31.2778
    endloop
  endfacet
  facet normal 0.947073 -0 0.321018
    outer loop
      vertex -21.0625 -81.2 30.2153
      vertex -21.0163 -78.3 30.079
      vertex -21.0625 -78.3 30.2153
    endloop
  endfacet
  facet normal 0.947073 0 0.321018
    outer loop
      vertex -21.0163 -78.3 30.079
      vertex -21.0625 -81.2 30.2153
      vertex -21.0163 -81.2 30.079
    endloop
  endfacet
  facet normal -0.321018 0 -0.947073
    outer loop
      vertex -19.7153 -81.2 31.5625
      vertex -19.579 -78.3 31.5163
      vertex -19.579 -81.2 31.5163
    endloop
  endfacet
  facet normal -0.321018 0 -0.947073
    outer loop
      vertex -19.579 -78.3 31.5163
      vertex -19.7153 -81.2 31.5625
      vertex -19.7153 -78.3 31.5625
    endloop
  endfacet
  facet normal 0.321018 0 0.947073
    outer loop
      vertex -20.421 -78.3 29.4837
      vertex -20.2847 -81.2 29.4375
      vertex -20.2847 -78.3 29.4375
    endloop
  endfacet
  facet normal 0.321018 0 0.947073
    outer loop
      vertex -20.2847 -81.2 29.4375
      vertex -20.421 -78.3 29.4837
      vertex -20.421 -81.2 29.4837
    endloop
  endfacet
  facet normal -0.65939 0 0.751801
    outer loop
      vertex -19.3304 -78.3 29.6273
      vertex -19.2222 -81.2 29.7222
      vertex -19.2222 -78.3 29.7222
    endloop
  endfacet
  facet normal -0.65939 0 0.751801
    outer loop
      vertex -19.2222 -81.2 29.7222
      vertex -19.3304 -78.3 29.6273
      vertex -19.3304 -81.2 29.6273
    endloop
  endfacet
  facet normal 0.997864 0 -0.0653198
    outer loop
      vertex -21.0906 -81.2 30.6436
      vertex -21.1 -78.3 30.5
      vertex -21.0906 -78.3 30.6436
    endloop
  endfacet
  facet normal 0.997864 0 -0.0653198
    outer loop
      vertex -21.1 -78.3 30.5
      vertex -21.0906 -81.2 30.6436
      vertex -21.1 -81.2 30.5
    endloop
  endfacet
  facet normal 0.0653198 0 -0.997864
    outer loop
      vertex -20.1436 -81.2 31.5906
      vertex -20 -78.3 31.6
      vertex -20 -81.2 31.6
    endloop
  endfacet
  facet normal 0.0653198 0 -0.997864
    outer loop
      vertex -20 -78.3 31.6
      vertex -20.1436 -81.2 31.5906
      vertex -20.1436 -78.3 31.5906
    endloop
  endfacet
  facet normal -0.980741 0 -0.195314
    outer loop
      vertex -18.9094 -81.2 30.6436
      vertex -18.9375 -78.3 30.7847
      vertex -18.9094 -78.3 30.6436
    endloop
  endfacet
  facet normal -0.980741 -0 -0.195314
    outer loop
      vertex -18.9375 -78.3 30.7847
      vertex -18.9094 -81.2 30.6436
      vertex -18.9375 -81.2 30.7847
    endloop
  endfacet
  facet normal -0.751801 0 0.65939
    outer loop
      vertex -19.2222 -81.2 29.7222
      vertex -19.1273 -78.3 29.8304
      vertex -19.2222 -78.3 29.7222
    endloop
  endfacet
  facet normal -0.751801 0 0.65939
    outer loop
      vertex -19.1273 -78.3 29.8304
      vertex -19.2222 -81.2 29.7222
      vertex -19.1273 -81.2 29.8304
    endloop
  endfacet
  facet normal 0.980741 -0 0.195314
    outer loop
      vertex -21.0906 -81.2 30.3564
      vertex -21.0625 -78.3 30.2153
      vertex -21.0906 -78.3 30.3564
    endloop
  endfacet
  facet normal 0.980741 0 0.195314
    outer loop
      vertex -21.0625 -78.3 30.2153
      vertex -21.0906 -81.2 30.3564
      vertex -21.0625 -81.2 30.2153
    endloop
  endfacet
  facet normal -0.89664 0 -0.44276
    outer loop
      vertex -18.9837 -81.2 30.921
      vertex -19.0474 -78.3 31.05
      vertex -18.9837 -78.3 30.921
    endloop
  endfacet
  facet normal -0.89664 -0 -0.44276
    outer loop
      vertex -19.0474 -78.3 31.05
      vertex -18.9837 -81.2 30.921
      vertex -19.0474 -81.2 31.05
    endloop
  endfacet
  facet normal 0.947073 0 -0.321018
    outer loop
      vertex -21.0163 -81.2 30.921
      vertex -21.0625 -78.3 30.7847
      vertex -21.0163 -78.3 30.921
    endloop
  endfacet
  facet normal 0.947073 0 -0.321018
    outer loop
      vertex -21.0625 -78.3 30.7847
      vertex -21.0163 -81.2 30.921
      vertex -21.0625 -81.2 30.7847
    endloop
  endfacet
  facet normal 0.980741 0 -0.195314
    outer loop
      vertex -21.0625 -81.2 30.7847
      vertex -21.0906 -78.3 30.6436
      vertex -21.0625 -78.3 30.7847
    endloop
  endfacet
  facet normal 0.980741 0 -0.195314
    outer loop
      vertex -21.0906 -78.3 30.6436
      vertex -21.0625 -81.2 30.7847
      vertex -21.0906 -81.2 30.6436
    endloop
  endfacet
  facet normal -0.195314 0 0.980741
    outer loop
      vertex -19.8564 -78.3 29.4094
      vertex -19.7153 -81.2 29.4375
      vertex -19.7153 -78.3 29.4375
    endloop
  endfacet
  facet normal -0.195314 0 0.980741
    outer loop
      vertex -19.7153 -81.2 29.4375
      vertex -19.8564 -78.3 29.4094
      vertex -19.8564 -81.2 29.4094
    endloop
  endfacet
  facet normal 0.751801 0 -0.65939
    outer loop
      vertex -20.7778 -81.2 31.2778
      vertex -20.8727 -78.3 31.1696
      vertex -20.7778 -78.3 31.2778
    endloop
  endfacet
  facet normal 0.751801 0 -0.65939
    outer loop
      vertex -20.8727 -78.3 31.1696
      vertex -20.7778 -81.2 31.2778
      vertex -20.8727 -81.2 31.1696
    endloop
  endfacet
  facet normal 0.65939 0 0.751801
    outer loop
      vertex -20.7778 -78.3 29.7222
      vertex -20.6696 -81.2 29.6273
      vertex -20.6696 -78.3 29.6273
    endloop
  endfacet
  facet normal 0.65939 0 0.751801
    outer loop
      vertex -20.6696 -81.2 29.6273
      vertex -20.7778 -78.3 29.7222
      vertex -20.7778 -81.2 29.7222
    endloop
  endfacet
  facet normal 0.89664 -0 0.44276
    outer loop
      vertex -21.0163 -81.2 30.079
      vertex -20.9526 -78.3 29.95
      vertex -21.0163 -78.3 30.079
    endloop
  endfacet
  facet normal 0.89664 0 0.44276
    outer loop
      vertex -20.9526 -78.3 29.95
      vertex -21.0163 -81.2 30.079
      vertex -20.9526 -81.2 29.95
    endloop
  endfacet
  facet normal -0.831515 0 -0.555502
    outer loop
      vertex -19.0474 -81.2 31.05
      vertex -19.1273 -78.3 31.1696
      vertex -19.0474 -78.3 31.05
    endloop
  endfacet
  facet normal -0.831515 -0 -0.555502
    outer loop
      vertex -19.1273 -78.3 31.1696
      vertex -19.0474 -81.2 31.05
      vertex -19.1273 -81.2 31.1696
    endloop
  endfacet
  facet normal -0.831515 0 0.555502
    outer loop
      vertex -19.1273 -81.2 29.8304
      vertex -19.0474 -78.3 29.95
      vertex -19.1273 -78.3 29.8304
    endloop
  endfacet
  facet normal -0.831515 0 0.555502
    outer loop
      vertex -19.0474 -78.3 29.95
      vertex -19.1273 -81.2 29.8304
      vertex -19.0474 -81.2 29.95
    endloop
  endfacet
  facet normal -0.65939 0 -0.751801
    outer loop
      vertex -19.3304 -81.2 31.3727
      vertex -19.2222 -78.3 31.2778
      vertex -19.2222 -81.2 31.2778
    endloop
  endfacet
  facet normal -0.65939 0 -0.751801
    outer loop
      vertex -19.2222 -78.3 31.2778
      vertex -19.3304 -81.2 31.3727
      vertex -19.3304 -78.3 31.3727
    endloop
  endfacet
  facet normal 0.831515 0 -0.555502
    outer loop
      vertex -20.8727 -81.2 31.1696
      vertex -20.9526 -78.3 31.05
      vertex -20.8727 -78.3 31.1696
    endloop
  endfacet
  facet normal 0.831515 0 -0.555502
    outer loop
      vertex -20.9526 -78.3 31.05
      vertex -20.8727 -81.2 31.1696
      vertex -20.9526 -81.2 31.05
    endloop
  endfacet
  facet normal -0.997864 0 -0.0653198
    outer loop
      vertex -18.9 -81.2 30.5
      vertex -18.9094 -78.3 30.6436
      vertex -18.9 -78.3 30.5
    endloop
  endfacet
  facet normal -0.997864 -0 -0.0653198
    outer loop
      vertex -18.9094 -78.3 30.6436
      vertex -18.9 -81.2 30.5
      vertex -18.9094 -81.2 30.6436
    endloop
  endfacet
  facet normal 0.195314 0 0.980741
    outer loop
      vertex -20.2847 -78.3 29.4375
      vertex -20.1436 -81.2 29.4094
      vertex -20.1436 -78.3 29.4094
    endloop
  endfacet
  facet normal 0.195314 0 0.980741
    outer loop
      vertex -20.1436 -81.2 29.4094
      vertex -20.2847 -78.3 29.4375
      vertex -20.2847 -81.2 29.4375
    endloop
  endfacet
  facet normal -0.555502 0 0.831515
    outer loop
      vertex -19.45 -78.3 29.5474
      vertex -19.3304 -81.2 29.6273
      vertex -19.3304 -78.3 29.6273
    endloop
  endfacet
  facet normal -0.555502 0 0.831515
    outer loop
      vertex -19.3304 -81.2 29.6273
      vertex -19.45 -78.3 29.5474
      vertex -19.45 -81.2 29.5474
    endloop
  endfacet
  facet normal -0.44276 0 0.89664
    outer loop
      vertex -19.579 -78.3 29.4837
      vertex -19.45 -81.2 29.5474
      vertex -19.45 -78.3 29.5474
    endloop
  endfacet
  facet normal -0.44276 0 0.89664
    outer loop
      vertex -19.45 -81.2 29.5474
      vertex -19.579 -78.3 29.4837
      vertex -19.579 -81.2 29.4837
    endloop
  endfacet
  facet normal 0.0653198 0 0.997864
    outer loop
      vertex -20.1436 -78.3 29.4094
      vertex -20 -81.2 29.4
      vertex -20 -78.3 29.4
    endloop
  endfacet
  facet normal 0.0653198 0 0.997864
    outer loop
      vertex -20 -81.2 29.4
      vertex -20.1436 -78.3 29.4094
      vertex -20.1436 -81.2 29.4094
    endloop
  endfacet
  facet normal -0.0653198 0 -0.997864
    outer loop
      vertex -20 -81.2 31.6
      vertex -19.8564 -78.3 31.5906
      vertex -19.8564 -81.2 31.5906
    endloop
  endfacet
  facet normal -0.0653198 0 -0.997864
    outer loop
      vertex -19.8564 -78.3 31.5906
      vertex -20 -81.2 31.6
      vertex -20 -78.3 31.6
    endloop
  endfacet
  facet normal 0.89664 0 -0.44276
    outer loop
      vertex -20.9526 -81.2 31.05
      vertex -21.0163 -78.3 30.921
      vertex -20.9526 -78.3 31.05
    endloop
  endfacet
  facet normal 0.89664 0 -0.44276
    outer loop
      vertex -21.0163 -78.3 30.921
      vertex -20.9526 -81.2 31.05
      vertex -21.0163 -81.2 30.921
    endloop
  endfacet
  facet normal -0.89664 0 0.44276
    outer loop
      vertex -19.0474 -81.2 29.95
      vertex -18.9837 -78.3 30.079
      vertex -19.0474 -78.3 29.95
    endloop
  endfacet
  facet normal -0.89664 0 0.44276
    outer loop
      vertex -18.9837 -78.3 30.079
      vertex -19.0474 -81.2 29.95
      vertex -18.9837 -81.2 30.079
    endloop
  endfacet
  facet normal -0.195314 0 -0.980741
    outer loop
      vertex -19.8564 -81.2 31.5906
      vertex -19.7153 -78.3 31.5625
      vertex -19.7153 -81.2 31.5625
    endloop
  endfacet
  facet normal -0.195314 0 -0.980741
    outer loop
      vertex -19.7153 -78.3 31.5625
      vertex -19.8564 -81.2 31.5906
      vertex -19.8564 -78.3 31.5906
    endloop
  endfacet
  facet normal 0.751801 -0 0.65939
    outer loop
      vertex -20.8727 -81.2 29.8304
      vertex -20.7778 -78.3 29.7222
      vertex -20.8727 -78.3 29.8304
    endloop
  endfacet
  facet normal 0.751801 0 0.65939
    outer loop
      vertex -20.7778 -78.3 29.7222
      vertex -20.8727 -81.2 29.8304
      vertex -20.7778 -81.2 29.7222
    endloop
  endfacet
  facet normal -0.0653198 0 0.997864
    outer loop
      vertex -20 -78.3 29.4
      vertex -19.8564 -81.2 29.4094
      vertex -19.8564 -78.3 29.4094
    endloop
  endfacet
  facet normal -0.0653198 0 0.997864
    outer loop
      vertex -19.8564 -81.2 29.4094
      vertex -20 -78.3 29.4
      vertex -20 -81.2 29.4
    endloop
  endfacet
  facet normal -0.947073 0 0.321018
    outer loop
      vertex -18.9837 -81.2 30.079
      vertex -18.9375 -78.3 30.2153
      vertex -18.9837 -78.3 30.079
    endloop
  endfacet
  facet normal -0.947073 0 0.321018
    outer loop
      vertex -18.9375 -78.3 30.2153
      vertex -18.9837 -81.2 30.079
      vertex -18.9375 -81.2 30.2153
    endloop
  endfacet
  facet normal -0.555502 0 -0.831515
    outer loop
      vertex -19.45 -81.2 31.4526
      vertex -19.3304 -78.3 31.3727
      vertex -19.3304 -81.2 31.3727
    endloop
  endfacet
  facet normal -0.555502 0 -0.831515
    outer loop
      vertex -19.3304 -78.3 31.3727
      vertex -19.45 -81.2 31.4526
      vertex -19.45 -78.3 31.4526
    endloop
  endfacet
  facet normal -0.947073 0 -0.321018
    outer loop
      vertex -18.9375 -81.2 30.7847
      vertex -18.9837 -78.3 30.921
      vertex -18.9375 -78.3 30.7847
    endloop
  endfacet
  facet normal -0.947073 -0 -0.321018
    outer loop
      vertex -18.9837 -78.3 30.921
      vertex -18.9375 -81.2 30.7847
      vertex -18.9837 -81.2 30.921
    endloop
  endfacet
  facet normal 0.997864 -0 0.0653198
    outer loop
      vertex -21.1 -81.2 30.5
      vertex -21.0906 -78.3 30.3564
      vertex -21.1 -78.3 30.5
    endloop
  endfacet
  facet normal 0.997864 0 0.0653198
    outer loop
      vertex -21.0906 -78.3 30.3564
      vertex -21.1 -81.2 30.5
      vertex -21.0906 -81.2 30.3564
    endloop
  endfacet
  facet normal 0.321018 0 -0.947073
    outer loop
      vertex -20.421 -81.2 31.5163
      vertex -20.2847 -78.3 31.5625
      vertex -20.2847 -81.2 31.5625
    endloop
  endfacet
  facet normal 0.321018 0 -0.947073
    outer loop
      vertex -20.2847 -78.3 31.5625
      vertex -20.421 -81.2 31.5163
      vertex -20.421 -78.3 31.5163
    endloop
  endfacet
  facet normal 0.44276 0 0.89664
    outer loop
      vertex -20.55 -78.3 29.5474
      vertex -20.421 -81.2 29.4837
      vertex -20.421 -78.3 29.4837
    endloop
  endfacet
  facet normal 0.44276 0 0.89664
    outer loop
      vertex -20.421 -81.2 29.4837
      vertex -20.55 -78.3 29.5474
      vertex -20.55 -81.2 29.5474
    endloop
  endfacet
  facet normal -0.44276 0 -0.89664
    outer loop
      vertex -19.579 -81.2 31.5163
      vertex -19.45 -78.3 31.4526
      vertex -19.45 -81.2 31.4526
    endloop
  endfacet
  facet normal -0.44276 0 -0.89664
    outer loop
      vertex -19.45 -78.3 31.4526
      vertex -19.579 -81.2 31.5163
      vertex -19.579 -78.3 31.5163
    endloop
  endfacet
  facet normal 0.44276 0 -0.89664
    outer loop
      vertex -20.55 -81.2 31.4526
      vertex -20.421 -78.3 31.5163
      vertex -20.421 -81.2 31.5163
    endloop
  endfacet
  facet normal 0.44276 0 -0.89664
    outer loop
      vertex -20.421 -78.3 31.5163
      vertex -20.55 -81.2 31.4526
      vertex -20.55 -78.3 31.4526
    endloop
  endfacet
  facet normal 0.555502 0 0.831515
    outer loop
      vertex -20.6696 -78.3 29.6273
      vertex -20.55 -81.2 29.5474
      vertex -20.55 -78.3 29.5474
    endloop
  endfacet
  facet normal 0.555502 0 0.831515
    outer loop
      vertex -20.55 -81.2 29.5474
      vertex -20.6696 -78.3 29.6273
      vertex -20.6696 -81.2 29.6273
    endloop
  endfacet
  facet normal 0.831515 -0 0.555502
    outer loop
      vertex -20.9526 -81.2 29.95
      vertex -20.8727 -78.3 29.8304
      vertex -20.9526 -78.3 29.95
    endloop
  endfacet
  facet normal 0.831515 0 0.555502
    outer loop
      vertex -20.8727 -78.3 29.8304
      vertex -20.9526 -81.2 29.95
      vertex -20.8727 -81.2 29.8304
    endloop
  endfacet
  facet normal 0.555502 0 -0.831515
    outer loop
      vertex -20.6696 -81.2 31.3727
      vertex -20.55 -78.3 31.4526
      vertex -20.55 -81.2 31.4526
    endloop
  endfacet
  facet normal 0.555502 0 -0.831515
    outer loop
      vertex -20.55 -78.3 31.4526
      vertex -20.6696 -81.2 31.3727
      vertex -20.6696 -78.3 31.3727
    endloop
  endfacet
  facet normal -0.980786 0 0.195087
    outer loop
      vertex 4.06252 -81.2 7.2153
      vertex 4.09059 -78.3 7.35642
      vertex 4.06252 -78.3 7.2153
    endloop
  endfacet
  facet normal -0.980786 0 0.195087
    outer loop
      vertex 4.09059 -78.3 7.35642
      vertex 4.06252 -81.2 7.2153
      vertex 4.09059 -81.2 7.35642
    endloop
  endfacet
  facet normal -0.997859 0 0.0653981
    outer loop
      vertex 4.09059 -81.2 7.35642
      vertex 4.1 -78.3 7.5
      vertex 4.09059 -78.3 7.35642
    endloop
  endfacet
  facet normal -0.997859 0 0.0653981
    outer loop
      vertex 4.1 -78.3 7.5
      vertex 4.09059 -81.2 7.35642
      vertex 4.1 -81.2 7.5
    endloop
  endfacet
  facet normal -0.321435 0 0.946931
    outer loop
      vertex 3.2847 -78.3 6.43748
      vertex 3.42095 -81.2 6.48373
      vertex 3.42095 -78.3 6.48373
    endloop
  endfacet
  facet normal -0.321435 0 0.946931
    outer loop
      vertex 3.42095 -81.2 6.48373
      vertex 3.2847 -78.3 6.43748
      vertex 3.2847 -81.2 6.43748
    endloop
  endfacet
  facet normal -0.555566 0 -0.831472
    outer loop
      vertex 3.55 -81.2 8.45263
      vertex 3.66964 -78.3 8.37269
      vertex 3.66964 -81.2 8.37269
    endloop
  endfacet
  facet normal -0.555566 0 -0.831472
    outer loop
      vertex 3.66964 -78.3 8.37269
      vertex 3.55 -81.2 8.45263
      vertex 3.55 -78.3 8.45263
    endloop
  endfacet
  facet normal -0.659341 0 0.751844
    outer loop
      vertex 3.66964 -78.3 6.62731
      vertex 3.77782 -81.2 6.72218
      vertex 3.77782 -78.3 6.72218
    endloop
  endfacet
  facet normal -0.659341 0 0.751844
    outer loop
      vertex 3.77782 -81.2 6.72218
      vertex 3.66964 -78.3 6.62731
      vertex 3.66964 -81.2 6.62731
    endloop
  endfacet
  facet normal 0.195087 0 -0.980786
    outer loop
      vertex 2.7153 -81.2 8.56252
      vertex 2.85642 -78.3 8.59059
      vertex 2.85642 -81.2 8.59059
    endloop
  endfacet
  facet normal 0.195087 0 -0.980786
    outer loop
      vertex 2.85642 -78.3 8.59059
      vertex 2.7153 -81.2 8.56252
      vertex 2.7153 -78.3 8.56252
    endloop
  endfacet
  facet normal -0.751844 0 -0.659341
    outer loop
      vertex 3.87269 -81.2 8.16964
      vertex 3.77782 -78.3 8.27782
      vertex 3.87269 -78.3 8.16964
    endloop
  endfacet
  facet normal -0.751844 -0 -0.659341
    outer loop
      vertex 3.77782 -78.3 8.27782
      vertex 3.87269 -81.2 8.16964
      vertex 3.77782 -81.2 8.27782
    endloop
  endfacet
  facet normal 0.946931 -0 0.321435
    outer loop
      vertex 1.93748 -81.2 7.2153
      vertex 1.98373 -78.3 7.07905
      vertex 1.93748 -78.3 7.2153
    endloop
  endfacet
  facet normal 0.946931 0 0.321435
    outer loop
      vertex 1.98373 -78.3 7.07905
      vertex 1.93748 -81.2 7.2153
      vertex 1.98373 -81.2 7.07905
    endloop
  endfacet
  facet normal -0.0653981 0 0.997859
    outer loop
      vertex 3 -78.3 6.4
      vertex 3.14358 -81.2 6.40941
      vertex 3.14358 -78.3 6.40941
    endloop
  endfacet
  facet normal -0.0653981 0 0.997859
    outer loop
      vertex 3.14358 -81.2 6.40941
      vertex 3 -78.3 6.4
      vertex 3 -81.2 6.4
    endloop
  endfacet
  facet normal 0.321435 0 0.946931
    outer loop
      vertex 2.57905 -78.3 6.48373
      vertex 2.7153 -81.2 6.43748
      vertex 2.7153 -78.3 6.43748
    endloop
  endfacet
  facet normal 0.321435 0 0.946931
    outer loop
      vertex 2.7153 -81.2 6.43748
      vertex 2.57905 -78.3 6.48373
      vertex 2.57905 -81.2 6.48373
    endloop
  endfacet
  facet normal 0.997859 0 -0.0653981
    outer loop
      vertex 1.90941 -81.2 7.64358
      vertex 1.9 -78.3 7.5
      vertex 1.90941 -78.3 7.64358
    endloop
  endfacet
  facet normal 0.997859 0 -0.0653981
    outer loop
      vertex 1.9 -78.3 7.5
      vertex 1.90941 -81.2 7.64358
      vertex 1.9 -81.2 7.5
    endloop
  endfacet
  facet normal 0.0653981 0 -0.997859
    outer loop
      vertex 2.85642 -81.2 8.59059
      vertex 3 -78.3 8.6
      vertex 3 -81.2 8.6
    endloop
  endfacet
  facet normal 0.0653981 0 -0.997859
    outer loop
      vertex 3 -78.3 8.6
      vertex 2.85642 -81.2 8.59059
      vertex 2.85642 -78.3 8.59059
    endloop
  endfacet
  facet normal -0.997859 0 -0.0653981
    outer loop
      vertex 4.1 -81.2 7.5
      vertex 4.09059 -78.3 7.64358
      vertex 4.1 -78.3 7.5
    endloop
  endfacet
  facet normal -0.997859 -0 -0.0653981
    outer loop
      vertex 4.09059 -78.3 7.64358
      vertex 4.1 -81.2 7.5
      vertex 4.09059 -81.2 7.64358
    endloop
  endfacet
  facet normal -0.751844 0 0.659341
    outer loop
      vertex 3.77782 -81.2 6.72218
      vertex 3.87269 -78.3 6.83036
      vertex 3.77782 -78.3 6.72218
    endloop
  endfacet
  facet normal -0.751844 0 0.659341
    outer loop
      vertex 3.87269 -78.3 6.83036
      vertex 3.77782 -81.2 6.72218
      vertex 3.87269 -81.2 6.83036
    endloop
  endfacet
  facet normal 0.946931 0 -0.321435
    outer loop
      vertex 1.98373 -81.2 7.92095
      vertex 1.93748 -78.3 7.7847
      vertex 1.98373 -78.3 7.92095
    endloop
  endfacet
  facet normal 0.946931 0 -0.321435
    outer loop
      vertex 1.93748 -78.3 7.7847
      vertex 1.98373 -81.2 7.92095
      vertex 1.93748 -81.2 7.7847
    endloop
  endfacet
  facet normal 0.980786 0 -0.195087
    outer loop
      vertex 1.93748 -81.2 7.7847
      vertex 1.90941 -78.3 7.64358
      vertex 1.93748 -78.3 7.7847
    endloop
  endfacet
  facet normal 0.980786 0 -0.195087
    outer loop
      vertex 1.90941 -78.3 7.64358
      vertex 1.93748 -81.2 7.7847
      vertex 1.90941 -81.2 7.64358
    endloop
  endfacet
  facet normal -0.195087 0 0.980786
    outer loop
      vertex 3.14358 -78.3 6.40941
      vertex 3.2847 -81.2 6.43748
      vertex 3.2847 -78.3 6.43748
    endloop
  endfacet
  facet normal -0.195087 0 0.980786
    outer loop
      vertex 3.2847 -81.2 6.43748
      vertex 3.14358 -78.3 6.40941
      vertex 3.14358 -81.2 6.40941
    endloop
  endfacet
  facet normal 0.751844 0 -0.659341
    outer loop
      vertex 2.22218 -81.2 8.27782
      vertex 2.12731 -78.3 8.16964
      vertex 2.22218 -78.3 8.27782
    endloop
  endfacet
  facet normal 0.751844 0 -0.659341
    outer loop
      vertex 2.12731 -78.3 8.16964
      vertex 2.22218 -81.2 8.27782
      vertex 2.12731 -81.2 8.16964
    endloop
  endfacet
  facet normal 0.659341 0 0.751844
    outer loop
      vertex 2.22218 -78.3 6.72218
      vertex 2.33036 -81.2 6.62731
      vertex 2.33036 -78.3 6.62731
    endloop
  endfacet
  facet normal 0.659341 0 0.751844
    outer loop
      vertex 2.33036 -81.2 6.62731
      vertex 2.22218 -78.3 6.72218
      vertex 2.22218 -81.2 6.72218
    endloop
  endfacet
  facet normal 0.896874 -0 0.442286
    outer loop
      vertex 1.98373 -81.2 7.07905
      vertex 2.04737 -78.3 6.95
      vertex 1.98373 -78.3 7.07905
    endloop
  endfacet
  facet normal 0.896874 0 0.442286
    outer loop
      vertex 2.04737 -78.3 6.95
      vertex 1.98373 -81.2 7.07905
      vertex 2.04737 -81.2 6.95
    endloop
  endfacet
  facet normal -0.831472 0 -0.555566
    outer loop
      vertex 3.95263 -81.2 8.05
      vertex 3.87269 -78.3 8.16964
      vertex 3.95263 -78.3 8.05
    endloop
  endfacet
  facet normal -0.831472 -0 -0.555566
    outer loop
      vertex 3.87269 -78.3 8.16964
      vertex 3.95263 -81.2 8.05
      vertex 3.87269 -81.2 8.16964
    endloop
  endfacet
  facet normal -0.831472 0 0.555566
    outer loop
      vertex 3.87269 -81.2 6.83036
      vertex 3.95263 -78.3 6.95
      vertex 3.87269 -78.3 6.83036
    endloop
  endfacet
  facet normal -0.831472 0 0.555566
    outer loop
      vertex 3.95263 -78.3 6.95
      vertex 3.87269 -81.2 6.83036
      vertex 3.95263 -81.2 6.95
    endloop
  endfacet
  facet normal 0.751844 -0 0.659341
    outer loop
      vertex 2.12731 -81.2 6.83036
      vertex 2.22218 -78.3 6.72218
      vertex 2.12731 -78.3 6.83036
    endloop
  endfacet
  facet normal 0.751844 0 0.659341
    outer loop
      vertex 2.22218 -78.3 6.72218
      vertex 2.12731 -81.2 6.83036
      vertex 2.22218 -81.2 6.72218
    endloop
  endfacet
  facet normal -0.659341 0 -0.751844
    outer loop
      vertex 3.66964 -81.2 8.37269
      vertex 3.77782 -78.3 8.27782
      vertex 3.77782 -81.2 8.27782
    endloop
  endfacet
  facet normal -0.659341 0 -0.751844
    outer loop
      vertex 3.77782 -78.3 8.27782
      vertex 3.66964 -81.2 8.37269
      vertex 3.66964 -78.3 8.37269
    endloop
  endfacet
  facet normal 0.831472 0 -0.555566
    outer loop
      vertex 2.12731 -81.2 8.16964
      vertex 2.04737 -78.3 8.05
      vertex 2.12731 -78.3 8.16964
    endloop
  endfacet
  facet normal 0.831472 0 -0.555566
    outer loop
      vertex 2.04737 -78.3 8.05
      vertex 2.12731 -81.2 8.16964
      vertex 2.04737 -81.2 8.05
    endloop
  endfacet
  facet normal 0.195087 0 0.980786
    outer loop
      vertex 2.7153 -78.3 6.43748
      vertex 2.85642 -81.2 6.40941
      vertex 2.85642 -78.3 6.40941
    endloop
  endfacet
  facet normal 0.195087 0 0.980786
    outer loop
      vertex 2.85642 -81.2 6.40941
      vertex 2.7153 -78.3 6.43748
      vertex 2.7153 -81.2 6.43748
    endloop
  endfacet
  facet normal -0.946931 0 -0.321435
    outer loop
      vertex 4.06252 -81.2 7.7847
      vertex 4.01627 -78.3 7.92095
      vertex 4.06252 -78.3 7.7847
    endloop
  endfacet
  facet normal -0.946931 -0 -0.321435
    outer loop
      vertex 4.01627 -78.3 7.92095
      vertex 4.06252 -81.2 7.7847
      vertex 4.01627 -81.2 7.92095
    endloop
  endfacet
  facet normal -0.442286 0 0.896874
    outer loop
      vertex 3.42095 -78.3 6.48373
      vertex 3.55 -81.2 6.54737
      vertex 3.55 -78.3 6.54737
    endloop
  endfacet
  facet normal -0.442286 0 0.896874
    outer loop
      vertex 3.55 -81.2 6.54737
      vertex 3.42095 -78.3 6.48373
      vertex 3.42095 -81.2 6.48373
    endloop
  endfacet
  facet normal 0.0653981 0 0.997859
    outer loop
      vertex 2.85642 -78.3 6.40941
      vertex 3 -81.2 6.4
      vertex 3 -78.3 6.4
    endloop
  endfacet
  facet normal 0.0653981 0 0.997859
    outer loop
      vertex 3 -81.2 6.4
      vertex 2.85642 -78.3 6.40941
      vertex 2.85642 -81.2 6.40941
    endloop
  endfacet
  facet normal -0.0653981 0 -0.997859
    outer loop
      vertex 3 -81.2 8.6
      vertex 3.14358 -78.3 8.59059
      vertex 3.14358 -81.2 8.59059
    endloop
  endfacet
  facet normal -0.0653981 0 -0.997859
    outer loop
      vertex 3.14358 -78.3 8.59059
      vertex 3 -81.2 8.6
      vertex 3 -78.3 8.6
    endloop
  endfacet
  facet normal -0.555566 0 0.831472
    outer loop
      vertex 3.55 -78.3 6.54737
      vertex 3.66964 -81.2 6.62731
      vertex 3.66964 -78.3 6.62731
    endloop
  endfacet
  facet normal -0.555566 0 0.831472
    outer loop
      vertex 3.66964 -81.2 6.62731
      vertex 3.55 -78.3 6.54737
      vertex 3.55 -81.2 6.54737
    endloop
  endfacet
  facet normal 0.896874 0 -0.442286
    outer loop
      vertex 2.04737 -81.2 8.05
      vertex 1.98373 -78.3 7.92095
      vertex 2.04737 -78.3 8.05
    endloop
  endfacet
  facet normal 0.896874 0 -0.442286
    outer loop
      vertex 1.98373 -78.3 7.92095
      vertex 2.04737 -81.2 8.05
      vertex 1.98373 -81.2 7.92095
    endloop
  endfacet
  facet normal 0.659341 0 -0.751844
    outer loop
      vertex 2.22218 -81.2 8.27782
      vertex 2.33036 -78.3 8.37269
      vertex 2.33036 -81.2 8.37269
    endloop
  endfacet
  facet normal 0.659341 0 -0.751844
    outer loop
      vertex 2.33036 -78.3 8.37269
      vertex 2.22218 -81.2 8.27782
      vertex 2.22218 -78.3 8.27782
    endloop
  endfacet
  facet normal 0.980786 -0 0.195087
    outer loop
      vertex 1.90941 -81.2 7.35642
      vertex 1.93748 -78.3 7.2153
      vertex 1.90941 -78.3 7.35642
    endloop
  endfacet
  facet normal 0.980786 0 0.195087
    outer loop
      vertex 1.93748 -78.3 7.2153
      vertex 1.90941 -81.2 7.35642
      vertex 1.93748 -81.2 7.2153
    endloop
  endfacet
  facet normal -0.896874 0 0.442286
    outer loop
      vertex 3.95263 -81.2 6.95
      vertex 4.01627 -78.3 7.07905
      vertex 3.95263 -78.3 6.95
    endloop
  endfacet
  facet normal -0.896874 0 0.442286
    outer loop
      vertex 4.01627 -78.3 7.07905
      vertex 3.95263 -81.2 6.95
      vertex 4.01627 -81.2 7.07905
    endloop
  endfacet
  facet normal -0.195087 0 -0.980786
    outer loop
      vertex 3.14358 -81.2 8.59059
      vertex 3.2847 -78.3 8.56252
      vertex 3.2847 -81.2 8.56252
    endloop
  endfacet
  facet normal -0.195087 0 -0.980786
    outer loop
      vertex 3.2847 -78.3 8.56252
      vertex 3.14358 -81.2 8.59059
      vertex 3.14358 -78.3 8.59059
    endloop
  endfacet
  facet normal -0.896874 0 -0.442286
    outer loop
      vertex 4.01627 -81.2 7.92095
      vertex 3.95263 -78.3 8.05
      vertex 4.01627 -78.3 7.92095
    endloop
  endfacet
  facet normal -0.896874 -0 -0.442286
    outer loop
      vertex 3.95263 -78.3 8.05
      vertex 4.01627 -81.2 7.92095
      vertex 3.95263 -81.2 8.05
    endloop
  endfacet
  facet normal -0.980786 0 -0.195087
    outer loop
      vertex 4.09059 -81.2 7.64358
      vertex 4.06252 -78.3 7.7847
      vertex 4.09059 -78.3 7.64358
    endloop
  endfacet
  facet normal -0.980786 -0 -0.195087
    outer loop
      vertex 4.06252 -78.3 7.7847
      vertex 4.09059 -81.2 7.64358
      vertex 4.06252 -81.2 7.7847
    endloop
  endfacet
  facet normal 0.555566 0 0.831472
    outer loop
      vertex 2.33036 -78.3 6.62731
      vertex 2.45 -81.2 6.54737
      vertex 2.45 -78.3 6.54737
    endloop
  endfacet
  facet normal 0.555566 0 0.831472
    outer loop
      vertex 2.45 -81.2 6.54737
      vertex 2.33036 -78.3 6.62731
      vertex 2.33036 -81.2 6.62731
    endloop
  endfacet
  facet normal -0.946931 0 0.321435
    outer loop
      vertex 4.01627 -81.2 7.07905
      vertex 4.06252 -78.3 7.2153
      vertex 4.01627 -78.3 7.07905
    endloop
  endfacet
  facet normal -0.946931 0 0.321435
    outer loop
      vertex 4.06252 -78.3 7.2153
      vertex 4.01627 -81.2 7.07905
      vertex 4.06252 -81.2 7.2153
    endloop
  endfacet
  facet normal -0.321435 0 -0.946931
    outer loop
      vertex 3.2847 -81.2 8.56252
      vertex 3.42095 -78.3 8.51627
      vertex 3.42095 -81.2 8.51627
    endloop
  endfacet
  facet normal -0.321435 0 -0.946931
    outer loop
      vertex 3.42095 -78.3 8.51627
      vertex 3.2847 -81.2 8.56252
      vertex 3.2847 -78.3 8.56252
    endloop
  endfacet
  facet normal -0.442286 0 -0.896874
    outer loop
      vertex 3.42095 -81.2 8.51627
      vertex 3.55 -78.3 8.45263
      vertex 3.55 -81.2 8.45263
    endloop
  endfacet
  facet normal -0.442286 0 -0.896874
    outer loop
      vertex 3.55 -78.3 8.45263
      vertex 3.42095 -81.2 8.51627
      vertex 3.42095 -78.3 8.51627
    endloop
  endfacet
  facet normal 0.997859 -0 0.0653981
    outer loop
      vertex 1.9 -81.2 7.5
      vertex 1.90941 -78.3 7.35642
      vertex 1.9 -78.3 7.5
    endloop
  endfacet
  facet normal 0.997859 0 0.0653981
    outer loop
      vertex 1.90941 -78.3 7.35642
      vertex 1.9 -81.2 7.5
      vertex 1.90941 -81.2 7.35642
    endloop
  endfacet
  facet normal 0.321435 0 -0.946931
    outer loop
      vertex 2.57905 -81.2 8.51627
      vertex 2.7153 -78.3 8.56252
      vertex 2.7153 -81.2 8.56252
    endloop
  endfacet
  facet normal 0.321435 0 -0.946931
    outer loop
      vertex 2.7153 -78.3 8.56252
      vertex 2.57905 -81.2 8.51627
      vertex 2.57905 -78.3 8.51627
    endloop
  endfacet
  facet normal 0.442286 0 0.896874
    outer loop
      vertex 2.45 -78.3 6.54737
      vertex 2.57905 -81.2 6.48373
      vertex 2.57905 -78.3 6.48373
    endloop
  endfacet
  facet normal 0.442286 0 0.896874
    outer loop
      vertex 2.57905 -81.2 6.48373
      vertex 2.45 -78.3 6.54737
      vertex 2.45 -81.2 6.54737
    endloop
  endfacet
  facet normal 0.831472 -0 0.555566
    outer loop
      vertex 2.04737 -81.2 6.95
      vertex 2.12731 -78.3 6.83036
      vertex 2.04737 -78.3 6.95
    endloop
  endfacet
  facet normal 0.831472 0 0.555566
    outer loop
      vertex 2.12731 -78.3 6.83036
      vertex 2.04737 -81.2 6.95
      vertex 2.12731 -81.2 6.83036
    endloop
  endfacet
  facet normal 0.442286 0 -0.896874
    outer loop
      vertex 2.45 -81.2 8.45263
      vertex 2.57905 -78.3 8.51627
      vertex 2.57905 -81.2 8.51627
    endloop
  endfacet
  facet normal 0.442286 0 -0.896874
    outer loop
      vertex 2.57905 -78.3 8.51627
      vertex 2.45 -81.2 8.45263
      vertex 2.45 -78.3 8.45263
    endloop
  endfacet
  facet normal 0.555566 0 -0.831472
    outer loop
      vertex 2.33036 -81.2 8.37269
      vertex 2.45 -78.3 8.45263
      vertex 2.45 -81.2 8.45263
    endloop
  endfacet
  facet normal 0.555566 0 -0.831472
    outer loop
      vertex 2.45 -78.3 8.45263
      vertex 2.33036 -81.2 8.37269
      vertex 2.33036 -78.3 8.37269
    endloop
  endfacet
  facet normal -0.980781 0 0.195113
    outer loop
      vertex 4.06252 -81.2 30.2153
      vertex 4.09059 -78.3 30.3564
      vertex 4.06252 -78.3 30.2153
    endloop
  endfacet
  facet normal -0.980781 0 0.195113
    outer loop
      vertex 4.09059 -78.3 30.3564
      vertex 4.06252 -81.2 30.2153
      vertex 4.09059 -81.2 30.3564
    endloop
  endfacet
  facet normal -0.99786 0 0.065389
    outer loop
      vertex 4.09059 -81.2 30.3564
      vertex 4.1 -78.3 30.5
      vertex 4.09059 -78.3 30.3564
    endloop
  endfacet
  facet normal -0.99786 0 0.065389
    outer loop
      vertex 4.1 -78.3 30.5
      vertex 4.09059 -81.2 30.3564
      vertex 4.1 -81.2 30.5
    endloop
  endfacet
  facet normal -0.321124 0 0.947037
    outer loop
      vertex 3.2847 -78.3 29.4375
      vertex 3.42095 -81.2 29.4837
      vertex 3.42095 -78.3 29.4837
    endloop
  endfacet
  facet normal -0.321124 0 0.947037
    outer loop
      vertex 3.42095 -81.2 29.4837
      vertex 3.2847 -78.3 29.4375
      vertex 3.2847 -81.2 29.4375
    endloop
  endfacet
  facet normal -0.555374 0 -0.831601
    outer loop
      vertex 3.55 -81.2 31.4526
      vertex 3.66964 -78.3 31.3727
      vertex 3.66964 -81.2 31.3727
    endloop
  endfacet
  facet normal -0.555374 0 -0.831601
    outer loop
      vertex 3.66964 -78.3 31.3727
      vertex 3.55 -81.2 31.4526
      vertex 3.55 -78.3 31.4526
    endloop
  endfacet
  facet normal -0.659458 0 0.751741
    outer loop
      vertex 3.66964 -78.3 29.6273
      vertex 3.77782 -81.2 29.7222
      vertex 3.77782 -78.3 29.7222
    endloop
  endfacet
  facet normal -0.659458 0 0.751741
    outer loop
      vertex 3.77782 -81.2 29.7222
      vertex 3.66964 -78.3 29.6273
      vertex 3.66964 -81.2 29.6273
    endloop
  endfacet
  facet normal 0.195287 0 -0.980746
    outer loop
      vertex 2.7153 -81.2 31.5625
      vertex 2.85642 -78.3 31.5906
      vertex 2.85642 -81.2 31.5906
    endloop
  endfacet
  facet normal 0.195287 0 -0.980746
    outer loop
      vertex 2.85642 -78.3 31.5906
      vertex 2.7153 -81.2 31.5625
      vertex 2.7153 -78.3 31.5625
    endloop
  endfacet
  facet normal -0.751905 0 -0.659272
    outer loop
      vertex 3.87269 -81.2 31.1696
      vertex 3.77782 -78.3 31.2778
      vertex 3.87269 -78.3 31.1696
    endloop
  endfacet
  facet normal -0.751905 -0 -0.659272
    outer loop
      vertex 3.77782 -78.3 31.2778
      vertex 3.87269 -81.2 31.1696
      vertex 3.77782 -81.2 31.2778
    endloop
  endfacet
  facet normal 0.946967 -0 0.32133
    outer loop
      vertex 1.93748 -81.2 30.2153
      vertex 1.98373 -78.3 30.079
      vertex 1.93748 -78.3 30.2153
    endloop
  endfacet
  facet normal 0.946967 0 0.32133
    outer loop
      vertex 1.98373 -78.3 30.079
      vertex 1.93748 -81.2 30.2153
      vertex 1.98373 -81.2 30.079
    endloop
  endfacet
  facet normal -0.0653289 0 0.997864
    outer loop
      vertex 3 -78.3 29.4
      vertex 3.14358 -81.2 29.4094
      vertex 3.14358 -78.3 29.4094
    endloop
  endfacet
  facet normal -0.0653289 0 0.997864
    outer loop
      vertex 3.14358 -81.2 29.4094
      vertex 3 -78.3 29.4
      vertex 3 -81.2 29.4
    endloop
  endfacet
  facet normal 0.321124 0 0.947037
    outer loop
      vertex 2.57905 -78.3 29.4837
      vertex 2.7153 -81.2 29.4375
      vertex 2.7153 -78.3 29.4375
    endloop
  endfacet
  facet normal 0.321124 0 0.947037
    outer loop
      vertex 2.7153 -81.2 29.4375
      vertex 2.57905 -78.3 29.4837
      vertex 2.57905 -81.2 29.4837
    endloop
  endfacet
  facet normal 0.99786 0 -0.065389
    outer loop
      vertex 1.90941 -81.2 30.6436
      vertex 1.9 -78.3 30.5
      vertex 1.90941 -78.3 30.6436
    endloop
  endfacet
  facet normal 0.99786 0 -0.065389
    outer loop
      vertex 1.9 -78.3 30.5
      vertex 1.90941 -81.2 30.6436
      vertex 1.9 -81.2 30.5
    endloop
  endfacet
  facet normal 0.0653289 0 -0.997864
    outer loop
      vertex 2.85642 -81.2 31.5906
      vertex 3 -78.3 31.6
      vertex 3 -81.2 31.6
    endloop
  endfacet
  facet normal 0.0653289 0 -0.997864
    outer loop
      vertex 3 -78.3 31.6
      vertex 2.85642 -81.2 31.5906
      vertex 2.85642 -78.3 31.5906
    endloop
  endfacet
  facet normal -0.99786 0 -0.065389
    outer loop
      vertex 4.1 -81.2 30.5
      vertex 4.09059 -78.3 30.6436
      vertex 4.1 -78.3 30.5
    endloop
  endfacet
  facet normal -0.99786 -0 -0.065389
    outer loop
      vertex 4.09059 -78.3 30.6436
      vertex 4.1 -81.2 30.5
      vertex 4.09059 -81.2 30.6436
    endloop
  endfacet
  facet normal -0.751905 0 0.659272
    outer loop
      vertex 3.77782 -81.2 29.7222
      vertex 3.87269 -78.3 29.8304
      vertex 3.77782 -78.3 29.7222
    endloop
  endfacet
  facet normal -0.751905 0 0.659272
    outer loop
      vertex 3.87269 -78.3 29.8304
      vertex 3.77782 -81.2 29.7222
      vertex 3.87269 -81.2 29.8304
    endloop
  endfacet
  facet normal 0.946967 0 -0.32133
    outer loop
      vertex 1.98373 -81.2 30.921
      vertex 1.93748 -78.3 30.7847
      vertex 1.98373 -78.3 30.921
    endloop
  endfacet
  facet normal 0.946967 0 -0.32133
    outer loop
      vertex 1.93748 -78.3 30.7847
      vertex 1.98373 -81.2 30.921
      vertex 1.93748 -81.2 30.7847
    endloop
  endfacet
  facet normal 0.980781 0 -0.195113
    outer loop
      vertex 1.93748 -81.2 30.7847
      vertex 1.90941 -78.3 30.6436
      vertex 1.93748 -78.3 30.7847
    endloop
  endfacet
  facet normal 0.980781 0 -0.195113
    outer loop
      vertex 1.90941 -78.3 30.6436
      vertex 1.93748 -81.2 30.7847
      vertex 1.90941 -81.2 30.6436
    endloop
  endfacet
  facet normal -0.195287 0 0.980746
    outer loop
      vertex 3.14358 -78.3 29.4094
      vertex 3.2847 -81.2 29.4375
      vertex 3.2847 -78.3 29.4375
    endloop
  endfacet
  facet normal -0.195287 0 0.980746
    outer loop
      vertex 3.2847 -81.2 29.4375
      vertex 3.14358 -78.3 29.4094
      vertex 3.14358 -81.2 29.4094
    endloop
  endfacet
  facet normal 0.751905 0 -0.659272
    outer loop
      vertex 2.22218 -81.2 31.2778
      vertex 2.12731 -78.3 31.1696
      vertex 2.22218 -78.3 31.2778
    endloop
  endfacet
  facet normal 0.751905 0 -0.659272
    outer loop
      vertex 2.12731 -78.3 31.1696
      vertex 2.22218 -81.2 31.2778
      vertex 2.12731 -81.2 31.1696
    endloop
  endfacet
  facet normal 0.659458 0 0.751741
    outer loop
      vertex 2.22218 -78.3 29.7222
      vertex 2.33036 -81.2 29.6273
      vertex 2.33036 -78.3 29.6273
    endloop
  endfacet
  facet normal 0.659458 0 0.751741
    outer loop
      vertex 2.33036 -81.2 29.6273
      vertex 2.22218 -78.3 29.7222
      vertex 2.22218 -81.2 29.7222
    endloop
  endfacet
  facet normal 0.896806 -0 0.442424
    outer loop
      vertex 1.98373 -81.2 30.079
      vertex 2.04737 -78.3 29.95
      vertex 1.98373 -78.3 30.079
    endloop
  endfacet
  facet normal 0.896806 0 0.442424
    outer loop
      vertex 2.04737 -78.3 29.95
      vertex 1.98373 -81.2 30.079
      vertex 2.04737 -81.2 29.95
    endloop
  endfacet
  facet normal -0.831387 0 -0.555694
    outer loop
      vertex 3.95263 -81.2 31.05
      vertex 3.87269 -78.3 31.1696
      vertex 3.95263 -78.3 31.05
    endloop
  endfacet
  facet normal -0.831387 -0 -0.555694
    outer loop
      vertex 3.87269 -78.3 31.1696
      vertex 3.95263 -81.2 31.05
      vertex 3.87269 -81.2 31.1696
    endloop
  endfacet
  facet normal -0.831387 0 0.555694
    outer loop
      vertex 3.87269 -81.2 29.8304
      vertex 3.95263 -78.3 29.95
      vertex 3.87269 -78.3 29.8304
    endloop
  endfacet
  facet normal -0.831387 0 0.555694
    outer loop
      vertex 3.95263 -78.3 29.95
      vertex 3.87269 -81.2 29.8304
      vertex 3.95263 -81.2 29.95
    endloop
  endfacet
  facet normal 0.751905 -0 0.659272
    outer loop
      vertex 2.12731 -81.2 29.8304
      vertex 2.22218 -78.3 29.7222
      vertex 2.12731 -78.3 29.8304
    endloop
  endfacet
  facet normal 0.751905 0 0.659272
    outer loop
      vertex 2.22218 -78.3 29.7222
      vertex 2.12731 -81.2 29.8304
      vertex 2.22218 -81.2 29.7222
    endloop
  endfacet
  facet normal -0.659458 0 -0.751741
    outer loop
      vertex 3.66964 -81.2 31.3727
      vertex 3.77782 -78.3 31.2778
      vertex 3.77782 -81.2 31.2778
    endloop
  endfacet
  facet normal -0.659458 0 -0.751741
    outer loop
      vertex 3.77782 -78.3 31.2778
      vertex 3.66964 -81.2 31.3727
      vertex 3.66964 -78.3 31.3727
    endloop
  endfacet
  facet normal 0.831387 0 -0.555694
    outer loop
      vertex 2.12731 -81.2 31.1696
      vertex 2.04737 -78.3 31.05
      vertex 2.12731 -78.3 31.1696
    endloop
  endfacet
  facet normal 0.831387 0 -0.555694
    outer loop
      vertex 2.04737 -78.3 31.05
      vertex 2.12731 -81.2 31.1696
      vertex 2.04737 -81.2 31.05
    endloop
  endfacet
  facet normal 0.195287 0 0.980746
    outer loop
      vertex 2.7153 -78.3 29.4375
      vertex 2.85642 -81.2 29.4094
      vertex 2.85642 -78.3 29.4094
    endloop
  endfacet
  facet normal 0.195287 0 0.980746
    outer loop
      vertex 2.85642 -81.2 29.4094
      vertex 2.7153 -78.3 29.4375
      vertex 2.7153 -81.2 29.4375
    endloop
  endfacet
  facet normal -0.946967 0 -0.32133
    outer loop
      vertex 4.06252 -81.2 30.7847
      vertex 4.01627 -78.3 30.921
      vertex 4.06252 -78.3 30.7847
    endloop
  endfacet
  facet normal -0.946967 -0 -0.32133
    outer loop
      vertex 4.01627 -78.3 30.921
      vertex 4.06252 -81.2 30.7847
      vertex 4.01627 -81.2 30.921
    endloop
  endfacet
  facet normal -0.442622 0 0.896708
    outer loop
      vertex 3.42095 -78.3 29.4837
      vertex 3.55 -81.2 29.5474
      vertex 3.55 -78.3 29.5474
    endloop
  endfacet
  facet normal -0.442622 0 0.896708
    outer loop
      vertex 3.55 -81.2 29.5474
      vertex 3.42095 -78.3 29.4837
      vertex 3.42095 -81.2 29.4837
    endloop
  endfacet
  facet normal 0.0653289 0 0.997864
    outer loop
      vertex 2.85642 -78.3 29.4094
      vertex 3 -81.2 29.4
      vertex 3 -78.3 29.4
    endloop
  endfacet
  facet normal 0.0653289 0 0.997864
    outer loop
      vertex 3 -81.2 29.4
      vertex 2.85642 -78.3 29.4094
      vertex 2.85642 -81.2 29.4094
    endloop
  endfacet
  facet normal -0.0653289 0 -0.997864
    outer loop
      vertex 3 -81.2 31.6
      vertex 3.14358 -78.3 31.5906
      vertex 3.14358 -81.2 31.5906
    endloop
  endfacet
  facet normal -0.0653289 0 -0.997864
    outer loop
      vertex 3.14358 -78.3 31.5906
      vertex 3 -81.2 31.6
      vertex 3 -78.3 31.6
    endloop
  endfacet
  facet normal -0.555374 0 0.831601
    outer loop
      vertex 3.55 -78.3 29.5474
      vertex 3.66964 -81.2 29.6273
      vertex 3.66964 -78.3 29.6273
    endloop
  endfacet
  facet normal -0.555374 0 0.831601
    outer loop
      vertex 3.66964 -81.2 29.6273
      vertex 3.55 -78.3 29.5474
      vertex 3.55 -81.2 29.5474
    endloop
  endfacet
  facet normal 0.896806 0 -0.442424
    outer loop
      vertex 2.04737 -81.2 31.05
      vertex 1.98373 -78.3 30.921
      vertex 2.04737 -78.3 31.05
    endloop
  endfacet
  facet normal 0.896806 0 -0.442424
    outer loop
      vertex 1.98373 -78.3 30.921
      vertex 2.04737 -81.2 31.05
      vertex 1.98373 -81.2 30.921
    endloop
  endfacet
  facet normal 0.659458 0 -0.751741
    outer loop
      vertex 2.22218 -81.2 31.2778
      vertex 2.33036 -78.3 31.3727
      vertex 2.33036 -81.2 31.3727
    endloop
  endfacet
  facet normal 0.659458 0 -0.751741
    outer loop
      vertex 2.33036 -78.3 31.3727
      vertex 2.22218 -81.2 31.2778
      vertex 2.22218 -78.3 31.2778
    endloop
  endfacet
  facet normal 0.980781 -0 0.195113
    outer loop
      vertex 1.90941 -81.2 30.3564
      vertex 1.93748 -78.3 30.2153
      vertex 1.90941 -78.3 30.3564
    endloop
  endfacet
  facet normal 0.980781 0 0.195113
    outer loop
      vertex 1.93748 -78.3 30.2153
      vertex 1.90941 -81.2 30.3564
      vertex 1.93748 -81.2 30.2153
    endloop
  endfacet
  facet normal -0.896806 0 0.442424
    outer loop
      vertex 3.95263 -81.2 29.95
      vertex 4.01627 -78.3 30.079
      vertex 3.95263 -78.3 29.95
    endloop
  endfacet
  facet normal -0.896806 0 0.442424
    outer loop
      vertex 4.01627 -78.3 30.079
      vertex 3.95263 -81.2 29.95
      vertex 4.01627 -81.2 30.079
    endloop
  endfacet
  facet normal -0.195287 0 -0.980746
    outer loop
      vertex 3.14358 -81.2 31.5906
      vertex 3.2847 -78.3 31.5625
      vertex 3.2847 -81.2 31.5625
    endloop
  endfacet
  facet normal -0.195287 0 -0.980746
    outer loop
      vertex 3.2847 -78.3 31.5625
      vertex 3.14358 -81.2 31.5906
      vertex 3.14358 -78.3 31.5906
    endloop
  endfacet
  facet normal -0.896806 0 -0.442424
    outer loop
      vertex 4.01627 -81.2 30.921
      vertex 3.95263 -78.3 31.05
      vertex 4.01627 -78.3 30.921
    endloop
  endfacet
  facet normal -0.896806 -0 -0.442424
    outer loop
      vertex 3.95263 -78.3 31.05
      vertex 4.01627 -81.2 30.921
      vertex 3.95263 -81.2 31.05
    endloop
  endfacet
  facet normal -0.980781 0 -0.195113
    outer loop
      vertex 4.09059 -81.2 30.6436
      vertex 4.06252 -78.3 30.7847
      vertex 4.09059 -78.3 30.6436
    endloop
  endfacet
  facet normal -0.980781 -0 -0.195113
    outer loop
      vertex 4.06252 -78.3 30.7847
      vertex 4.09059 -81.2 30.6436
      vertex 4.06252 -81.2 30.7847
    endloop
  endfacet
  facet normal 0.555374 0 0.831601
    outer loop
      vertex 2.33036 -78.3 29.6273
      vertex 2.45 -81.2 29.5474
      vertex 2.45 -78.3 29.5474
    endloop
  endfacet
  facet normal 0.555374 0 0.831601
    outer loop
      vertex 2.45 -81.2 29.5474
      vertex 2.33036 -78.3 29.6273
      vertex 2.33036 -81.2 29.6273
    endloop
  endfacet
  facet normal -0.946967 0 0.32133
    outer loop
      vertex 4.01627 -81.2 30.079
      vertex 4.06252 -78.3 30.2153
      vertex 4.01627 -78.3 30.079
    endloop
  endfacet
  facet normal -0.946967 0 0.32133
    outer loop
      vertex 4.06252 -78.3 30.2153
      vertex 4.01627 -81.2 30.079
      vertex 4.06252 -81.2 30.2153
    endloop
  endfacet
  facet normal -0.321124 0 -0.947037
    outer loop
      vertex 3.2847 -81.2 31.5625
      vertex 3.42095 -78.3 31.5163
      vertex 3.42095 -81.2 31.5163
    endloop
  endfacet
  facet normal -0.321124 0 -0.947037
    outer loop
      vertex 3.42095 -78.3 31.5163
      vertex 3.2847 -81.2 31.5625
      vertex 3.2847 -78.3 31.5625
    endloop
  endfacet
  facet normal -0.442622 0 -0.896708
    outer loop
      vertex 3.42095 -81.2 31.5163
      vertex 3.55 -78.3 31.4526
      vertex 3.55 -81.2 31.4526
    endloop
  endfacet
  facet normal -0.442622 0 -0.896708
    outer loop
      vertex 3.55 -78.3 31.4526
      vertex 3.42095 -81.2 31.5163
      vertex 3.42095 -78.3 31.5163
    endloop
  endfacet
  facet normal 0.99786 -0 0.065389
    outer loop
      vertex 1.9 -81.2 30.5
      vertex 1.90941 -78.3 30.3564
      vertex 1.9 -78.3 30.5
    endloop
  endfacet
  facet normal 0.99786 0 0.065389
    outer loop
      vertex 1.90941 -78.3 30.3564
      vertex 1.9 -81.2 30.5
      vertex 1.90941 -81.2 30.3564
    endloop
  endfacet
  facet normal 0.321124 0 -0.947037
    outer loop
      vertex 2.57905 -81.2 31.5163
      vertex 2.7153 -78.3 31.5625
      vertex 2.7153 -81.2 31.5625
    endloop
  endfacet
  facet normal 0.321124 0 -0.947037
    outer loop
      vertex 2.7153 -78.3 31.5625
      vertex 2.57905 -81.2 31.5163
      vertex 2.57905 -78.3 31.5163
    endloop
  endfacet
  facet normal 0.442622 0 0.896708
    outer loop
      vertex 2.45 -78.3 29.5474
      vertex 2.57905 -81.2 29.4837
      vertex 2.57905 -78.3 29.4837
    endloop
  endfacet
  facet normal 0.442622 0 0.896708
    outer loop
      vertex 2.57905 -81.2 29.4837
      vertex 2.45 -78.3 29.5474
      vertex 2.45 -81.2 29.5474
    endloop
  endfacet
  facet normal 0.831387 -0 0.555694
    outer loop
      vertex 2.04737 -81.2 29.95
      vertex 2.12731 -78.3 29.8304
      vertex 2.04737 -78.3 29.95
    endloop
  endfacet
  facet normal 0.831387 0 0.555694
    outer loop
      vertex 2.12731 -78.3 29.8304
      vertex 2.04737 -81.2 29.95
      vertex 2.12731 -81.2 29.8304
    endloop
  endfacet
  facet normal 0.442622 0 -0.896708
    outer loop
      vertex 2.45 -81.2 31.4526
      vertex 2.57905 -78.3 31.5163
      vertex 2.57905 -81.2 31.5163
    endloop
  endfacet
  facet normal 0.442622 0 -0.896708
    outer loop
      vertex 2.57905 -78.3 31.5163
      vertex 2.45 -81.2 31.4526
      vertex 2.45 -78.3 31.4526
    endloop
  endfacet
  facet normal 0.555374 0 -0.831601
    outer loop
      vertex 2.33036 -81.2 31.3727
      vertex 2.45 -78.3 31.4526
      vertex 2.45 -81.2 31.4526
    endloop
  endfacet
  facet normal 0.555374 0 -0.831601
    outer loop
      vertex 2.45 -78.3 31.4526
      vertex 2.33036 -81.2 31.3727
      vertex 2.33036 -78.3 31.3727
    endloop
  endfacet
  facet normal -0.980769 0 0.195173
    outer loop
      vertex -68.8579 -81.2 6.56001
      vertex -68.8145 -78.2 6.7781
      vertex -68.8579 -78.2 6.56001
    endloop
  endfacet
  facet normal -0.980769 0 0.195173
    outer loop
      vertex -68.8145 -78.2 6.7781
      vertex -68.8579 -81.2 6.56001
      vertex -68.8145 -81.2 6.7781
    endloop
  endfacet
  facet normal -0.997872 0 0.0652057
    outer loop
      vertex -68.8145 -81.2 6.7781
      vertex -68.8 -78.2 7
      vertex -68.8145 -78.2 6.7781
    endloop
  endfacet
  facet normal -0.997872 0 0.0652057
    outer loop
      vertex -68.8 -78.2 7
      vertex -68.8145 -81.2 6.7781
      vertex -68.8 -81.2 7
    endloop
  endfacet
  facet normal -0.0653848 0 -0.99786
    outer loop
      vertex -70.5 -81.2 8.7
      vertex -70.2781 -78.2 8.68546
      vertex -70.2781 -81.2 8.68546
    endloop
  endfacet
  facet normal -0.0653848 0 -0.99786
    outer loop
      vertex -70.2781 -78.2 8.68546
      vertex -70.5 -81.2 8.7
      vertex -70.5 -78.2 8.7
    endloop
  endfacet
  facet normal 0.659319 0 0.751863
    outer loop
      vertex -71.7021 -81.2 5.79792
      vertex -71.5349 -81.6 5.6513
      vertex -71.5349 -81.2 5.6513
    endloop
  endfacet
  facet normal 0.659319 0 0.751863
    outer loop
      vertex -71.5349 -81.6 5.6513
      vertex -71.7021 -81.2 5.79792
      vertex -71.7021 -81.6 5.79792
    endloop
  endfacet
  facet normal 0.659319 0 0.751863
    outer loop
      vertex -71.7021 -78.2 5.79792
      vertex -71.5349 -81.2 5.6513
      vertex -71.5349 -78.2 5.6513
    endloop
  endfacet
  facet normal 0.659319 0 0.751863
    outer loop
      vertex -71.5349 -81.2 5.6513
      vertex -71.7021 -78.2 5.79792
      vertex -71.7021 -81.2 5.79792
    endloop
  endfacet
  facet normal 0.831552 0 -0.555447
    outer loop
      vertex -71.8487 -81.6 8.03489
      vertex -71.9722 -81.2 7.85
      vertex -71.8487 -81.2 8.03489
    endloop
  endfacet
  facet normal 0.831552 0 -0.555447
    outer loop
      vertex -71.9722 -81.2 7.85
      vertex -71.8487 -81.6 8.03489
      vertex -71.9722 -81.6 7.85
    endloop
  endfacet
  facet normal 0.831552 0 -0.555447
    outer loop
      vertex -71.8487 -81.2 8.03489
      vertex -71.9722 -78.2 7.85
      vertex -71.8487 -78.2 8.03489
    endloop
  endfacet
  facet normal 0.831552 0 -0.555447
    outer loop
      vertex -71.9722 -78.2 7.85
      vertex -71.8487 -81.2 8.03489
      vertex -71.9722 -81.2 7.85
    endloop
  endfacet
  facet normal 0.195122 0 -0.980779
    outer loop
      vertex -70.94 -81.6 8.64207
      vertex -70.7219 -81.2 8.68546
      vertex -70.7219 -81.6 8.68546
    endloop
  endfacet
  facet normal 0.195122 0 -0.980779
    outer loop
      vertex -70.7219 -81.2 8.68546
      vertex -70.94 -81.6 8.64207
      vertex -70.94 -81.2 8.64207
    endloop
  endfacet
  facet normal 0.195122 0 -0.980779
    outer loop
      vertex -70.94 -81.2 8.64207
      vertex -70.7219 -78.2 8.68546
      vertex -70.7219 -81.2 8.68546
    endloop
  endfacet
  facet normal 0.195122 0 -0.980779
    outer loop
      vertex -70.7219 -78.2 8.68546
      vertex -70.94 -81.2 8.64207
      vertex -70.94 -78.2 8.64207
    endloop
  endfacet
  facet normal -0.659319 0 0.751863
    outer loop
      vertex -69.4651 -78.2 5.6513
      vertex -69.2979 -81.2 5.79792
      vertex -69.2979 -78.2 5.79792
    endloop
  endfacet
  facet normal -0.659319 0 0.751863
    outer loop
      vertex -69.2979 -81.2 5.79792
      vertex -69.4651 -78.2 5.6513
      vertex -69.4651 -81.2 5.6513
    endloop
  endfacet
  facet normal -0.946901 0 -0.321525
    outer loop
      vertex -68.8579 -81.2 7.43999
      vertex -68.9294 -78.2 7.65056
      vertex -68.8579 -78.2 7.43999
    endloop
  endfacet
  facet normal -0.946901 -0 -0.321525
    outer loop
      vertex -68.9294 -78.2 7.65056
      vertex -68.8579 -81.2 7.43999
      vertex -68.9294 -81.2 7.65056
    endloop
  endfacet
  facet normal -0.751888 0 -0.659291
    outer loop
      vertex -69.1513 -81.2 8.03489
      vertex -69.2979 -78.2 8.20208
      vertex -69.1513 -78.2 8.03489
    endloop
  endfacet
  facet normal -0.751888 -0 -0.659291
    outer loop
      vertex -69.2979 -78.2 8.20208
      vertex -69.1513 -81.2 8.03489
      vertex -69.2979 -81.2 8.20208
    endloop
  endfacet
  facet normal -0.751888 0 0.659291
    outer loop
      vertex -69.2979 -81.2 5.79792
      vertex -69.1513 -78.2 5.96511
      vertex -69.2979 -78.2 5.79792
    endloop
  endfacet
  facet normal -0.751888 0 0.659291
    outer loop
      vertex -69.1513 -78.2 5.96511
      vertex -69.2979 -81.2 5.79792
      vertex -69.1513 -81.2 5.96511
    endloop
  endfacet
  facet normal 0.946901 0 -0.321525
    outer loop
      vertex -72.0706 -81.6 7.65056
      vertex -72.1421 -81.2 7.43999
      vertex -72.0706 -81.2 7.65056
    endloop
  endfacet
  facet normal 0.946901 0 -0.321525
    outer loop
      vertex -72.1421 -81.2 7.43999
      vertex -72.0706 -81.6 7.65056
      vertex -72.1421 -81.6 7.43999
    endloop
  endfacet
  facet normal 0.946901 0 -0.321525
    outer loop
      vertex -72.0706 -81.2 7.65056
      vertex -72.1421 -78.2 7.43999
      vertex -72.0706 -78.2 7.65056
    endloop
  endfacet
  facet normal 0.946901 0 -0.321525
    outer loop
      vertex -72.1421 -78.2 7.43999
      vertex -72.0706 -81.2 7.65056
      vertex -72.1421 -81.2 7.43999
    endloop
  endfacet
  facet normal -0.321403 0 -0.946943
    outer loop
      vertex -70.06 -81.2 8.64207
      vertex -69.8494 -78.2 8.57059
      vertex -69.8494 -81.2 8.57059
    endloop
  endfacet
  facet normal -0.321403 0 -0.946943
    outer loop
      vertex -69.8494 -78.2 8.57059
      vertex -70.06 -81.2 8.64207
      vertex -70.06 -78.2 8.64207
    endloop
  endfacet
  facet normal 0.0653848 0 -0.99786
    outer loop
      vertex -70.7219 -81.6 8.68546
      vertex -70.5 -81.2 8.7
      vertex -70.5 -81.6 8.7
    endloop
  endfacet
  facet normal 0.0653848 0 -0.99786
    outer loop
      vertex -70.5 -81.2 8.7
      vertex -70.7219 -81.6 8.68546
      vertex -70.7219 -81.2 8.68546
    endloop
  endfacet
  facet normal 0.0653848 0 -0.99786
    outer loop
      vertex -70.7219 -81.2 8.68546
      vertex -70.5 -78.2 8.7
      vertex -70.5 -81.2 8.7
    endloop
  endfacet
  facet normal 0.0653848 0 -0.99786
    outer loop
      vertex -70.5 -78.2 8.7
      vertex -70.7219 -81.2 8.68546
      vertex -70.7219 -78.2 8.68546
    endloop
  endfacet
  facet normal 0.321363 0 0.946956
    outer loop
      vertex -71.1506 -81.2 5.4294
      vertex -70.94 -81.6 5.35793
      vertex -70.94 -81.2 5.35793
    endloop
  endfacet
  facet normal 0.321363 0 0.946956
    outer loop
      vertex -70.94 -81.6 5.35793
      vertex -71.1506 -81.2 5.4294
      vertex -71.1506 -81.6 5.4294
    endloop
  endfacet
  facet normal 0.321363 0 0.946956
    outer loop
      vertex -71.1506 -78.2 5.4294
      vertex -70.94 -81.2 5.35793
      vertex -70.94 -78.2 5.35793
    endloop
  endfacet
  facet normal 0.321363 0 0.946956
    outer loop
      vertex -70.94 -81.2 5.35793
      vertex -71.1506 -78.2 5.4294
      vertex -71.1506 -81.2 5.4294
    endloop
  endfacet
  facet normal -0.946901 0 0.321525
    outer loop
      vertex -68.9294 -81.2 6.34944
      vertex -68.8579 -78.2 6.56001
      vertex -68.9294 -78.2 6.34944
    endloop
  endfacet
  facet normal -0.946901 0 0.321525
    outer loop
      vertex -68.8579 -78.2 6.56001
      vertex -68.9294 -81.2 6.34944
      vertex -68.8579 -81.2 6.56001
    endloop
  endfacet
  facet normal 0.751888 -0 0.659291
    outer loop
      vertex -71.8487 -81.6 5.96511
      vertex -71.7021 -81.2 5.79792
      vertex -71.8487 -81.2 5.96511
    endloop
  endfacet
  facet normal 0.751888 0 0.659291
    outer loop
      vertex -71.7021 -81.2 5.79792
      vertex -71.8487 -81.6 5.96511
      vertex -71.7021 -81.6 5.79792
    endloop
  endfacet
  facet normal 0.751888 -0 0.659291
    outer loop
      vertex -71.8487 -81.2 5.96511
      vertex -71.7021 -78.2 5.79792
      vertex -71.8487 -78.2 5.96511
    endloop
  endfacet
  facet normal 0.751888 0 0.659291
    outer loop
      vertex -71.7021 -78.2 5.79792
      vertex -71.8487 -81.2 5.96511
      vertex -71.7021 -81.2 5.79792
    endloop
  endfacet
  facet normal 0.442349 0 -0.896843
    outer loop
      vertex -71.35 -81.6 8.47224
      vertex -71.1506 -81.2 8.57059
      vertex -71.1506 -81.6 8.57059
    endloop
  endfacet
  facet normal 0.442349 0 -0.896843
    outer loop
      vertex -71.1506 -81.2 8.57059
      vertex -71.35 -81.6 8.47224
      vertex -71.35 -81.2 8.47224
    endloop
  endfacet
  facet normal 0.442349 0 -0.896843
    outer loop
      vertex -71.35 -81.2 8.47224
      vertex -71.1506 -78.2 8.57059
      vertex -71.1506 -81.2 8.57059
    endloop
  endfacet
  facet normal 0.442349 0 -0.896843
    outer loop
      vertex -71.1506 -78.2 8.57059
      vertex -71.35 -81.2 8.47224
      vertex -71.35 -78.2 8.47224
    endloop
  endfacet
  facet normal 0.0653848 0 0.99786
    outer loop
      vertex -70.7219 -81.2 5.31454
      vertex -70.5 -81.6 5.3
      vertex -70.5 -81.2 5.3
    endloop
  endfacet
  facet normal 0.0653848 0 0.99786
    outer loop
      vertex -70.5 -81.6 5.3
      vertex -70.7219 -81.2 5.31454
      vertex -70.7219 -81.6 5.31454
    endloop
  endfacet
  facet normal 0.0653848 0 0.99786
    outer loop
      vertex -70.7219 -78.2 5.31454
      vertex -70.5 -81.2 5.3
      vertex -70.5 -78.2 5.3
    endloop
  endfacet
  facet normal 0.0653848 0 0.99786
    outer loop
      vertex -70.5 -81.2 5.3
      vertex -70.7219 -78.2 5.31454
      vertex -70.7219 -81.2 5.31454
    endloop
  endfacet
  facet normal -0.896789 0 -0.442459
    outer loop
      vertex -68.9294 -81.2 7.65056
      vertex -69.0278 -78.2 7.85
      vertex -68.9294 -78.2 7.65056
    endloop
  endfacet
  facet normal -0.896789 -0 -0.442459
    outer loop
      vertex -69.0278 -78.2 7.85
      vertex -68.9294 -81.2 7.65056
      vertex -69.0278 -81.2 7.85
    endloop
  endfacet
  facet normal -0.555551 0 -0.831483
    outer loop
      vertex -69.65 -81.2 8.47224
      vertex -69.4651 -78.2 8.3487
      vertex -69.4651 -81.2 8.3487
    endloop
  endfacet
  facet normal -0.555551 0 -0.831483
    outer loop
      vertex -69.4651 -78.2 8.3487
      vertex -69.65 -81.2 8.47224
      vertex -69.65 -78.2 8.47224
    endloop
  endfacet
  facet normal 0.98077 0 -0.195165
    outer loop
      vertex -72.1421 -81.6 7.43999
      vertex -72.1855 -81.2 7.22189
      vertex -72.1421 -81.2 7.43999
    endloop
  endfacet
  facet normal 0.98077 0 -0.195165
    outer loop
      vertex -72.1855 -81.2 7.22189
      vertex -72.1421 -81.6 7.43999
      vertex -72.1855 -81.6 7.22189
    endloop
  endfacet
  facet normal 0.98077 0 -0.195165
    outer loop
      vertex -72.1421 -81.2 7.43999
      vertex -72.1855 -78.2 7.22189
      vertex -72.1421 -78.2 7.43999
    endloop
  endfacet
  facet normal 0.98077 0 -0.195165
    outer loop
      vertex -72.1855 -78.2 7.22189
      vertex -72.1421 -81.2 7.43999
      vertex -72.1855 -81.2 7.22189
    endloop
  endfacet
  facet normal -0.195122 0 0.980779
    outer loop
      vertex -70.2781 -78.2 5.31454
      vertex -70.06 -81.2 5.35793
      vertex -70.06 -78.2 5.35793
    endloop
  endfacet
  facet normal -0.195122 0 0.980779
    outer loop
      vertex -70.06 -81.2 5.35793
      vertex -70.2781 -78.2 5.31454
      vertex -70.2781 -81.2 5.31454
    endloop
  endfacet
  facet normal -0.831552 0 0.555447
    outer loop
      vertex -69.1513 -81.2 5.96511
      vertex -69.0278 -78.2 6.15
      vertex -69.1513 -78.2 5.96511
    endloop
  endfacet
  facet normal -0.831552 0 0.555447
    outer loop
      vertex -69.0278 -78.2 6.15
      vertex -69.1513 -81.2 5.96511
      vertex -69.0278 -81.2 6.15
    endloop
  endfacet
  facet normal -0.997872 0 -0.0652086
    outer loop
      vertex -68.8 -81.2 7
      vertex -68.8145 -78.2 7.22189
      vertex -68.8 -78.2 7
    endloop
  endfacet
  facet normal -0.997872 -0 -0.0652086
    outer loop
      vertex -68.8145 -78.2 7.22189
      vertex -68.8 -81.2 7
      vertex -68.8145 -81.2 7.22189
    endloop
  endfacet
  facet normal -0.321363 0 0.946956
    outer loop
      vertex -70.06 -78.2 5.35793
      vertex -69.8494 -81.2 5.4294
      vertex -69.8494 -78.2 5.4294
    endloop
  endfacet
  facet normal -0.321363 0 0.946956
    outer loop
      vertex -69.8494 -81.2 5.4294
      vertex -70.06 -78.2 5.35793
      vertex -70.06 -81.2 5.35793
    endloop
  endfacet
  facet normal -0.555551 0 0.831483
    outer loop
      vertex -69.65 -78.2 5.52776
      vertex -69.4651 -81.2 5.6513
      vertex -69.4651 -78.2 5.6513
    endloop
  endfacet
  facet normal -0.555551 0 0.831483
    outer loop
      vertex -69.4651 -81.2 5.6513
      vertex -69.65 -78.2 5.52776
      vertex -69.65 -81.2 5.52776
    endloop
  endfacet
  facet normal 0.195122 0 0.980779
    outer loop
      vertex -70.94 -81.2 5.35793
      vertex -70.7219 -81.6 5.31454
      vertex -70.7219 -81.2 5.31454
    endloop
  endfacet
  facet normal 0.195122 0 0.980779
    outer loop
      vertex -70.7219 -81.6 5.31454
      vertex -70.94 -81.2 5.35793
      vertex -70.94 -81.6 5.35793
    endloop
  endfacet
  facet normal 0.195122 0 0.980779
    outer loop
      vertex -70.94 -78.2 5.35793
      vertex -70.7219 -81.2 5.31454
      vertex -70.7219 -78.2 5.31454
    endloop
  endfacet
  facet normal 0.195122 0 0.980779
    outer loop
      vertex -70.7219 -81.2 5.31454
      vertex -70.94 -78.2 5.35793
      vertex -70.94 -81.2 5.35793
    endloop
  endfacet
  facet normal -0.659319 0 -0.751863
    outer loop
      vertex -69.4651 -81.2 8.3487
      vertex -69.2979 -78.2 8.20208
      vertex -69.2979 -81.2 8.20208
    endloop
  endfacet
  facet normal -0.659319 0 -0.751863
    outer loop
      vertex -69.2979 -78.2 8.20208
      vertex -69.4651 -81.2 8.3487
      vertex -69.4651 -78.2 8.3487
    endloop
  endfacet
  facet normal 0.896789 -0 0.442459
    outer loop
      vertex -72.0706 -81.6 6.34944
      vertex -71.9722 -81.2 6.15
      vertex -72.0706 -81.2 6.34944
    endloop
  endfacet
  facet normal 0.896789 0 0.442459
    outer loop
      vertex -71.9722 -81.2 6.15
      vertex -72.0706 -81.6 6.34944
      vertex -71.9722 -81.6 6.15
    endloop
  endfacet
  facet normal 0.896789 -0 0.442459
    outer loop
      vertex -72.0706 -81.2 6.34944
      vertex -71.9722 -78.2 6.15
      vertex -72.0706 -78.2 6.34944
    endloop
  endfacet
  facet normal 0.896789 0 0.442459
    outer loop
      vertex -71.9722 -78.2 6.15
      vertex -72.0706 -81.2 6.34944
      vertex -71.9722 -81.2 6.15
    endloop
  endfacet
  facet normal -0.98077 0 -0.195165
    outer loop
      vertex -68.8145 -81.2 7.22189
      vertex -68.8579 -78.2 7.43999
      vertex -68.8145 -78.2 7.22189
    endloop
  endfacet
  facet normal -0.98077 -0 -0.195165
    outer loop
      vertex -68.8579 -78.2 7.43999
      vertex -68.8145 -81.2 7.22189
      vertex -68.8579 -81.2 7.43999
    endloop
  endfacet
  facet normal -0.195122 0 -0.980779
    outer loop
      vertex -70.2781 -81.2 8.68546
      vertex -70.06 -78.2 8.64207
      vertex -70.06 -81.2 8.64207
    endloop
  endfacet
  facet normal -0.195122 0 -0.980779
    outer loop
      vertex -70.06 -78.2 8.64207
      vertex -70.2781 -81.2 8.68546
      vertex -70.2781 -78.2 8.68546
    endloop
  endfacet
  facet normal 0.659319 0 -0.751863
    outer loop
      vertex -71.7021 -81.6 8.20208
      vertex -71.5349 -81.2 8.3487
      vertex -71.5349 -81.6 8.3487
    endloop
  endfacet
  facet normal 0.659319 0 -0.751863
    outer loop
      vertex -71.5349 -81.2 8.3487
      vertex -71.7021 -81.6 8.20208
      vertex -71.7021 -81.2 8.20208
    endloop
  endfacet
  facet normal 0.659319 0 -0.751863
    outer loop
      vertex -71.7021 -81.2 8.20208
      vertex -71.5349 -78.2 8.3487
      vertex -71.5349 -81.2 8.3487
    endloop
  endfacet
  facet normal 0.659319 0 -0.751863
    outer loop
      vertex -71.5349 -78.2 8.3487
      vertex -71.7021 -81.2 8.20208
      vertex -71.7021 -78.2 8.20208
    endloop
  endfacet
  facet normal 0.751888 0 -0.659291
    outer loop
      vertex -71.7021 -81.6 8.20208
      vertex -71.8487 -81.2 8.03489
      vertex -71.7021 -81.2 8.20208
    endloop
  endfacet
  facet normal 0.751888 0 -0.659291
    outer loop
      vertex -71.8487 -81.2 8.03489
      vertex -71.7021 -81.6 8.20208
      vertex -71.8487 -81.6 8.03489
    endloop
  endfacet
  facet normal 0.751888 0 -0.659291
    outer loop
      vertex -71.7021 -81.2 8.20208
      vertex -71.8487 -78.2 8.03489
      vertex -71.7021 -78.2 8.20208
    endloop
  endfacet
  facet normal 0.751888 0 -0.659291
    outer loop
      vertex -71.8487 -78.2 8.03489
      vertex -71.7021 -81.2 8.20208
      vertex -71.8487 -81.2 8.03489
    endloop
  endfacet
  facet normal -0.0653848 0 0.99786
    outer loop
      vertex -70.5 -78.2 5.3
      vertex -70.2781 -81.2 5.31454
      vertex -70.2781 -78.2 5.31454
    endloop
  endfacet
  facet normal -0.0653848 0 0.99786
    outer loop
      vertex -70.2781 -81.2 5.31454
      vertex -70.5 -78.2 5.3
      vertex -70.5 -81.2 5.3
    endloop
  endfacet
  facet normal -0.442386 0 0.896825
    outer loop
      vertex -69.8494 -78.2 5.4294
      vertex -69.65 -81.2 5.52776
      vertex -69.65 -78.2 5.52776
    endloop
  endfacet
  facet normal -0.442386 0 0.896825
    outer loop
      vertex -69.65 -81.2 5.52776
      vertex -69.8494 -78.2 5.4294
      vertex -69.8494 -81.2 5.4294
    endloop
  endfacet
  facet normal -0.831552 0 -0.555447
    outer loop
      vertex -69.0278 -81.2 7.85
      vertex -69.1513 -78.2 8.03489
      vertex -69.0278 -78.2 7.85
    endloop
  endfacet
  facet normal -0.831552 -0 -0.555447
    outer loop
      vertex -69.1513 -78.2 8.03489
      vertex -69.0278 -81.2 7.85
      vertex -69.1513 -81.2 8.03489
    endloop
  endfacet
  facet normal 0.997872 0 -0.0652086
    outer loop
      vertex -72.1855 -81.6 7.22189
      vertex -72.2 -81.2 7
      vertex -72.1855 -81.2 7.22189
    endloop
  endfacet
  facet normal 0.997872 0 -0.0652086
    outer loop
      vertex -72.2 -81.2 7
      vertex -72.1855 -81.6 7.22189
      vertex -72.2 -81.6 7
    endloop
  endfacet
  facet normal 0.997872 0 -0.0652086
    outer loop
      vertex -72.1855 -81.2 7.22189
      vertex -72.2 -78.2 7
      vertex -72.1855 -78.2 7.22189
    endloop
  endfacet
  facet normal 0.997872 0 -0.0652086
    outer loop
      vertex -72.2 -78.2 7
      vertex -72.1855 -81.2 7.22189
      vertex -72.2 -81.2 7
    endloop
  endfacet
  facet normal -0.442349 0 -0.896843
    outer loop
      vertex -69.8494 -81.2 8.57059
      vertex -69.65 -78.2 8.47224
      vertex -69.65 -81.2 8.47224
    endloop
  endfacet
  facet normal -0.442349 0 -0.896843
    outer loop
      vertex -69.65 -78.2 8.47224
      vertex -69.8494 -81.2 8.57059
      vertex -69.8494 -78.2 8.57059
    endloop
  endfacet
  facet normal 0.980769 -0 0.195173
    outer loop
      vertex -72.1855 -81.6 6.7781
      vertex -72.1421 -81.2 6.56001
      vertex -72.1855 -81.2 6.7781
    endloop
  endfacet
  facet normal 0.980769 0 0.195173
    outer loop
      vertex -72.1421 -81.2 6.56001
      vertex -72.1855 -81.6 6.7781
      vertex -72.1421 -81.6 6.56001
    endloop
  endfacet
  facet normal 0.980769 -0 0.195173
    outer loop
      vertex -72.1855 -81.2 6.7781
      vertex -72.1421 -78.2 6.56001
      vertex -72.1855 -78.2 6.7781
    endloop
  endfacet
  facet normal 0.980769 0 0.195173
    outer loop
      vertex -72.1421 -78.2 6.56001
      vertex -72.1855 -81.2 6.7781
      vertex -72.1421 -81.2 6.56001
    endloop
  endfacet
  facet normal 0.896789 0 -0.442459
    outer loop
      vertex -71.9722 -81.6 7.85
      vertex -72.0706 -81.2 7.65056
      vertex -71.9722 -81.2 7.85
    endloop
  endfacet
  facet normal 0.896789 0 -0.442459
    outer loop
      vertex -72.0706 -81.2 7.65056
      vertex -71.9722 -81.6 7.85
      vertex -72.0706 -81.6 7.65056
    endloop
  endfacet
  facet normal 0.896789 0 -0.442459
    outer loop
      vertex -71.9722 -81.2 7.85
      vertex -72.0706 -78.2 7.65056
      vertex -71.9722 -78.2 7.85
    endloop
  endfacet
  facet normal 0.896789 0 -0.442459
    outer loop
      vertex -72.0706 -78.2 7.65056
      vertex -71.9722 -81.2 7.85
      vertex -72.0706 -81.2 7.65056
    endloop
  endfacet
  facet normal 0.946901 -0 0.321525
    outer loop
      vertex -72.1421 -81.6 6.56001
      vertex -72.0706 -81.2 6.34944
      vertex -72.1421 -81.2 6.56001
    endloop
  endfacet
  facet normal 0.946901 0 0.321525
    outer loop
      vertex -72.0706 -81.2 6.34944
      vertex -72.1421 -81.6 6.56001
      vertex -72.0706 -81.6 6.34944
    endloop
  endfacet
  facet normal 0.946901 -0 0.321525
    outer loop
      vertex -72.1421 -81.2 6.56001
      vertex -72.0706 -78.2 6.34944
      vertex -72.1421 -78.2 6.56001
    endloop
  endfacet
  facet normal 0.946901 0 0.321525
    outer loop
      vertex -72.0706 -78.2 6.34944
      vertex -72.1421 -81.2 6.56001
      vertex -72.0706 -81.2 6.34944
    endloop
  endfacet
  facet normal 0.555551 0 0.831483
    outer loop
      vertex -71.5349 -81.2 5.6513
      vertex -71.35 -81.6 5.52776
      vertex -71.35 -81.2 5.52776
    endloop
  endfacet
  facet normal 0.555551 0 0.831483
    outer loop
      vertex -71.35 -81.6 5.52776
      vertex -71.5349 -81.2 5.6513
      vertex -71.5349 -81.6 5.6513
    endloop
  endfacet
  facet normal 0.555551 0 0.831483
    outer loop
      vertex -71.5349 -78.2 5.6513
      vertex -71.35 -81.2 5.52776
      vertex -71.35 -78.2 5.52776
    endloop
  endfacet
  facet normal 0.555551 0 0.831483
    outer loop
      vertex -71.35 -81.2 5.52776
      vertex -71.5349 -78.2 5.6513
      vertex -71.5349 -81.2 5.6513
    endloop
  endfacet
  facet normal -0.896789 0 0.442459
    outer loop
      vertex -69.0278 -81.2 6.15
      vertex -68.9294 -78.2 6.34944
      vertex -69.0278 -78.2 6.15
    endloop
  endfacet
  facet normal -0.896789 0 0.442459
    outer loop
      vertex -68.9294 -78.2 6.34944
      vertex -69.0278 -81.2 6.15
      vertex -68.9294 -81.2 6.34944
    endloop
  endfacet
  facet normal 0.997872 -0 0.0652057
    outer loop
      vertex -72.2 -81.6 7
      vertex -72.1855 -81.2 6.7781
      vertex -72.2 -81.2 7
    endloop
  endfacet
  facet normal 0.997872 0 0.0652057
    outer loop
      vertex -72.1855 -81.2 6.7781
      vertex -72.2 -81.6 7
      vertex -72.1855 -81.6 6.7781
    endloop
  endfacet
  facet normal 0.997872 -0 0.0652057
    outer loop
      vertex -72.2 -81.2 7
      vertex -72.1855 -78.2 6.7781
      vertex -72.2 -78.2 7
    endloop
  endfacet
  facet normal 0.997872 0 0.0652057
    outer loop
      vertex -72.1855 -78.2 6.7781
      vertex -72.2 -81.2 7
      vertex -72.1855 -81.2 6.7781
    endloop
  endfacet
  facet normal 0.321403 0 -0.946943
    outer loop
      vertex -71.1506 -81.6 8.57059
      vertex -70.94 -81.2 8.64207
      vertex -70.94 -81.6 8.64207
    endloop
  endfacet
  facet normal 0.321403 0 -0.946943
    outer loop
      vertex -70.94 -81.2 8.64207
      vertex -71.1506 -81.6 8.57059
      vertex -71.1506 -81.2 8.57059
    endloop
  endfacet
  facet normal 0.321403 0 -0.946943
    outer loop
      vertex -71.1506 -81.2 8.57059
      vertex -70.94 -78.2 8.64207
      vertex -70.94 -81.2 8.64207
    endloop
  endfacet
  facet normal 0.321403 0 -0.946943
    outer loop
      vertex -70.94 -78.2 8.64207
      vertex -71.1506 -81.2 8.57059
      vertex -71.1506 -78.2 8.57059
    endloop
  endfacet
  facet normal 0.442386 0 0.896825
    outer loop
      vertex -71.35 -81.2 5.52776
      vertex -71.1506 -81.6 5.4294
      vertex -71.1506 -81.2 5.4294
    endloop
  endfacet
  facet normal 0.442386 0 0.896825
    outer loop
      vertex -71.1506 -81.6 5.4294
      vertex -71.35 -81.2 5.52776
      vertex -71.35 -81.6 5.52776
    endloop
  endfacet
  facet normal 0.442386 0 0.896825
    outer loop
      vertex -71.35 -78.2 5.52776
      vertex -71.1506 -81.2 5.4294
      vertex -71.1506 -78.2 5.4294
    endloop
  endfacet
  facet normal 0.442386 0 0.896825
    outer loop
      vertex -71.1506 -81.2 5.4294
      vertex -71.35 -78.2 5.52776
      vertex -71.35 -81.2 5.52776
    endloop
  endfacet
  facet normal 0.831552 -0 0.555447
    outer loop
      vertex -71.9722 -81.6 6.15
      vertex -71.8487 -81.2 5.96511
      vertex -71.9722 -81.2 6.15
    endloop
  endfacet
  facet normal 0.831552 0 0.555447
    outer loop
      vertex -71.8487 -81.2 5.96511
      vertex -71.9722 -81.6 6.15
      vertex -71.8487 -81.6 5.96511
    endloop
  endfacet
  facet normal 0.831552 -0 0.555447
    outer loop
      vertex -71.9722 -81.2 6.15
      vertex -71.8487 -78.2 5.96511
      vertex -71.9722 -78.2 6.15
    endloop
  endfacet
  facet normal 0.831552 0 0.555447
    outer loop
      vertex -71.8487 -78.2 5.96511
      vertex -71.9722 -81.2 6.15
      vertex -71.8487 -81.2 5.96511
    endloop
  endfacet
  facet normal 0.555551 0 -0.831483
    outer loop
      vertex -71.5349 -81.6 8.3487
      vertex -71.35 -81.2 8.47224
      vertex -71.35 -81.6 8.47224
    endloop
  endfacet
  facet normal 0.555551 0 -0.831483
    outer loop
      vertex -71.35 -81.2 8.47224
      vertex -71.5349 -81.6 8.3487
      vertex -71.5349 -81.2 8.3487
    endloop
  endfacet
  facet normal 0.555551 0 -0.831483
    outer loop
      vertex -71.5349 -81.2 8.3487
      vertex -71.35 -78.2 8.47224
      vertex -71.35 -81.2 8.47224
    endloop
  endfacet
  facet normal 0.555551 0 -0.831483
    outer loop
      vertex -71.35 -78.2 8.47224
      vertex -71.5349 -81.2 8.3487
      vertex -71.5349 -78.2 8.3487
    endloop
  endfacet
  facet normal 0.793057 -0.606691 -0.0546517
    outer loop
      vertex -73.3994 -83.2 7.36854
      vertex -72.1855 -81.6 7.22189
      vertex -73.3985 -83.2 7.3816
    endloop
  endfacet
  facet normal 0.793301 -0.606619 -0.0518404
    outer loop
      vertex -72.1855 -81.6 7.22189
      vertex -73.3994 -83.2 7.36854
      vertex -72.2 -81.6 7
    endloop
  endfacet
  facet normal 0.0519802 -0.606625 -0.793287
    outer loop
      vertex -70.8685 -83.2 9.89937
      vertex -70.7219 -81.6 8.68546
      vertex -70.5 -81.6 8.7
    endloop
  endfacet
  facet normal 0.0514756 -0.606611 -0.79333
    outer loop
      vertex -70.7219 -81.6 8.68546
      vertex -70.8685 -83.2 9.89937
      vertex -70.8816 -83.2 9.89852
    endloop
  endfacet
  facet normal 0.712958 -0.606628 0.351701
    outer loop
      vertex -73.0376 -83.2 5.54997
      vertex -72.0706 -81.6 6.34944
      vertex -73.201 -83.2 5.88121
    endloop
  endfacet
  facet normal 0.793295 -0.606623 -0.0518761
    outer loop
      vertex -72.2 -81.6 7
      vertex -73.3994 -83.2 7.36854
      vertex -73.4235 -83.2 7
    endloop
  endfacet
  facet normal 0.59774 -0.606629 0.524126
    outer loop
      vertex -72.5759 -83.2 4.94259
      vertex -71.7021 -81.6 5.79792
      vertex -71.8487 -81.6 5.96511
    endloop
  endfacet
  facet normal 0.595532 -0.606712 0.526538
    outer loop
      vertex -71.7021 -81.6 5.79792
      vertex -72.5759 -83.2 4.94259
      vertex -72.5672 -83.2 4.93275
    endloop
  endfacet
  facet normal 0.780044 -0.606983 -0.151996
    outer loop
      vertex -73.3985 -83.2 7.3816
      vertex -72.1421 -81.6 7.43999
      vertex -73.396 -83.2 7.39443
    endloop
  endfacet
  facet normal 0.779714 -0.606608 -0.155156
    outer loop
      vertex -72.1421 -81.6 7.43999
      vertex -73.3985 -83.2 7.3816
      vertex -72.1855 -81.6 7.22189
    endloop
  endfacet
  facet normal 0.52504 -0.606652 -0.596913
    outer loop
      vertex -71.7021 -81.6 8.20208
      vertex -72.5574 -83.2 9.07587
      vertex -72.5672 -83.2 9.06725
    endloop
  endfacet
  facet normal 0.524153 -0.606621 -0.597725
    outer loop
      vertex -72.5574 -83.2 9.07587
      vertex -71.7021 -81.6 8.20208
      vertex -71.5349 -81.6 8.3487
    endloop
  endfacet
  facet normal 0.0520101 -0.606628 -0.793283
    outer loop
      vertex -70.5 -81.6 8.7
      vertex -70.5 -83.2 9.92353
      vertex -70.8685 -83.2 9.89937
    endloop
  endfacet
  facet normal 0.752814 -0.606619 0.255509
    outer loop
      vertex -73.2052 -83.2 5.8936
      vertex -72.1421 -81.6 6.56001
      vertex -73.3239 -83.2 6.24333
    endloop
  endfacet
  facet normal 0.524154 -0.606621 -0.597723
    outer loop
      vertex -71.5349 -81.6 8.3487
      vertex -72.2797 -83.2 9.31939
      vertex -72.5574 -83.2 9.07587
    endloop
  endfacet
  facet normal 0.779697 -0.60662 -0.155195
    outer loop
      vertex -72.1421 -81.6 7.43999
      vertex -73.3239 -83.2 7.75666
      vertex -73.396 -83.2 7.39443
    endloop
  endfacet
  facet normal 0.255481 -0.60662 0.752822
    outer loop
      vertex -71.1506 -81.6 5.4294
      vertex -71.6064 -83.2 4.29481
      vertex -70.94 -81.6 5.35793
    endloop
  endfacet
  facet normal 0.255042 -0.606608 0.752981
    outer loop
      vertex -71.6064 -83.2 4.29481
      vertex -71.1506 -81.6 5.4294
      vertex -71.6188 -83.2 4.29901
    endloop
  endfacet
  facet normal 0.660102 -0.60642 -0.443307
    outer loop
      vertex -73.0319 -83.2 8.46177
      vertex -71.8487 -81.6 8.03489
      vertex -73.0246 -83.2 8.47264
    endloop
  endfacet
  facet normal 0.661053 -0.606657 -0.44156
    outer loop
      vertex -71.8487 -81.6 8.03489
      vertex -73.0319 -83.2 8.46177
      vertex -71.9722 -81.6 7.85
    endloop
  endfacet
  facet normal 0.0520101 -0.606628 0.793283
    outer loop
      vertex -70.5 -83.2 4.07647
      vertex -70.5 -81.6 5.3
      vertex -70.8685 -83.2 4.10063
    endloop
  endfacet
  facet normal 0.155119 -0.606627 0.779706
    outer loop
      vertex -70.94 -81.6 5.35793
      vertex -70.8816 -83.2 4.10148
      vertex -70.7219 -81.6 5.31454
    endloop
  endfacet
  facet normal 0.155328 -0.606602 0.779684
    outer loop
      vertex -70.8816 -83.2 4.10148
      vertex -70.94 -81.6 5.35793
      vertex -70.8944 -83.2 4.10403
    endloop
  endfacet
  facet normal 0.35169 -0.606628 0.712963
    outer loop
      vertex -71.35 -81.6 5.52776
      vertex -71.95 -83.2 4.46236
      vertex -71.1506 -81.6 5.4294
    endloop
  endfacet
  facet normal 0.350211 -0.606583 0.713729
    outer loop
      vertex -71.95 -83.2 4.46236
      vertex -71.35 -81.6 5.52776
      vertex -71.9618 -83.2 4.46815
    endloop
  endfacet
  facet normal 0.660995 -0.606632 0.441682
    outer loop
      vertex -72.8194 -83.2 5.22027
      vertex -71.8487 -81.6 5.96511
      vertex -73.0246 -83.2 5.52736
    endloop
  endfacet
  facet normal 0.255564 -0.606631 0.752786
    outer loop
      vertex -71.2567 -83.2 4.17609
      vertex -70.94 -81.6 5.35793
      vertex -71.6064 -83.2 4.29481
    endloop
  endfacet
  facet normal 0.752771 -0.606631 0.255607
    outer loop
      vertex -73.2052 -83.2 5.8936
      vertex -72.0706 -81.6 6.34944
      vertex -72.1421 -81.6 6.56001
    endloop
  endfacet
  facet normal 0.75291 -0.60662 0.255224
    outer loop
      vertex -72.0706 -81.6 6.34944
      vertex -73.2052 -83.2 5.8936
      vertex -73.201 -83.2 5.88121
    endloop
  endfacet
  facet normal 0.441652 -0.606636 0.661012
    outer loop
      vertex -71.5349 -81.6 5.6513
      vertex -71.9618 -83.2 4.46815
      vertex -71.35 -81.6 5.52776
    endloop
  endfacet
  facet normal 0.444071 -0.606306 0.659693
    outer loop
      vertex -71.9618 -83.2 4.46815
      vertex -71.5349 -81.6 5.6513
      vertex -71.9726 -83.2 4.47542
    endloop
  endfacet
  facet normal 0.441662 -0.606621 0.661019
    outer loop
      vertex -71.9726 -83.2 4.47542
      vertex -71.5349 -81.6 5.6513
      vertex -72.2797 -83.2 4.68061
    endloop
  endfacet
  facet normal 0.779697 -0.60662 0.15519
    outer loop
      vertex -73.3239 -83.2 6.24333
      vertex -72.1421 -81.6 6.56001
      vertex -73.396 -83.2 6.60557
    endloop
  endfacet
  facet normal 0.255564 -0.606631 -0.752786
    outer loop
      vertex -70.94 -81.6 8.64207
      vertex -71.2567 -83.2 9.82391
      vertex -71.6064 -83.2 9.70519
    endloop
  endfacet
  facet normal 0.524154 -0.606621 0.597723
    outer loop
      vertex -72.2797 -83.2 4.68061
      vertex -71.5349 -81.6 5.6513
      vertex -72.5574 -83.2 4.92413
    endloop
  endfacet
  facet normal 0.441652 -0.606636 -0.661012
    outer loop
      vertex -71.9618 -83.2 9.53185
      vertex -71.5349 -81.6 8.3487
      vertex -71.35 -81.6 8.47224
    endloop
  endfacet
  facet normal 0.444071 -0.606306 -0.659693
    outer loop
      vertex -71.5349 -81.6 8.3487
      vertex -71.9618 -83.2 9.53185
      vertex -71.9726 -83.2 9.52458
    endloop
  endfacet
  facet normal 0.752817 -0.606618 -0.255502
    outer loop
      vertex -72.1421 -81.6 7.43999
      vertex -73.2052 -83.2 8.1064
      vertex -73.3239 -83.2 7.75666
    endloop
  endfacet
  facet normal 0.351649 -0.606626 -0.712986
    outer loop
      vertex -71.1506 -81.6 8.57059
      vertex -71.6188 -83.2 9.70099
      vertex -71.95 -83.2 9.53764
    endloop
  endfacet
  facet normal 0.52504 -0.606652 0.596913
    outer loop
      vertex -72.5574 -83.2 4.92413
      vertex -71.7021 -81.6 5.79792
      vertex -72.5672 -83.2 4.93275
    endloop
  endfacet
  facet normal 0.524153 -0.606621 0.597725
    outer loop
      vertex -71.7021 -81.6 5.79792
      vertex -72.5574 -83.2 4.92413
      vertex -71.5349 -81.6 5.6513
    endloop
  endfacet
  facet normal 0.59772 -0.606632 0.524146
    outer loop
      vertex -72.5759 -83.2 4.94259
      vertex -71.8487 -81.6 5.96511
      vertex -72.8194 -83.2 5.22027
    endloop
  endfacet
  facet normal 0.155328 -0.606602 -0.779684
    outer loop
      vertex -70.94 -81.6 8.64207
      vertex -70.8816 -83.2 9.89852
      vertex -70.8944 -83.2 9.89597
    endloop
  endfacet
  facet normal 0.155119 -0.606627 -0.779706
    outer loop
      vertex -70.8816 -83.2 9.89852
      vertex -70.94 -81.6 8.64207
      vertex -70.7219 -81.6 8.68546
    endloop
  endfacet
  facet normal 0.793301 -0.606619 0.0518381
    outer loop
      vertex -73.3994 -83.2 6.63146
      vertex -72.1855 -81.6 6.7781
      vertex -72.2 -81.6 7
    endloop
  endfacet
  facet normal 0.793057 -0.606691 0.0546517
    outer loop
      vertex -72.1855 -81.6 6.7781
      vertex -73.3994 -83.2 6.63146
      vertex -73.3985 -83.2 6.6184
    endloop
  endfacet
  facet normal 0.255512 -0.606624 -0.752809
    outer loop
      vertex -71.6064 -83.2 9.70519
      vertex -71.1506 -81.6 8.57059
      vertex -70.94 -81.6 8.64207
    endloop
  endfacet
  facet normal 0.255041 -0.606611 -0.752979
    outer loop
      vertex -71.1506 -81.6 8.57059
      vertex -71.6064 -83.2 9.70519
      vertex -71.6188 -83.2 9.70099
    endloop
  endfacet
  facet normal 0.155081 -0.60663 0.779711
    outer loop
      vertex -70.8944 -83.2 4.10403
      vertex -70.94 -81.6 5.35793
      vertex -71.2567 -83.2 4.17609
    endloop
  endfacet
  facet normal 0.155081 -0.60663 -0.779711
    outer loop
      vertex -70.94 -81.6 8.64207
      vertex -70.8944 -83.2 9.89597
      vertex -71.2567 -83.2 9.82391
    endloop
  endfacet
  facet normal 0.793295 -0.606623 0.0518761
    outer loop
      vertex -73.3994 -83.2 6.63146
      vertex -72.2 -81.6 7
      vertex -73.4235 -83.2 7
    endloop
  endfacet
  facet normal 0.715243 -0.606493 -0.347265
    outer loop
      vertex -73.0376 -83.2 8.45003
      vertex -71.9722 -81.6 7.85
      vertex -73.0319 -83.2 8.46177
    endloop
  endfacet
  facet normal 0.71293 -0.606634 -0.351747
    outer loop
      vertex -71.9722 -81.6 7.85
      vertex -73.0376 -83.2 8.45003
      vertex -72.0706 -81.6 7.65056
    endloop
  endfacet
  facet normal 0.779713 -0.606607 0.155163
    outer loop
      vertex -73.3985 -83.2 6.6184
      vertex -72.1421 -81.6 6.56001
      vertex -72.1855 -81.6 6.7781
    endloop
  endfacet
  facet normal 0.780044 -0.606983 0.151996
    outer loop
      vertex -72.1421 -81.6 6.56001
      vertex -73.3985 -83.2 6.6184
      vertex -73.396 -83.2 6.60557
    endloop
  endfacet
  facet normal 0.351662 -0.606627 -0.712978
    outer loop
      vertex -71.95 -83.2 9.53764
      vertex -71.35 -81.6 8.47224
      vertex -71.1506 -81.6 8.57059
    endloop
  endfacet
  facet normal 0.350211 -0.606583 -0.713729
    outer loop
      vertex -71.35 -81.6 8.47224
      vertex -71.95 -83.2 9.53764
      vertex -71.9618 -83.2 9.53185
    endloop
  endfacet
  facet normal 0.441662 -0.606621 -0.661019
    outer loop
      vertex -71.5349 -81.6 8.3487
      vertex -71.9726 -83.2 9.52458
      vertex -72.2797 -83.2 9.31939
    endloop
  endfacet
  facet normal 0.661054 -0.606655 0.441561
    outer loop
      vertex -73.0319 -83.2 5.53824
      vertex -71.8487 -81.6 5.96511
      vertex -71.9722 -81.6 6.15
    endloop
  endfacet
  facet normal 0.660266 -0.606459 0.443009
    outer loop
      vertex -71.8487 -81.6 5.96511
      vertex -73.0319 -83.2 5.53824
      vertex -73.0246 -83.2 5.52736
    endloop
  endfacet
  facet normal 0.71293 -0.606634 0.351747
    outer loop
      vertex -73.0376 -83.2 5.54997
      vertex -71.9722 -81.6 6.15
      vertex -72.0706 -81.6 6.34944
    endloop
  endfacet
  facet normal 0.715122 -0.606501 0.347502
    outer loop
      vertex -71.9722 -81.6 6.15
      vertex -73.0376 -83.2 5.54997
      vertex -73.0319 -83.2 5.53824
    endloop
  endfacet
  facet normal 0.75291 -0.60662 -0.255224
    outer loop
      vertex -73.2052 -83.2 8.1064
      vertex -72.0706 -81.6 7.65056
      vertex -73.201 -83.2 8.11879
    endloop
  endfacet
  facet normal 0.752771 -0.606631 -0.255607
    outer loop
      vertex -72.0706 -81.6 7.65056
      vertex -73.2052 -83.2 8.1064
      vertex -72.1421 -81.6 7.43999
    endloop
  endfacet
  facet normal 0.712958 -0.606628 -0.351701
    outer loop
      vertex -72.0706 -81.6 7.65056
      vertex -73.0376 -83.2 8.45003
      vertex -73.201 -83.2 8.11879
    endloop
  endfacet
  facet normal 0.660995 -0.606632 -0.441682
    outer loop
      vertex -71.8487 -81.6 8.03489
      vertex -72.8194 -83.2 8.77973
      vertex -73.0246 -83.2 8.47264
    endloop
  endfacet
  facet normal 0.35165 -0.606623 0.712987
    outer loop
      vertex -71.6188 -83.2 4.29901
      vertex -71.1506 -81.6 5.4294
      vertex -71.95 -83.2 4.46236
    endloop
  endfacet
  facet normal 0.0519802 -0.606625 0.793287
    outer loop
      vertex -70.7219 -81.6 5.31454
      vertex -70.8685 -83.2 4.10063
      vertex -70.5 -81.6 5.3
    endloop
  endfacet
  facet normal 0.0514756 -0.606611 0.79333
    outer loop
      vertex -70.8685 -83.2 4.10063
      vertex -70.7219 -81.6 5.31454
      vertex -70.8816 -83.2 4.10148
    endloop
  endfacet
  facet normal 0.59772 -0.606632 -0.524146
    outer loop
      vertex -71.8487 -81.6 8.03489
      vertex -72.5759 -83.2 9.05741
      vertex -72.8194 -83.2 8.77973
    endloop
  endfacet
  facet normal 0.595532 -0.606712 -0.526538
    outer loop
      vertex -72.5759 -83.2 9.05741
      vertex -71.7021 -81.6 8.20208
      vertex -72.5672 -83.2 9.06725
    endloop
  endfacet
  facet normal 0.59774 -0.606629 -0.524126
    outer loop
      vertex -71.7021 -81.6 8.20208
      vertex -72.5759 -83.2 9.05741
      vertex -71.8487 -81.6 8.03489
    endloop
  endfacet
  facet normal -0.98077 0 0.195165
    outer loop
      vertex -68.8579 -81.2 26.06
      vertex -68.8145 -78.2 26.2781
      vertex -68.8579 -78.2 26.06
    endloop
  endfacet
  facet normal -0.98077 0 0.195165
    outer loop
      vertex -68.8145 -78.2 26.2781
      vertex -68.8579 -81.2 26.06
      vertex -68.8145 -81.2 26.2781
    endloop
  endfacet
  facet normal -0.997872 0 0.0652057
    outer loop
      vertex -68.8145 -81.2 26.2781
      vertex -68.8 -78.2 26.5
      vertex -68.8145 -78.2 26.2781
    endloop
  endfacet
  facet normal -0.997872 0 0.0652057
    outer loop
      vertex -68.8 -78.2 26.5
      vertex -68.8145 -81.2 26.2781
      vertex -68.8 -81.2 26.5
    endloop
  endfacet
  facet normal -0.0652057 0 -0.997872
    outer loop
      vertex -70.5 -81.2 28.2
      vertex -70.2781 -78.2 28.1855
      vertex -70.2781 -81.2 28.1855
    endloop
  endfacet
  facet normal -0.0652057 0 -0.997872
    outer loop
      vertex -70.2781 -78.2 28.1855
      vertex -70.5 -81.2 28.2
      vertex -70.5 -78.2 28.2
    endloop
  endfacet
  facet normal 0.659268 0 0.751908
    outer loop
      vertex -71.7021 -81.2 25.2979
      vertex -71.5349 -81.6 25.1513
      vertex -71.5349 -81.2 25.1513
    endloop
  endfacet
  facet normal 0.659268 0 0.751908
    outer loop
      vertex -71.5349 -81.6 25.1513
      vertex -71.7021 -81.2 25.2979
      vertex -71.7021 -81.6 25.2979
    endloop
  endfacet
  facet normal 0.659268 0 0.751908
    outer loop
      vertex -71.7021 -78.2 25.2979
      vertex -71.5349 -81.2 25.1513
      vertex -71.5349 -78.2 25.1513
    endloop
  endfacet
  facet normal 0.659268 0 0.751908
    outer loop
      vertex -71.5349 -81.2 25.1513
      vertex -71.7021 -78.2 25.2979
      vertex -71.7021 -81.2 25.2979
    endloop
  endfacet
  facet normal 0.831566 0 -0.555426
    outer loop
      vertex -71.8487 -81.6 27.5349
      vertex -71.9722 -81.2 27.35
      vertex -71.8487 -81.2 27.5349
    endloop
  endfacet
  facet normal 0.831566 0 -0.555426
    outer loop
      vertex -71.9722 -81.2 27.35
      vertex -71.8487 -81.6 27.5349
      vertex -71.9722 -81.6 27.35
    endloop
  endfacet
  facet normal 0.831566 0 -0.555426
    outer loop
      vertex -71.8487 -81.2 27.5349
      vertex -71.9722 -78.2 27.35
      vertex -71.8487 -78.2 27.5349
    endloop
  endfacet
  facet normal 0.831566 0 -0.555426
    outer loop
      vertex -71.9722 -78.2 27.35
      vertex -71.8487 -81.2 27.5349
      vertex -71.9722 -81.2 27.35
    endloop
  endfacet
  facet normal 0.195165 0 -0.98077
    outer loop
      vertex -70.94 -81.6 28.1421
      vertex -70.7219 -81.2 28.1855
      vertex -70.7219 -81.6 28.1855
    endloop
  endfacet
  facet normal 0.195165 0 -0.98077
    outer loop
      vertex -70.7219 -81.2 28.1855
      vertex -70.94 -81.6 28.1421
      vertex -70.94 -81.2 28.1421
    endloop
  endfacet
  facet normal 0.195165 0 -0.98077
    outer loop
      vertex -70.94 -81.2 28.1421
      vertex -70.7219 -78.2 28.1855
      vertex -70.7219 -81.2 28.1855
    endloop
  endfacet
  facet normal 0.195165 0 -0.98077
    outer loop
      vertex -70.7219 -78.2 28.1855
      vertex -70.94 -81.2 28.1421
      vertex -70.94 -78.2 28.1421
    endloop
  endfacet
  facet normal -0.659268 0 0.751908
    outer loop
      vertex -69.4651 -78.2 25.1513
      vertex -69.2979 -81.2 25.2979
      vertex -69.2979 -78.2 25.2979
    endloop
  endfacet
  facet normal -0.659268 0 0.751908
    outer loop
      vertex -69.2979 -81.2 25.2979
      vertex -69.4651 -78.2 25.1513
      vertex -69.4651 -81.2 25.1513
    endloop
  endfacet
  facet normal -0.946915 0 -0.321484
    outer loop
      vertex -68.8579 -81.2 26.94
      vertex -68.9294 -78.2 27.1506
      vertex -68.8579 -78.2 26.94
    endloop
  endfacet
  facet normal -0.946915 -0 -0.321484
    outer loop
      vertex -68.9294 -78.2 27.1506
      vertex -68.8579 -81.2 26.94
      vertex -68.9294 -81.2 27.1506
    endloop
  endfacet
  facet normal -0.751908 0 -0.659268
    outer loop
      vertex -69.1513 -81.2 27.5349
      vertex -69.2979 -78.2 27.7021
      vertex -69.1513 -78.2 27.5349
    endloop
  endfacet
  facet normal -0.751908 -0 -0.659268
    outer loop
      vertex -69.2979 -78.2 27.7021
      vertex -69.1513 -81.2 27.5349
      vertex -69.2979 -81.2 27.7021
    endloop
  endfacet
  facet normal -0.751908 0 0.659268
    outer loop
      vertex -69.2979 -81.2 25.2979
      vertex -69.1513 -78.2 25.4651
      vertex -69.2979 -78.2 25.2979
    endloop
  endfacet
  facet normal -0.751908 0 0.659268
    outer loop
      vertex -69.1513 -78.2 25.4651
      vertex -69.2979 -81.2 25.2979
      vertex -69.1513 -81.2 25.4651
    endloop
  endfacet
  facet normal 0.946915 0 -0.321484
    outer loop
      vertex -72.0706 -81.6 27.1506
      vertex -72.1421 -81.2 26.94
      vertex -72.0706 -81.2 27.1506
    endloop
  endfacet
  facet normal 0.946915 0 -0.321484
    outer loop
      vertex -72.1421 -81.2 26.94
      vertex -72.0706 -81.6 27.1506
      vertex -72.1421 -81.6 26.94
    endloop
  endfacet
  facet normal 0.946915 0 -0.321484
    outer loop
      vertex -72.0706 -81.2 27.1506
      vertex -72.1421 -78.2 26.94
      vertex -72.0706 -78.2 27.1506
    endloop
  endfacet
  facet normal 0.946915 0 -0.321484
    outer loop
      vertex -72.1421 -78.2 26.94
      vertex -72.0706 -81.2 27.1506
      vertex -72.1421 -81.2 26.94
    endloop
  endfacet
  facet normal -0.321484 0 -0.946915
    outer loop
      vertex -70.06 -81.2 28.1421
      vertex -69.8494 -78.2 28.0706
      vertex -69.8494 -81.2 28.0706
    endloop
  endfacet
  facet normal -0.321484 0 -0.946915
    outer loop
      vertex -69.8494 -78.2 28.0706
      vertex -70.06 -81.2 28.1421
      vertex -70.06 -78.2 28.1421
    endloop
  endfacet
  facet normal 0.0652057 0 -0.997872
    outer loop
      vertex -70.7219 -81.6 28.1855
      vertex -70.5 -81.2 28.2
      vertex -70.5 -81.6 28.2
    endloop
  endfacet
  facet normal 0.0652057 0 -0.997872
    outer loop
      vertex -70.5 -81.2 28.2
      vertex -70.7219 -81.6 28.1855
      vertex -70.7219 -81.2 28.1855
    endloop
  endfacet
  facet normal 0.0652057 0 -0.997872
    outer loop
      vertex -70.7219 -81.2 28.1855
      vertex -70.5 -78.2 28.2
      vertex -70.5 -81.2 28.2
    endloop
  endfacet
  facet normal 0.0652057 0 -0.997872
    outer loop
      vertex -70.5 -78.2 28.2
      vertex -70.7219 -81.2 28.1855
      vertex -70.7219 -78.2 28.1855
    endloop
  endfacet
  facet normal 0.321484 0 0.946915
    outer loop
      vertex -71.1506 -81.2 24.9294
      vertex -70.94 -81.6 24.8579
      vertex -70.94 -81.2 24.8579
    endloop
  endfacet
  facet normal 0.321484 0 0.946915
    outer loop
      vertex -70.94 -81.6 24.8579
      vertex -71.1506 -81.2 24.9294
      vertex -71.1506 -81.6 24.9294
    endloop
  endfacet
  facet normal 0.321484 0 0.946915
    outer loop
      vertex -71.1506 -78.2 24.9294
      vertex -70.94 -81.2 24.8579
      vertex -70.94 -78.2 24.8579
    endloop
  endfacet
  facet normal 0.321484 0 0.946915
    outer loop
      vertex -70.94 -81.2 24.8579
      vertex -71.1506 -78.2 24.9294
      vertex -71.1506 -81.2 24.9294
    endloop
  endfacet
  facet normal -0.946915 0 0.321484
    outer loop
      vertex -68.9294 -81.2 25.8494
      vertex -68.8579 -78.2 26.06
      vertex -68.9294 -78.2 25.8494
    endloop
  endfacet
  facet normal -0.946915 0 0.321484
    outer loop
      vertex -68.8579 -78.2 26.06
      vertex -68.9294 -81.2 25.8494
      vertex -68.8579 -81.2 26.06
    endloop
  endfacet
  facet normal 0.751908 -0 0.659268
    outer loop
      vertex -71.8487 -81.6 25.4651
      vertex -71.7021 -81.2 25.2979
      vertex -71.8487 -81.2 25.4651
    endloop
  endfacet
  facet normal 0.751908 0 0.659268
    outer loop
      vertex -71.7021 -81.2 25.2979
      vertex -71.8487 -81.6 25.4651
      vertex -71.7021 -81.6 25.2979
    endloop
  endfacet
  facet normal 0.751908 -0 0.659268
    outer loop
      vertex -71.8487 -81.2 25.4651
      vertex -71.7021 -78.2 25.2979
      vertex -71.8487 -78.2 25.4651
    endloop
  endfacet
  facet normal 0.751908 0 0.659268
    outer loop
      vertex -71.7021 -78.2 25.2979
      vertex -71.8487 -81.2 25.4651
      vertex -71.7021 -81.2 25.2979
    endloop
  endfacet
  facet normal 0.44253 0 -0.896754
    outer loop
      vertex -71.35 -81.6 27.9722
      vertex -71.1506 -81.2 28.0706
      vertex -71.1506 -81.6 28.0706
    endloop
  endfacet
  facet normal 0.44253 0 -0.896754
    outer loop
      vertex -71.1506 -81.2 28.0706
      vertex -71.35 -81.6 27.9722
      vertex -71.35 -81.2 27.9722
    endloop
  endfacet
  facet normal 0.44253 0 -0.896754
    outer loop
      vertex -71.35 -81.2 27.9722
      vertex -71.1506 -78.2 28.0706
      vertex -71.1506 -81.2 28.0706
    endloop
  endfacet
  facet normal 0.44253 0 -0.896754
    outer loop
      vertex -71.1506 -78.2 28.0706
      vertex -71.35 -81.2 27.9722
      vertex -71.35 -78.2 27.9722
    endloop
  endfacet
  facet normal 0.0652057 0 0.997872
    outer loop
      vertex -70.7219 -81.2 24.8145
      vertex -70.5 -81.6 24.8
      vertex -70.5 -81.2 24.8
    endloop
  endfacet
  facet normal 0.0652057 0 0.997872
    outer loop
      vertex -70.5 -81.6 24.8
      vertex -70.7219 -81.2 24.8145
      vertex -70.7219 -81.6 24.8145
    endloop
  endfacet
  facet normal 0.0652057 0 0.997872
    outer loop
      vertex -70.7219 -78.2 24.8145
      vertex -70.5 -81.2 24.8
      vertex -70.5 -78.2 24.8
    endloop
  endfacet
  facet normal 0.0652057 0 0.997872
    outer loop
      vertex -70.5 -81.2 24.8
      vertex -70.7219 -78.2 24.8145
      vertex -70.7219 -81.2 24.8145
    endloop
  endfacet
  facet normal -0.896754 0 -0.44253
    outer loop
      vertex -68.9294 -81.2 27.1506
      vertex -69.0278 -78.2 27.35
      vertex -68.9294 -78.2 27.1506
    endloop
  endfacet
  facet normal -0.896754 -0 -0.44253
    outer loop
      vertex -69.0278 -78.2 27.35
      vertex -68.9294 -81.2 27.1506
      vertex -69.0278 -81.2 27.35
    endloop
  endfacet
  facet normal -0.555426 0 -0.831566
    outer loop
      vertex -69.65 -81.2 27.9722
      vertex -69.4651 -78.2 27.8487
      vertex -69.4651 -81.2 27.8487
    endloop
  endfacet
  facet normal -0.555426 0 -0.831566
    outer loop
      vertex -69.4651 -78.2 27.8487
      vertex -69.65 -81.2 27.9722
      vertex -69.65 -78.2 27.9722
    endloop
  endfacet
  facet normal 0.98077 0 -0.195165
    outer loop
      vertex -72.1421 -81.6 26.94
      vertex -72.1855 -81.2 26.7219
      vertex -72.1421 -81.2 26.94
    endloop
  endfacet
  facet normal 0.98077 0 -0.195165
    outer loop
      vertex -72.1855 -81.2 26.7219
      vertex -72.1421 -81.6 26.94
      vertex -72.1855 -81.6 26.7219
    endloop
  endfacet
  facet normal 0.98077 0 -0.195165
    outer loop
      vertex -72.1421 -81.2 26.94
      vertex -72.1855 -78.2 26.7219
      vertex -72.1421 -78.2 26.94
    endloop
  endfacet
  facet normal 0.98077 0 -0.195165
    outer loop
      vertex -72.1855 -78.2 26.7219
      vertex -72.1421 -81.2 26.94
      vertex -72.1855 -81.2 26.7219
    endloop
  endfacet
  facet normal -0.195165 0 0.98077
    outer loop
      vertex -70.2781 -78.2 24.8145
      vertex -70.06 -81.2 24.8579
      vertex -70.06 -78.2 24.8579
    endloop
  endfacet
  facet normal -0.195165 0 0.98077
    outer loop
      vertex -70.06 -81.2 24.8579
      vertex -70.2781 -78.2 24.8145
      vertex -70.2781 -81.2 24.8145
    endloop
  endfacet
  facet normal -0.831566 0 0.555426
    outer loop
      vertex -69.1513 -81.2 25.4651
      vertex -69.0278 -78.2 25.65
      vertex -69.1513 -78.2 25.4651
    endloop
  endfacet
  facet normal -0.831566 0 0.555426
    outer loop
      vertex -69.0278 -78.2 25.65
      vertex -69.1513 -81.2 25.4651
      vertex -69.0278 -81.2 25.65
    endloop
  endfacet
  facet normal -0.997872 0 -0.0652057
    outer loop
      vertex -68.8 -81.2 26.5
      vertex -68.8145 -78.2 26.7219
      vertex -68.8 -78.2 26.5
    endloop
  endfacet
  facet normal -0.997872 -0 -0.0652057
    outer loop
      vertex -68.8145 -78.2 26.7219
      vertex -68.8 -81.2 26.5
      vertex -68.8145 -81.2 26.7219
    endloop
  endfacet
  facet normal -0.321484 0 0.946915
    outer loop
      vertex -70.06 -78.2 24.8579
      vertex -69.8494 -81.2 24.9294
      vertex -69.8494 -78.2 24.9294
    endloop
  endfacet
  facet normal -0.321484 0 0.946915
    outer loop
      vertex -69.8494 -81.2 24.9294
      vertex -70.06 -78.2 24.8579
      vertex -70.06 -81.2 24.8579
    endloop
  endfacet
  facet normal -0.555426 0 0.831566
    outer loop
      vertex -69.65 -78.2 25.0278
      vertex -69.4651 -81.2 25.1513
      vertex -69.4651 -78.2 25.1513
    endloop
  endfacet
  facet normal -0.555426 0 0.831566
    outer loop
      vertex -69.4651 -81.2 25.1513
      vertex -69.65 -78.2 25.0278
      vertex -69.65 -81.2 25.0278
    endloop
  endfacet
  facet normal 0.195165 0 0.98077
    outer loop
      vertex -70.94 -81.2 24.8579
      vertex -70.7219 -81.6 24.8145
      vertex -70.7219 -81.2 24.8145
    endloop
  endfacet
  facet normal 0.195165 0 0.98077
    outer loop
      vertex -70.7219 -81.6 24.8145
      vertex -70.94 -81.2 24.8579
      vertex -70.94 -81.6 24.8579
    endloop
  endfacet
  facet normal 0.195165 0 0.98077
    outer loop
      vertex -70.94 -78.2 24.8579
      vertex -70.7219 -81.2 24.8145
      vertex -70.7219 -78.2 24.8145
    endloop
  endfacet
  facet normal 0.195165 0 0.98077
    outer loop
      vertex -70.7219 -81.2 24.8145
      vertex -70.94 -78.2 24.8579
      vertex -70.94 -81.2 24.8579
    endloop
  endfacet
  facet normal -0.659268 0 -0.751908
    outer loop
      vertex -69.4651 -81.2 27.8487
      vertex -69.2979 -78.2 27.7021
      vertex -69.2979 -81.2 27.7021
    endloop
  endfacet
  facet normal -0.659268 0 -0.751908
    outer loop
      vertex -69.2979 -78.2 27.7021
      vertex -69.4651 -81.2 27.8487
      vertex -69.4651 -78.2 27.8487
    endloop
  endfacet
  facet normal 0.896754 -0 0.44253
    outer loop
      vertex -72.0706 -81.6 25.8494
      vertex -71.9722 -81.2 25.65
      vertex -72.0706 -81.2 25.8494
    endloop
  endfacet
  facet normal 0.896754 0 0.44253
    outer loop
      vertex -71.9722 -81.2 25.65
      vertex -72.0706 -81.6 25.8494
      vertex -71.9722 -81.6 25.65
    endloop
  endfacet
  facet normal 0.896754 -0 0.44253
    outer loop
      vertex -72.0706 -81.2 25.8494
      vertex -71.9722 -78.2 25.65
      vertex -72.0706 -78.2 25.8494
    endloop
  endfacet
  facet normal 0.896754 0 0.44253
    outer loop
      vertex -71.9722 -78.2 25.65
      vertex -72.0706 -81.2 25.8494
      vertex -71.9722 -81.2 25.65
    endloop
  endfacet
  facet normal -0.98077 0 -0.195165
    outer loop
      vertex -68.8145 -81.2 26.7219
      vertex -68.8579 -78.2 26.94
      vertex -68.8145 -78.2 26.7219
    endloop
  endfacet
  facet normal -0.98077 -0 -0.195165
    outer loop
      vertex -68.8579 -78.2 26.94
      vertex -68.8145 -81.2 26.7219
      vertex -68.8579 -81.2 26.94
    endloop
  endfacet
  facet normal -0.195165 0 -0.98077
    outer loop
      vertex -70.2781 -81.2 28.1855
      vertex -70.06 -78.2 28.1421
      vertex -70.06 -81.2 28.1421
    endloop
  endfacet
  facet normal -0.195165 0 -0.98077
    outer loop
      vertex -70.06 -78.2 28.1421
      vertex -70.2781 -81.2 28.1855
      vertex -70.2781 -78.2 28.1855
    endloop
  endfacet
  facet normal 0.659268 0 -0.751908
    outer loop
      vertex -71.7021 -81.6 27.7021
      vertex -71.5349 -81.2 27.8487
      vertex -71.5349 -81.6 27.8487
    endloop
  endfacet
  facet normal 0.659268 0 -0.751908
    outer loop
      vertex -71.5349 -81.2 27.8487
      vertex -71.7021 -81.6 27.7021
      vertex -71.7021 -81.2 27.7021
    endloop
  endfacet
  facet normal 0.659268 0 -0.751908
    outer loop
      vertex -71.7021 -81.2 27.7021
      vertex -71.5349 -78.2 27.8487
      vertex -71.5349 -81.2 27.8487
    endloop
  endfacet
  facet normal 0.659268 0 -0.751908
    outer loop
      vertex -71.5349 -78.2 27.8487
      vertex -71.7021 -81.2 27.7021
      vertex -71.7021 -78.2 27.7021
    endloop
  endfacet
  facet normal 0.751908 0 -0.659268
    outer loop
      vertex -71.7021 -81.6 27.7021
      vertex -71.8487 -81.2 27.5349
      vertex -71.7021 -81.2 27.7021
    endloop
  endfacet
  facet normal 0.751908 0 -0.659268
    outer loop
      vertex -71.8487 -81.2 27.5349
      vertex -71.7021 -81.6 27.7021
      vertex -71.8487 -81.6 27.5349
    endloop
  endfacet
  facet normal 0.751908 0 -0.659268
    outer loop
      vertex -71.7021 -81.2 27.7021
      vertex -71.8487 -78.2 27.5349
      vertex -71.7021 -78.2 27.7021
    endloop
  endfacet
  facet normal 0.751908 0 -0.659268
    outer loop
      vertex -71.8487 -78.2 27.5349
      vertex -71.7021 -81.2 27.7021
      vertex -71.8487 -81.2 27.5349
    endloop
  endfacet
  facet normal -0.0652057 0 0.997872
    outer loop
      vertex -70.5 -78.2 24.8
      vertex -70.2781 -81.2 24.8145
      vertex -70.2781 -78.2 24.8145
    endloop
  endfacet
  facet normal -0.0652057 0 0.997872
    outer loop
      vertex -70.2781 -81.2 24.8145
      vertex -70.5 -78.2 24.8
      vertex -70.5 -81.2 24.8
    endloop
  endfacet
  facet normal -0.44253 0 0.896754
    outer loop
      vertex -69.8494 -78.2 24.9294
      vertex -69.65 -81.2 25.0278
      vertex -69.65 -78.2 25.0278
    endloop
  endfacet
  facet normal -0.44253 0 0.896754
    outer loop
      vertex -69.65 -81.2 25.0278
      vertex -69.8494 -78.2 24.9294
      vertex -69.8494 -81.2 24.9294
    endloop
  endfacet
  facet normal -0.831566 0 -0.555426
    outer loop
      vertex -69.0278 -81.2 27.35
      vertex -69.1513 -78.2 27.5349
      vertex -69.0278 -78.2 27.35
    endloop
  endfacet
  facet normal -0.831566 -0 -0.555426
    outer loop
      vertex -69.1513 -78.2 27.5349
      vertex -69.0278 -81.2 27.35
      vertex -69.1513 -81.2 27.5349
    endloop
  endfacet
  facet normal 0.997872 0 -0.0652057
    outer loop
      vertex -72.1855 -81.6 26.7219
      vertex -72.2 -81.2 26.5
      vertex -72.1855 -81.2 26.7219
    endloop
  endfacet
  facet normal 0.997872 0 -0.0652057
    outer loop
      vertex -72.2 -81.2 26.5
      vertex -72.1855 -81.6 26.7219
      vertex -72.2 -81.6 26.5
    endloop
  endfacet
  facet normal 0.997872 0 -0.0652057
    outer loop
      vertex -72.1855 -81.2 26.7219
      vertex -72.2 -78.2 26.5
      vertex -72.1855 -78.2 26.7219
    endloop
  endfacet
  facet normal 0.997872 0 -0.0652057
    outer loop
      vertex -72.2 -78.2 26.5
      vertex -72.1855 -81.2 26.7219
      vertex -72.2 -81.2 26.5
    endloop
  endfacet
  facet normal -0.44253 0 -0.896754
    outer loop
      vertex -69.8494 -81.2 28.0706
      vertex -69.65 -78.2 27.9722
      vertex -69.65 -81.2 27.9722
    endloop
  endfacet
  facet normal -0.44253 0 -0.896754
    outer loop
      vertex -69.65 -78.2 27.9722
      vertex -69.8494 -81.2 28.0706
      vertex -69.8494 -78.2 28.0706
    endloop
  endfacet
  facet normal 0.98077 -0 0.195165
    outer loop
      vertex -72.1855 -81.6 26.2781
      vertex -72.1421 -81.2 26.06
      vertex -72.1855 -81.2 26.2781
    endloop
  endfacet
  facet normal 0.98077 0 0.195165
    outer loop
      vertex -72.1421 -81.2 26.06
      vertex -72.1855 -81.6 26.2781
      vertex -72.1421 -81.6 26.06
    endloop
  endfacet
  facet normal 0.98077 -0 0.195165
    outer loop
      vertex -72.1855 -81.2 26.2781
      vertex -72.1421 -78.2 26.06
      vertex -72.1855 -78.2 26.2781
    endloop
  endfacet
  facet normal 0.98077 0 0.195165
    outer loop
      vertex -72.1421 -78.2 26.06
      vertex -72.1855 -81.2 26.2781
      vertex -72.1421 -81.2 26.06
    endloop
  endfacet
  facet normal 0.896754 0 -0.44253
    outer loop
      vertex -71.9722 -81.6 27.35
      vertex -72.0706 -81.2 27.1506
      vertex -71.9722 -81.2 27.35
    endloop
  endfacet
  facet normal 0.896754 0 -0.44253
    outer loop
      vertex -72.0706 -81.2 27.1506
      vertex -71.9722 -81.6 27.35
      vertex -72.0706 -81.6 27.1506
    endloop
  endfacet
  facet normal 0.896754 0 -0.44253
    outer loop
      vertex -71.9722 -81.2 27.35
      vertex -72.0706 -78.2 27.1506
      vertex -71.9722 -78.2 27.35
    endloop
  endfacet
  facet normal 0.896754 0 -0.44253
    outer loop
      vertex -72.0706 -78.2 27.1506
      vertex -71.9722 -81.2 27.35
      vertex -72.0706 -81.2 27.1506
    endloop
  endfacet
  facet normal 0.946915 -0 0.321484
    outer loop
      vertex -72.1421 -81.6 26.06
      vertex -72.0706 -81.2 25.8494
      vertex -72.1421 -81.2 26.06
    endloop
  endfacet
  facet normal 0.946915 0 0.321484
    outer loop
      vertex -72.0706 -81.2 25.8494
      vertex -72.1421 -81.6 26.06
      vertex -72.0706 -81.6 25.8494
    endloop
  endfacet
  facet normal 0.946915 -0 0.321484
    outer loop
      vertex -72.1421 -81.2 26.06
      vertex -72.0706 -78.2 25.8494
      vertex -72.1421 -78.2 26.06
    endloop
  endfacet
  facet normal 0.946915 0 0.321484
    outer loop
      vertex -72.0706 -78.2 25.8494
      vertex -72.1421 -81.2 26.06
      vertex -72.0706 -81.2 25.8494
    endloop
  endfacet
  facet normal 0.555426 0 0.831566
    outer loop
      vertex -71.5349 -81.2 25.1513
      vertex -71.35 -81.6 25.0278
      vertex -71.35 -81.2 25.0278
    endloop
  endfacet
  facet normal 0.555426 0 0.831566
    outer loop
      vertex -71.35 -81.6 25.0278
      vertex -71.5349 -81.2 25.1513
      vertex -71.5349 -81.6 25.1513
    endloop
  endfacet
  facet normal 0.555426 0 0.831566
    outer loop
      vertex -71.5349 -78.2 25.1513
      vertex -71.35 -81.2 25.0278
      vertex -71.35 -78.2 25.0278
    endloop
  endfacet
  facet normal 0.555426 0 0.831566
    outer loop
      vertex -71.35 -81.2 25.0278
      vertex -71.5349 -78.2 25.1513
      vertex -71.5349 -81.2 25.1513
    endloop
  endfacet
  facet normal -0.896754 0 0.44253
    outer loop
      vertex -69.0278 -81.2 25.65
      vertex -68.9294 -78.2 25.8494
      vertex -69.0278 -78.2 25.65
    endloop
  endfacet
  facet normal -0.896754 0 0.44253
    outer loop
      vertex -68.9294 -78.2 25.8494
      vertex -69.0278 -81.2 25.65
      vertex -68.9294 -81.2 25.8494
    endloop
  endfacet
  facet normal 0.997872 -0 0.0652057
    outer loop
      vertex -72.2 -81.6 26.5
      vertex -72.1855 -81.2 26.2781
      vertex -72.2 -81.2 26.5
    endloop
  endfacet
  facet normal 0.997872 0 0.0652057
    outer loop
      vertex -72.1855 -81.2 26.2781
      vertex -72.2 -81.6 26.5
      vertex -72.1855 -81.6 26.2781
    endloop
  endfacet
  facet normal 0.997872 -0 0.0652057
    outer loop
      vertex -72.2 -81.2 26.5
      vertex -72.1855 -78.2 26.2781
      vertex -72.2 -78.2 26.5
    endloop
  endfacet
  facet normal 0.997872 0 0.0652057
    outer loop
      vertex -72.1855 -78.2 26.2781
      vertex -72.2 -81.2 26.5
      vertex -72.1855 -81.2 26.2781
    endloop
  endfacet
  facet normal 0.321484 0 -0.946915
    outer loop
      vertex -71.1506 -81.6 28.0706
      vertex -70.94 -81.2 28.1421
      vertex -70.94 -81.6 28.1421
    endloop
  endfacet
  facet normal 0.321484 0 -0.946915
    outer loop
      vertex -70.94 -81.2 28.1421
      vertex -71.1506 -81.6 28.0706
      vertex -71.1506 -81.2 28.0706
    endloop
  endfacet
  facet normal 0.321484 0 -0.946915
    outer loop
      vertex -71.1506 -81.2 28.0706
      vertex -70.94 -78.2 28.1421
      vertex -70.94 -81.2 28.1421
    endloop
  endfacet
  facet normal 0.321484 0 -0.946915
    outer loop
      vertex -70.94 -78.2 28.1421
      vertex -71.1506 -81.2 28.0706
      vertex -71.1506 -78.2 28.0706
    endloop
  endfacet
  facet normal 0.44253 0 0.896754
    outer loop
      vertex -71.35 -81.2 25.0278
      vertex -71.1506 -81.6 24.9294
      vertex -71.1506 -81.2 24.9294
    endloop
  endfacet
  facet normal 0.44253 0 0.896754
    outer loop
      vertex -71.1506 -81.6 24.9294
      vertex -71.35 -81.2 25.0278
      vertex -71.35 -81.6 25.0278
    endloop
  endfacet
  facet normal 0.44253 0 0.896754
    outer loop
      vertex -71.35 -78.2 25.0278
      vertex -71.1506 -81.2 24.9294
      vertex -71.1506 -78.2 24.9294
    endloop
  endfacet
  facet normal 0.44253 0 0.896754
    outer loop
      vertex -71.1506 -81.2 24.9294
      vertex -71.35 -78.2 25.0278
      vertex -71.35 -81.2 25.0278
    endloop
  endfacet
  facet normal 0.831566 -0 0.555426
    outer loop
      vertex -71.9722 -81.6 25.65
      vertex -71.8487 -81.2 25.4651
      vertex -71.9722 -81.2 25.65
    endloop
  endfacet
  facet normal 0.831566 0 0.555426
    outer loop
      vertex -71.8487 -81.2 25.4651
      vertex -71.9722 -81.6 25.65
      vertex -71.8487 -81.6 25.4651
    endloop
  endfacet
  facet normal 0.831566 -0 0.555426
    outer loop
      vertex -71.9722 -81.2 25.65
      vertex -71.8487 -78.2 25.4651
      vertex -71.9722 -78.2 25.65
    endloop
  endfacet
  facet normal 0.831566 0 0.555426
    outer loop
      vertex -71.8487 -78.2 25.4651
      vertex -71.9722 -81.2 25.65
      vertex -71.8487 -81.2 25.4651
    endloop
  endfacet
  facet normal 0.555426 0 -0.831566
    outer loop
      vertex -71.5349 -81.6 27.8487
      vertex -71.35 -81.2 27.9722
      vertex -71.35 -81.6 27.9722
    endloop
  endfacet
  facet normal 0.555426 0 -0.831566
    outer loop
      vertex -71.35 -81.2 27.9722
      vertex -71.5349 -81.6 27.8487
      vertex -71.5349 -81.2 27.8487
    endloop
  endfacet
  facet normal 0.555426 0 -0.831566
    outer loop
      vertex -71.5349 -81.2 27.8487
      vertex -71.35 -78.2 27.9722
      vertex -71.35 -81.2 27.9722
    endloop
  endfacet
  facet normal 0.555426 0 -0.831566
    outer loop
      vertex -71.35 -78.2 27.9722
      vertex -71.5349 -81.2 27.8487
      vertex -71.5349 -78.2 27.8487
    endloop
  endfacet
  facet normal 0.793072 -0.606686 -0.0544859
    outer loop
      vertex -73.3994 -83.2 26.8685
      vertex -72.1855 -81.6 26.7219
      vertex -73.3985 -83.2 26.8816
    endloop
  endfacet
  facet normal 0.793302 -0.606618 -0.0518381
    outer loop
      vertex -72.1855 -81.6 26.7219
      vertex -73.3994 -83.2 26.8685
      vertex -72.2 -81.6 26.5
    endloop
  endfacet
  facet normal 0.0518381 -0.606618 -0.793302
    outer loop
      vertex -70.8685 -83.2 29.3994
      vertex -70.7219 -81.6 28.1855
      vertex -70.5 -81.6 28.2
    endloop
  endfacet
  facet normal 0.0544859 -0.606686 -0.793072
    outer loop
      vertex -70.7219 -81.6 28.1855
      vertex -70.8685 -83.2 29.3994
      vertex -70.8816 -83.2 29.3985
    endloop
  endfacet
  facet normal 0.712945 -0.606623 0.351737
    outer loop
      vertex -73.0376 -83.2 25.05
      vertex -72.0706 -81.6 25.8494
      vertex -73.201 -83.2 25.3812
    endloop
  endfacet
  facet normal 0.793295 -0.606623 -0.0518817
    outer loop
      vertex -72.2 -81.6 26.5
      vertex -73.3994 -83.2 26.8685
      vertex -73.4235 -83.2 26.5
    endloop
  endfacet
  facet normal 0.597759 -0.606622 0.524112
    outer loop
      vertex -72.5759 -83.2 24.4426
      vertex -71.7021 -81.6 25.2979
      vertex -71.8487 -81.6 25.4651
    endloop
  endfacet
  facet normal 0.594448 -0.606744 0.527724
    outer loop
      vertex -71.7021 -81.6 25.2979
      vertex -72.5759 -83.2 24.4426
      vertex -72.5672 -83.2 24.4328
    endloop
  endfacet
  facet normal 0.780009 -0.606941 -0.152345
    outer loop
      vertex -73.3985 -83.2 26.8816
      vertex -72.1421 -81.6 26.94
      vertex -73.396 -83.2 26.8944
    endloop
  endfacet
  facet normal 0.779714 -0.606607 -0.155156
    outer loop
      vertex -72.1421 -81.6 26.94
      vertex -73.3985 -83.2 26.8816
      vertex -72.1855 -81.6 26.7219
    endloop
  endfacet
  facet normal 0.527724 -0.606744 -0.594448
    outer loop
      vertex -71.7021 -81.6 27.7021
      vertex -72.5574 -83.2 28.5759
      vertex -72.5672 -83.2 28.5672
    endloop
  endfacet
  facet normal 0.524112 -0.606622 -0.597759
    outer loop
      vertex -72.5574 -83.2 28.5759
      vertex -71.7021 -81.6 27.7021
      vertex -71.5349 -81.6 27.8487
    endloop
  endfacet
  facet normal 0.0518817 -0.606623 -0.793295
    outer loop
      vertex -70.5 -81.6 28.2
      vertex -70.5 -83.2 29.4235
      vertex -70.8685 -83.2 29.3994
    endloop
  endfacet
  facet normal 0.752806 -0.60662 0.255528
    outer loop
      vertex -73.2052 -83.2 25.3936
      vertex -72.1421 -81.6 26.06
      vertex -73.3239 -83.2 25.7433
    endloop
  endfacet
  facet normal 0.524128 -0.606625 -0.597743
    outer loop
      vertex -71.5349 -81.6 27.8487
      vertex -72.2797 -83.2 28.8194
      vertex -72.5574 -83.2 28.5759
    endloop
  endfacet
  facet normal 0.779702 -0.60662 -0.155166
    outer loop
      vertex -72.1421 -81.6 26.94
      vertex -73.3239 -83.2 27.2567
      vertex -73.396 -83.2 26.8944
    endloop
  endfacet
  facet normal 0.255575 -0.606626 0.752786
    outer loop
      vertex -71.1506 -81.6 24.9294
      vertex -71.6064 -83.2 23.7948
      vertex -70.94 -81.6 24.8579
    endloop
  endfacet
  facet normal 0.255041 -0.606611 0.752979
    outer loop
      vertex -71.6064 -83.2 23.7948
      vertex -71.1506 -81.6 24.9294
      vertex -71.6188 -83.2 23.799
    endloop
  endfacet
  facet normal 0.658952 -0.606134 -0.445403
    outer loop
      vertex -73.0319 -83.2 27.9618
      vertex -71.8487 -81.6 27.5349
      vertex -73.0246 -83.2 27.9726
    endloop
  endfacet
  facet normal 0.661061 -0.606663 -0.441541
    outer loop
      vertex -71.8487 -81.6 27.5349
      vertex -73.0319 -83.2 27.9618
      vertex -71.9722 -81.6 27.35
    endloop
  endfacet
  facet normal 0.0518817 -0.606623 0.793295
    outer loop
      vertex -70.5 -83.2 23.5765
      vertex -70.5 -81.6 24.8
      vertex -70.8685 -83.2 23.6006
    endloop
  endfacet
  facet normal 0.155156 -0.606607 0.779714
    outer loop
      vertex -70.94 -81.6 24.8579
      vertex -70.8816 -83.2 23.6015
      vertex -70.7219 -81.6 24.8145
    endloop
  endfacet
  facet normal 0.152345 -0.606941 0.780009
    outer loop
      vertex -70.8816 -83.2 23.6015
      vertex -70.94 -81.6 24.8579
      vertex -70.8944 -83.2 23.604
    endloop
  endfacet
  facet normal 0.351804 -0.606631 0.712904
    outer loop
      vertex -71.35 -81.6 25.0278
      vertex -71.95 -83.2 23.9624
      vertex -71.1506 -81.6 24.9294
    endloop
  endfacet
  facet normal 0.345851 -0.606442 0.715972
    outer loop
      vertex -71.95 -83.2 23.9624
      vertex -71.35 -81.6 25.0278
      vertex -71.9618 -83.2 23.9681
    endloop
  endfacet
  facet normal 0.661007 -0.606624 0.441675
    outer loop
      vertex -72.8194 -83.2 24.7203
      vertex -71.8487 -81.6 25.4651
      vertex -73.0246 -83.2 25.0274
    endloop
  endfacet
  facet normal 0.255528 -0.60662 0.752806
    outer loop
      vertex -71.2567 -83.2 23.6761
      vertex -70.94 -81.6 24.8579
      vertex -71.6064 -83.2 23.7948
    endloop
  endfacet
  facet normal 0.752786 -0.606626 0.255575
    outer loop
      vertex -73.2052 -83.2 25.3936
      vertex -72.0706 -81.6 25.8494
      vertex -72.1421 -81.6 26.06
    endloop
  endfacet
  facet normal 0.752979 -0.606611 0.255041
    outer loop
      vertex -72.0706 -81.6 25.8494
      vertex -73.2052 -83.2 25.3936
      vertex -73.201 -83.2 25.3812
    endloop
  endfacet
  facet normal 0.441541 -0.606663 0.661061
    outer loop
      vertex -71.5349 -81.6 25.1513
      vertex -71.9618 -83.2 23.9681
      vertex -71.35 -81.6 25.0278
    endloop
  endfacet
  facet normal 0.445403 -0.606134 0.658952
    outer loop
      vertex -71.9618 -83.2 23.9681
      vertex -71.5349 -81.6 25.1513
      vertex -71.9726 -83.2 23.9754
    endloop
  endfacet
  facet normal 0.441675 -0.606624 0.661007
    outer loop
      vertex -71.9726 -83.2 23.9754
      vertex -71.5349 -81.6 25.1513
      vertex -72.2797 -83.2 24.1806
    endloop
  endfacet
  facet normal 0.779702 -0.60662 0.155166
    outer loop
      vertex -73.3239 -83.2 25.7433
      vertex -72.1421 -81.6 26.06
      vertex -73.396 -83.2 26.1056
    endloop
  endfacet
  facet normal 0.255528 -0.60662 -0.752806
    outer loop
      vertex -70.94 -81.6 28.1421
      vertex -71.2567 -83.2 29.3239
      vertex -71.6064 -83.2 29.2052
    endloop
  endfacet
  facet normal 0.524128 -0.606625 0.597743
    outer loop
      vertex -72.2797 -83.2 24.1806
      vertex -71.5349 -81.6 25.1513
      vertex -72.5574 -83.2 24.4241
    endloop
  endfacet
  facet normal 0.441541 -0.606663 -0.661061
    outer loop
      vertex -71.9618 -83.2 29.0319
      vertex -71.5349 -81.6 27.8487
      vertex -71.35 -81.6 27.9722
    endloop
  endfacet
  facet normal 0.445403 -0.606134 -0.658952
    outer loop
      vertex -71.5349 -81.6 27.8487
      vertex -71.9618 -83.2 29.0319
      vertex -71.9726 -83.2 29.0246
    endloop
  endfacet
  facet normal 0.752806 -0.60662 -0.255528
    outer loop
      vertex -72.1421 -81.6 26.94
      vertex -73.2052 -83.2 27.6064
      vertex -73.3239 -83.2 27.2567
    endloop
  endfacet
  facet normal 0.351737 -0.606623 -0.712945
    outer loop
      vertex -71.1506 -81.6 28.0706
      vertex -71.6188 -83.2 29.201
      vertex -71.95 -83.2 29.0376
    endloop
  endfacet
  facet normal 0.527724 -0.606744 0.594448
    outer loop
      vertex -72.5574 -83.2 24.4241
      vertex -71.7021 -81.6 25.2979
      vertex -72.5672 -83.2 24.4328
    endloop
  endfacet
  facet normal 0.524112 -0.606622 0.597759
    outer loop
      vertex -71.7021 -81.6 25.2979
      vertex -72.5574 -83.2 24.4241
      vertex -71.5349 -81.6 25.1513
    endloop
  endfacet
  facet normal 0.597743 -0.606625 0.524128
    outer loop
      vertex -72.5759 -83.2 24.4426
      vertex -71.8487 -81.6 25.4651
      vertex -72.8194 -83.2 24.7203
    endloop
  endfacet
  facet normal 0.152345 -0.606941 -0.780009
    outer loop
      vertex -70.94 -81.6 28.1421
      vertex -70.8816 -83.2 29.3985
      vertex -70.8944 -83.2 29.396
    endloop
  endfacet
  facet normal 0.155156 -0.606607 -0.779714
    outer loop
      vertex -70.8816 -83.2 29.3985
      vertex -70.94 -81.6 28.1421
      vertex -70.7219 -81.6 28.1855
    endloop
  endfacet
  facet normal 0.793302 -0.606618 0.0518381
    outer loop
      vertex -73.3994 -83.2 26.1315
      vertex -72.1855 -81.6 26.2781
      vertex -72.2 -81.6 26.5
    endloop
  endfacet
  facet normal 0.793072 -0.606686 0.0544859
    outer loop
      vertex -72.1855 -81.6 26.2781
      vertex -73.3994 -83.2 26.1315
      vertex -73.3985 -83.2 26.1184
    endloop
  endfacet
  facet normal 0.255575 -0.606626 -0.752786
    outer loop
      vertex -71.6064 -83.2 29.2052
      vertex -71.1506 -81.6 28.0706
      vertex -70.94 -81.6 28.1421
    endloop
  endfacet
  facet normal 0.255041 -0.606611 -0.752979
    outer loop
      vertex -71.1506 -81.6 28.0706
      vertex -71.6064 -83.2 29.2052
      vertex -71.6188 -83.2 29.201
    endloop
  endfacet
  facet normal 0.155166 -0.60662 0.779702
    outer loop
      vertex -70.8944 -83.2 23.604
      vertex -70.94 -81.6 24.8579
      vertex -71.2567 -83.2 23.6761
    endloop
  endfacet
  facet normal 0.155166 -0.60662 -0.779702
    outer loop
      vertex -70.94 -81.6 28.1421
      vertex -70.8944 -83.2 29.396
      vertex -71.2567 -83.2 29.3239
    endloop
  endfacet
  facet normal 0.793295 -0.606623 0.0518817
    outer loop
      vertex -73.3994 -83.2 26.1315
      vertex -72.2 -81.6 26.5
      vertex -73.4235 -83.2 26.5
    endloop
  endfacet
  facet normal 0.715972 -0.606442 -0.345851
    outer loop
      vertex -73.0376 -83.2 27.95
      vertex -71.9722 -81.6 27.35
      vertex -73.0319 -83.2 27.9618
    endloop
  endfacet
  facet normal 0.712904 -0.606631 -0.351804
    outer loop
      vertex -71.9722 -81.6 27.35
      vertex -73.0376 -83.2 27.95
      vertex -72.0706 -81.6 27.1506
    endloop
  endfacet
  facet normal 0.779714 -0.606607 0.155156
    outer loop
      vertex -73.3985 -83.2 26.1184
      vertex -72.1421 -81.6 26.06
      vertex -72.1855 -81.6 26.2781
    endloop
  endfacet
  facet normal 0.780009 -0.606941 0.152345
    outer loop
      vertex -72.1421 -81.6 26.06
      vertex -73.3985 -83.2 26.1184
      vertex -73.396 -83.2 26.1056
    endloop
  endfacet
  facet normal 0.351804 -0.606631 -0.712904
    outer loop
      vertex -71.95 -83.2 29.0376
      vertex -71.35 -81.6 27.9722
      vertex -71.1506 -81.6 28.0706
    endloop
  endfacet
  facet normal 0.345851 -0.606442 -0.715972
    outer loop
      vertex -71.35 -81.6 27.9722
      vertex -71.95 -83.2 29.0376
      vertex -71.9618 -83.2 29.0319
    endloop
  endfacet
  facet normal 0.441675 -0.606624 -0.661007
    outer loop
      vertex -71.5349 -81.6 27.8487
      vertex -71.9726 -83.2 29.0246
      vertex -72.2797 -83.2 28.8194
    endloop
  endfacet
  facet normal 0.661061 -0.606663 0.441541
    outer loop
      vertex -73.0319 -83.2 25.0382
      vertex -71.8487 -81.6 25.4651
      vertex -71.9722 -81.6 25.65
    endloop
  endfacet
  facet normal 0.658952 -0.606134 0.445403
    outer loop
      vertex -71.8487 -81.6 25.4651
      vertex -73.0319 -83.2 25.0382
      vertex -73.0246 -83.2 25.0274
    endloop
  endfacet
  facet normal 0.712904 -0.606631 0.351804
    outer loop
      vertex -73.0376 -83.2 25.05
      vertex -71.9722 -81.6 25.65
      vertex -72.0706 -81.6 25.8494
    endloop
  endfacet
  facet normal 0.715972 -0.606442 0.345851
    outer loop
      vertex -71.9722 -81.6 25.65
      vertex -73.0376 -83.2 25.05
      vertex -73.0319 -83.2 25.0382
    endloop
  endfacet
  facet normal 0.752979 -0.606611 -0.255041
    outer loop
      vertex -73.2052 -83.2 27.6064
      vertex -72.0706 -81.6 27.1506
      vertex -73.201 -83.2 27.6188
    endloop
  endfacet
  facet normal 0.752786 -0.606626 -0.255575
    outer loop
      vertex -72.0706 -81.6 27.1506
      vertex -73.2052 -83.2 27.6064
      vertex -72.1421 -81.6 26.94
    endloop
  endfacet
  facet normal 0.712945 -0.606623 -0.351737
    outer loop
      vertex -72.0706 -81.6 27.1506
      vertex -73.0376 -83.2 27.95
      vertex -73.201 -83.2 27.6188
    endloop
  endfacet
  facet normal 0.661007 -0.606624 -0.441675
    outer loop
      vertex -71.8487 -81.6 27.5349
      vertex -72.8194 -83.2 28.2797
      vertex -73.0246 -83.2 27.9726
    endloop
  endfacet
  facet normal 0.351737 -0.606623 0.712945
    outer loop
      vertex -71.6188 -83.2 23.799
      vertex -71.1506 -81.6 24.9294
      vertex -71.95 -83.2 23.9624
    endloop
  endfacet
  facet normal 0.0518381 -0.606618 0.793302
    outer loop
      vertex -70.7219 -81.6 24.8145
      vertex -70.8685 -83.2 23.6006
      vertex -70.5 -81.6 24.8
    endloop
  endfacet
  facet normal 0.0544859 -0.606686 0.793072
    outer loop
      vertex -70.8685 -83.2 23.6006
      vertex -70.7219 -81.6 24.8145
      vertex -70.8816 -83.2 23.6015
    endloop
  endfacet
  facet normal 0.597743 -0.606625 -0.524128
    outer loop
      vertex -71.8487 -81.6 27.5349
      vertex -72.5759 -83.2 28.5574
      vertex -72.8194 -83.2 28.2797
    endloop
  endfacet
  facet normal 0.594448 -0.606744 -0.527724
    outer loop
      vertex -72.5759 -83.2 28.5574
      vertex -71.7021 -81.6 27.7021
      vertex -72.5672 -83.2 28.5672
    endloop
  endfacet
  facet normal 0.597759 -0.606622 -0.524112
    outer loop
      vertex -71.7021 -81.6 27.7021
      vertex -72.5759 -83.2 28.5574
      vertex -71.8487 -81.6 27.5349
    endloop
  endfacet
  facet normal -0.980769 0 0.195173
    outer loop
      vertex 72.1421 -81.6 6.56001
      vertex 72.1855 -81.2 6.7781
      vertex 72.1421 -81.2 6.56001
    endloop
  endfacet
  facet normal -0.980769 0 0.195173
    outer loop
      vertex 72.1855 -81.2 6.7781
      vertex 72.1421 -81.6 6.56001
      vertex 72.1855 -81.6 6.7781
    endloop
  endfacet
  facet normal -0.980769 0 0.195173
    outer loop
      vertex 72.1421 -81.2 6.56001
      vertex 72.1855 -78.2 6.7781
      vertex 72.1421 -78.2 6.56001
    endloop
  endfacet
  facet normal -0.980769 0 0.195173
    outer loop
      vertex 72.1855 -78.2 6.7781
      vertex 72.1421 -81.2 6.56001
      vertex 72.1855 -81.2 6.7781
    endloop
  endfacet
  facet normal -0.997872 0 0.0652057
    outer loop
      vertex 72.1855 -81.6 6.7781
      vertex 72.2 -81.2 7
      vertex 72.1855 -81.2 6.7781
    endloop
  endfacet
  facet normal -0.997872 0 0.0652057
    outer loop
      vertex 72.2 -81.2 7
      vertex 72.1855 -81.6 6.7781
      vertex 72.2 -81.6 7
    endloop
  endfacet
  facet normal -0.997872 0 0.0652057
    outer loop
      vertex 72.1855 -81.2 6.7781
      vertex 72.2 -78.2 7
      vertex 72.1855 -78.2 6.7781
    endloop
  endfacet
  facet normal -0.997872 0 0.0652057
    outer loop
      vertex 72.2 -78.2 7
      vertex 72.1855 -81.2 6.7781
      vertex 72.2 -81.2 7
    endloop
  endfacet
  facet normal -0.0653848 0 -0.99786
    outer loop
      vertex 70.5 -81.6 8.7
      vertex 70.7219 -81.2 8.68546
      vertex 70.7219 -81.6 8.68546
    endloop
  endfacet
  facet normal -0.0653848 0 -0.99786
    outer loop
      vertex 70.7219 -81.2 8.68546
      vertex 70.5 -81.6 8.7
      vertex 70.5 -81.2 8.7
    endloop
  endfacet
  facet normal -0.0653848 0 -0.99786
    outer loop
      vertex 70.5 -81.2 8.7
      vertex 70.7219 -78.2 8.68546
      vertex 70.7219 -81.2 8.68546
    endloop
  endfacet
  facet normal -0.0653848 0 -0.99786
    outer loop
      vertex 70.7219 -78.2 8.68546
      vertex 70.5 -81.2 8.7
      vertex 70.5 -78.2 8.7
    endloop
  endfacet
  facet normal 0.659319 0 0.751863
    outer loop
      vertex 69.2979 -78.2 5.79792
      vertex 69.4651 -81.2 5.6513
      vertex 69.4651 -78.2 5.6513
    endloop
  endfacet
  facet normal 0.659319 0 0.751863
    outer loop
      vertex 69.4651 -81.2 5.6513
      vertex 69.2979 -78.2 5.79792
      vertex 69.2979 -81.2 5.79792
    endloop
  endfacet
  facet normal 0.831552 0 -0.555447
    outer loop
      vertex 69.1513 -81.2 8.03489
      vertex 69.0278 -78.2 7.85
      vertex 69.1513 -78.2 8.03489
    endloop
  endfacet
  facet normal 0.831552 0 -0.555447
    outer loop
      vertex 69.0278 -78.2 7.85
      vertex 69.1513 -81.2 8.03489
      vertex 69.0278 -81.2 7.85
    endloop
  endfacet
  facet normal 0.195122 0 -0.980779
    outer loop
      vertex 70.06 -81.2 8.64207
      vertex 70.2781 -78.2 8.68546
      vertex 70.2781 -81.2 8.68546
    endloop
  endfacet
  facet normal 0.195122 0 -0.980779
    outer loop
      vertex 70.2781 -78.2 8.68546
      vertex 70.06 -81.2 8.64207
      vertex 70.06 -78.2 8.64207
    endloop
  endfacet
  facet normal -0.659319 0 0.751863
    outer loop
      vertex 71.5349 -81.2 5.6513
      vertex 71.7021 -81.6 5.79792
      vertex 71.7021 -81.2 5.79792
    endloop
  endfacet
  facet normal -0.659319 0 0.751863
    outer loop
      vertex 71.7021 -81.6 5.79792
      vertex 71.5349 -81.2 5.6513
      vertex 71.5349 -81.6 5.6513
    endloop
  endfacet
  facet normal -0.659319 0 0.751863
    outer loop
      vertex 71.5349 -78.2 5.6513
      vertex 71.7021 -81.2 5.79792
      vertex 71.7021 -78.2 5.79792
    endloop
  endfacet
  facet normal -0.659319 0 0.751863
    outer loop
      vertex 71.7021 -81.2 5.79792
      vertex 71.5349 -78.2 5.6513
      vertex 71.5349 -81.2 5.6513
    endloop
  endfacet
  facet normal -0.946901 0 -0.321525
    outer loop
      vertex 72.1421 -81.6 7.43999
      vertex 72.0706 -81.2 7.65056
      vertex 72.1421 -81.2 7.43999
    endloop
  endfacet
  facet normal -0.946901 -0 -0.321525
    outer loop
      vertex 72.0706 -81.2 7.65056
      vertex 72.1421 -81.6 7.43999
      vertex 72.0706 -81.6 7.65056
    endloop
  endfacet
  facet normal -0.946901 0 -0.321525
    outer loop
      vertex 72.1421 -81.2 7.43999
      vertex 72.0706 -78.2 7.65056
      vertex 72.1421 -78.2 7.43999
    endloop
  endfacet
  facet normal -0.946901 -0 -0.321525
    outer loop
      vertex 72.0706 -78.2 7.65056
      vertex 72.1421 -81.2 7.43999
      vertex 72.0706 -81.2 7.65056
    endloop
  endfacet
  facet normal -0.751888 0 -0.659291
    outer loop
      vertex 71.8487 -81.6 8.03489
      vertex 71.7021 -81.2 8.20208
      vertex 71.8487 -81.2 8.03489
    endloop
  endfacet
  facet normal -0.751888 -0 -0.659291
    outer loop
      vertex 71.7021 -81.2 8.20208
      vertex 71.8487 -81.6 8.03489
      vertex 71.7021 -81.6 8.20208
    endloop
  endfacet
  facet normal -0.751888 0 -0.659291
    outer loop
      vertex 71.8487 -81.2 8.03489
      vertex 71.7021 -78.2 8.20208
      vertex 71.8487 -78.2 8.03489
    endloop
  endfacet
  facet normal -0.751888 -0 -0.659291
    outer loop
      vertex 71.7021 -78.2 8.20208
      vertex 71.8487 -81.2 8.03489
      vertex 71.7021 -81.2 8.20208
    endloop
  endfacet
  facet normal -0.751888 0 0.659291
    outer loop
      vertex 71.7021 -81.6 5.79792
      vertex 71.8487 -81.2 5.96511
      vertex 71.7021 -81.2 5.79792
    endloop
  endfacet
  facet normal -0.751888 0 0.659291
    outer loop
      vertex 71.8487 -81.2 5.96511
      vertex 71.7021 -81.6 5.79792
      vertex 71.8487 -81.6 5.96511
    endloop
  endfacet
  facet normal -0.751888 0 0.659291
    outer loop
      vertex 71.7021 -81.2 5.79792
      vertex 71.8487 -78.2 5.96511
      vertex 71.7021 -78.2 5.79792
    endloop
  endfacet
  facet normal -0.751888 0 0.659291
    outer loop
      vertex 71.8487 -78.2 5.96511
      vertex 71.7021 -81.2 5.79792
      vertex 71.8487 -81.2 5.96511
    endloop
  endfacet
  facet normal 0.946901 0 -0.321525
    outer loop
      vertex 68.9294 -81.2 7.65056
      vertex 68.8579 -78.2 7.43999
      vertex 68.9294 -78.2 7.65056
    endloop
  endfacet
  facet normal 0.946901 0 -0.321525
    outer loop
      vertex 68.8579 -78.2 7.43999
      vertex 68.9294 -81.2 7.65056
      vertex 68.8579 -81.2 7.43999
    endloop
  endfacet
  facet normal -0.321403 0 -0.946943
    outer loop
      vertex 70.94 -81.6 8.64207
      vertex 71.1506 -81.2 8.57059
      vertex 71.1506 -81.6 8.57059
    endloop
  endfacet
  facet normal -0.321403 0 -0.946943
    outer loop
      vertex 71.1506 -81.2 8.57059
      vertex 70.94 -81.6 8.64207
      vertex 70.94 -81.2 8.64207
    endloop
  endfacet
  facet normal -0.321403 0 -0.946943
    outer loop
      vertex 70.94 -81.2 8.64207
      vertex 71.1506 -78.2 8.57059
      vertex 71.1506 -81.2 8.57059
    endloop
  endfacet
  facet normal -0.321403 0 -0.946943
    outer loop
      vertex 71.1506 -78.2 8.57059
      vertex 70.94 -81.2 8.64207
      vertex 70.94 -78.2 8.64207
    endloop
  endfacet
  facet normal 0.0653848 0 -0.99786
    outer loop
      vertex 70.2781 -81.2 8.68546
      vertex 70.5 -78.2 8.7
      vertex 70.5 -81.2 8.7
    endloop
  endfacet
  facet normal 0.0653848 0 -0.99786
    outer loop
      vertex 70.5 -78.2 8.7
      vertex 70.2781 -81.2 8.68546
      vertex 70.2781 -78.2 8.68546
    endloop
  endfacet
  facet normal 0.321363 0 0.946956
    outer loop
      vertex 69.8494 -78.2 5.4294
      vertex 70.06 -81.2 5.35793
      vertex 70.06 -78.2 5.35793
    endloop
  endfacet
  facet normal 0.321363 0 0.946956
    outer loop
      vertex 70.06 -81.2 5.35793
      vertex 69.8494 -78.2 5.4294
      vertex 69.8494 -81.2 5.4294
    endloop
  endfacet
  facet normal 0.751888 -0 0.659291
    outer loop
      vertex 69.1513 -81.2 5.96511
      vertex 69.2979 -78.2 5.79792
      vertex 69.1513 -78.2 5.96511
    endloop
  endfacet
  facet normal 0.751888 0 0.659291
    outer loop
      vertex 69.2979 -78.2 5.79792
      vertex 69.1513 -81.2 5.96511
      vertex 69.2979 -81.2 5.79792
    endloop
  endfacet
  facet normal 0.442349 0 -0.896843
    outer loop
      vertex 69.65 -81.2 8.47224
      vertex 69.8494 -78.2 8.57059
      vertex 69.8494 -81.2 8.57059
    endloop
  endfacet
  facet normal 0.442349 0 -0.896843
    outer loop
      vertex 69.8494 -78.2 8.57059
      vertex 69.65 -81.2 8.47224
      vertex 69.65 -78.2 8.47224
    endloop
  endfacet
  facet normal 0.0653848 0 0.99786
    outer loop
      vertex 70.2781 -78.2 5.31454
      vertex 70.5 -81.2 5.3
      vertex 70.5 -78.2 5.3
    endloop
  endfacet
  facet normal 0.0653848 0 0.99786
    outer loop
      vertex 70.5 -81.2 5.3
      vertex 70.2781 -78.2 5.31454
      vertex 70.2781 -81.2 5.31454
    endloop
  endfacet
  facet normal -0.896789 0 -0.442459
    outer loop
      vertex 72.0706 -81.6 7.65056
      vertex 71.9722 -81.2 7.85
      vertex 72.0706 -81.2 7.65056
    endloop
  endfacet
  facet normal -0.896789 -0 -0.442459
    outer loop
      vertex 71.9722 -81.2 7.85
      vertex 72.0706 -81.6 7.65056
      vertex 71.9722 -81.6 7.85
    endloop
  endfacet
  facet normal -0.896789 0 -0.442459
    outer loop
      vertex 72.0706 -81.2 7.65056
      vertex 71.9722 -78.2 7.85
      vertex 72.0706 -78.2 7.65056
    endloop
  endfacet
  facet normal -0.896789 -0 -0.442459
    outer loop
      vertex 71.9722 -78.2 7.85
      vertex 72.0706 -81.2 7.65056
      vertex 71.9722 -81.2 7.85
    endloop
  endfacet
  facet normal -0.555551 0 -0.831483
    outer loop
      vertex 71.35 -81.6 8.47224
      vertex 71.5349 -81.2 8.3487
      vertex 71.5349 -81.6 8.3487
    endloop
  endfacet
  facet normal -0.555551 0 -0.831483
    outer loop
      vertex 71.5349 -81.2 8.3487
      vertex 71.35 -81.6 8.47224
      vertex 71.35 -81.2 8.47224
    endloop
  endfacet
  facet normal -0.555551 0 -0.831483
    outer loop
      vertex 71.35 -81.2 8.47224
      vertex 71.5349 -78.2 8.3487
      vertex 71.5349 -81.2 8.3487
    endloop
  endfacet
  facet normal -0.555551 0 -0.831483
    outer loop
      vertex 71.5349 -78.2 8.3487
      vertex 71.35 -81.2 8.47224
      vertex 71.35 -78.2 8.47224
    endloop
  endfacet
  facet normal 0.98077 0 -0.195165
    outer loop
      vertex 68.8579 -81.2 7.43999
      vertex 68.8145 -78.2 7.22189
      vertex 68.8579 -78.2 7.43999
    endloop
  endfacet
  facet normal 0.98077 0 -0.195165
    outer loop
      vertex 68.8145 -78.2 7.22189
      vertex 68.8579 -81.2 7.43999
      vertex 68.8145 -81.2 7.22189
    endloop
  endfacet
  facet normal 0.751888 0 -0.659291
    outer loop
      vertex 69.2979 -81.2 8.20208
      vertex 69.1513 -78.2 8.03489
      vertex 69.2979 -78.2 8.20208
    endloop
  endfacet
  facet normal 0.751888 0 -0.659291
    outer loop
      vertex 69.1513 -78.2 8.03489
      vertex 69.2979 -81.2 8.20208
      vertex 69.1513 -81.2 8.03489
    endloop
  endfacet
  facet normal -0.195122 0 0.980779
    outer loop
      vertex 70.7219 -81.2 5.31454
      vertex 70.94 -81.6 5.35793
      vertex 70.94 -81.2 5.35793
    endloop
  endfacet
  facet normal -0.195122 0 0.980779
    outer loop
      vertex 70.94 -81.6 5.35793
      vertex 70.7219 -81.2 5.31454
      vertex 70.7219 -81.6 5.31454
    endloop
  endfacet
  facet normal -0.195122 0 0.980779
    outer loop
      vertex 70.7219 -78.2 5.31454
      vertex 70.94 -81.2 5.35793
      vertex 70.94 -78.2 5.35793
    endloop
  endfacet
  facet normal -0.195122 0 0.980779
    outer loop
      vertex 70.94 -81.2 5.35793
      vertex 70.7219 -78.2 5.31454
      vertex 70.7219 -81.2 5.31454
    endloop
  endfacet
  facet normal -0.831552 0 0.555447
    outer loop
      vertex 71.8487 -81.6 5.96511
      vertex 71.9722 -81.2 6.15
      vertex 71.8487 -81.2 5.96511
    endloop
  endfacet
  facet normal -0.831552 0 0.555447
    outer loop
      vertex 71.9722 -81.2 6.15
      vertex 71.8487 -81.6 5.96511
      vertex 71.9722 -81.6 6.15
    endloop
  endfacet
  facet normal -0.831552 0 0.555447
    outer loop
      vertex 71.8487 -81.2 5.96511
      vertex 71.9722 -78.2 6.15
      vertex 71.8487 -78.2 5.96511
    endloop
  endfacet
  facet normal -0.831552 0 0.555447
    outer loop
      vertex 71.9722 -78.2 6.15
      vertex 71.8487 -81.2 5.96511
      vertex 71.9722 -81.2 6.15
    endloop
  endfacet
  facet normal -0.997872 0 -0.0652086
    outer loop
      vertex 72.2 -81.6 7
      vertex 72.1855 -81.2 7.22189
      vertex 72.2 -81.2 7
    endloop
  endfacet
  facet normal -0.997872 -0 -0.0652086
    outer loop
      vertex 72.1855 -81.2 7.22189
      vertex 72.2 -81.6 7
      vertex 72.1855 -81.6 7.22189
    endloop
  endfacet
  facet normal -0.997872 0 -0.0652086
    outer loop
      vertex 72.2 -81.2 7
      vertex 72.1855 -78.2 7.22189
      vertex 72.2 -78.2 7
    endloop
  endfacet
  facet normal -0.997872 -0 -0.0652086
    outer loop
      vertex 72.1855 -78.2 7.22189
      vertex 72.2 -81.2 7
      vertex 72.1855 -81.2 7.22189
    endloop
  endfacet
  facet normal -0.321363 0 0.946956
    outer loop
      vertex 70.94 -81.2 5.35793
      vertex 71.1506 -81.6 5.4294
      vertex 71.1506 -81.2 5.4294
    endloop
  endfacet
  facet normal -0.321363 0 0.946956
    outer loop
      vertex 71.1506 -81.6 5.4294
      vertex 70.94 -81.2 5.35793
      vertex 70.94 -81.6 5.35793
    endloop
  endfacet
  facet normal -0.321363 0 0.946956
    outer loop
      vertex 70.94 -78.2 5.35793
      vertex 71.1506 -81.2 5.4294
      vertex 71.1506 -78.2 5.4294
    endloop
  endfacet
  facet normal -0.321363 0 0.946956
    outer loop
      vertex 71.1506 -81.2 5.4294
      vertex 70.94 -78.2 5.35793
      vertex 70.94 -81.2 5.35793
    endloop
  endfacet
  facet normal -0.555551 0 0.831483
    outer loop
      vertex 71.35 -81.2 5.52776
      vertex 71.5349 -81.6 5.6513
      vertex 71.5349 -81.2 5.6513
    endloop
  endfacet
  facet normal -0.555551 0 0.831483
    outer loop
      vertex 71.5349 -81.6 5.6513
      vertex 71.35 -81.2 5.52776
      vertex 71.35 -81.6 5.52776
    endloop
  endfacet
  facet normal -0.555551 0 0.831483
    outer loop
      vertex 71.35 -78.2 5.52776
      vertex 71.5349 -81.2 5.6513
      vertex 71.5349 -78.2 5.6513
    endloop
  endfacet
  facet normal -0.555551 0 0.831483
    outer loop
      vertex 71.5349 -81.2 5.6513
      vertex 71.35 -78.2 5.52776
      vertex 71.35 -81.2 5.52776
    endloop
  endfacet
  facet normal 0.195122 0 0.980779
    outer loop
      vertex 70.06 -78.2 5.35793
      vertex 70.2781 -81.2 5.31454
      vertex 70.2781 -78.2 5.31454
    endloop
  endfacet
  facet normal 0.195122 0 0.980779
    outer loop
      vertex 70.2781 -81.2 5.31454
      vertex 70.06 -78.2 5.35793
      vertex 70.06 -81.2 5.35793
    endloop
  endfacet
  facet normal -0.659319 0 -0.751863
    outer loop
      vertex 71.5349 -81.6 8.3487
      vertex 71.7021 -81.2 8.20208
      vertex 71.7021 -81.6 8.20208
    endloop
  endfacet
  facet normal -0.659319 0 -0.751863
    outer loop
      vertex 71.7021 -81.2 8.20208
      vertex 71.5349 -81.6 8.3487
      vertex 71.5349 -81.2 8.3487
    endloop
  endfacet
  facet normal -0.659319 0 -0.751863
    outer loop
      vertex 71.5349 -81.2 8.3487
      vertex 71.7021 -78.2 8.20208
      vertex 71.7021 -81.2 8.20208
    endloop
  endfacet
  facet normal -0.659319 0 -0.751863
    outer loop
      vertex 71.7021 -78.2 8.20208
      vertex 71.5349 -81.2 8.3487
      vertex 71.5349 -78.2 8.3487
    endloop
  endfacet
  facet normal 0.896789 -0 0.442459
    outer loop
      vertex 68.9294 -81.2 6.34944
      vertex 69.0278 -78.2 6.15
      vertex 68.9294 -78.2 6.34944
    endloop
  endfacet
  facet normal 0.896789 0 0.442459
    outer loop
      vertex 69.0278 -78.2 6.15
      vertex 68.9294 -81.2 6.34944
      vertex 69.0278 -81.2 6.15
    endloop
  endfacet
  facet normal -0.98077 0 -0.195165
    outer loop
      vertex 72.1855 -81.6 7.22189
      vertex 72.1421 -81.2 7.43999
      vertex 72.1855 -81.2 7.22189
    endloop
  endfacet
  facet normal -0.98077 -0 -0.195165
    outer loop
      vertex 72.1421 -81.2 7.43999
      vertex 72.1855 -81.6 7.22189
      vertex 72.1421 -81.6 7.43999
    endloop
  endfacet
  facet normal -0.98077 0 -0.195165
    outer loop
      vertex 72.1855 -81.2 7.22189
      vertex 72.1421 -78.2 7.43999
      vertex 72.1855 -78.2 7.22189
    endloop
  endfacet
  facet normal -0.98077 -0 -0.195165
    outer loop
      vertex 72.1421 -78.2 7.43999
      vertex 72.1855 -81.2 7.22189
      vertex 72.1421 -81.2 7.43999
    endloop
  endfacet
  facet normal -0.195122 0 -0.980779
    outer loop
      vertex 70.7219 -81.6 8.68546
      vertex 70.94 -81.2 8.64207
      vertex 70.94 -81.6 8.64207
    endloop
  endfacet
  facet normal -0.195122 0 -0.980779
    outer loop
      vertex 70.94 -81.2 8.64207
      vertex 70.7219 -81.6 8.68546
      vertex 70.7219 -81.2 8.68546
    endloop
  endfacet
  facet normal -0.195122 0 -0.980779
    outer loop
      vertex 70.7219 -81.2 8.68546
      vertex 70.94 -78.2 8.64207
      vertex 70.94 -81.2 8.64207
    endloop
  endfacet
  facet normal -0.195122 0 -0.980779
    outer loop
      vertex 70.94 -78.2 8.64207
      vertex 70.7219 -81.2 8.68546
      vertex 70.7219 -78.2 8.68546
    endloop
  endfacet
  facet normal 0.659319 0 -0.751863
    outer loop
      vertex 69.2979 -81.2 8.20208
      vertex 69.4651 -78.2 8.3487
      vertex 69.4651 -81.2 8.3487
    endloop
  endfacet
  facet normal 0.659319 0 -0.751863
    outer loop
      vertex 69.4651 -78.2 8.3487
      vertex 69.2979 -81.2 8.20208
      vertex 69.2979 -78.2 8.20208
    endloop
  endfacet
  facet normal -0.0653848 0 0.99786
    outer loop
      vertex 70.5 -81.2 5.3
      vertex 70.7219 -81.6 5.31454
      vertex 70.7219 -81.2 5.31454
    endloop
  endfacet
  facet normal -0.0653848 0 0.99786
    outer loop
      vertex 70.7219 -81.6 5.31454
      vertex 70.5 -81.2 5.3
      vertex 70.5 -81.6 5.3
    endloop
  endfacet
  facet normal -0.0653848 0 0.99786
    outer loop
      vertex 70.5 -78.2 5.3
      vertex 70.7219 -81.2 5.31454
      vertex 70.7219 -78.2 5.31454
    endloop
  endfacet
  facet normal -0.0653848 0 0.99786
    outer loop
      vertex 70.7219 -81.2 5.31454
      vertex 70.5 -78.2 5.3
      vertex 70.5 -81.2 5.3
    endloop
  endfacet
  facet normal -0.442386 0 0.896825
    outer loop
      vertex 71.1506 -81.2 5.4294
      vertex 71.35 -81.6 5.52776
      vertex 71.35 -81.2 5.52776
    endloop
  endfacet
  facet normal -0.442386 0 0.896825
    outer loop
      vertex 71.35 -81.6 5.52776
      vertex 71.1506 -81.2 5.4294
      vertex 71.1506 -81.6 5.4294
    endloop
  endfacet
  facet normal -0.442386 0 0.896825
    outer loop
      vertex 71.1506 -78.2 5.4294
      vertex 71.35 -81.2 5.52776
      vertex 71.35 -78.2 5.52776
    endloop
  endfacet
  facet normal -0.442386 0 0.896825
    outer loop
      vertex 71.35 -81.2 5.52776
      vertex 71.1506 -78.2 5.4294
      vertex 71.1506 -81.2 5.4294
    endloop
  endfacet
  facet normal -0.831552 0 -0.555447
    outer loop
      vertex 71.9722 -81.6 7.85
      vertex 71.8487 -81.2 8.03489
      vertex 71.9722 -81.2 7.85
    endloop
  endfacet
  facet normal -0.831552 -0 -0.555447
    outer loop
      vertex 71.8487 -81.2 8.03489
      vertex 71.9722 -81.6 7.85
      vertex 71.8487 -81.6 8.03489
    endloop
  endfacet
  facet normal -0.831552 0 -0.555447
    outer loop
      vertex 71.9722 -81.2 7.85
      vertex 71.8487 -78.2 8.03489
      vertex 71.9722 -78.2 7.85
    endloop
  endfacet
  facet normal -0.831552 -0 -0.555447
    outer loop
      vertex 71.8487 -78.2 8.03489
      vertex 71.9722 -81.2 7.85
      vertex 71.8487 -81.2 8.03489
    endloop
  endfacet
  facet normal 0.997872 0 -0.0652086
    outer loop
      vertex 68.8145 -81.2 7.22189
      vertex 68.8 -78.2 7
      vertex 68.8145 -78.2 7.22189
    endloop
  endfacet
  facet normal 0.997872 0 -0.0652086
    outer loop
      vertex 68.8 -78.2 7
      vertex 68.8145 -81.2 7.22189
      vertex 68.8 -81.2 7
    endloop
  endfacet
  facet normal -0.442349 0 -0.896843
    outer loop
      vertex 71.1506 -81.6 8.57059
      vertex 71.35 -81.2 8.47224
      vertex 71.35 -81.6 8.47224
    endloop
  endfacet
  facet normal -0.442349 0 -0.896843
    outer loop
      vertex 71.35 -81.2 8.47224
      vertex 71.1506 -81.6 8.57059
      vertex 71.1506 -81.2 8.57059
    endloop
  endfacet
  facet normal -0.442349 0 -0.896843
    outer loop
      vertex 71.1506 -81.2 8.57059
      vertex 71.35 -78.2 8.47224
      vertex 71.35 -81.2 8.47224
    endloop
  endfacet
  facet normal -0.442349 0 -0.896843
    outer loop
      vertex 71.35 -78.2 8.47224
      vertex 71.1506 -81.2 8.57059
      vertex 71.1506 -78.2 8.57059
    endloop
  endfacet
  facet normal 0.980769 -0 0.195173
    outer loop
      vertex 68.8145 -81.2 6.7781
      vertex 68.8579 -78.2 6.56001
      vertex 68.8145 -78.2 6.7781
    endloop
  endfacet
  facet normal 0.980769 0 0.195173
    outer loop
      vertex 68.8579 -78.2 6.56001
      vertex 68.8145 -81.2 6.7781
      vertex 68.8579 -81.2 6.56001
    endloop
  endfacet
  facet normal 0.896789 0 -0.442459
    outer loop
      vertex 69.0278 -81.2 7.85
      vertex 68.9294 -78.2 7.65056
      vertex 69.0278 -78.2 7.85
    endloop
  endfacet
  facet normal 0.896789 0 -0.442459
    outer loop
      vertex 68.9294 -78.2 7.65056
      vertex 69.0278 -81.2 7.85
      vertex 68.9294 -81.2 7.65056
    endloop
  endfacet
  facet normal 0.946901 -0 0.321525
    outer loop
      vertex 68.8579 -81.2 6.56001
      vertex 68.9294 -78.2 6.34944
      vertex 68.8579 -78.2 6.56001
    endloop
  endfacet
  facet normal 0.946901 0 0.321525
    outer loop
      vertex 68.9294 -78.2 6.34944
      vertex 68.8579 -81.2 6.56001
      vertex 68.9294 -81.2 6.34944
    endloop
  endfacet
  facet normal 0.555551 0 0.831483
    outer loop
      vertex 69.4651 -78.2 5.6513
      vertex 69.65 -81.2 5.52776
      vertex 69.65 -78.2 5.52776
    endloop
  endfacet
  facet normal 0.555551 0 0.831483
    outer loop
      vertex 69.65 -81.2 5.52776
      vertex 69.4651 -78.2 5.6513
      vertex 69.4651 -81.2 5.6513
    endloop
  endfacet
  facet normal -0.896789 0 0.442459
    outer loop
      vertex 71.9722 -81.6 6.15
      vertex 72.0706 -81.2 6.34944
      vertex 71.9722 -81.2 6.15
    endloop
  endfacet
  facet normal -0.896789 0 0.442459
    outer loop
      vertex 72.0706 -81.2 6.34944
      vertex 71.9722 -81.6 6.15
      vertex 72.0706 -81.6 6.34944
    endloop
  endfacet
  facet normal -0.896789 0 0.442459
    outer loop
      vertex 71.9722 -81.2 6.15
      vertex 72.0706 -78.2 6.34944
      vertex 71.9722 -78.2 6.15
    endloop
  endfacet
  facet normal -0.896789 0 0.442459
    outer loop
      vertex 72.0706 -78.2 6.34944
      vertex 71.9722 -81.2 6.15
      vertex 72.0706 -81.2 6.34944
    endloop
  endfacet
  facet normal -0.946901 0 0.321525
    outer loop
      vertex 72.0706 -81.6 6.34944
      vertex 72.1421 -81.2 6.56001
      vertex 72.0706 -81.2 6.34944
    endloop
  endfacet
  facet normal -0.946901 0 0.321525
    outer loop
      vertex 72.1421 -81.2 6.56001
      vertex 72.0706 -81.6 6.34944
      vertex 72.1421 -81.6 6.56001
    endloop
  endfacet
  facet normal -0.946901 0 0.321525
    outer loop
      vertex 72.0706 -81.2 6.34944
      vertex 72.1421 -78.2 6.56001
      vertex 72.0706 -78.2 6.34944
    endloop
  endfacet
  facet normal -0.946901 0 0.321525
    outer loop
      vertex 72.1421 -78.2 6.56001
      vertex 72.0706 -81.2 6.34944
      vertex 72.1421 -81.2 6.56001
    endloop
  endfacet
  facet normal 0.997872 -0 0.0652057
    outer loop
      vertex 68.8 -81.2 7
      vertex 68.8145 -78.2 6.7781
      vertex 68.8 -78.2 7
    endloop
  endfacet
  facet normal 0.997872 0 0.0652057
    outer loop
      vertex 68.8145 -78.2 6.7781
      vertex 68.8 -81.2 7
      vertex 68.8145 -81.2 6.7781
    endloop
  endfacet
  facet normal 0.321403 0 -0.946943
    outer loop
      vertex 69.8494 -81.2 8.57059
      vertex 70.06 -78.2 8.64207
      vertex 70.06 -81.2 8.64207
    endloop
  endfacet
  facet normal 0.321403 0 -0.946943
    outer loop
      vertex 70.06 -78.2 8.64207
      vertex 69.8494 -81.2 8.57059
      vertex 69.8494 -78.2 8.57059
    endloop
  endfacet
  facet normal 0.442386 0 0.896825
    outer loop
      vertex 69.65 -78.2 5.52776
      vertex 69.8494 -81.2 5.4294
      vertex 69.8494 -78.2 5.4294
    endloop
  endfacet
  facet normal 0.442386 0 0.896825
    outer loop
      vertex 69.8494 -81.2 5.4294
      vertex 69.65 -78.2 5.52776
      vertex 69.65 -81.2 5.52776
    endloop
  endfacet
  facet normal 0.831552 -0 0.555447
    outer loop
      vertex 69.0278 -81.2 6.15
      vertex 69.1513 -78.2 5.96511
      vertex 69.0278 -78.2 6.15
    endloop
  endfacet
  facet normal 0.831552 0 0.555447
    outer loop
      vertex 69.1513 -78.2 5.96511
      vertex 69.0278 -81.2 6.15
      vertex 69.1513 -81.2 5.96511
    endloop
  endfacet
  facet normal 0.555551 0 -0.831483
    outer loop
      vertex 69.4651 -81.2 8.3487
      vertex 69.65 -78.2 8.47224
      vertex 69.65 -81.2 8.47224
    endloop
  endfacet
  facet normal 0.555551 0 -0.831483
    outer loop
      vertex 69.65 -78.2 8.47224
      vertex 69.4651 -81.2 8.3487
      vertex 69.4651 -78.2 8.3487
    endloop
  endfacet
  facet normal -0.793295 -0.606623 0.0518761
    outer loop
      vertex 73.3994 -83.2 6.63146
      vertex 73.4235 -83.2 7
      vertex 72.2 -81.6 7
    endloop
  endfacet
  facet normal -0.712958 -0.606628 0.351701
    outer loop
      vertex 73.0376 -83.2 5.54997
      vertex 73.201 -83.2 5.88121
      vertex 72.0706 -81.6 6.34944
    endloop
  endfacet
  facet normal -0.255564 -0.606631 -0.752786
    outer loop
      vertex 71.6064 -83.2 9.70519
      vertex 71.2567 -83.2 9.82391
      vertex 70.94 -81.6 8.64207
    endloop
  endfacet
  facet normal -0.793295 -0.606623 -0.0518761
    outer loop
      vertex 73.4235 -83.2 7
      vertex 73.3994 -83.2 7.36854
      vertex 72.2 -81.6 7
    endloop
  endfacet
  facet normal -0.441662 -0.606621 -0.661019
    outer loop
      vertex 72.2797 -83.2 9.31939
      vertex 71.9726 -83.2 9.52458
      vertex 71.5349 -81.6 8.3487
    endloop
  endfacet
  facet normal -0.255564 -0.606631 0.752786
    outer loop
      vertex 71.2567 -83.2 4.17609
      vertex 71.6064 -83.2 4.29481
      vertex 70.94 -81.6 5.35793
    endloop
  endfacet
  facet normal -0.661053 -0.606657 -0.44156
    outer loop
      vertex 73.0319 -83.2 8.46177
      vertex 71.8487 -81.6 8.03489
      vertex 71.9722 -81.6 7.85
    endloop
  endfacet
  facet normal -0.660102 -0.60642 -0.443307
    outer loop
      vertex 71.8487 -81.6 8.03489
      vertex 73.0319 -83.2 8.46177
      vertex 73.0246 -83.2 8.47264
    endloop
  endfacet
  facet normal -0.712958 -0.606628 -0.351701
    outer loop
      vertex 73.201 -83.2 8.11879
      vertex 73.0376 -83.2 8.45003
      vertex 72.0706 -81.6 7.65056
    endloop
  endfacet
  facet normal -0.779697 -0.60662 0.15519
    outer loop
      vertex 73.3239 -83.2 6.24333
      vertex 73.396 -83.2 6.60557
      vertex 72.1421 -81.6 6.56001
    endloop
  endfacet
  facet normal -0.350211 -0.606583 -0.713729
    outer loop
      vertex 71.95 -83.2 9.53764
      vertex 71.35 -81.6 8.47224
      vertex 71.9618 -83.2 9.53185
    endloop
  endfacet
  facet normal -0.351662 -0.606627 -0.712978
    outer loop
      vertex 71.35 -81.6 8.47224
      vertex 71.95 -83.2 9.53764
      vertex 71.1506 -81.6 8.57059
    endloop
  endfacet
  facet normal -0.155328 -0.606602 -0.779684
    outer loop
      vertex 70.8816 -83.2 9.89852
      vertex 70.94 -81.6 8.64207
      vertex 70.8944 -83.2 9.89597
    endloop
  endfacet
  facet normal -0.155119 -0.606627 -0.779706
    outer loop
      vertex 70.94 -81.6 8.64207
      vertex 70.8816 -83.2 9.89852
      vertex 70.7219 -81.6 8.68546
    endloop
  endfacet
  facet normal -0.441662 -0.606621 0.661019
    outer loop
      vertex 71.9726 -83.2 4.47542
      vertex 72.2797 -83.2 4.68061
      vertex 71.5349 -81.6 5.6513
    endloop
  endfacet
  facet normal -0.75291 -0.60662 0.255224
    outer loop
      vertex 73.2052 -83.2 5.8936
      vertex 72.0706 -81.6 6.34944
      vertex 73.201 -83.2 5.88121
    endloop
  endfacet
  facet normal -0.752771 -0.606631 0.255607
    outer loop
      vertex 72.0706 -81.6 6.34944
      vertex 73.2052 -83.2 5.8936
      vertex 72.1421 -81.6 6.56001
    endloop
  endfacet
  facet normal -0.444071 -0.606306 0.659693
    outer loop
      vertex 71.5349 -81.6 5.6513
      vertex 71.9618 -83.2 4.46815
      vertex 71.9726 -83.2 4.47542
    endloop
  endfacet
  facet normal -0.441652 -0.606636 0.661012
    outer loop
      vertex 71.9618 -83.2 4.46815
      vertex 71.5349 -81.6 5.6513
      vertex 71.35 -81.6 5.52776
    endloop
  endfacet
  facet normal -0.59774 -0.606629 0.524126
    outer loop
      vertex 71.7021 -81.6 5.79792
      vertex 72.5759 -83.2 4.94259
      vertex 71.8487 -81.6 5.96511
    endloop
  endfacet
  facet normal -0.595532 -0.606712 0.526538
    outer loop
      vertex 72.5759 -83.2 4.94259
      vertex 71.7021 -81.6 5.79792
      vertex 72.5672 -83.2 4.93275
    endloop
  endfacet
  facet normal -0.660995 -0.606632 -0.441682
    outer loop
      vertex 73.0246 -83.2 8.47264
      vertex 72.8194 -83.2 8.77973
      vertex 71.8487 -81.6 8.03489
    endloop
  endfacet
  facet normal -0.155081 -0.60663 0.779711
    outer loop
      vertex 71.2567 -83.2 4.17609
      vertex 70.94 -81.6 5.35793
      vertex 70.8944 -83.2 4.10403
    endloop
  endfacet
  facet normal -0.715122 -0.606501 0.347502
    outer loop
      vertex 73.0376 -83.2 5.54997
      vertex 71.9722 -81.6 6.15
      vertex 73.0319 -83.2 5.53824
    endloop
  endfacet
  facet normal -0.71293 -0.606634 0.351747
    outer loop
      vertex 71.9722 -81.6 6.15
      vertex 73.0376 -83.2 5.54997
      vertex 72.0706 -81.6 6.34944
    endloop
  endfacet
  facet normal -0.0514756 -0.606611 -0.79333
    outer loop
      vertex 70.8685 -83.2 9.89937
      vertex 70.7219 -81.6 8.68546
      vertex 70.8816 -83.2 9.89852
    endloop
  endfacet
  facet normal -0.0519802 -0.606625 -0.793287
    outer loop
      vertex 70.7219 -81.6 8.68546
      vertex 70.8685 -83.2 9.89937
      vertex 70.5 -81.6 8.7
    endloop
  endfacet
  facet normal -0.752771 -0.606631 -0.255607
    outer loop
      vertex 73.2052 -83.2 8.1064
      vertex 72.0706 -81.6 7.65056
      vertex 72.1421 -81.6 7.43999
    endloop
  endfacet
  facet normal -0.75291 -0.60662 -0.255224
    outer loop
      vertex 72.0706 -81.6 7.65056
      vertex 73.2052 -83.2 8.1064
      vertex 73.201 -83.2 8.11879
    endloop
  endfacet
  facet normal -0.524154 -0.606621 0.597723
    outer loop
      vertex 72.2797 -83.2 4.68061
      vertex 72.5574 -83.2 4.92413
      vertex 71.5349 -81.6 5.6513
    endloop
  endfacet
  facet normal -0.59772 -0.606632 0.524146
    outer loop
      vertex 72.5759 -83.2 4.94259
      vertex 72.8194 -83.2 5.22027
      vertex 71.8487 -81.6 5.96511
    endloop
  endfacet
  facet normal -0.59772 -0.606632 -0.524146
    outer loop
      vertex 72.8194 -83.2 8.77973
      vertex 72.5759 -83.2 9.05741
      vertex 71.8487 -81.6 8.03489
    endloop
  endfacet
  facet normal -0.71293 -0.606634 -0.351747
    outer loop
      vertex 73.0376 -83.2 8.45003
      vertex 71.9722 -81.6 7.85
      vertex 72.0706 -81.6 7.65056
    endloop
  endfacet
  facet normal -0.715243 -0.606493 -0.347265
    outer loop
      vertex 71.9722 -81.6 7.85
      vertex 73.0376 -83.2 8.45003
      vertex 73.0319 -83.2 8.46177
    endloop
  endfacet
  facet normal -0.595532 -0.606712 -0.526538
    outer loop
      vertex 71.7021 -81.6 8.20208
      vertex 72.5759 -83.2 9.05741
      vertex 72.5672 -83.2 9.06725
    endloop
  endfacet
  facet normal -0.59774 -0.606629 -0.524126
    outer loop
      vertex 72.5759 -83.2 9.05741
      vertex 71.7021 -81.6 8.20208
      vertex 71.8487 -81.6 8.03489
    endloop
  endfacet
  facet normal -0.0520101 -0.606628 -0.793283
    outer loop
      vertex 70.5 -81.6 8.7
      vertex 70.8685 -83.2 9.89937
      vertex 70.5 -83.2 9.92353
    endloop
  endfacet
  facet normal -0.35165 -0.606623 0.712987
    outer loop
      vertex 71.6188 -83.2 4.29901
      vertex 71.95 -83.2 4.46236
      vertex 71.1506 -81.6 5.4294
    endloop
  endfacet
  facet normal -0.660995 -0.606632 0.441682
    outer loop
      vertex 72.8194 -83.2 5.22027
      vertex 73.0246 -83.2 5.52736
      vertex 71.8487 -81.6 5.96511
    endloop
  endfacet
  facet normal -0.524153 -0.606621 0.597725
    outer loop
      vertex 72.5574 -83.2 4.92413
      vertex 71.7021 -81.6 5.79792
      vertex 71.5349 -81.6 5.6513
    endloop
  endfacet
  facet normal -0.52504 -0.606652 0.596913
    outer loop
      vertex 71.7021 -81.6 5.79792
      vertex 72.5574 -83.2 4.92413
      vertex 72.5672 -83.2 4.93275
    endloop
  endfacet
  facet normal -0.524154 -0.606621 -0.597723
    outer loop
      vertex 72.5574 -83.2 9.07587
      vertex 72.2797 -83.2 9.31939
      vertex 71.5349 -81.6 8.3487
    endloop
  endfacet
  facet normal -0.0520101 -0.606628 0.793283
    outer loop
      vertex 70.8685 -83.2 4.10063
      vertex 70.5 -81.6 5.3
      vertex 70.5 -83.2 4.07647
    endloop
  endfacet
  facet normal -0.752817 -0.606618 -0.255502
    outer loop
      vertex 73.3239 -83.2 7.75666
      vertex 73.2052 -83.2 8.1064
      vertex 72.1421 -81.6 7.43999
    endloop
  endfacet
  facet normal -0.660266 -0.606459 0.443009
    outer loop
      vertex 73.0319 -83.2 5.53824
      vertex 71.8487 -81.6 5.96511
      vertex 73.0246 -83.2 5.52736
    endloop
  endfacet
  facet normal -0.661054 -0.606655 0.441561
    outer loop
      vertex 71.8487 -81.6 5.96511
      vertex 73.0319 -83.2 5.53824
      vertex 71.9722 -81.6 6.15
    endloop
  endfacet
  facet normal -0.351649 -0.606626 -0.712986
    outer loop
      vertex 71.95 -83.2 9.53764
      vertex 71.6188 -83.2 9.70099
      vertex 71.1506 -81.6 8.57059
    endloop
  endfacet
  facet normal -0.780044 -0.606983 0.151996
    outer loop
      vertex 73.3985 -83.2 6.6184
      vertex 72.1421 -81.6 6.56001
      vertex 73.396 -83.2 6.60557
    endloop
  endfacet
  facet normal -0.779713 -0.606607 0.155163
    outer loop
      vertex 72.1421 -81.6 6.56001
      vertex 73.3985 -83.2 6.6184
      vertex 72.1855 -81.6 6.7781
    endloop
  endfacet
  facet normal -0.752814 -0.606619 0.255509
    outer loop
      vertex 73.2052 -83.2 5.8936
      vertex 73.3239 -83.2 6.24333
      vertex 72.1421 -81.6 6.56001
    endloop
  endfacet
  facet normal -0.524153 -0.606621 -0.597725
    outer loop
      vertex 71.7021 -81.6 8.20208
      vertex 72.5574 -83.2 9.07587
      vertex 71.5349 -81.6 8.3487
    endloop
  endfacet
  facet normal -0.52504 -0.606652 -0.596913
    outer loop
      vertex 72.5574 -83.2 9.07587
      vertex 71.7021 -81.6 8.20208
      vertex 72.5672 -83.2 9.06725
    endloop
  endfacet
  facet normal -0.779697 -0.60662 -0.155195
    outer loop
      vertex 73.396 -83.2 7.39443
      vertex 73.3239 -83.2 7.75666
      vertex 72.1421 -81.6 7.43999
    endloop
  endfacet
  facet normal -0.0514756 -0.606611 0.79333
    outer loop
      vertex 70.7219 -81.6 5.31454
      vertex 70.8685 -83.2 4.10063
      vertex 70.8816 -83.2 4.10148
    endloop
  endfacet
  facet normal -0.0519802 -0.606625 0.793287
    outer loop
      vertex 70.8685 -83.2 4.10063
      vertex 70.7219 -81.6 5.31454
      vertex 70.5 -81.6 5.3
    endloop
  endfacet
  facet normal -0.255041 -0.606611 -0.752979
    outer loop
      vertex 71.6064 -83.2 9.70519
      vertex 71.1506 -81.6 8.57059
      vertex 71.6188 -83.2 9.70099
    endloop
  endfacet
  facet normal -0.255512 -0.606624 -0.752809
    outer loop
      vertex 71.1506 -81.6 8.57059
      vertex 71.6064 -83.2 9.70519
      vertex 70.94 -81.6 8.64207
    endloop
  endfacet
  facet normal -0.255042 -0.606608 0.752981
    outer loop
      vertex 71.1506 -81.6 5.4294
      vertex 71.6064 -83.2 4.29481
      vertex 71.6188 -83.2 4.29901
    endloop
  endfacet
  facet normal -0.255481 -0.60662 0.752822
    outer loop
      vertex 71.6064 -83.2 4.29481
      vertex 71.1506 -81.6 5.4294
      vertex 70.94 -81.6 5.35793
    endloop
  endfacet
  facet normal -0.155081 -0.60663 -0.779711
    outer loop
      vertex 70.94 -81.6 8.64207
      vertex 71.2567 -83.2 9.82391
      vertex 70.8944 -83.2 9.89597
    endloop
  endfacet
  facet normal -0.444071 -0.606306 -0.659693
    outer loop
      vertex 71.9618 -83.2 9.53185
      vertex 71.5349 -81.6 8.3487
      vertex 71.9726 -83.2 9.52458
    endloop
  endfacet
  facet normal -0.441652 -0.606636 -0.661012
    outer loop
      vertex 71.5349 -81.6 8.3487
      vertex 71.9618 -83.2 9.53185
      vertex 71.35 -81.6 8.47224
    endloop
  endfacet
  facet normal -0.155328 -0.606602 0.779684
    outer loop
      vertex 70.94 -81.6 5.35793
      vertex 70.8816 -83.2 4.10148
      vertex 70.8944 -83.2 4.10403
    endloop
  endfacet
  facet normal -0.155119 -0.606627 0.779706
    outer loop
      vertex 70.8816 -83.2 4.10148
      vertex 70.94 -81.6 5.35793
      vertex 70.7219 -81.6 5.31454
    endloop
  endfacet
  facet normal -0.350211 -0.606583 0.713729
    outer loop
      vertex 71.35 -81.6 5.52776
      vertex 71.95 -83.2 4.46236
      vertex 71.9618 -83.2 4.46815
    endloop
  endfacet
  facet normal -0.35169 -0.606628 0.712963
    outer loop
      vertex 71.95 -83.2 4.46236
      vertex 71.35 -81.6 5.52776
      vertex 71.1506 -81.6 5.4294
    endloop
  endfacet
  facet normal -0.793057 -0.606691 0.0546517
    outer loop
      vertex 73.3994 -83.2 6.63146
      vertex 72.1855 -81.6 6.7781
      vertex 73.3985 -83.2 6.6184
    endloop
  endfacet
  facet normal -0.793301 -0.606619 0.0518381
    outer loop
      vertex 72.1855 -81.6 6.7781
      vertex 73.3994 -83.2 6.63146
      vertex 72.2 -81.6 7
    endloop
  endfacet
  facet normal -0.779714 -0.606608 -0.155156
    outer loop
      vertex 73.3985 -83.2 7.3816
      vertex 72.1421 -81.6 7.43999
      vertex 72.1855 -81.6 7.22189
    endloop
  endfacet
  facet normal -0.780044 -0.606983 -0.151996
    outer loop
      vertex 72.1421 -81.6 7.43999
      vertex 73.3985 -83.2 7.3816
      vertex 73.396 -83.2 7.39443
    endloop
  endfacet
  facet normal -0.793301 -0.606619 -0.0518404
    outer loop
      vertex 73.3994 -83.2 7.36854
      vertex 72.1855 -81.6 7.22189
      vertex 72.2 -81.6 7
    endloop
  endfacet
  facet normal -0.793057 -0.606691 -0.0546517
    outer loop
      vertex 72.1855 -81.6 7.22189
      vertex 73.3994 -83.2 7.36854
      vertex 73.3985 -83.2 7.3816
    endloop
  endfacet
  facet normal -0.98077 0 0.195165
    outer loop
      vertex 72.1421 -81.6 26.06
      vertex 72.1855 -81.2 26.2781
      vertex 72.1421 -81.2 26.06
    endloop
  endfacet
  facet normal -0.98077 0 0.195165
    outer loop
      vertex 72.1855 -81.2 26.2781
      vertex 72.1421 -81.6 26.06
      vertex 72.1855 -81.6 26.2781
    endloop
  endfacet
  facet normal -0.98077 0 0.195165
    outer loop
      vertex 72.1421 -81.2 26.06
      vertex 72.1855 -78.2 26.2781
      vertex 72.1421 -78.2 26.06
    endloop
  endfacet
  facet normal -0.98077 0 0.195165
    outer loop
      vertex 72.1855 -78.2 26.2781
      vertex 72.1421 -81.2 26.06
      vertex 72.1855 -81.2 26.2781
    endloop
  endfacet
  facet normal -0.997872 0 0.0652057
    outer loop
      vertex 72.1855 -81.6 26.2781
      vertex 72.2 -81.2 26.5
      vertex 72.1855 -81.2 26.2781
    endloop
  endfacet
  facet normal -0.997872 0 0.0652057
    outer loop
      vertex 72.2 -81.2 26.5
      vertex 72.1855 -81.6 26.2781
      vertex 72.2 -81.6 26.5
    endloop
  endfacet
  facet normal -0.997872 0 0.0652057
    outer loop
      vertex 72.1855 -81.2 26.2781
      vertex 72.2 -78.2 26.5
      vertex 72.1855 -78.2 26.2781
    endloop
  endfacet
  facet normal -0.997872 0 0.0652057
    outer loop
      vertex 72.2 -78.2 26.5
      vertex 72.1855 -81.2 26.2781
      vertex 72.2 -81.2 26.5
    endloop
  endfacet
  facet normal -0.0652057 0 -0.997872
    outer loop
      vertex 70.5 -81.6 28.2
      vertex 70.7219 -81.2 28.1855
      vertex 70.7219 -81.6 28.1855
    endloop
  endfacet
  facet normal -0.0652057 0 -0.997872
    outer loop
      vertex 70.7219 -81.2 28.1855
      vertex 70.5 -81.6 28.2
      vertex 70.5 -81.2 28.2
    endloop
  endfacet
  facet normal -0.0652057 0 -0.997872
    outer loop
      vertex 70.5 -81.2 28.2
      vertex 70.7219 -78.2 28.1855
      vertex 70.7219 -81.2 28.1855
    endloop
  endfacet
  facet normal -0.0652057 0 -0.997872
    outer loop
      vertex 70.7219 -78.2 28.1855
      vertex 70.5 -81.2 28.2
      vertex 70.5 -78.2 28.2
    endloop
  endfacet
  facet normal 0.659268 0 0.751908
    outer loop
      vertex 69.2979 -78.2 25.2979
      vertex 69.4651 -81.2 25.1513
      vertex 69.4651 -78.2 25.1513
    endloop
  endfacet
  facet normal 0.659268 0 0.751908
    outer loop
      vertex 69.4651 -81.2 25.1513
      vertex 69.2979 -78.2 25.2979
      vertex 69.2979 -81.2 25.2979
    endloop
  endfacet
  facet normal 0.831566 0 -0.555426
    outer loop
      vertex 69.1513 -81.2 27.5349
      vertex 69.0278 -78.2 27.35
      vertex 69.1513 -78.2 27.5349
    endloop
  endfacet
  facet normal 0.831566 0 -0.555426
    outer loop
      vertex 69.0278 -78.2 27.35
      vertex 69.1513 -81.2 27.5349
      vertex 69.0278 -81.2 27.35
    endloop
  endfacet
  facet normal 0.195165 0 -0.98077
    outer loop
      vertex 70.06 -81.2 28.1421
      vertex 70.2781 -78.2 28.1855
      vertex 70.2781 -81.2 28.1855
    endloop
  endfacet
  facet normal 0.195165 0 -0.98077
    outer loop
      vertex 70.2781 -78.2 28.1855
      vertex 70.06 -81.2 28.1421
      vertex 70.06 -78.2 28.1421
    endloop
  endfacet
  facet normal -0.659268 0 0.751908
    outer loop
      vertex 71.5349 -81.2 25.1513
      vertex 71.7021 -81.6 25.2979
      vertex 71.7021 -81.2 25.2979
    endloop
  endfacet
  facet normal -0.659268 0 0.751908
    outer loop
      vertex 71.7021 -81.6 25.2979
      vertex 71.5349 -81.2 25.1513
      vertex 71.5349 -81.6 25.1513
    endloop
  endfacet
  facet normal -0.659268 0 0.751908
    outer loop
      vertex 71.5349 -78.2 25.1513
      vertex 71.7021 -81.2 25.2979
      vertex 71.7021 -78.2 25.2979
    endloop
  endfacet
  facet normal -0.659268 0 0.751908
    outer loop
      vertex 71.7021 -81.2 25.2979
      vertex 71.5349 -78.2 25.1513
      vertex 71.5349 -81.2 25.1513
    endloop
  endfacet
  facet normal -0.946915 0 -0.321484
    outer loop
      vertex 72.1421 -81.6 26.94
      vertex 72.0706 -81.2 27.1506
      vertex 72.1421 -81.2 26.94
    endloop
  endfacet
  facet normal -0.946915 -0 -0.321484
    outer loop
      vertex 72.0706 -81.2 27.1506
      vertex 72.1421 -81.6 26.94
      vertex 72.0706 -81.6 27.1506
    endloop
  endfacet
  facet normal -0.946915 0 -0.321484
    outer loop
      vertex 72.1421 -81.2 26.94
      vertex 72.0706 -78.2 27.1506
      vertex 72.1421 -78.2 26.94
    endloop
  endfacet
  facet normal -0.946915 -0 -0.321484
    outer loop
      vertex 72.0706 -78.2 27.1506
      vertex 72.1421 -81.2 26.94
      vertex 72.0706 -81.2 27.1506
    endloop
  endfacet
  facet normal -0.751908 0 -0.659268
    outer loop
      vertex 71.8487 -81.6 27.5349
      vertex 71.7021 -81.2 27.7021
      vertex 71.8487 -81.2 27.5349
    endloop
  endfacet
  facet normal -0.751908 -0 -0.659268
    outer loop
      vertex 71.7021 -81.2 27.7021
      vertex 71.8487 -81.6 27.5349
      vertex 71.7021 -81.6 27.7021
    endloop
  endfacet
  facet normal -0.751908 0 -0.659268
    outer loop
      vertex 71.8487 -81.2 27.5349
      vertex 71.7021 -78.2 27.7021
      vertex 71.8487 -78.2 27.5349
    endloop
  endfacet
  facet normal -0.751908 -0 -0.659268
    outer loop
      vertex 71.7021 -78.2 27.7021
      vertex 71.8487 -81.2 27.5349
      vertex 71.7021 -81.2 27.7021
    endloop
  endfacet
  facet normal -0.751908 0 0.659268
    outer loop
      vertex 71.7021 -81.6 25.2979
      vertex 71.8487 -81.2 25.4651
      vertex 71.7021 -81.2 25.2979
    endloop
  endfacet
  facet normal -0.751908 0 0.659268
    outer loop
      vertex 71.8487 -81.2 25.4651
      vertex 71.7021 -81.6 25.2979
      vertex 71.8487 -81.6 25.4651
    endloop
  endfacet
  facet normal -0.751908 0 0.659268
    outer loop
      vertex 71.7021 -81.2 25.2979
      vertex 71.8487 -78.2 25.4651
      vertex 71.7021 -78.2 25.2979
    endloop
  endfacet
  facet normal -0.751908 0 0.659268
    outer loop
      vertex 71.8487 -78.2 25.4651
      vertex 71.7021 -81.2 25.2979
      vertex 71.8487 -81.2 25.4651
    endloop
  endfacet
  facet normal 0.946915 0 -0.321484
    outer loop
      vertex 68.9294 -81.2 27.1506
      vertex 68.8579 -78.2 26.94
      vertex 68.9294 -78.2 27.1506
    endloop
  endfacet
  facet normal 0.946915 0 -0.321484
    outer loop
      vertex 68.8579 -78.2 26.94
      vertex 68.9294 -81.2 27.1506
      vertex 68.8579 -81.2 26.94
    endloop
  endfacet
  facet normal -0.321484 0 -0.946915
    outer loop
      vertex 70.94 -81.6 28.1421
      vertex 71.1506 -81.2 28.0706
      vertex 71.1506 -81.6 28.0706
    endloop
  endfacet
  facet normal -0.321484 0 -0.946915
    outer loop
      vertex 71.1506 -81.2 28.0706
      vertex 70.94 -81.6 28.1421
      vertex 70.94 -81.2 28.1421
    endloop
  endfacet
  facet normal -0.321484 0 -0.946915
    outer loop
      vertex 70.94 -81.2 28.1421
      vertex 71.1506 -78.2 28.0706
      vertex 71.1506 -81.2 28.0706
    endloop
  endfacet
  facet normal -0.321484 0 -0.946915
    outer loop
      vertex 71.1506 -78.2 28.0706
      vertex 70.94 -81.2 28.1421
      vertex 70.94 -78.2 28.1421
    endloop
  endfacet
  facet normal 0.0652057 0 -0.997872
    outer loop
      vertex 70.2781 -81.2 28.1855
      vertex 70.5 -78.2 28.2
      vertex 70.5 -81.2 28.2
    endloop
  endfacet
  facet normal 0.0652057 0 -0.997872
    outer loop
      vertex 70.5 -78.2 28.2
      vertex 70.2781 -81.2 28.1855
      vertex 70.2781 -78.2 28.1855
    endloop
  endfacet
  facet normal 0.321484 0 0.946915
    outer loop
      vertex 69.8494 -78.2 24.9294
      vertex 70.06 -81.2 24.8579
      vertex 70.06 -78.2 24.8579
    endloop
  endfacet
  facet normal 0.321484 0 0.946915
    outer loop
      vertex 70.06 -81.2 24.8579
      vertex 69.8494 -78.2 24.9294
      vertex 69.8494 -81.2 24.9294
    endloop
  endfacet
  facet normal -0.946915 0 0.321484
    outer loop
      vertex 72.0706 -81.6 25.8494
      vertex 72.1421 -81.2 26.06
      vertex 72.0706 -81.2 25.8494
    endloop
  endfacet
  facet normal -0.946915 0 0.321484
    outer loop
      vertex 72.1421 -81.2 26.06
      vertex 72.0706 -81.6 25.8494
      vertex 72.1421 -81.6 26.06
    endloop
  endfacet
  facet normal -0.946915 0 0.321484
    outer loop
      vertex 72.0706 -81.2 25.8494
      vertex 72.1421 -78.2 26.06
      vertex 72.0706 -78.2 25.8494
    endloop
  endfacet
  facet normal -0.946915 0 0.321484
    outer loop
      vertex 72.1421 -78.2 26.06
      vertex 72.0706 -81.2 25.8494
      vertex 72.1421 -81.2 26.06
    endloop
  endfacet
  facet normal 0.751908 -0 0.659268
    outer loop
      vertex 69.1513 -81.2 25.4651
      vertex 69.2979 -78.2 25.2979
      vertex 69.1513 -78.2 25.4651
    endloop
  endfacet
  facet normal 0.751908 0 0.659268
    outer loop
      vertex 69.2979 -78.2 25.2979
      vertex 69.1513 -81.2 25.4651
      vertex 69.2979 -81.2 25.2979
    endloop
  endfacet
  facet normal 0.44253 0 -0.896754
    outer loop
      vertex 69.65 -81.2 27.9722
      vertex 69.8494 -78.2 28.0706
      vertex 69.8494 -81.2 28.0706
    endloop
  endfacet
  facet normal 0.44253 0 -0.896754
    outer loop
      vertex 69.8494 -78.2 28.0706
      vertex 69.65 -81.2 27.9722
      vertex 69.65 -78.2 27.9722
    endloop
  endfacet
  facet normal 0.0652057 0 0.997872
    outer loop
      vertex 70.2781 -78.2 24.8145
      vertex 70.5 -81.2 24.8
      vertex 70.5 -78.2 24.8
    endloop
  endfacet
  facet normal 0.0652057 0 0.997872
    outer loop
      vertex 70.5 -81.2 24.8
      vertex 70.2781 -78.2 24.8145
      vertex 70.2781 -81.2 24.8145
    endloop
  endfacet
  facet normal -0.896754 0 -0.44253
    outer loop
      vertex 72.0706 -81.6 27.1506
      vertex 71.9722 -81.2 27.35
      vertex 72.0706 -81.2 27.1506
    endloop
  endfacet
  facet normal -0.896754 -0 -0.44253
    outer loop
      vertex 71.9722 -81.2 27.35
      vertex 72.0706 -81.6 27.1506
      vertex 71.9722 -81.6 27.35
    endloop
  endfacet
  facet normal -0.896754 0 -0.44253
    outer loop
      vertex 72.0706 -81.2 27.1506
      vertex 71.9722 -78.2 27.35
      vertex 72.0706 -78.2 27.1506
    endloop
  endfacet
  facet normal -0.896754 -0 -0.44253
    outer loop
      vertex 71.9722 -78.2 27.35
      vertex 72.0706 -81.2 27.1506
      vertex 71.9722 -81.2 27.35
    endloop
  endfacet
  facet normal -0.555426 0 -0.831566
    outer loop
      vertex 71.35 -81.6 27.9722
      vertex 71.5349 -81.2 27.8487
      vertex 71.5349 -81.6 27.8487
    endloop
  endfacet
  facet normal -0.555426 0 -0.831566
    outer loop
      vertex 71.5349 -81.2 27.8487
      vertex 71.35 -81.6 27.9722
      vertex 71.35 -81.2 27.9722
    endloop
  endfacet
  facet normal -0.555426 0 -0.831566
    outer loop
      vertex 71.35 -81.2 27.9722
      vertex 71.5349 -78.2 27.8487
      vertex 71.5349 -81.2 27.8487
    endloop
  endfacet
  facet normal -0.555426 0 -0.831566
    outer loop
      vertex 71.5349 -78.2 27.8487
      vertex 71.35 -81.2 27.9722
      vertex 71.35 -78.2 27.9722
    endloop
  endfacet
  facet normal 0.98077 0 -0.195165
    outer loop
      vertex 68.8579 -81.2 26.94
      vertex 68.8145 -78.2 26.7219
      vertex 68.8579 -78.2 26.94
    endloop
  endfacet
  facet normal 0.98077 0 -0.195165
    outer loop
      vertex 68.8145 -78.2 26.7219
      vertex 68.8579 -81.2 26.94
      vertex 68.8145 -81.2 26.7219
    endloop
  endfacet
  facet normal -0.195165 0 0.98077
    outer loop
      vertex 70.7219 -81.2 24.8145
      vertex 70.94 -81.6 24.8579
      vertex 70.94 -81.2 24.8579
    endloop
  endfacet
  facet normal -0.195165 0 0.98077
    outer loop
      vertex 70.94 -81.6 24.8579
      vertex 70.7219 -81.2 24.8145
      vertex 70.7219 -81.6 24.8145
    endloop
  endfacet
  facet normal -0.195165 0 0.98077
    outer loop
      vertex 70.7219 -78.2 24.8145
      vertex 70.94 -81.2 24.8579
      vertex 70.94 -78.2 24.8579
    endloop
  endfacet
  facet normal -0.195165 0 0.98077
    outer loop
      vertex 70.94 -81.2 24.8579
      vertex 70.7219 -78.2 24.8145
      vertex 70.7219 -81.2 24.8145
    endloop
  endfacet
  facet normal -0.831566 0 0.555426
    outer loop
      vertex 71.8487 -81.6 25.4651
      vertex 71.9722 -81.2 25.65
      vertex 71.8487 -81.2 25.4651
    endloop
  endfacet
  facet normal -0.831566 0 0.555426
    outer loop
      vertex 71.9722 -81.2 25.65
      vertex 71.8487 -81.6 25.4651
      vertex 71.9722 -81.6 25.65
    endloop
  endfacet
  facet normal -0.831566 0 0.555426
    outer loop
      vertex 71.8487 -81.2 25.4651
      vertex 71.9722 -78.2 25.65
      vertex 71.8487 -78.2 25.4651
    endloop
  endfacet
  facet normal -0.831566 0 0.555426
    outer loop
      vertex 71.9722 -78.2 25.65
      vertex 71.8487 -81.2 25.4651
      vertex 71.9722 -81.2 25.65
    endloop
  endfacet
  facet normal -0.997872 0 -0.0652057
    outer loop
      vertex 72.2 -81.6 26.5
      vertex 72.1855 -81.2 26.7219
      vertex 72.2 -81.2 26.5
    endloop
  endfacet
  facet normal -0.997872 -0 -0.0652057
    outer loop
      vertex 72.1855 -81.2 26.7219
      vertex 72.2 -81.6 26.5
      vertex 72.1855 -81.6 26.7219
    endloop
  endfacet
  facet normal -0.997872 0 -0.0652057
    outer loop
      vertex 72.2 -81.2 26.5
      vertex 72.1855 -78.2 26.7219
      vertex 72.2 -78.2 26.5
    endloop
  endfacet
  facet normal -0.997872 -0 -0.0652057
    outer loop
      vertex 72.1855 -78.2 26.7219
      vertex 72.2 -81.2 26.5
      vertex 72.1855 -81.2 26.7219
    endloop
  endfacet
  facet normal -0.321484 0 0.946915
    outer loop
      vertex 70.94 -81.2 24.8579
      vertex 71.1506 -81.6 24.9294
      vertex 71.1506 -81.2 24.9294
    endloop
  endfacet
  facet normal -0.321484 0 0.946915
    outer loop
      vertex 71.1506 -81.6 24.9294
      vertex 70.94 -81.2 24.8579
      vertex 70.94 -81.6 24.8579
    endloop
  endfacet
  facet normal -0.321484 0 0.946915
    outer loop
      vertex 70.94 -78.2 24.8579
      vertex 71.1506 -81.2 24.9294
      vertex 71.1506 -78.2 24.9294
    endloop
  endfacet
  facet normal -0.321484 0 0.946915
    outer loop
      vertex 71.1506 -81.2 24.9294
      vertex 70.94 -78.2 24.8579
      vertex 70.94 -81.2 24.8579
    endloop
  endfacet
  facet normal -0.555426 0 0.831566
    outer loop
      vertex 71.35 -81.2 25.0278
      vertex 71.5349 -81.6 25.1513
      vertex 71.5349 -81.2 25.1513
    endloop
  endfacet
  facet normal -0.555426 0 0.831566
    outer loop
      vertex 71.5349 -81.6 25.1513
      vertex 71.35 -81.2 25.0278
      vertex 71.35 -81.6 25.0278
    endloop
  endfacet
  facet normal -0.555426 0 0.831566
    outer loop
      vertex 71.35 -78.2 25.0278
      vertex 71.5349 -81.2 25.1513
      vertex 71.5349 -78.2 25.1513
    endloop
  endfacet
  facet normal -0.555426 0 0.831566
    outer loop
      vertex 71.5349 -81.2 25.1513
      vertex 71.35 -78.2 25.0278
      vertex 71.35 -81.2 25.0278
    endloop
  endfacet
  facet normal 0.195165 0 0.98077
    outer loop
      vertex 70.06 -78.2 24.8579
      vertex 70.2781 -81.2 24.8145
      vertex 70.2781 -78.2 24.8145
    endloop
  endfacet
  facet normal 0.195165 0 0.98077
    outer loop
      vertex 70.2781 -81.2 24.8145
      vertex 70.06 -78.2 24.8579
      vertex 70.06 -81.2 24.8579
    endloop
  endfacet
  facet normal -0.659268 0 -0.751908
    outer loop
      vertex 71.5349 -81.6 27.8487
      vertex 71.7021 -81.2 27.7021
      vertex 71.7021 -81.6 27.7021
    endloop
  endfacet
  facet normal -0.659268 0 -0.751908
    outer loop
      vertex 71.7021 -81.2 27.7021
      vertex 71.5349 -81.6 27.8487
      vertex 71.5349 -81.2 27.8487
    endloop
  endfacet
  facet normal -0.659268 0 -0.751908
    outer loop
      vertex 71.5349 -81.2 27.8487
      vertex 71.7021 -78.2 27.7021
      vertex 71.7021 -81.2 27.7021
    endloop
  endfacet
  facet normal -0.659268 0 -0.751908
    outer loop
      vertex 71.7021 -78.2 27.7021
      vertex 71.5349 -81.2 27.8487
      vertex 71.5349 -78.2 27.8487
    endloop
  endfacet
  facet normal 0.896754 -0 0.44253
    outer loop
      vertex 68.9294 -81.2 25.8494
      vertex 69.0278 -78.2 25.65
      vertex 68.9294 -78.2 25.8494
    endloop
  endfacet
  facet normal 0.896754 0 0.44253
    outer loop
      vertex 69.0278 -78.2 25.65
      vertex 68.9294 -81.2 25.8494
      vertex 69.0278 -81.2 25.65
    endloop
  endfacet
  facet normal -0.98077 0 -0.195165
    outer loop
      vertex 72.1855 -81.6 26.7219
      vertex 72.1421 -81.2 26.94
      vertex 72.1855 -81.2 26.7219
    endloop
  endfacet
  facet normal -0.98077 -0 -0.195165
    outer loop
      vertex 72.1421 -81.2 26.94
      vertex 72.1855 -81.6 26.7219
      vertex 72.1421 -81.6 26.94
    endloop
  endfacet
  facet normal -0.98077 0 -0.195165
    outer loop
      vertex 72.1855 -81.2 26.7219
      vertex 72.1421 -78.2 26.94
      vertex 72.1855 -78.2 26.7219
    endloop
  endfacet
  facet normal -0.98077 -0 -0.195165
    outer loop
      vertex 72.1421 -78.2 26.94
      vertex 72.1855 -81.2 26.7219
      vertex 72.1421 -81.2 26.94
    endloop
  endfacet
  facet normal -0.195165 0 -0.98077
    outer loop
      vertex 70.7219 -81.6 28.1855
      vertex 70.94 -81.2 28.1421
      vertex 70.94 -81.6 28.1421
    endloop
  endfacet
  facet normal -0.195165 0 -0.98077
    outer loop
      vertex 70.94 -81.2 28.1421
      vertex 70.7219 -81.6 28.1855
      vertex 70.7219 -81.2 28.1855
    endloop
  endfacet
  facet normal -0.195165 0 -0.98077
    outer loop
      vertex 70.7219 -81.2 28.1855
      vertex 70.94 -78.2 28.1421
      vertex 70.94 -81.2 28.1421
    endloop
  endfacet
  facet normal -0.195165 0 -0.98077
    outer loop
      vertex 70.94 -78.2 28.1421
      vertex 70.7219 -81.2 28.1855
      vertex 70.7219 -78.2 28.1855
    endloop
  endfacet
  facet normal 0.659268 0 -0.751908
    outer loop
      vertex 69.2979 -81.2 27.7021
      vertex 69.4651 -78.2 27.8487
      vertex 69.4651 -81.2 27.8487
    endloop
  endfacet
  facet normal 0.659268 0 -0.751908
    outer loop
      vertex 69.4651 -78.2 27.8487
      vertex 69.2979 -81.2 27.7021
      vertex 69.2979 -78.2 27.7021
    endloop
  endfacet
  facet normal 0.751908 0 -0.659268
    outer loop
      vertex 69.2979 -81.2 27.7021
      vertex 69.1513 -78.2 27.5349
      vertex 69.2979 -78.2 27.7021
    endloop
  endfacet
  facet normal 0.751908 0 -0.659268
    outer loop
      vertex 69.1513 -78.2 27.5349
      vertex 69.2979 -81.2 27.7021
      vertex 69.1513 -81.2 27.5349
    endloop
  endfacet
  facet normal -0.0652057 0 0.997872
    outer loop
      vertex 70.5 -81.2 24.8
      vertex 70.7219 -81.6 24.8145
      vertex 70.7219 -81.2 24.8145
    endloop
  endfacet
  facet normal -0.0652057 0 0.997872
    outer loop
      vertex 70.7219 -81.6 24.8145
      vertex 70.5 -81.2 24.8
      vertex 70.5 -81.6 24.8
    endloop
  endfacet
  facet normal -0.0652057 0 0.997872
    outer loop
      vertex 70.5 -78.2 24.8
      vertex 70.7219 -81.2 24.8145
      vertex 70.7219 -78.2 24.8145
    endloop
  endfacet
  facet normal -0.0652057 0 0.997872
    outer loop
      vertex 70.7219 -81.2 24.8145
      vertex 70.5 -78.2 24.8
      vertex 70.5 -81.2 24.8
    endloop
  endfacet
  facet normal -0.44253 0 0.896754
    outer loop
      vertex 71.1506 -81.2 24.9294
      vertex 71.35 -81.6 25.0278
      vertex 71.35 -81.2 25.0278
    endloop
  endfacet
  facet normal -0.44253 0 0.896754
    outer loop
      vertex 71.35 -81.6 25.0278
      vertex 71.1506 -81.2 24.9294
      vertex 71.1506 -81.6 24.9294
    endloop
  endfacet
  facet normal -0.44253 0 0.896754
    outer loop
      vertex 71.1506 -78.2 24.9294
      vertex 71.35 -81.2 25.0278
      vertex 71.35 -78.2 25.0278
    endloop
  endfacet
  facet normal -0.44253 0 0.896754
    outer loop
      vertex 71.35 -81.2 25.0278
      vertex 71.1506 -78.2 24.9294
      vertex 71.1506 -81.2 24.9294
    endloop
  endfacet
  facet normal -0.831566 0 -0.555426
    outer loop
      vertex 71.9722 -81.6 27.35
      vertex 71.8487 -81.2 27.5349
      vertex 71.9722 -81.2 27.35
    endloop
  endfacet
  facet normal -0.831566 -0 -0.555426
    outer loop
      vertex 71.8487 -81.2 27.5349
      vertex 71.9722 -81.6 27.35
      vertex 71.8487 -81.6 27.5349
    endloop
  endfacet
  facet normal -0.831566 0 -0.555426
    outer loop
      vertex 71.9722 -81.2 27.35
      vertex 71.8487 -78.2 27.5349
      vertex 71.9722 -78.2 27.35
    endloop
  endfacet
  facet normal -0.831566 -0 -0.555426
    outer loop
      vertex 71.8487 -78.2 27.5349
      vertex 71.9722 -81.2 27.35
      vertex 71.8487 -81.2 27.5349
    endloop
  endfacet
  facet normal 0.997872 0 -0.0652057
    outer loop
      vertex 68.8145 -81.2 26.7219
      vertex 68.8 -78.2 26.5
      vertex 68.8145 -78.2 26.7219
    endloop
  endfacet
  facet normal 0.997872 0 -0.0652057
    outer loop
      vertex 68.8 -78.2 26.5
      vertex 68.8145 -81.2 26.7219
      vertex 68.8 -81.2 26.5
    endloop
  endfacet
  facet normal -0.44253 0 -0.896754
    outer loop
      vertex 71.1506 -81.6 28.0706
      vertex 71.35 -81.2 27.9722
      vertex 71.35 -81.6 27.9722
    endloop
  endfacet
  facet normal -0.44253 0 -0.896754
    outer loop
      vertex 71.35 -81.2 27.9722
      vertex 71.1506 -81.6 28.0706
      vertex 71.1506 -81.2 28.0706
    endloop
  endfacet
  facet normal -0.44253 0 -0.896754
    outer loop
      vertex 71.1506 -81.2 28.0706
      vertex 71.35 -78.2 27.9722
      vertex 71.35 -81.2 27.9722
    endloop
  endfacet
  facet normal -0.44253 0 -0.896754
    outer loop
      vertex 71.35 -78.2 27.9722
      vertex 71.1506 -81.2 28.0706
      vertex 71.1506 -78.2 28.0706
    endloop
  endfacet
  facet normal 0.98077 -0 0.195165
    outer loop
      vertex 68.8145 -81.2 26.2781
      vertex 68.8579 -78.2 26.06
      vertex 68.8145 -78.2 26.2781
    endloop
  endfacet
  facet normal 0.98077 0 0.195165
    outer loop
      vertex 68.8579 -78.2 26.06
      vertex 68.8145 -81.2 26.2781
      vertex 68.8579 -81.2 26.06
    endloop
  endfacet
  facet normal 0.896754 0 -0.44253
    outer loop
      vertex 69.0278 -81.2 27.35
      vertex 68.9294 -78.2 27.1506
      vertex 69.0278 -78.2 27.35
    endloop
  endfacet
  facet normal 0.896754 0 -0.44253
    outer loop
      vertex 68.9294 -78.2 27.1506
      vertex 69.0278 -81.2 27.35
      vertex 68.9294 -81.2 27.1506
    endloop
  endfacet
  facet normal 0.946915 -0 0.321484
    outer loop
      vertex 68.8579 -81.2 26.06
      vertex 68.9294 -78.2 25.8494
      vertex 68.8579 -78.2 26.06
    endloop
  endfacet
  facet normal 0.946915 0 0.321484
    outer loop
      vertex 68.9294 -78.2 25.8494
      vertex 68.8579 -81.2 26.06
      vertex 68.9294 -81.2 25.8494
    endloop
  endfacet
  facet normal 0.555426 0 0.831566
    outer loop
      vertex 69.4651 -78.2 25.1513
      vertex 69.65 -81.2 25.0278
      vertex 69.65 -78.2 25.0278
    endloop
  endfacet
  facet normal 0.555426 0 0.831566
    outer loop
      vertex 69.65 -81.2 25.0278
      vertex 69.4651 -78.2 25.1513
      vertex 69.4651 -81.2 25.1513
    endloop
  endfacet
  facet normal -0.896754 0 0.44253
    outer loop
      vertex 71.9722 -81.6 25.65
      vertex 72.0706 -81.2 25.8494
      vertex 71.9722 -81.2 25.65
    endloop
  endfacet
  facet normal -0.896754 0 0.44253
    outer loop
      vertex 72.0706 -81.2 25.8494
      vertex 71.9722 -81.6 25.65
      vertex 72.0706 -81.6 25.8494
    endloop
  endfacet
  facet normal -0.896754 0 0.44253
    outer loop
      vertex 71.9722 -81.2 25.65
      vertex 72.0706 -78.2 25.8494
      vertex 71.9722 -78.2 25.65
    endloop
  endfacet
  facet normal -0.896754 0 0.44253
    outer loop
      vertex 72.0706 -78.2 25.8494
      vertex 71.9722 -81.2 25.65
      vertex 72.0706 -81.2 25.8494
    endloop
  endfacet
  facet normal 0.997872 -0 0.0652057
    outer loop
      vertex 68.8 -81.2 26.5
      vertex 68.8145 -78.2 26.2781
      vertex 68.8 -78.2 26.5
    endloop
  endfacet
  facet normal 0.997872 0 0.0652057
    outer loop
      vertex 68.8145 -78.2 26.2781
      vertex 68.8 -81.2 26.5
      vertex 68.8145 -81.2 26.2781
    endloop
  endfacet
  facet normal 0.321484 0 -0.946915
    outer loop
      vertex 69.8494 -81.2 28.0706
      vertex 70.06 -78.2 28.1421
      vertex 70.06 -81.2 28.1421
    endloop
  endfacet
  facet normal 0.321484 0 -0.946915
    outer loop
      vertex 70.06 -78.2 28.1421
      vertex 69.8494 -81.2 28.0706
      vertex 69.8494 -78.2 28.0706
    endloop
  endfacet
  facet normal 0.44253 0 0.896754
    outer loop
      vertex 69.65 -78.2 25.0278
      vertex 69.8494 -81.2 24.9294
      vertex 69.8494 -78.2 24.9294
    endloop
  endfacet
  facet normal 0.44253 0 0.896754
    outer loop
      vertex 69.8494 -81.2 24.9294
      vertex 69.65 -78.2 25.0278
      vertex 69.65 -81.2 25.0278
    endloop
  endfacet
  facet normal 0.831566 -0 0.555426
    outer loop
      vertex 69.0278 -81.2 25.65
      vertex 69.1513 -78.2 25.4651
      vertex 69.0278 -78.2 25.65
    endloop
  endfacet
  facet normal 0.831566 0 0.555426
    outer loop
      vertex 69.1513 -78.2 25.4651
      vertex 69.0278 -81.2 25.65
      vertex 69.1513 -81.2 25.4651
    endloop
  endfacet
  facet normal 0.555426 0 -0.831566
    outer loop
      vertex 69.4651 -81.2 27.8487
      vertex 69.65 -78.2 27.9722
      vertex 69.65 -81.2 27.9722
    endloop
  endfacet
  facet normal 0.555426 0 -0.831566
    outer loop
      vertex 69.65 -78.2 27.9722
      vertex 69.4651 -81.2 27.8487
      vertex 69.4651 -78.2 27.8487
    endloop
  endfacet
  facet normal -0.793295 -0.606623 0.0518817
    outer loop
      vertex 73.3994 -83.2 26.1315
      vertex 73.4235 -83.2 26.5
      vertex 72.2 -81.6 26.5
    endloop
  endfacet
  facet normal -0.712945 -0.606623 0.351737
    outer loop
      vertex 73.0376 -83.2 25.05
      vertex 73.201 -83.2 25.3812
      vertex 72.0706 -81.6 25.8494
    endloop
  endfacet
  facet normal -0.255528 -0.60662 -0.752806
    outer loop
      vertex 71.6064 -83.2 29.2052
      vertex 71.2567 -83.2 29.3239
      vertex 70.94 -81.6 28.1421
    endloop
  endfacet
  facet normal -0.793295 -0.606623 -0.0518817
    outer loop
      vertex 73.4235 -83.2 26.5
      vertex 73.3994 -83.2 26.8685
      vertex 72.2 -81.6 26.5
    endloop
  endfacet
  facet normal -0.441675 -0.606624 -0.661007
    outer loop
      vertex 72.2797 -83.2 28.8194
      vertex 71.9726 -83.2 29.0246
      vertex 71.5349 -81.6 27.8487
    endloop
  endfacet
  facet normal -0.255528 -0.60662 0.752806
    outer loop
      vertex 71.2567 -83.2 23.6761
      vertex 71.6064 -83.2 23.7948
      vertex 70.94 -81.6 24.8579
    endloop
  endfacet
  facet normal -0.661061 -0.606663 -0.441541
    outer loop
      vertex 73.0319 -83.2 27.9618
      vertex 71.8487 -81.6 27.5349
      vertex 71.9722 -81.6 27.35
    endloop
  endfacet
  facet normal -0.658952 -0.606134 -0.445403
    outer loop
      vertex 71.8487 -81.6 27.5349
      vertex 73.0319 -83.2 27.9618
      vertex 73.0246 -83.2 27.9726
    endloop
  endfacet
  facet normal -0.712945 -0.606623 -0.351737
    outer loop
      vertex 73.201 -83.2 27.6188
      vertex 73.0376 -83.2 27.95
      vertex 72.0706 -81.6 27.1506
    endloop
  endfacet
  facet normal -0.779702 -0.60662 0.155166
    outer loop
      vertex 73.3239 -83.2 25.7433
      vertex 73.396 -83.2 26.1056
      vertex 72.1421 -81.6 26.06
    endloop
  endfacet
  facet normal -0.345851 -0.606442 -0.715972
    outer loop
      vertex 71.95 -83.2 29.0376
      vertex 71.35 -81.6 27.9722
      vertex 71.9618 -83.2 29.0319
    endloop
  endfacet
  facet normal -0.351804 -0.606631 -0.712904
    outer loop
      vertex 71.35 -81.6 27.9722
      vertex 71.95 -83.2 29.0376
      vertex 71.1506 -81.6 28.0706
    endloop
  endfacet
  facet normal -0.152345 -0.606941 -0.780009
    outer loop
      vertex 70.8816 -83.2 29.3985
      vertex 70.94 -81.6 28.1421
      vertex 70.8944 -83.2 29.396
    endloop
  endfacet
  facet normal -0.155156 -0.606607 -0.779714
    outer loop
      vertex 70.94 -81.6 28.1421
      vertex 70.8816 -83.2 29.3985
      vertex 70.7219 -81.6 28.1855
    endloop
  endfacet
  facet normal -0.441675 -0.606624 0.661007
    outer loop
      vertex 71.9726 -83.2 23.9754
      vertex 72.2797 -83.2 24.1806
      vertex 71.5349 -81.6 25.1513
    endloop
  endfacet
  facet normal -0.752979 -0.606611 0.255041
    outer loop
      vertex 73.2052 -83.2 25.3936
      vertex 72.0706 -81.6 25.8494
      vertex 73.201 -83.2 25.3812
    endloop
  endfacet
  facet normal -0.752786 -0.606626 0.255575
    outer loop
      vertex 72.0706 -81.6 25.8494
      vertex 73.2052 -83.2 25.3936
      vertex 72.1421 -81.6 26.06
    endloop
  endfacet
  facet normal -0.445403 -0.606134 0.658952
    outer loop
      vertex 71.5349 -81.6 25.1513
      vertex 71.9618 -83.2 23.9681
      vertex 71.9726 -83.2 23.9754
    endloop
  endfacet
  facet normal -0.441541 -0.606663 0.661061
    outer loop
      vertex 71.9618 -83.2 23.9681
      vertex 71.5349 -81.6 25.1513
      vertex 71.35 -81.6 25.0278
    endloop
  endfacet
  facet normal -0.597759 -0.606622 0.524112
    outer loop
      vertex 71.7021 -81.6 25.2979
      vertex 72.5759 -83.2 24.4426
      vertex 71.8487 -81.6 25.4651
    endloop
  endfacet
  facet normal -0.594448 -0.606744 0.527724
    outer loop
      vertex 72.5759 -83.2 24.4426
      vertex 71.7021 -81.6 25.2979
      vertex 72.5672 -83.2 24.4328
    endloop
  endfacet
  facet normal -0.661007 -0.606624 -0.441675
    outer loop
      vertex 73.0246 -83.2 27.9726
      vertex 72.8194 -83.2 28.2797
      vertex 71.8487 -81.6 27.5349
    endloop
  endfacet
  facet normal -0.155166 -0.60662 0.779702
    outer loop
      vertex 71.2567 -83.2 23.6761
      vertex 70.94 -81.6 24.8579
      vertex 70.8944 -83.2 23.604
    endloop
  endfacet
  facet normal -0.715972 -0.606442 0.345851
    outer loop
      vertex 73.0376 -83.2 25.05
      vertex 71.9722 -81.6 25.65
      vertex 73.0319 -83.2 25.0382
    endloop
  endfacet
  facet normal -0.712904 -0.606631 0.351804
    outer loop
      vertex 71.9722 -81.6 25.65
      vertex 73.0376 -83.2 25.05
      vertex 72.0706 -81.6 25.8494
    endloop
  endfacet
  facet normal -0.0544859 -0.606686 -0.793072
    outer loop
      vertex 70.8685 -83.2 29.3994
      vertex 70.7219 -81.6 28.1855
      vertex 70.8816 -83.2 29.3985
    endloop
  endfacet
  facet normal -0.0518381 -0.606618 -0.793302
    outer loop
      vertex 70.7219 -81.6 28.1855
      vertex 70.8685 -83.2 29.3994
      vertex 70.5 -81.6 28.2
    endloop
  endfacet
  facet normal -0.752786 -0.606626 -0.255575
    outer loop
      vertex 73.2052 -83.2 27.6064
      vertex 72.0706 -81.6 27.1506
      vertex 72.1421 -81.6 26.94
    endloop
  endfacet
  facet normal -0.752979 -0.606611 -0.255041
    outer loop
      vertex 72.0706 -81.6 27.1506
      vertex 73.2052 -83.2 27.6064
      vertex 73.201 -83.2 27.6188
    endloop
  endfacet
  facet normal -0.524128 -0.606625 0.597743
    outer loop
      vertex 72.2797 -83.2 24.1806
      vertex 72.5574 -83.2 24.4241
      vertex 71.5349 -81.6 25.1513
    endloop
  endfacet
  facet normal -0.597743 -0.606625 0.524128
    outer loop
      vertex 72.5759 -83.2 24.4426
      vertex 72.8194 -83.2 24.7203
      vertex 71.8487 -81.6 25.4651
    endloop
  endfacet
  facet normal -0.597743 -0.606625 -0.524128
    outer loop
      vertex 72.8194 -83.2 28.2797
      vertex 72.5759 -83.2 28.5574
      vertex 71.8487 -81.6 27.5349
    endloop
  endfacet
  facet normal -0.712904 -0.606631 -0.351804
    outer loop
      vertex 73.0376 -83.2 27.95
      vertex 71.9722 -81.6 27.35
      vertex 72.0706 -81.6 27.1506
    endloop
  endfacet
  facet normal -0.715972 -0.606442 -0.345851
    outer loop
      vertex 71.9722 -81.6 27.35
      vertex 73.0376 -83.2 27.95
      vertex 73.0319 -83.2 27.9618
    endloop
  endfacet
  facet normal -0.594448 -0.606744 -0.527724
    outer loop
      vertex 71.7021 -81.6 27.7021
      vertex 72.5759 -83.2 28.5574
      vertex 72.5672 -83.2 28.5672
    endloop
  endfacet
  facet normal -0.597759 -0.606622 -0.524112
    outer loop
      vertex 72.5759 -83.2 28.5574
      vertex 71.7021 -81.6 27.7021
      vertex 71.8487 -81.6 27.5349
    endloop
  endfacet
  facet normal -0.0518817 -0.606623 -0.793295
    outer loop
      vertex 70.5 -81.6 28.2
      vertex 70.8685 -83.2 29.3994
      vertex 70.5 -83.2 29.4235
    endloop
  endfacet
  facet normal -0.351737 -0.606623 0.712945
    outer loop
      vertex 71.6188 -83.2 23.799
      vertex 71.95 -83.2 23.9624
      vertex 71.1506 -81.6 24.9294
    endloop
  endfacet
  facet normal -0.661007 -0.606624 0.441675
    outer loop
      vertex 72.8194 -83.2 24.7203
      vertex 73.0246 -83.2 25.0274
      vertex 71.8487 -81.6 25.4651
    endloop
  endfacet
  facet normal -0.524112 -0.606622 0.597759
    outer loop
      vertex 72.5574 -83.2 24.4241
      vertex 71.7021 -81.6 25.2979
      vertex 71.5349 -81.6 25.1513
    endloop
  endfacet
  facet normal -0.527724 -0.606744 0.594448
    outer loop
      vertex 71.7021 -81.6 25.2979
      vertex 72.5574 -83.2 24.4241
      vertex 72.5672 -83.2 24.4328
    endloop
  endfacet
  facet normal -0.524128 -0.606625 -0.597743
    outer loop
      vertex 72.5574 -83.2 28.5759
      vertex 72.2797 -83.2 28.8194
      vertex 71.5349 -81.6 27.8487
    endloop
  endfacet
  facet normal -0.0518817 -0.606623 0.793295
    outer loop
      vertex 70.8685 -83.2 23.6006
      vertex 70.5 -81.6 24.8
      vertex 70.5 -83.2 23.5765
    endloop
  endfacet
  facet normal -0.752806 -0.60662 -0.255528
    outer loop
      vertex 73.3239 -83.2 27.2567
      vertex 73.2052 -83.2 27.6064
      vertex 72.1421 -81.6 26.94
    endloop
  endfacet
  facet normal -0.658952 -0.606134 0.445403
    outer loop
      vertex 73.0319 -83.2 25.0382
      vertex 71.8487 -81.6 25.4651
      vertex 73.0246 -83.2 25.0274
    endloop
  endfacet
  facet normal -0.661061 -0.606663 0.441541
    outer loop
      vertex 71.8487 -81.6 25.4651
      vertex 73.0319 -83.2 25.0382
      vertex 71.9722 -81.6 25.65
    endloop
  endfacet
  facet normal -0.351737 -0.606623 -0.712945
    outer loop
      vertex 71.95 -83.2 29.0376
      vertex 71.6188 -83.2 29.201
      vertex 71.1506 -81.6 28.0706
    endloop
  endfacet
  facet normal -0.780009 -0.606941 0.152345
    outer loop
      vertex 73.3985 -83.2 26.1184
      vertex 72.1421 -81.6 26.06
      vertex 73.396 -83.2 26.1056
    endloop
  endfacet
  facet normal -0.779714 -0.606607 0.155156
    outer loop
      vertex 72.1421 -81.6 26.06
      vertex 73.3985 -83.2 26.1184
      vertex 72.1855 -81.6 26.2781
    endloop
  endfacet
  facet normal -0.752806 -0.60662 0.255528
    outer loop
      vertex 73.2052 -83.2 25.3936
      vertex 73.3239 -83.2 25.7433
      vertex 72.1421 -81.6 26.06
    endloop
  endfacet
  facet normal -0.524112 -0.606622 -0.597759
    outer loop
      vertex 71.7021 -81.6 27.7021
      vertex 72.5574 -83.2 28.5759
      vertex 71.5349 -81.6 27.8487
    endloop
  endfacet
  facet normal -0.527724 -0.606744 -0.594448
    outer loop
      vertex 72.5574 -83.2 28.5759
      vertex 71.7021 -81.6 27.7021
      vertex 72.5672 -83.2 28.5672
    endloop
  endfacet
  facet normal -0.779702 -0.60662 -0.155166
    outer loop
      vertex 73.396 -83.2 26.8944
      vertex 73.3239 -83.2 27.2567
      vertex 72.1421 -81.6 26.94
    endloop
  endfacet
  facet normal -0.0544859 -0.606686 0.793072
    outer loop
      vertex 70.7219 -81.6 24.8145
      vertex 70.8685 -83.2 23.6006
      vertex 70.8816 -83.2 23.6015
    endloop
  endfacet
  facet normal -0.0518381 -0.606618 0.793302
    outer loop
      vertex 70.8685 -83.2 23.6006
      vertex 70.7219 -81.6 24.8145
      vertex 70.5 -81.6 24.8
    endloop
  endfacet
  facet normal -0.255041 -0.606611 -0.752979
    outer loop
      vertex 71.6064 -83.2 29.2052
      vertex 71.1506 -81.6 28.0706
      vertex 71.6188 -83.2 29.201
    endloop
  endfacet
  facet normal -0.255575 -0.606626 -0.752786
    outer loop
      vertex 71.1506 -81.6 28.0706
      vertex 71.6064 -83.2 29.2052
      vertex 70.94 -81.6 28.1421
    endloop
  endfacet
  facet normal -0.255041 -0.606611 0.752979
    outer loop
      vertex 71.1506 -81.6 24.9294
      vertex 71.6064 -83.2 23.7948
      vertex 71.6188 -83.2 23.799
    endloop
  endfacet
  facet normal -0.255575 -0.606626 0.752786
    outer loop
      vertex 71.6064 -83.2 23.7948
      vertex 71.1506 -81.6 24.9294
      vertex 70.94 -81.6 24.8579
    endloop
  endfacet
  facet normal -0.155166 -0.60662 -0.779702
    outer loop
      vertex 70.94 -81.6 28.1421
      vertex 71.2567 -83.2 29.3239
      vertex 70.8944 -83.2 29.396
    endloop
  endfacet
  facet normal -0.445403 -0.606134 -0.658952
    outer loop
      vertex 71.9618 -83.2 29.0319
      vertex 71.5349 -81.6 27.8487
      vertex 71.9726 -83.2 29.0246
    endloop
  endfacet
  facet normal -0.441541 -0.606663 -0.661061
    outer loop
      vertex 71.5349 -81.6 27.8487
      vertex 71.9618 -83.2 29.0319
      vertex 71.35 -81.6 27.9722
    endloop
  endfacet
  facet normal -0.152345 -0.606941 0.780009
    outer loop
      vertex 70.94 -81.6 24.8579
      vertex 70.8816 -83.2 23.6015
      vertex 70.8944 -83.2 23.604
    endloop
  endfacet
  facet normal -0.155156 -0.606607 0.779714
    outer loop
      vertex 70.8816 -83.2 23.6015
      vertex 70.94 -81.6 24.8579
      vertex 70.7219 -81.6 24.8145
    endloop
  endfacet
  facet normal -0.345851 -0.606442 0.715972
    outer loop
      vertex 71.35 -81.6 25.0278
      vertex 71.95 -83.2 23.9624
      vertex 71.9618 -83.2 23.9681
    endloop
  endfacet
  facet normal -0.351804 -0.606631 0.712904
    outer loop
      vertex 71.95 -83.2 23.9624
      vertex 71.35 -81.6 25.0278
      vertex 71.1506 -81.6 24.9294
    endloop
  endfacet
  facet normal -0.793072 -0.606686 0.0544859
    outer loop
      vertex 73.3994 -83.2 26.1315
      vertex 72.1855 -81.6 26.2781
      vertex 73.3985 -83.2 26.1184
    endloop
  endfacet
  facet normal -0.793302 -0.606618 0.0518381
    outer loop
      vertex 72.1855 -81.6 26.2781
      vertex 73.3994 -83.2 26.1315
      vertex 72.2 -81.6 26.5
    endloop
  endfacet
  facet normal -0.779714 -0.606607 -0.155156
    outer loop
      vertex 73.3985 -83.2 26.8816
      vertex 72.1421 -81.6 26.94
      vertex 72.1855 -81.6 26.7219
    endloop
  endfacet
  facet normal -0.780009 -0.606941 -0.152345
    outer loop
      vertex 72.1421 -81.6 26.94
      vertex 73.3985 -83.2 26.8816
      vertex 73.396 -83.2 26.8944
    endloop
  endfacet
  facet normal -0.793302 -0.606618 -0.0518381
    outer loop
      vertex 73.3994 -83.2 26.8685
      vertex 72.1855 -81.6 26.7219
      vertex 72.2 -81.6 26.5
    endloop
  endfacet
  facet normal -0.793072 -0.606686 -0.0544859
    outer loop
      vertex 72.1855 -81.6 26.7219
      vertex 73.3994 -83.2 26.8685
      vertex 73.3985 -83.2 26.8816
    endloop
  endfacet
  facet normal -0.980794 0 0.195047
    outer loop
      vertex -33.7811 -81.2 16.8647
      vertex -33.5706 -78.2 17.9232
      vertex -33.7811 -78.2 16.8647
    endloop
  endfacet
  facet normal -0.980794 0 0.195047
    outer loop
      vertex -33.5706 -78.2 17.9232
      vertex -33.7811 -81.2 16.8647
      vertex -33.5706 -81.2 17.9232
    endloop
  endfacet
  facet normal -0.997858 0 0.0654242
    outer loop
      vertex -33.5706 -81.2 17.9232
      vertex -33.5 -78.2 19
      vertex -33.5706 -78.2 17.9232
    endloop
  endfacet
  facet normal -0.997858 0 0.0654242
    outer loop
      vertex -33.5 -78.2 19
      vertex -33.5706 -81.2 17.9232
      vertex -33.5 -81.2 19
    endloop
  endfacet
  facet normal -0.946917 0 0.321477
    outer loop
      vertex -34.128 -81.2 15.8429
      vertex -33.7811 -78.2 16.8647
      vertex -34.128 -78.2 15.8429
    endloop
  endfacet
  facet normal -0.946917 0 0.321477
    outer loop
      vertex -33.7811 -78.2 16.8647
      vertex -34.128 -81.2 15.8429
      vertex -33.7811 -81.2 16.8647
    endloop
  endfacet
  facet normal -0.321477 0 0.946917
    outer loop
      vertex -39.6147 -78.2 11.0311
      vertex -38.5929 -81.2 11.378
      vertex -38.5929 -78.2 11.378
    endloop
  endfacet
  facet normal -0.321477 0 0.946917
    outer loop
      vertex -38.5929 -81.2 11.378
      vertex -39.6147 -78.2 11.0311
      vertex -39.6147 -81.2 11.0311
    endloop
  endfacet
  facet normal -0.555534 0 0.831494
    outer loop
      vertex -37.625 -78.2 11.8553
      vertex -36.7277 -81.2 12.4548
      vertex -36.7277 -78.2 12.4548
    endloop
  endfacet
  facet normal -0.555534 0 0.831494
    outer loop
      vertex -36.7277 -81.2 12.4548
      vertex -37.625 -78.2 11.8553
      vertex -37.625 -81.2 11.8553
    endloop
  endfacet
  facet normal 0.946917 0 -0.321477
    outer loop
      vertex -49.372 -81.2 22.1571
      vertex -49.7189 -78.2 21.1353
      vertex -49.372 -78.2 22.1571
    endloop
  endfacet
  facet normal 0.946917 0 -0.321477
    outer loop
      vertex -49.7189 -78.2 21.1353
      vertex -49.372 -81.2 22.1571
      vertex -49.7189 -81.2 21.1353
    endloop
  endfacet
  facet normal 0.321477 0 0.946917
    outer loop
      vertex -44.9071 -78.2 11.378
      vertex -43.8853 -81.2 11.0311
      vertex -43.8853 -78.2 11.0311
    endloop
  endfacet
  facet normal 0.321477 0 0.946917
    outer loop
      vertex -43.8853 -81.2 11.0311
      vertex -44.9071 -78.2 11.378
      vertex -44.9071 -81.2 11.378
    endloop
  endfacet
  facet normal -0.659403 0 0.75179
    outer loop
      vertex -36.7277 -78.2 12.4548
      vertex -35.9164 -81.2 13.1664
      vertex -35.9164 -78.2 13.1664
    endloop
  endfacet
  facet normal -0.659403 0 0.75179
    outer loop
      vertex -35.9164 -81.2 13.1664
      vertex -36.7277 -78.2 12.4548
      vertex -36.7277 -81.2 12.4548
    endloop
  endfacet
  facet normal -0.896878 0 -0.442277
    outer loop
      vertex -34.128 -81.2 22.1571
      vertex -34.6053 -78.2 23.125
      vertex -34.128 -78.2 22.1571
    endloop
  endfacet
  facet normal -0.896878 -0 -0.442277
    outer loop
      vertex -34.6053 -78.2 23.125
      vertex -34.128 -81.2 22.1571
      vertex -34.6053 -81.2 23.125
    endloop
  endfacet
  facet normal -0.321477 0 -0.946917
    outer loop
      vertex -39.6147 -81.2 26.9689
      vertex -38.5929 -78.2 26.622
      vertex -38.5929 -81.2 26.622
    endloop
  endfacet
  facet normal -0.321477 0 -0.946917
    outer loop
      vertex -38.5929 -78.2 26.622
      vertex -39.6147 -81.2 26.9689
      vertex -39.6147 -78.2 26.9689
    endloop
  endfacet
  facet normal -0.195047 0 -0.980794
    outer loop
      vertex -40.6732 -81.2 27.1794
      vertex -39.6147 -78.2 26.9689
      vertex -39.6147 -81.2 26.9689
    endloop
  endfacet
  facet normal -0.195047 0 -0.980794
    outer loop
      vertex -39.6147 -78.2 26.9689
      vertex -40.6732 -81.2 27.1794
      vertex -40.6732 -78.2 27.1794
    endloop
  endfacet
  facet normal -0.896878 0 0.442277
    outer loop
      vertex -34.6053 -81.2 14.875
      vertex -34.128 -78.2 15.8429
      vertex -34.6053 -78.2 14.875
    endloop
  endfacet
  facet normal -0.896878 0 0.442277
    outer loop
      vertex -34.128 -78.2 15.8429
      vertex -34.6053 -81.2 14.875
      vertex -34.128 -81.2 15.8429
    endloop
  endfacet
  facet normal -0.0654242 0 -0.997858
    outer loop
      vertex -41.75 -81.2 27.25
      vertex -40.6732 -78.2 27.1794
      vertex -40.6732 -81.2 27.1794
    endloop
  endfacet
  facet normal -0.0654242 0 -0.997858
    outer loop
      vertex -40.6732 -78.2 27.1794
      vertex -41.75 -81.2 27.25
      vertex -41.75 -78.2 27.25
    endloop
  endfacet
  facet normal 0.555534 0 -0.831494
    outer loop
      vertex -46.7723 -81.2 25.5452
      vertex -45.875 -78.2 26.1447
      vertex -45.875 -81.2 26.1447
    endloop
  endfacet
  facet normal 0.555534 0 -0.831494
    outer loop
      vertex -45.875 -78.2 26.1447
      vertex -46.7723 -81.2 25.5452
      vertex -46.7723 -78.2 25.5452
    endloop
  endfacet
  facet normal 0.831494 0 -0.555534
    outer loop
      vertex -48.2952 -81.2 24.0223
      vertex -48.8947 -78.2 23.125
      vertex -48.2952 -78.2 24.0223
    endloop
  endfacet
  facet normal 0.831494 0 -0.555534
    outer loop
      vertex -48.8947 -78.2 23.125
      vertex -48.2952 -81.2 24.0223
      vertex -48.8947 -81.2 23.125
    endloop
  endfacet
  facet normal 0.659403 0 0.75179
    outer loop
      vertex -47.5836 -78.2 13.1664
      vertex -46.7723 -81.2 12.4548
      vertex -46.7723 -78.2 12.4548
    endloop
  endfacet
  facet normal 0.659403 0 0.75179
    outer loop
      vertex -46.7723 -81.2 12.4548
      vertex -47.5836 -78.2 13.1664
      vertex -47.5836 -81.2 13.1664
    endloop
  endfacet
  facet normal -0.442277 0 0.896878
    outer loop
      vertex -38.5929 -78.2 11.378
      vertex -37.625 -81.2 11.8553
      vertex -37.625 -78.2 11.8553
    endloop
  endfacet
  facet normal -0.442277 0 0.896878
    outer loop
      vertex -37.625 -81.2 11.8553
      vertex -38.5929 -78.2 11.378
      vertex -38.5929 -81.2 11.378
    endloop
  endfacet
  facet normal -0.75179 0 -0.659403
    outer loop
      vertex -35.2048 -81.2 24.0223
      vertex -35.9164 -78.2 24.8336
      vertex -35.2048 -78.2 24.0223
    endloop
  endfacet
  facet normal -0.75179 -0 -0.659403
    outer loop
      vertex -35.9164 -78.2 24.8336
      vertex -35.2048 -81.2 24.0223
      vertex -35.9164 -81.2 24.8336
    endloop
  endfacet
  facet normal 0.442277 0 -0.896878
    outer loop
      vertex -45.875 -81.2 26.1447
      vertex -44.9071 -78.2 26.622
      vertex -44.9071 -81.2 26.622
    endloop
  endfacet
  facet normal 0.442277 0 -0.896878
    outer loop
      vertex -44.9071 -78.2 26.622
      vertex -45.875 -81.2 26.1447
      vertex -45.875 -78.2 26.1447
    endloop
  endfacet
  facet normal 0.946917 -0 0.321477
    outer loop
      vertex -49.7189 -81.2 16.8647
      vertex -49.372 -78.2 15.8429
      vertex -49.7189 -78.2 16.8647
    endloop
  endfacet
  facet normal 0.946917 0 0.321477
    outer loop
      vertex -49.372 -78.2 15.8429
      vertex -49.7189 -81.2 16.8647
      vertex -49.372 -81.2 15.8429
    endloop
  endfacet
  facet normal 0.442277 0 0.896878
    outer loop
      vertex -45.875 -78.2 11.8553
      vertex -44.9071 -81.2 11.378
      vertex -44.9071 -78.2 11.378
    endloop
  endfacet
  facet normal 0.442277 0 0.896878
    outer loop
      vertex -44.9071 -81.2 11.378
      vertex -45.875 -78.2 11.8553
      vertex -45.875 -81.2 11.8553
    endloop
  endfacet
  facet normal 0.980794 0 -0.195047
    outer loop
      vertex -49.7189 -81.2 21.1353
      vertex -49.9294 -78.2 20.0768
      vertex -49.7189 -78.2 21.1353
    endloop
  endfacet
  facet normal 0.980794 0 -0.195047
    outer loop
      vertex -49.9294 -78.2 20.0768
      vertex -49.7189 -81.2 21.1353
      vertex -49.9294 -81.2 20.0768
    endloop
  endfacet
  facet normal 0.195047 0 0.980794
    outer loop
      vertex -43.8853 -78.2 11.0311
      vertex -42.8268 -81.2 10.8206
      vertex -42.8268 -78.2 10.8206
    endloop
  endfacet
  facet normal 0.195047 0 0.980794
    outer loop
      vertex -42.8268 -81.2 10.8206
      vertex -43.8853 -78.2 11.0311
      vertex -43.8853 -81.2 11.0311
    endloop
  endfacet
  facet normal 0.980794 -0 0.195047
    outer loop
      vertex -49.9294 -81.2 17.9232
      vertex -49.7189 -78.2 16.8647
      vertex -49.9294 -78.2 17.9232
    endloop
  endfacet
  facet normal 0.980794 0 0.195047
    outer loop
      vertex -49.7189 -78.2 16.8647
      vertex -49.9294 -81.2 17.9232
      vertex -49.7189 -81.2 16.8647
    endloop
  endfacet
  facet normal -0.997858 0 -0.0654242
    outer loop
      vertex -33.5 -81.2 19
      vertex -33.5706 -78.2 20.0768
      vertex -33.5 -78.2 19
    endloop
  endfacet
  facet normal -0.997858 -0 -0.0654242
    outer loop
      vertex -33.5706 -78.2 20.0768
      vertex -33.5 -81.2 19
      vertex -33.5706 -81.2 20.0768
    endloop
  endfacet
  facet normal -0.442277 0 -0.896878
    outer loop
      vertex -38.5929 -81.2 26.622
      vertex -37.625 -78.2 26.1447
      vertex -37.625 -81.2 26.1447
    endloop
  endfacet
  facet normal -0.442277 0 -0.896878
    outer loop
      vertex -37.625 -78.2 26.1447
      vertex -38.5929 -81.2 26.622
      vertex -38.5929 -78.2 26.622
    endloop
  endfacet
  facet normal 0.659403 0 -0.75179
    outer loop
      vertex -47.5836 -81.2 24.8336
      vertex -46.7723 -78.2 25.5452
      vertex -46.7723 -81.2 25.5452
    endloop
  endfacet
  facet normal 0.659403 0 -0.75179
    outer loop
      vertex -46.7723 -78.2 25.5452
      vertex -47.5836 -81.2 24.8336
      vertex -47.5836 -78.2 24.8336
    endloop
  endfacet
  facet normal -0.195047 0 0.980794
    outer loop
      vertex -40.6732 -78.2 10.8206
      vertex -39.6147 -81.2 11.0311
      vertex -39.6147 -78.2 11.0311
    endloop
  endfacet
  facet normal -0.195047 0 0.980794
    outer loop
      vertex -39.6147 -81.2 11.0311
      vertex -40.6732 -78.2 10.8206
      vertex -40.6732 -81.2 10.8206
    endloop
  endfacet
  facet normal 0.831494 -0 0.555534
    outer loop
      vertex -48.8947 -81.2 14.875
      vertex -48.2952 -78.2 13.9777
      vertex -48.8947 -78.2 14.875
    endloop
  endfacet
  facet normal 0.831494 0 0.555534
    outer loop
      vertex -48.2952 -78.2 13.9777
      vertex -48.8947 -81.2 14.875
      vertex -48.2952 -81.2 13.9777
    endloop
  endfacet
  facet normal -0.946917 0 -0.321477
    outer loop
      vertex -33.7811 -81.2 21.1353
      vertex -34.128 -78.2 22.1571
      vertex -33.7811 -78.2 21.1353
    endloop
  endfacet
  facet normal -0.946917 -0 -0.321477
    outer loop
      vertex -34.128 -78.2 22.1571
      vertex -33.7811 -81.2 21.1353
      vertex -34.128 -81.2 22.1571
    endloop
  endfacet
  facet normal -0.75179 0 0.659403
    outer loop
      vertex -35.9164 -81.2 13.1664
      vertex -35.2048 -78.2 13.9777
      vertex -35.9164 -78.2 13.1664
    endloop
  endfacet
  facet normal -0.75179 0 0.659403
    outer loop
      vertex -35.2048 -78.2 13.9777
      vertex -35.9164 -81.2 13.1664
      vertex -35.2048 -81.2 13.9777
    endloop
  endfacet
  facet normal 0.997858 -0 0.0654242
    outer loop
      vertex -50 -81.2 19
      vertex -49.9294 -78.2 17.9232
      vertex -50 -78.2 19
    endloop
  endfacet
  facet normal 0.997858 0 0.0654242
    outer loop
      vertex -49.9294 -78.2 17.9232
      vertex -50 -81.2 19
      vertex -49.9294 -81.2 17.9232
    endloop
  endfacet
  facet normal -0.0654242 0 0.997858
    outer loop
      vertex -41.75 -78.2 10.75
      vertex -40.6732 -81.2 10.8206
      vertex -40.6732 -78.2 10.8206
    endloop
  endfacet
  facet normal -0.0654242 0 0.997858
    outer loop
      vertex -40.6732 -81.2 10.8206
      vertex -41.75 -78.2 10.75
      vertex -41.75 -81.2 10.75
    endloop
  endfacet
  facet normal 0.0654242 0 -0.997858
    outer loop
      vertex -42.8268 -81.2 27.1794
      vertex -41.75 -78.2 27.25
      vertex -41.75 -81.2 27.25
    endloop
  endfacet
  facet normal 0.0654242 0 -0.997858
    outer loop
      vertex -41.75 -78.2 27.25
      vertex -42.8268 -81.2 27.1794
      vertex -42.8268 -78.2 27.1794
    endloop
  endfacet
  facet normal -0.980794 0 -0.195047
    outer loop
      vertex -33.5706 -81.2 20.0768
      vertex -33.7811 -78.2 21.1353
      vertex -33.5706 -78.2 20.0768
    endloop
  endfacet
  facet normal -0.980794 -0 -0.195047
    outer loop
      vertex -33.7811 -78.2 21.1353
      vertex -33.5706 -81.2 20.0768
      vertex -33.7811 -81.2 21.1353
    endloop
  endfacet
  facet normal -0.659403 0 -0.75179
    outer loop
      vertex -36.7277 -81.2 25.5452
      vertex -35.9164 -78.2 24.8336
      vertex -35.9164 -81.2 24.8336
    endloop
  endfacet
  facet normal -0.659403 0 -0.75179
    outer loop
      vertex -35.9164 -78.2 24.8336
      vertex -36.7277 -81.2 25.5452
      vertex -36.7277 -78.2 25.5452
    endloop
  endfacet
  facet normal -0.831494 0 0.555534
    outer loop
      vertex -35.2048 -81.2 13.9777
      vertex -34.6053 -78.2 14.875
      vertex -35.2048 -78.2 13.9777
    endloop
  endfacet
  facet normal -0.831494 0 0.555534
    outer loop
      vertex -34.6053 -78.2 14.875
      vertex -35.2048 -81.2 13.9777
      vertex -34.6053 -81.2 14.875
    endloop
  endfacet
  facet normal 0.896878 0 -0.442277
    outer loop
      vertex -48.8947 -81.2 23.125
      vertex -49.372 -78.2 22.1571
      vertex -48.8947 -78.2 23.125
    endloop
  endfacet
  facet normal 0.896878 0 -0.442277
    outer loop
      vertex -49.372 -78.2 22.1571
      vertex -48.8947 -81.2 23.125
      vertex -49.372 -81.2 22.1571
    endloop
  endfacet
  facet normal -0.831494 0 -0.555534
    outer loop
      vertex -34.6053 -81.2 23.125
      vertex -35.2048 -78.2 24.0223
      vertex -34.6053 -78.2 23.125
    endloop
  endfacet
  facet normal -0.831494 -0 -0.555534
    outer loop
      vertex -35.2048 -78.2 24.0223
      vertex -34.6053 -81.2 23.125
      vertex -35.2048 -81.2 24.0223
    endloop
  endfacet
  facet normal -0.555534 0 -0.831494
    outer loop
      vertex -37.625 -81.2 26.1447
      vertex -36.7277 -78.2 25.5452
      vertex -36.7277 -81.2 25.5452
    endloop
  endfacet
  facet normal -0.555534 0 -0.831494
    outer loop
      vertex -36.7277 -78.2 25.5452
      vertex -37.625 -81.2 26.1447
      vertex -37.625 -78.2 26.1447
    endloop
  endfacet
  facet normal 0.555534 0 0.831494
    outer loop
      vertex -46.7723 -78.2 12.4548
      vertex -45.875 -81.2 11.8553
      vertex -45.875 -78.2 11.8553
    endloop
  endfacet
  facet normal 0.555534 0 0.831494
    outer loop
      vertex -45.875 -81.2 11.8553
      vertex -46.7723 -78.2 12.4548
      vertex -46.7723 -81.2 12.4548
    endloop
  endfacet
  facet normal 0.0654242 0 0.997858
    outer loop
      vertex -42.8268 -78.2 10.8206
      vertex -41.75 -81.2 10.75
      vertex -41.75 -78.2 10.75
    endloop
  endfacet
  facet normal 0.0654242 0 0.997858
    outer loop
      vertex -41.75 -81.2 10.75
      vertex -42.8268 -78.2 10.8206
      vertex -42.8268 -81.2 10.8206
    endloop
  endfacet
  facet normal 0.75179 -0 0.659403
    outer loop
      vertex -48.2952 -81.2 13.9777
      vertex -47.5836 -78.2 13.1664
      vertex -48.2952 -78.2 13.9777
    endloop
  endfacet
  facet normal 0.75179 0 0.659403
    outer loop
      vertex -47.5836 -78.2 13.1664
      vertex -48.2952 -81.2 13.9777
      vertex -47.5836 -81.2 13.1664
    endloop
  endfacet
  facet normal 0.997858 0 -0.0654242
    outer loop
      vertex -49.9294 -81.2 20.0768
      vertex -50 -78.2 19
      vertex -49.9294 -78.2 20.0768
    endloop
  endfacet
  facet normal 0.997858 0 -0.0654242
    outer loop
      vertex -50 -78.2 19
      vertex -49.9294 -81.2 20.0768
      vertex -50 -81.2 19
    endloop
  endfacet
  facet normal 0.75179 0 -0.659403
    outer loop
      vertex -47.5836 -81.2 24.8336
      vertex -48.2952 -78.2 24.0223
      vertex -47.5836 -78.2 24.8336
    endloop
  endfacet
  facet normal 0.75179 0 -0.659403
    outer loop
      vertex -48.2952 -78.2 24.0223
      vertex -47.5836 -81.2 24.8336
      vertex -48.2952 -81.2 24.0223
    endloop
  endfacet
  facet normal 0.321477 0 -0.946917
    outer loop
      vertex -44.9071 -81.2 26.622
      vertex -43.8853 -78.2 26.9689
      vertex -43.8853 -81.2 26.9689
    endloop
  endfacet
  facet normal 0.321477 0 -0.946917
    outer loop
      vertex -43.8853 -78.2 26.9689
      vertex -44.9071 -81.2 26.622
      vertex -44.9071 -78.2 26.622
    endloop
  endfacet
  facet normal 0.195047 0 -0.980794
    outer loop
      vertex -43.8853 -81.2 26.9689
      vertex -42.8268 -78.2 27.1794
      vertex -42.8268 -81.2 27.1794
    endloop
  endfacet
  facet normal 0.195047 0 -0.980794
    outer loop
      vertex -42.8268 -78.2 27.1794
      vertex -43.8853 -81.2 26.9689
      vertex -43.8853 -78.2 26.9689
    endloop
  endfacet
  facet normal 0.896878 -0 0.442277
    outer loop
      vertex -49.372 -81.2 15.8429
      vertex -48.8947 -78.2 14.875
      vertex -49.372 -78.2 15.8429
    endloop
  endfacet
  facet normal 0.896878 0 0.442277
    outer loop
      vertex -48.8947 -78.2 14.875
      vertex -49.372 -81.2 15.8429
      vertex -48.8947 -81.2 14.875
    endloop
  endfacet
  facet normal -0.980784 0 0.195097
    outer loop
      vertex 46.9889 -81.2 17.1177
      vertex 47.3717 -78.2 19.0421
      vertex 46.9889 -78.2 17.1177
    endloop
  endfacet
  facet normal -0.980784 0 0.195097
    outer loop
      vertex 47.3717 -78.2 19.0421
      vertex 46.9889 -81.2 17.1177
      vertex 47.3717 -81.2 19.0421
    endloop
  endfacet
  facet normal -0.99786 0 0.0653892
    outer loop
      vertex 47.3717 -81.2 19.0421
      vertex 47.5 -78.2 21
      vertex 47.3717 -78.2 19.0421
    endloop
  endfacet
  facet normal -0.99786 0 0.0653892
    outer loop
      vertex 47.5 -78.2 21
      vertex 47.3717 -81.2 19.0421
      vertex 47.5 -81.2 21
    endloop
  endfacet
  facet normal -0.946931 0 0.321437
    outer loop
      vertex 46.3582 -81.2 15.2597
      vertex 46.9889 -78.2 17.1177
      vertex 46.3582 -78.2 15.2597
    endloop
  endfacet
  facet normal -0.946931 0 0.321437
    outer loop
      vertex 46.9889 -78.2 17.1177
      vertex 46.3582 -81.2 15.2597
      vertex 46.9889 -81.2 17.1177
    endloop
  endfacet
  facet normal -0.831462 0 0.555582
    outer loop
      vertex 44.4003 -81.2 11.8686
      vertex 45.4904 -78.2 13.5
      vertex 44.4003 -78.2 11.8686
    endloop
  endfacet
  facet normal -0.831462 0 0.555582
    outer loop
      vertex 45.4904 -78.2 13.5
      vertex 44.4003 -81.2 11.8686
      vertex 45.4904 -81.2 13.5
    endloop
  endfacet
  facet normal 0.195087 0 0.980786
    outer loop
      vertex 28.6177 -78.2 6.51111
      vertex 30.5421 -81.2 6.12833
      vertex 30.5421 -78.2 6.12833
    endloop
  endfacet
  facet normal 0.195087 0 0.980786
    outer loop
      vertex 30.5421 -81.2 6.12833
      vertex 28.6177 -78.2 6.51111
      vertex 28.6177 -81.2 6.51111
    endloop
  endfacet
  facet normal -0.980784 0 -0.195097
    outer loop
      vertex 47.3717 -81.2 22.9579
      vertex 46.9889 -78.2 24.8823
      vertex 47.3717 -78.2 22.9579
    endloop
  endfacet
  facet normal -0.980784 -0 -0.195097
    outer loop
      vertex 46.9889 -78.2 24.8823
      vertex 47.3717 -81.2 22.9579
      vertex 46.9889 -81.2 24.8823
    endloop
  endfacet
  facet normal -0.659341 0 -0.751844
    outer loop
      vertex 41.6314 -81.2 32.9003
      vertex 43.1066 -78.2 31.6066
      vertex 43.1066 -81.2 31.6066
    endloop
  endfacet
  facet normal -0.659341 0 -0.751844
    outer loop
      vertex 43.1066 -78.2 31.6066
      vertex 41.6314 -81.2 32.9003
      vertex 41.6314 -78.2 32.9003
    endloop
  endfacet
  facet normal -0.442273 0 -0.89688
    outer loop
      vertex 38.2402 -81.2 34.8582
      vertex 40 -78.2 33.9904
      vertex 40 -81.2 33.9904
    endloop
  endfacet
  facet normal -0.442273 0 -0.89688
    outer loop
      vertex 40 -78.2 33.9904
      vertex 38.2402 -81.2 34.8582
      vertex 38.2402 -78.2 34.8582
    endloop
  endfacet
  facet normal -0.89687 0 0.442294
    outer loop
      vertex 45.4904 -81.2 13.5
      vertex 46.3582 -78.2 15.2597
      vertex 45.4904 -78.2 13.5
    endloop
  endfacet
  facet normal -0.89687 0 0.442294
    outer loop
      vertex 46.3582 -78.2 15.2597
      vertex 45.4904 -81.2 13.5
      vertex 46.3582 -81.2 15.2597
    endloop
  endfacet
  facet normal 0.946931 -0 0.321437
    outer loop
      vertex 18.0111 -81.2 17.1177
      vertex 18.6418 -78.2 15.2597
      vertex 18.0111 -78.2 17.1177
    endloop
  endfacet
  facet normal 0.946931 0 0.321437
    outer loop
      vertex 18.6418 -78.2 15.2597
      vertex 18.0111 -81.2 17.1177
      vertex 18.6418 -81.2 15.2597
    endloop
  endfacet
  facet normal -0.321452 0 -0.946926
    outer loop
      vertex 36.3823 -81.2 35.4889
      vertex 38.2402 -78.2 34.8582
      vertex 38.2402 -81.2 34.8582
    endloop
  endfacet
  facet normal -0.321452 0 -0.946926
    outer loop
      vertex 38.2402 -78.2 34.8582
      vertex 36.3823 -81.2 35.4889
      vertex 36.3823 -78.2 35.4889
    endloop
  endfacet
  facet normal 0.980784 0 -0.195097
    outer loop
      vertex 18.0111 -81.2 24.8823
      vertex 17.6283 -78.2 22.9579
      vertex 18.0111 -78.2 24.8823
    endloop
  endfacet
  facet normal 0.980784 0 -0.195097
    outer loop
      vertex 17.6283 -78.2 22.9579
      vertex 18.0111 -81.2 24.8823
      vertex 17.6283 -81.2 22.9579
    endloop
  endfacet
  facet normal -0.442277 0 0.896878
    outer loop
      vertex 38.2402 -78.2 7.14181
      vertex 40 -81.2 8.00962
      vertex 40 -78.2 8.00962
    endloop
  endfacet
  facet normal -0.442277 0 0.896878
    outer loop
      vertex 40 -81.2 8.00962
      vertex 38.2402 -78.2 7.14181
      vertex 38.2402 -81.2 7.14181
    endloop
  endfacet
  facet normal 0.980784 -0 0.195097
    outer loop
      vertex 17.6283 -81.2 19.0421
      vertex 18.0111 -78.2 17.1177
      vertex 17.6283 -78.2 19.0421
    endloop
  endfacet
  facet normal 0.980784 0 0.195097
    outer loop
      vertex 18.0111 -78.2 17.1177
      vertex 17.6283 -81.2 19.0421
      vertex 18.0111 -81.2 17.1177
    endloop
  endfacet
  facet normal -0.195087 0 0.980786
    outer loop
      vertex 34.4579 -78.2 6.12833
      vertex 36.3823 -81.2 6.51111
      vertex 36.3823 -78.2 6.51111
    endloop
  endfacet
  facet normal -0.195087 0 0.980786
    outer loop
      vertex 36.3823 -81.2 6.51111
      vertex 34.4579 -78.2 6.12833
      vertex 34.4579 -81.2 6.12833
    endloop
  endfacet
  facet normal -0.555582 0 -0.831462
    outer loop
      vertex 40 -81.2 33.9904
      vertex 41.6314 -78.2 32.9003
      vertex 41.6314 -81.2 32.9003
    endloop
  endfacet
  facet normal -0.555582 0 -0.831462
    outer loop
      vertex 41.6314 -78.2 32.9003
      vertex 40 -81.2 33.9904
      vertex 40 -78.2 33.9904
    endloop
  endfacet
  facet normal -0.831462 0 -0.555582
    outer loop
      vertex 45.4904 -81.2 28.5
      vertex 44.4003 -78.2 30.1314
      vertex 45.4904 -78.2 28.5
    endloop
  endfacet
  facet normal -0.831462 -0 -0.555582
    outer loop
      vertex 44.4003 -78.2 30.1314
      vertex 45.4904 -81.2 28.5
      vertex 44.4003 -81.2 30.1314
    endloop
  endfacet
  facet normal 0.946926 0 -0.321452
    outer loop
      vertex 18.6418 -81.2 26.7402
      vertex 18.0111 -78.2 24.8823
      vertex 18.6418 -78.2 26.7402
    endloop
  endfacet
  facet normal 0.946926 0 -0.321452
    outer loop
      vertex 18.0111 -78.2 24.8823
      vertex 18.6418 -81.2 26.7402
      vertex 18.0111 -81.2 24.8823
    endloop
  endfacet
  facet normal -0.555575 0 0.831466
    outer loop
      vertex 40 -78.2 8.00962
      vertex 41.6314 -81.2 9.0997
      vertex 41.6314 -78.2 9.0997
    endloop
  endfacet
  facet normal -0.555575 0 0.831466
    outer loop
      vertex 41.6314 -81.2 9.0997
      vertex 40 -78.2 8.00962
      vertex 40 -81.2 8.00962
    endloop
  endfacet
  facet normal 0.659341 0 0.751844
    outer loop
      vertex 21.8934 -78.2 10.3934
      vertex 23.3686 -81.2 9.0997
      vertex 23.3686 -78.2 9.0997
    endloop
  endfacet
  facet normal 0.659341 0 0.751844
    outer loop
      vertex 23.3686 -81.2 9.0997
      vertex 21.8934 -78.2 10.3934
      vertex 21.8934 -81.2 10.3934
    endloop
  endfacet
  facet normal -0.751844 0 -0.659341
    outer loop
      vertex 44.4003 -81.2 30.1314
      vertex 43.1066 -78.2 31.6066
      vertex 44.4003 -78.2 30.1314
    endloop
  endfacet
  facet normal -0.751844 -0 -0.659341
    outer loop
      vertex 43.1066 -78.2 31.6066
      vertex 44.4003 -81.2 30.1314
      vertex 43.1066 -81.2 31.6066
    endloop
  endfacet
  facet normal 0.321437 0 0.946931
    outer loop
      vertex 26.7597 -78.2 7.14181
      vertex 28.6177 -81.2 6.51111
      vertex 28.6177 -78.2 6.51111
    endloop
  endfacet
  facet normal 0.321437 0 0.946931
    outer loop
      vertex 28.6177 -81.2 6.51111
      vertex 26.7597 -78.2 7.14181
      vertex 26.7597 -81.2 7.14181
    endloop
  endfacet
  facet normal -0.89688 0 -0.442273
    outer loop
      vertex 46.3582 -81.2 26.7402
      vertex 45.4904 -78.2 28.5
      vertex 46.3582 -78.2 26.7402
    endloop
  endfacet
  facet normal -0.89688 -0 -0.442273
    outer loop
      vertex 45.4904 -78.2 28.5
      vertex 46.3582 -81.2 26.7402
      vertex 45.4904 -81.2 28.5
    endloop
  endfacet
  facet normal 0.751844 0 -0.659341
    outer loop
      vertex 21.8934 -81.2 31.6066
      vertex 20.5997 -78.2 30.1314
      vertex 21.8934 -78.2 31.6066
    endloop
  endfacet
  facet normal 0.751844 0 -0.659341
    outer loop
      vertex 20.5997 -78.2 30.1314
      vertex 21.8934 -81.2 31.6066
      vertex 20.5997 -81.2 30.1314
    endloop
  endfacet
  facet normal 0.0654044 0 0.997859
    outer loop
      vertex 30.5421 -78.2 6.12833
      vertex 32.5 -81.2 6
      vertex 32.5 -78.2 6
    endloop
  endfacet
  facet normal 0.0654044 0 0.997859
    outer loop
      vertex 32.5 -81.2 6
      vertex 30.5421 -78.2 6.12833
      vertex 30.5421 -81.2 6.12833
    endloop
  endfacet
  facet normal 0.442298 0 0.896868
    outer loop
      vertex 25 -78.2 8.00962
      vertex 26.7597 -81.2 7.14181
      vertex 26.7597 -78.2 7.14181
    endloop
  endfacet
  facet normal 0.442298 0 0.896868
    outer loop
      vertex 26.7597 -81.2 7.14181
      vertex 25 -78.2 8.00962
      vertex 25 -81.2 8.00962
    endloop
  endfacet
  facet normal 0.555575 0 0.831466
    outer loop
      vertex 23.3686 -78.2 9.0997
      vertex 25 -81.2 8.00962
      vertex 25 -78.2 8.00962
    endloop
  endfacet
  facet normal 0.555575 0 0.831466
    outer loop
      vertex 25 -81.2 8.00962
      vertex 23.3686 -78.2 9.0997
      vertex 23.3686 -81.2 9.0997
    endloop
  endfacet
  facet normal 0.0653892 0 -0.99786
    outer loop
      vertex 30.5421 -81.2 35.8717
      vertex 32.5 -78.2 36
      vertex 32.5 -81.2 36
    endloop
  endfacet
  facet normal 0.0653892 0 -0.99786
    outer loop
      vertex 32.5 -78.2 36
      vertex 30.5421 -81.2 35.8717
      vertex 30.5421 -78.2 35.8717
    endloop
  endfacet
  facet normal -0.321452 0 0.946926
    outer loop
      vertex 36.3823 -78.2 6.51111
      vertex 38.2402 -81.2 7.14181
      vertex 38.2402 -78.2 7.14181
    endloop
  endfacet
  facet normal -0.321452 0 0.946926
    outer loop
      vertex 38.2402 -81.2 7.14181
      vertex 36.3823 -78.2 6.51111
      vertex 36.3823 -81.2 6.51111
    endloop
  endfacet
  facet normal 0.89687 -0 0.442294
    outer loop
      vertex 18.6418 -81.2 15.2597
      vertex 19.5096 -78.2 13.5
      vertex 18.6418 -78.2 15.2597
    endloop
  endfacet
  facet normal 0.89687 0 0.442294
    outer loop
      vertex 19.5096 -78.2 13.5
      vertex 18.6418 -81.2 15.2597
      vertex 19.5096 -81.2 13.5
    endloop
  endfacet
  facet normal -0.99786 0 -0.0653892
    outer loop
      vertex 47.5 -81.2 21
      vertex 47.3717 -78.2 22.9579
      vertex 47.5 -78.2 21
    endloop
  endfacet
  facet normal -0.99786 -0 -0.0653892
    outer loop
      vertex 47.3717 -78.2 22.9579
      vertex 47.5 -81.2 21
      vertex 47.3717 -81.2 22.9579
    endloop
  endfacet
  facet normal -0.0654044 0 0.997859
    outer loop
      vertex 32.5 -78.2 6
      vertex 34.4579 -81.2 6.12833
      vertex 34.4579 -78.2 6.12833
    endloop
  endfacet
  facet normal -0.0654044 0 0.997859
    outer loop
      vertex 34.4579 -81.2 6.12833
      vertex 32.5 -78.2 6
      vertex 32.5 -81.2 6
    endloop
  endfacet
  facet normal -0.195097 0 -0.980784
    outer loop
      vertex 34.4579 -81.2 35.8717
      vertex 36.3823 -78.2 35.4889
      vertex 36.3823 -81.2 35.4889
    endloop
  endfacet
  facet normal -0.195097 0 -0.980784
    outer loop
      vertex 36.3823 -78.2 35.4889
      vertex 34.4579 -81.2 35.8717
      vertex 34.4579 -78.2 35.8717
    endloop
  endfacet
  facet normal 0.99786 0 -0.0653892
    outer loop
      vertex 17.6283 -81.2 22.9579
      vertex 17.5 -78.2 21
      vertex 17.6283 -78.2 22.9579
    endloop
  endfacet
  facet normal 0.99786 0 -0.0653892
    outer loop
      vertex 17.5 -78.2 21
      vertex 17.6283 -81.2 22.9579
      vertex 17.5 -81.2 21
    endloop
  endfacet
  facet normal -0.0653892 0 -0.99786
    outer loop
      vertex 32.5 -81.2 36
      vertex 34.4579 -78.2 35.8717
      vertex 34.4579 -81.2 35.8717
    endloop
  endfacet
  facet normal -0.0653892 0 -0.99786
    outer loop
      vertex 34.4579 -78.2 35.8717
      vertex 32.5 -81.2 36
      vertex 32.5 -78.2 36
    endloop
  endfacet
  facet normal 0.831462 0 -0.555582
    outer loop
      vertex 20.5997 -81.2 30.1314
      vertex 19.5096 -78.2 28.5
      vertex 20.5997 -78.2 30.1314
    endloop
  endfacet
  facet normal 0.831462 0 -0.555582
    outer loop
      vertex 19.5096 -78.2 28.5
      vertex 20.5997 -81.2 30.1314
      vertex 19.5096 -81.2 28.5
    endloop
  endfacet
  facet normal -0.659341 0 0.751844
    outer loop
      vertex 41.6314 -78.2 9.0997
      vertex 43.1066 -81.2 10.3934
      vertex 43.1066 -78.2 10.3934
    endloop
  endfacet
  facet normal -0.659341 0 0.751844
    outer loop
      vertex 43.1066 -81.2 10.3934
      vertex 41.6314 -78.2 9.0997
      vertex 41.6314 -81.2 9.0997
    endloop
  endfacet
  facet normal -0.946926 0 -0.321452
    outer loop
      vertex 46.9889 -81.2 24.8823
      vertex 46.3582 -78.2 26.7402
      vertex 46.9889 -78.2 24.8823
    endloop
  endfacet
  facet normal -0.946926 -0 -0.321452
    outer loop
      vertex 46.3582 -78.2 26.7402
      vertex 46.9889 -81.2 24.8823
      vertex 46.3582 -81.2 26.7402
    endloop
  endfacet
  facet normal 0.751844 -0 0.659341
    outer loop
      vertex 20.5997 -81.2 11.8686
      vertex 21.8934 -78.2 10.3934
      vertex 20.5997 -78.2 11.8686
    endloop
  endfacet
  facet normal 0.751844 0 0.659341
    outer loop
      vertex 21.8934 -78.2 10.3934
      vertex 20.5997 -81.2 11.8686
      vertex 21.8934 -81.2 10.3934
    endloop
  endfacet
  facet normal -0.751844 0 0.659341
    outer loop
      vertex 43.1066 -81.2 10.3934
      vertex 44.4003 -78.2 11.8686
      vertex 43.1066 -78.2 10.3934
    endloop
  endfacet
  facet normal -0.751844 0 0.659341
    outer loop
      vertex 44.4003 -78.2 11.8686
      vertex 43.1066 -81.2 10.3934
      vertex 44.4003 -81.2 11.8686
    endloop
  endfacet
  facet normal 0.89688 0 -0.442273
    outer loop
      vertex 19.5096 -81.2 28.5
      vertex 18.6418 -78.2 26.7402
      vertex 19.5096 -78.2 28.5
    endloop
  endfacet
  facet normal 0.89688 0 -0.442273
    outer loop
      vertex 18.6418 -78.2 26.7402
      vertex 19.5096 -81.2 28.5
      vertex 18.6418 -81.2 26.7402
    endloop
  endfacet
  facet normal 0.659341 0 -0.751844
    outer loop
      vertex 21.8934 -81.2 31.6066
      vertex 23.3686 -78.2 32.9003
      vertex 23.3686 -81.2 32.9003
    endloop
  endfacet
  facet normal 0.659341 0 -0.751844
    outer loop
      vertex 23.3686 -78.2 32.9003
      vertex 21.8934 -81.2 31.6066
      vertex 21.8934 -78.2 31.6066
    endloop
  endfacet
  facet normal 0.321437 0 -0.946931
    outer loop
      vertex 26.7597 -81.2 34.8582
      vertex 28.6177 -78.2 35.4889
      vertex 28.6177 -81.2 35.4889
    endloop
  endfacet
  facet normal 0.321437 0 -0.946931
    outer loop
      vertex 28.6177 -78.2 35.4889
      vertex 26.7597 -81.2 34.8582
      vertex 26.7597 -78.2 34.8582
    endloop
  endfacet
  facet normal 0.195097 0 -0.980784
    outer loop
      vertex 28.6177 -81.2 35.4889
      vertex 30.5421 -78.2 35.8717
      vertex 30.5421 -81.2 35.8717
    endloop
  endfacet
  facet normal 0.195097 0 -0.980784
    outer loop
      vertex 30.5421 -78.2 35.8717
      vertex 28.6177 -81.2 35.4889
      vertex 28.6177 -78.2 35.4889
    endloop
  endfacet
  facet normal 0.555582 0 -0.831462
    outer loop
      vertex 23.3686 -81.2 32.9003
      vertex 25 -78.2 33.9904
      vertex 25 -81.2 33.9904
    endloop
  endfacet
  facet normal 0.555582 0 -0.831462
    outer loop
      vertex 25 -78.2 33.9904
      vertex 23.3686 -81.2 32.9003
      vertex 23.3686 -78.2 32.9003
    endloop
  endfacet
  facet normal 0.99786 -0 0.0653892
    outer loop
      vertex 17.5 -81.2 21
      vertex 17.6283 -78.2 19.0421
      vertex 17.5 -78.2 21
    endloop
  endfacet
  facet normal 0.99786 0 0.0653892
    outer loop
      vertex 17.6283 -78.2 19.0421
      vertex 17.5 -81.2 21
      vertex 17.6283 -81.2 19.0421
    endloop
  endfacet
  facet normal 0.442294 0 -0.89687
    outer loop
      vertex 25 -81.2 33.9904
      vertex 26.7597 -78.2 34.8582
      vertex 26.7597 -81.2 34.8582
    endloop
  endfacet
  facet normal 0.442294 0 -0.89687
    outer loop
      vertex 26.7597 -78.2 34.8582
      vertex 25 -81.2 33.9904
      vertex 25 -78.2 33.9904
    endloop
  endfacet
  facet normal 0.831462 -0 0.555582
    outer loop
      vertex 19.5096 -81.2 13.5
      vertex 20.5997 -78.2 11.8686
      vertex 19.5096 -78.2 13.5
    endloop
  endfacet
  facet normal 0.831462 0 0.555582
    outer loop
      vertex 20.5997 -78.2 11.8686
      vertex 19.5096 -81.2 13.5
      vertex 20.5997 -81.2 11.8686
    endloop
  endfacet
  facet normal -1 0 0
    outer loop
      vertex 70 -78.2 40.4
      vertex 70 -78.4 44
      vertex 70 -78.2 44
    endloop
  endfacet
  facet normal -1 0 0
    outer loop
      vertex 70 -80.2 40.4
      vertex 70 -78.4 44
      vertex 70 -78.2 40.4
    endloop
  endfacet
  facet normal -1 0 0
    outer loop
      vertex 70 -80.2 46.6
      vertex 70 -78.4 44
      vertex 70 -80.2 40.4
    endloop
  endfacet
  facet normal -1 0 0
    outer loop
      vertex 70 -78.4 44
      vertex 70 -80.2 46.6
      vertex 70 -78.4 46.6
    endloop
  endfacet
  facet normal 1 -0 0
    outer loop
      vertex 70 -78.2 47
      vertex 70 -63.2 44
      vertex 70 -63.2 47
    endloop
  endfacet
  facet normal 1 0 0
    outer loop
      vertex 70 -63.2 44
      vertex 70 -78.2 47
      vertex 70 -78.2 44
    endloop
  endfacet
  facet normal 0 0 -1
    outer loop
      vertex -70 -80.2 46.6
      vertex 70 -78.4 46.6
      vertex 70 -80.2 46.6
    endloop
  endfacet
  facet normal -0 0 -1
    outer loop
      vertex 70 -78.4 46.6
      vertex -70 -80.2 46.6
      vertex -70 -78.4 46.6
    endloop
  endfacet
  facet normal -0 0 1
    outer loop
      vertex -70 -78.2 40.4
      vertex 70 -80.2 40.4
      vertex 70 -78.2 40.4
    endloop
  endfacet
  facet normal 0 0 1
    outer loop
      vertex 70 -80.2 40.4
      vertex -70 -78.2 40.4
      vertex -70 -80.2 40.4
    endloop
  endfacet
  facet normal 1 0 0
    outer loop
      vertex -70 -78.4 46.6
      vertex -70 -80.2 46.6
      vertex -70 -78.4 44
    endloop
  endfacet
  facet normal 1 -0 0
    outer loop
      vertex -70 -78.4 44
      vertex -70 -78.2 40.4
      vertex -70 -78.2 44
    endloop
  endfacet
  facet normal 1 0 0
    outer loop
      vertex -70 -80.2 40.4
      vertex -70 -78.4 44
      vertex -70 -80.2 46.6
    endloop
  endfacet
  facet normal 1 0 0
    outer loop
      vertex -70 -78.4 44
      vertex -70 -80.2 40.4
      vertex -70 -78.2 40.4
    endloop
  endfacet
  facet normal -1 0 0
    outer loop
      vertex -70 -78.2 44
      vertex -70 -63.2 47
      vertex -70 -63.2 44
    endloop
  endfacet
  facet normal -1 -0 0
    outer loop
      vertex -70 -63.2 47
      vertex -70 -78.2 44
      vertex -70 -78.2 47
    endloop
  endfacet
  facet normal 0 1 -0
    outer loop
      vertex 70 -80.2 40.4
      vertex -70 -80.2 46.6
      vertex 70 -80.2 46.6
    endloop
  endfacet
  facet normal 0 1 0
    outer loop
      vertex -70 -80.2 46.6
      vertex 70 -80.2 40.4
      vertex -70 -80.2 40.4
    endloop
  endfacet
  facet normal -0 0 1
    outer loop
      vertex -70 -63.2 47
      vertex 70 -78.2 47
      vertex 70 -63.2 47
    endloop
  endfacet
  facet normal 0 0 1
    outer loop
      vertex 70 -78.2 47
      vertex -70 -63.2 47
      vertex -70 -78.2 47
    endloop
  endfacet
  facet normal 0 0 -1
    outer loop
      vertex -70 -78.2 44
      vertex 70 -78.2 44
      vertex 70 -78.4 44
    endloop
  endfacet
  facet normal 0 0 -1
    outer loop
      vertex -70 -78.2 44
      vertex 70 -78.4 44
      vertex -70 -78.4 44
    endloop
  endfacet
  facet normal 0 0 -1
    outer loop
      vertex 70 -78.2 44
      vertex -70 -78.2 44
      vertex 70 -63.2 44
    endloop
  endfacet
  facet normal -0 0 -1
    outer loop
      vertex 70 -63.2 44
      vertex -70 -78.2 44
      vertex -70 -63.2 44
    endloop
  endfacet
  facet normal 0 1 -0
    outer loop
      vertex 70 -63.2 44
      vertex -70 -63.2 47
      vertex 70 -63.2 47
    endloop
  endfacet
  facet normal 0 1 0
    outer loop
      vertex -70 -63.2 47
      vertex 70 -63.2 44
      vertex -70 -63.2 44
    endloop
  endfacet
  facet normal 0 -1 0
    outer loop
      vertex -70 -78.4 44
      vertex 70 -78.4 46.6
      vertex -70 -78.4 46.6
    endloop
  endfacet
  facet normal 0 -1 -0
    outer loop
      vertex 70 -78.4 46.6
      vertex -70 -78.4 44
      vertex 70 -78.4 44
    endloop
  endfacet
endsolid OpenSCAD_Model
